,Ticker,Name,Shares,Date
0,LLY,ELI LILLY & CO,9473,12-28-2023
1,APD,AIR PRODS & CHEMS INC,14769,12-28-2023
2,LVS,LAS VEGAS SANDS CORP,83981,12-28-2023
3,EOG,EOG RES INC,32680,12-28-2023
4,STZ,CONSTELLATION BRANDS INC,16914,12-28-2023
5,TSLA,TESLA INC,15541,12-28-2023
6,APA,APA CORPORATION,108957,12-28-2023
7,WFRD,WEATHERFORD INTL PLC,40000,12-28-2023
8,PAYC,PAYCOM SOFTWARE INC,14305,12-28-2023
9,CELH,CELSIUS HLDGS INC,43409,12-28-2023
10,CTLT,CATALENT INC,48935,12-28-2023
11,DOCS,DOXIMITY INC,65499,12-28-2023
12,PCTY,PAYLOCITY HLDG CORP,10500,12-28-2023
13,LTHM,LIVENT CORP,78508,12-28-2023
14,PII,POLARIS INC,14479,12-28-2023
15,VAC,MARRIOTT VACATIONS WORLDWIDE C COM,15711,12-28-2023
16,QDEL,QUIDELORTHO CORP,18078,12-28-2023
17,AGL,AGILON HEALTH INC,103885,12-28-2023
18,FOXA,FOX CORP,42131,12-28-2023
19,DKNG,DRAFTKINGS INC NEW,33280,12-28-2023
20,AON,AON PLC,4094,12-28-2023
21,AZO,AUTOZONE INC,462,12-28-2023
22,BKR,BAKER HUGHES COMPANY,34320,12-28-2023
23,CHTR,CHARTER COMMUNICATIONS INC NEW CL A,3024,12-28-2023
24,FTNT,FORTINET INC,19960,12-28-2023
25,HAL,HALLIBURTON CO,32283,12-28-2023
26,HUM,HUMANA INC,2641,12-28-2023
27,KDP,KEURIG DR PEPPER INC,35701,12-28-2023
28,LCID,LUCID GROUP INC,273572,12-28-2023
29,MDB,MONGODB INC,2835,12-28-2023
30,MMC,MARSH & MCLENNAN COS INC,6289,12-28-2023
31,MNST,MONSTER BEVERAGE CORP NEW,20710,12-28-2023
32,MO,ALTRIA GROUP INC,29476,12-28-2023
33,MRO,MARATHON OIL CORP,47637,12-28-2023
34,NVDA,NVIDIA CORPORATION,2395,12-28-2023
35,OVV,OVINTIV INC,26366,12-28-2023
36,PG,PROCTER AND GAMBLE CO,8115,12-28-2023
37,SLB,SCHLUMBERGER LTD,22342,12-28-2023
38,TTD,THE TRADE DESK INC,15969,12-28-2023
39,UAL,UNITED AIRLS HLDGS INC,28387,12-28-2023
40,XOM,EXXON MOBIL CORP,11653,12-28-2023
41,PLUG,PLUG POWER INC,247794,12-28-2023
42,WBD,WARNER BROS DISCOVERY INC,102184,12-28-2023
43,FCNCA,FIRST CTZNS BANCSHARES INC N C CL A,814,12-28-2023
44,BDX,BECTON DICKINSON & CO,4756,12-28-2023
45,KR,KROGER CO,25440,12-28-2023
46,BBY,BEST BUY INC,13029,12-28-2023
47,NXST,NEXSTAR MEDIA GROUP INC,6082,12-28-2023
48,CFLT,CONFLUENT INC,38923,12-28-2023
49,HUN,HUNTSMAN CORP,36637,12-28-2023
50,ROK,ROCKWELL AUTOMATION INC,2989,12-28-2023
51,WTRG,ESSENTIAL UTILS INC,23797,12-28-2023
52,HES,HESS CORP,5765,12-28-2023
53,CHK,CHESAPEAKE ENERGY CORP,10722,12-28-2023
54,GLW,CORNING INC,25793,12-28-2023
55,CIEN,CIENA CORP,17617,12-28-2023
56,ALGN,ALIGN TECHNOLOGY INC,2732,12-28-2023
57,BILL,BILL HOLDINGS INC,8835,12-28-2023
58,AFL,AFLAC INC,8879,12-28-2023
59,AJG,GALLAGHER ARTHUR J & CO,3245,12-28-2023
60,OKE,ONEOK INC NEW,10087,12-28-2023
61,ACGL,ARCH CAP GROUP LTD,8872,12-28-2023
62,KMX,CARMAX INC,8225,12-28-2023
63,WEC,WEC ENERGY GROUP INC,7639,12-28-2023
64,GM,GENERAL MTRS CO,16581,12-28-2023
65,HP,HELMERICH & PAYNE INC,16411,12-28-2023
66,LPLA,LPL FINL HLDGS INC,2533,12-28-2023
67,BIO,BIO RAD LABS INC,1713,12-28-2023
68,MKC,MCCORMICK & CO INC,7895,12-28-2023
69,GPC,GENUINE PARTS CO,3802,12-28-2023
70,DINO,HF SINCLAIR CORP,8958,12-28-2023
71,LBRDK,LIBERTY BROADBAND CORP,6383,12-28-2023
72,MHK,MOHAWK INDS INC,4876,12-28-2023
73,BMRN,BIOMARIN PHARMACEUTICAL INC,5072,12-28-2023
74,FOXF,FOX FACTORY HLDG CORP,7330,12-28-2023
75,HAS,HASBRO INC,9497,12-28-2023
76,BF/B,BROWN FORMAN CORP,7735,12-28-2023
77,NOV,NOV INC,21008,12-28-2023
78,SJM,SMUCKER J M CO,3441,12-28-2023
79,AN,AUTONATION INC,2726,12-28-2023
80,CROX,CROCS INC,4316,12-28-2023
81,EG,EVEREST GROUP LTD,1133,12-28-2023
82,KNSL,KINSALE CAP GROUP INC,1187,12-28-2023
83,NVST,ENVISTA HOLDINGS CORPORATION COM,15339,12-28-2023
84,DAR,DARLING INGREDIENTS INC,7216,12-28-2023
85,MAT,MATTEL INC,18124,12-28-2023
86,PRGO,PERRIGO CO PLC,10395,12-28-2023
87,ACLS,AXCELIS TECHNOLOGIES INC,2444,12-28-2023
88,BRO,BROWN & BROWN INC,4671,12-28-2023
89,EVRG,EVERGY INC,5767,12-28-2023
90,WU,WESTERN UN CO,26166,12-28-2023
91,BYD,BOYD GAMING CORP,4563,12-28-2023
92,RGLD,ROYAL GOLD INC,2350,12-28-2023
93,BOX,BOX INC,10647,12-28-2023
94,ST,SENSATA TECHNOLOGIES HLDG PLC SHS,7411,12-28-2023
95,MUR,MURPHY OIL CORP,5986,12-28-2023
96,FIVN,FIVE9 INC,3164,12-28-2023
97,NYCB,NEW YORK CMNTY BANCORP INC,22592,12-28-2023
98,OGN,ORGANON & CO,16280,12-28-2023
99,WEN,WENDYS CO,11677,12-28-2023
100,HQY,HEALTHEQUITY INC,3300,12-28-2023
101,MSM,MSC INDL DIRECT INC,2149,12-28-2023
102,OPCH,OPTION CARE HEALTH INC,5772,12-28-2023
103,SLAB,SILICON LABORATORIES INC,1354,12-28-2023
104,FCN,FTI CONSULTING INC,794,12-28-2023
105,VC,VISTEON CORP,1211,12-28-2023
106,AXS,AXIS CAP HLDGS LTD,2511,12-28-2023
107,CHH,CHOICE HOTELS INTL INC,1244,12-28-2023
108,MDU,MDU RES GROUP INC,7255,12-28-2023
109,DTM,DT MIDSTREAM INC,2046,12-28-2023
110,CW,CURTISS WRIGHT CORP,496,12-28-2023
111,OGS,ONE GAS INC,1583,12-28-2023
112,FLO,FLOWERS FOODS INC,3941,12-28-2023
113,Cash&Other,Cash & Other,108144,12-28-2023
