,Ticker,Name,Shares,Date
0,SPOT,SPOTIFY TECHNOLOGY S A,46302,10-24-2023
1,DVN,DEVON ENERGY CORP NEW,142472,10-24-2023
2,PANW,PALO ALTO NETWORKS INC,22727,10-24-2023
3,ON,ON SEMICONDUCTOR CORP,54929,10-24-2023
4,URI,UNITED RENTALS INC,11124,10-24-2023
5,NVDA,NVIDIA CORPORATION,9741,10-24-2023
6,EXEL,EXELIXIS INC,194559,10-24-2023
7,EMR,EMERSON ELEC CO,33042,10-24-2023
8,CRWD,CROWDSTRIKE HLDGS INC,14216,10-24-2023
9,VST,VISTRA CORP,71442,10-24-2023
10,NDAQ,NASDAQ INC,41349,10-24-2023
11,LMT,LOCKHEED MARTIN CORP,3950,10-24-2023
12,SWK,STANLEY BLACK & DECKER INC,22130,10-24-2023
13,PGR,PROGRESSIVE CORP,8784,10-24-2023
14,VRTX,VERTEX PHARMACEUTICALS INC,3524,10-24-2023
15,ALL,ALLSTATE CORP,10377,10-24-2023
16,META,META PLATFORMS INC,4016,10-24-2023
17,MO,ALTRIA GROUP INC,29491,10-24-2023
18,CRM,SALESFORCE INC,6076,10-24-2023
19,TFC,TRUIST FINANCIAL CORP,44492,10-24-2023
20,AZO,AUTOZONE INC,492,10-24-2023
21,IBM,INTERNATIONAL BUSINESS MACHS COM,8655,10-24-2023
22,L,LOEWS CORP,18963,10-24-2023
23,F,FORD MTR CO DEL,100593,10-24-2023
24,ULTA,ULTA BEAUTY INC,3058,10-24-2023
25,WFRD,WEATHERFORD INTL PLC,12069,10-24-2023
26,CHTR,CHARTER COMMUNICATIONS INC NEW CL A,2585,10-24-2023
27,FDX,FEDEX CORP,4673,10-24-2023
28,DASH,DOORDASH INC,14679,10-24-2023
29,SCCO,SOUTHERN COPPER CORP,15163,10-24-2023
30,EQH,EQUITABLE HLDGS INC COM,37252,10-24-2023
31,MCHP,MICROCHIP TECHNOLOGY INC.,13273,10-24-2023
32,VOYA,VOYA FINANCIAL INC,14905,10-24-2023
33,ABBV,ABBVIE INC,6667,10-24-2023
34,CLF,CLEVELAND-CLIFFS INC NEW,65928,10-24-2023
35,TENB,TENABLE HLDGS INC,22093,10-24-2023
36,EOG,EOG RES INC,6888,10-24-2023
37,NVO,NOVO-NORDISK A S,9191,10-24-2023
38,DOCU,DOCUSIGN INC,21483,10-24-2023
39,LHX,L3HARRIS TECHNOLOGIES INC,4865,10-24-2023
40,CMI,CUMMINS INC,3946,10-24-2023
41,GDDY,GODADDY INC,10984,10-24-2023
42,LYFT,LYFT INC,72622,10-24-2023
43,PRU,PRUDENTIAL FINL INC,7979,10-24-2023
44,WELL,WELLTOWER INC,8483,10-24-2023
45,SYNA,SYNAPTICS INC,8018,10-24-2023
46,APO,APOLLO GLOBAL MGMT INC,8261,10-24-2023
47,FITB,FIFTH THIRD BANCORP,29570,10-24-2023
48,WRK,WESTROCK CO,19659,10-24-2023
49,CTVA,CORTEVA INC,12014,10-24-2023
50,GWRE,GUIDEWIRE SOFTWARE INC,6275,10-24-2023
51,HP,HELMERICH & PAYNE INC,13021,10-24-2023
52,MTB,M & T BK CORP,4597,10-24-2023
53,WAT,WATERS CORP,2006,10-24-2023
54,CI,THE CIGNA GROUP,1688,10-24-2023
55,HOG,HARLEY DAVIDSON INC,16238,10-24-2023
56,T,AT&T INC,32392,10-24-2023
57,TDOC,TELADOC HEALTH INC,26726,10-24-2023
58,WEC,WEC ENERGY GROUP INC,5565,10-24-2023
59,KDP,KEURIG DR PEPPER INC,15353,10-24-2023
60,TAP,MOLSON COORS BEVERAGE CO,7057,10-24-2023
61,IFF,INTERNATIONAL FLAVORS&FRAGRANC COM,6135,10-24-2023
62,BERY,BERRY GLOBAL GROUP INC,7040,10-24-2023
63,MKL,MARKEL GROUP INC,257,10-24-2023
64,ANSS,ANSYS INC,1286,10-24-2023
65,LNTH,LANTHEUS HLDGS INC,5087,10-24-2023
66,RRC,RANGE RES CORP,9278,10-24-2023
67,WING,WINGSTOP INC,1858,10-24-2023
68,DOCS,DOXIMITY INC,12725,10-24-2023
69,PFGC,PERFORMANCE FOOD GROUP CO,5158,10-24-2023
70,JNPR,JUNIPER NETWORKS INC,11156,10-24-2023
71,SRCL,STERICYCLE INC,6564,10-24-2023
72,SSNC,SS&C TECHNOLOGIES HLDGS INC,5278,10-24-2023
73,LDOS,LEIDOS HOLDINGS INC,2838,10-24-2023
74,SUI,SUN CMNTYS INC,2503,10-24-2023
75,LSCC,LATTICE SEMICONDUCTOR CORP,3385,10-24-2023
76,RBLX,ROBLOX CORP,7564,10-24-2023
77,WSC,WILLSCOT MOBIL MINI HLDNG CORP COM CL A,5640,10-24-2023
78,GPK,GRAPHIC PACKAGING HLDG CO,7749,10-24-2023
79,ARW,ARROW ELECTRS INC,1334,10-24-2023
80,FNF,FIDELITY NATIONAL FINANCIAL IN FNF GROUP COM,3969,10-24-2023
81,RBC,RBC BEARINGS INC,676,10-24-2023
82,SMAR,SMARTSHEET INC,3560,10-24-2023
83,ATKR,ATKORE INC,1127,10-24-2023
84,ARWR,ARROWHEAD PHARMACEUTICALS INC COM,5186,10-24-2023
85,DXC,DXC TECHNOLOGY CO,6050,10-24-2023
86,SEIC,SEI INVTS CO,2225,10-24-2023
87,WK,WORKIVA INC,894,10-24-2023
88,DT,DYNATRACE INC,1411,10-24-2023
89,DTM,DT MIDSTREAM INC,1297,10-24-2023
90,BRBR,BELLRING BRANDS INC,1263,10-24-2023
91,Cash&Other,Cash & Other,308927,10-24-2023
