,Ticker,Name,Shares,Date
0,PLTR,PALANTIR TECHNOLOGIES INC,504164,05-17-2023
1,NET,CLOUDFLARE INC,69229,05-17-2023
2,DDOG,DATADOG INC,39998,05-17-2023
3,MDB,MONGODB INC,12763,05-17-2023
4,GOOG,ALPHABET INC,27129,05-17-2023
5,GOOGL,ALPHABET INC,27229,05-17-2023
6,ZS,ZSCALER INC,26204,05-17-2023
7,UPST,UPSTART HLDGS INC,157947,05-17-2023
8,MCK,MCKESSON CORP,5697,05-17-2023
9,ALB,ALBEMARLE CORP,10927,05-17-2023
10,SCHW,SCHWAB CHARLES CORP,44735,05-17-2023
11,FSLR,FIRST SOLAR INC,8971,05-17-2023
12,AMD,ADVANCED MICRO DEVICES INC,12605,05-17-2023
13,HUBS,HUBSPOT INC,2693,05-17-2023
14,SNOW,SNOWFLAKE INC,7338,05-17-2023
15,ENTG,ENTEGRIS INC,13687,05-17-2023
16,AR,ANTERO RESOURCES CORP,56111,05-17-2023
17,CRWD,CROWDSTRIKE HLDGS INC,9233,05-17-2023
18,EQT,EQT CORP,35665,05-17-2023
19,ETSY,ETSY INC,13368,05-17-2023
20,GME,GAMESTOP CORP NEW,56209,05-17-2023
21,KLAC,KLA CORP,3025,05-17-2023
22,MU,MICRON TECHNOLOGY INC,19388,05-17-2023
23,NOW,SERVICENOW INC,2645,05-17-2023
24,RH,RH,5134,05-17-2023
25,RBLX,ROBLOX CORP,31458,05-17-2023
26,SEDG,SOLAREDGE TECHNOLOGIES INC,4175,05-17-2023
27,AFRM,AFFIRM HLDGS INC,97739,05-17-2023
28,U,UNITY SOFTWARE INC,42322,05-17-2023
29,TPR,TAPESTRY INC,26940,05-17-2023
30,CELH,CELSIUS HLDGS INC,8323,05-17-2023
31,HALO,HALOZYME THERAPEUTICS INC,32677,05-17-2023
32,STE,STERIS PLC,5144,05-17-2023
33,SWN,SOUTHWESTERN ENERGY CO,208761,05-17-2023
34,SRPT,SAREPTA THERAPEUTICS INC,7095,05-17-2023
35,NVAX,NOVAVAX INC,136623,05-17-2023
36,GNRC,GENERAC HLDGS INC,9256,05-17-2023
37,APP,APPLOVIN CORP,44598,05-17-2023
38,COIN,COINBASE GLOBAL INC,15264,05-17-2023
39,CVNA,CARVANA CO,83400,05-17-2023
40,WSM,WILLIAMS SONOMA INC,7464,05-17-2023
41,ARRY,ARRAY TECHNOLOGIES INC,32976,05-17-2023
42,WDC,WESTERN DIGITAL CORP.,20125,05-17-2023
43,ASAN,ASANA INC,39611,05-17-2023
44,SHLS,SHOALS TECHNOLOGIES GROUP INC CL A,30557,05-17-2023
45,GH,GUARDANT HEALTH INC,25316,05-17-2023
46,NRG,NRG ENERGY INC,20323,05-17-2023
47,AI,C3 AI INC,28332,05-17-2023
48,EXAS,EXACT SCIENCES CORP,8075,05-17-2023
49,STX,SEAGATE TECHNOLOGY HLDNGS PLC ORD SHS,10348,05-17-2023
50,AMN,AMN HEALTHCARE SVCS INC,6312,05-17-2023
51,VST,VISTRA CORP,24694,05-17-2023
52,AKAM,AKAMAI TECHNOLOGIES INC,6730,05-17-2023
53,GT,GOODYEAR TIRE & RUBR CO,40077,05-17-2023
54,OPEN,OPENDOOR TECHNOLOGIES INC,267300,05-17-2023
55,FCNCA,FIRST CTZNS BANCSHARES INC N C CL A,425,05-17-2023
56,CPRI,CAPRI HOLDINGS LTD,13149,05-17-2023
57,LUMN,LUMEN TECHNOLOGIES INC,199183,05-17-2023
58,NTLA,INTELLIA THERAPEUTICS INC,11482,05-17-2023
59,RIOT,RIOT PLATFORMS INC,40890,05-17-2023
60,PVH,PVH CORPORATION,5078,05-17-2023
61,RRC,RANGE RES CORP,15675,05-17-2023
62,DVA,DAVITA INC,4077,05-17-2023
63,PBF,PBF ENERGY INC,11418,05-17-2023
64,XP,XP INC,25036,05-17-2023
65,DAR,DARLING INGREDIENTS INC,6449,05-17-2023
66,DNA,GINKGO BIOWORKS HOLDINGS INC CL A SHS,318100,05-17-2023
67,KRTX,KARUNA THERAPEUTICS INC,1743,05-17-2023
68,PATH,UIPATH INC,26651,05-17-2023
69,SMAR,SMARTSHEET INC,8929,05-17-2023
70,YELP,YELP INC,12294,05-17-2023
71,ESTC,ELASTIC N V,6255,05-17-2023
72,DT,DYNATRACE INC,7998,05-17-2023
73,WAL,WESTERN ALLIANCE BANCORP,11923,05-17-2023
74,MAT,MATTEL INC,19036,05-17-2023
75,NVCR,NOVOCURE LTD,4388,05-17-2023
76,ADC,AGREE RLTY CORP,5232,05-17-2023
77,BEAM,BEAM THERAPEUTICS INC,10231,05-17-2023
78,TRU,TRANSUNION,4837,05-17-2023
79,TH,TARGET HOSPITALITY CORP,20045,05-17-2023
80,DBX,DROPBOX INC,14336,05-17-2023
81,LTHM,LIVENT CORP,12628,05-17-2023
82,VVV,VALVOLINE INC,8061,05-17-2023
83,OMCL,OMNICELL COM,4284,05-17-2023
84,KURA,KURA ONCOLOGY INC,23558,05-17-2023
85,ZNTL,ZENTALIS PHARMACEUTICALS INC COM,10537,05-17-2023
86,IOVA,IOVANCE BIOTHERAPEUTICS INC,37729,05-17-2023
87,ARMK,ARAMARK,7254,05-17-2023
88,GXO,GXO LOGISTICS INCORPORATED,4630,05-17-2023
89,CLVT,CLARIVATE PLC,32697,05-17-2023
90,MRTX,MIRATI THERAPEUTICS INC,5343,05-17-2023
91,IAC,IAC INC,4174,05-17-2023
92,NARI,INARI MED INC,3248,05-17-2023
93,SYNH,SYNEOS HEALTH INC,5533,05-17-2023
94,HQY,HEALTHEQUITY INC,4049,05-17-2023
95,VSH,VISHAY INTERTECHNOLOGY INC,9275,05-17-2023
96,FSLY,FASTLY INC,16492,05-17-2023
97,HEI,HEICO CORP NEW,1197,05-17-2023
98,MRVI,MARAVAI LIFESCIENCES HLDGS INC COM CL A,15441,05-17-2023
99,SWTX,SPRINGWORKS THERAPEUTICS INC COM,7153,05-17-2023
100,APPS,DIGITAL TURBINE INC,16124,05-17-2023
101,FUBO,FUBOTV INC,114451,05-17-2023
102,LPRO,OPEN LENDING CORP,21892,05-17-2023
103,MGNI,MAGNITE INC,18954,05-17-2023
104,CNXC,CONCENTRIX CORP,2152,05-17-2023
105,ALLO,ALLOGENE THERAPEUTICS INC,28088,05-17-2023
106,ICUI,ICU MED INC,873,05-17-2023
107,MTZ,MASTEC INC,1794,05-17-2023
108,NWSA,NEWS CORP NEW,9309,05-17-2023
109,DNLI,DENALI THERAPEUTICS INC,5381,05-17-2023
110,EYE,NATIONAL VISION HLDGS INC,6723,05-17-2023
111,INVA,INNOVIVA INC,12392,05-17-2023
112,SPT,SPROUT SOCIAL INC,3737,05-17-2023
113,BFH,BREAD FINANCIAL HOLDINGS INC COM,5468,05-17-2023
114,ETRN,EQUITRANS MIDSTREAM CORP,27923,05-17-2023
115,NTNX,NUTANIX INC,6012,05-17-2023
116,RGNX,REGENXBIO INC,7460,05-17-2023
117,VCYT,VERACYTE INC,6244,05-17-2023
118,MNKD,MANNKIND CORP,31929,05-17-2023
119,ONTO,ONTO INNOVATION INC,1448,05-17-2023
120,AMPH,AMPHASTAR PHARMACEUTICALS INC COM,2959,05-17-2023
121,HAE,HAEMONETICS CORP MASS,1436,05-17-2023
122,JELD,JELD-WEN HLDG INC,9332,05-17-2023
123,SAVA,CASSAVA SCIENCES INC,5041,05-17-2023
124,BSY,BENTLEY SYS INC,2727,05-17-2023
125,DIOD,DIODES INC,1293,05-17-2023
126,MXL,MAXLINEAR INC,4688,05-17-2023
127,VIR,VIR BIOTECHNOLOGY INC,4960,05-17-2023
128,CCRN,CROSS CTRY HEALTHCARE INC,4313,05-17-2023
129,FULT,FULTON FINL CORP PA,10650,05-17-2023
130,LNW,LIGHT & WONDER INC,1771,05-17-2023
131,MRCY,MERCURY SYS INC,2672,05-17-2023
132,PFSI,PENNYMAC FINL SVCS INC NEW,1790,05-17-2023
133,ANF,ABERCROMBIE & FITCH CO,4471,05-17-2023
134,BIGC,BIGCOMMERCE HLDGS INC,13550,05-17-2023
135,COOP,MR COOPER GROUP INC,2262,05-17-2023
136,FCEL,FUELCELL ENERGY INC,43300,05-17-2023
137,LC,LENDINGCLUB CORP,13913,05-17-2023
138,STEM,STEM INC,24368,05-17-2023
139,BBIO,BRIDGEBIO PHARMA INC,6598,05-17-2023
140,KYMR,KYMERA THERAPEUTICS INC,3080,05-17-2023
141,ALRM,ALARM COM HLDGS INC,1681,05-17-2023
142,CLNE,CLEAN ENERGY FUELS CORP,18641,05-17-2023
143,OMI,OWENS & MINOR INC NEW,4208,05-17-2023
144,RVMD,REVOLUTION MEDICINES INC,3172,05-17-2023
145,BANF,BANCFIRST CORP,969,05-17-2023
146,Cash&Other,Cash & Other,332123,05-17-2023
