,Ticker,Name,Shares,Date
0,LLY,ELI LILLY & CO,9400,01-05-2024
1,LVS,LAS VEGAS SANDS CORP,83330,01-05-2024
2,STZ,CONSTELLATION BRANDS INC,16783,01-05-2024
3,APD,AIR PRODS & CHEMS INC,14655,01-05-2024
4,EOG,EOG RES INC,32427,01-05-2024
5,APA,APA CORPORATION,108113,01-05-2024
6,TSLA,TESLA INC,15421,01-05-2024
7,WFRD,WEATHERFORD INTL PLC,39690,01-05-2024
8,PAYC,PAYCOM SOFTWARE INC,14195,01-05-2024
9,CELH,CELSIUS HLDGS INC,43073,01-05-2024
10,CTLT,CATALENT INC,48556,01-05-2024
11,DOCS,DOXIMITY INC,64992,01-05-2024
12,PCTY,PAYLOCITY HLDG CORP,10419,01-05-2024
13,VAC,MARRIOTT VACATIONS WORLDWIDE C COM,15590,01-05-2024
14,QDEL,QUIDELORTHO CORP,17938,01-05-2024
15,ALTM,ARCADIUM LITHIUM PLC,187427,01-05-2024
16,PII,POLARIS INC,14367,01-05-2024
17,FOXA,FOX CORP,41805,01-05-2024
18,AGL,AGILON HEALTH INC,103080,01-05-2024
19,HUM,HUMANA INC,2621,01-05-2024
20,MO,ALTRIA GROUP INC,29248,01-05-2024
21,PG,PROCTER AND GAMBLE CO,8053,01-05-2024
22,MMC,MARSH & MCLENNAN COS INC,6241,01-05-2024
23,MNST,MONSTER BEVERAGE CORP NEW,20550,01-05-2024
24,AON,AON PLC,4063,01-05-2024
25,AZO,AUTOZONE INC,459,01-05-2024
26,XOM,EXXON MOBIL CORP,11563,01-05-2024
27,FTNT,FORTINET INC,19806,01-05-2024
28,KR,KROGER CO,25243,01-05-2024
29,BDX,BECTON DICKINSON & CO,4720,01-05-2024
30,HAL,HALLIBURTON CO,32033,01-05-2024
31,KDP,KEURIG DR PEPPER INC,35425,01-05-2024
32,MRO,MARATHON OIL CORP,47268,01-05-2024
33,NVDA,NVIDIA CORPORATION,2377,01-05-2024
34,SLB,SCHLUMBERGER LTD,22169,01-05-2024
35,WBD,WARNER BROS DISCOVERY INC,101392,01-05-2024
36,BKR,BAKER HUGHES COMPANY,34054,01-05-2024
37,OVV,OVINTIV INC,26162,01-05-2024
38,UAL,UNITED AIRLS HLDGS INC,28167,01-05-2024
39,CHTR,CHARTER COMMUNICATIONS INC NEW CL A,3001,01-05-2024
40,FCNCA,FIRST CTZNS BANCSHARES INC N C CL A,808,01-05-2024
41,DKNG,DRAFTKINGS INC NEW,33023,01-05-2024
42,TTD,THE TRADE DESK INC,15846,01-05-2024
43,LCID,LUCID GROUP INC,271452,01-05-2024
44,PLUG,PLUG POWER INC,245874,01-05-2024
45,MDB,MONGODB INC,2814,01-05-2024
46,BBY,BEST BUY INC,12928,01-05-2024
47,NXST,NEXSTAR MEDIA GROUP INC,6035,01-05-2024
48,ROK,ROCKWELL AUTOMATION INC,2966,01-05-2024
49,HUN,HUNTSMAN CORP,36353,01-05-2024
50,WTRG,ESSENTIAL UTILS INC,23613,01-05-2024
51,CFLT,CONFLUENT INC,38622,01-05-2024
52,HES,HESS CORP,5721,01-05-2024
53,CHK,CHESAPEAKE ENERGY CORP,10639,01-05-2024
54,CIEN,CIENA CORP,17481,01-05-2024
55,GLW,CORNING INC,25594,01-05-2024
56,AFL,AFLAC INC,8811,01-05-2024
57,AJG,GALLAGHER ARTHUR J & CO,3220,01-05-2024
58,ALGN,ALIGN TECHNOLOGY INC,2711,01-05-2024
59,OKE,ONEOK INC NEW,10009,01-05-2024
60,ACGL,ARCH CAP GROUP LTD,8804,01-05-2024
61,BILL,BILL HOLDINGS INC,8767,01-05-2024
62,WEC,WEC ENERGY GROUP INC,7580,01-05-2024
63,GM,GENERAL MTRS CO,16453,01-05-2024
64,KMX,CARMAX INC,8162,01-05-2024
65,LPLA,LPL FINL HLDGS INC,2514,01-05-2024
66,HP,HELMERICH & PAYNE INC,16284,01-05-2024
67,BIO,BIO RAD LABS INC,1700,01-05-2024
68,MKC,MCCORMICK & CO INC,7834,01-05-2024
69,GPC,GENUINE PARTS CO,3773,01-05-2024
70,BMRN,BIOMARIN PHARMACEUTICAL INC,5033,01-05-2024
71,LBRDK,LIBERTY BROADBAND CORP,6334,01-05-2024
72,DINO,HF SINCLAIR CORP,8889,01-05-2024
73,MHK,MOHAWK INDS INC,4839,01-05-2024
74,FOXF,FOX FACTORY HLDG CORP,7274,01-05-2024
75,HAS,HASBRO INC,9424,01-05-2024
76,SJM,SMUCKER J M CO,3415,01-05-2024
77,BF/B,BROWN FORMAN CORP,7676,01-05-2024
78,KNSL,KINSALE CAP GROUP INC,1178,01-05-2024
79,EG,EVEREST GROUP LTD,1125,01-05-2024
80,NOV,NOV INC,20846,01-05-2024
81,AN,AUTONATION INC,2705,01-05-2024
82,CROX,CROCS INC,4283,01-05-2024
83,NVST,ENVISTA HOLDINGS CORPORATION COM,15221,01-05-2024
84,DAR,DARLING INGREDIENTS INC,7161,01-05-2024
85,PRGO,PERRIGO CO PLC,10315,01-05-2024
86,BRO,BROWN & BROWN INC,4635,01-05-2024
87,MAT,MATTEL INC,17984,01-05-2024
88,EVRG,EVERGY INC,5723,01-05-2024
89,WU,WESTERN UN CO,25964,01-05-2024
90,ACLS,AXCELIS TECHNOLOGIES INC,2426,01-05-2024
91,BYD,BOYD GAMING CORP,4528,01-05-2024
92,RGLD,ROYAL GOLD INC,2332,01-05-2024
93,ST,SENSATA TECHNOLOGIES HLDG PLC SHS,7354,01-05-2024
94,BOX,BOX INC,10565,01-05-2024
95,MUR,MURPHY OIL CORP,5940,01-05-2024
96,FIVN,FIVE9 INC,3140,01-05-2024
97,HQY,HEALTHEQUITY INC,3275,01-05-2024
98,NYCB,NEW YORK CMNTY BANCORP INC,22417,01-05-2024
99,OGN,ORGANON & CO,16154,01-05-2024
100,WEN,WENDYS CO,11587,01-05-2024
101,MSM,MSC INDL DIRECT INC,2133,01-05-2024
102,OPCH,OPTION CARE HEALTH INC,5728,01-05-2024
103,FCN,FTI CONSULTING INC,788,01-05-2024
104,SLAB,SILICON LABORATORIES INC,1344,01-05-2024
105,CHH,CHOICE HOTELS INTL INC,1235,01-05-2024
106,AXS,AXIS CAP HLDGS LTD,2492,01-05-2024
107,MDU,MDU RES GROUP INC,7199,01-05-2024
108,VC,VISTEON CORP,1202,01-05-2024
109,CW,CURTISS WRIGHT CORP,493,01-05-2024
110,DTM,DT MIDSTREAM INC,2031,01-05-2024
111,OGS,ONE GAS INC,1571,01-05-2024
112,FLO,FLOWERS FOODS INC,3911,01-05-2024
113,Cash&Other,Cash & Other,113089,01-05-2024
