,Ticker,Name,Shares,Date
0,LLY,ELI LILLY & CO,9254,01-26-2024
1,STZ,CONSTELLATION BRANDS INC,16521,01-26-2024
2,LVS,LAS VEGAS SANDS CORP,82028,01-26-2024
3,WFRD,WEATHERFORD INTL PLC,39070,01-26-2024
4,APD,AIR PRODS & CHEMS INC,14427,01-26-2024
5,EOG,EOG RES INC,31921,01-26-2024
6,APA,APA CORPORATION,106425,01-26-2024
7,TSLA,TESLA INC,15181,01-26-2024
8,PAYC,PAYCOM SOFTWARE INC,13975,01-26-2024
9,CTLT,CATALENT INC,47798,01-26-2024
10,CELH,CELSIUS HLDGS INC,42401,01-26-2024
11,DOCS,DOXIMITY INC,63978,01-26-2024
12,PCTY,PAYLOCITY HLDG CORP,10257,01-26-2024
13,NVDA,NVIDIA CORPORATION,2341,01-26-2024
14,VAC,MARRIOTT VACATIONS WORLDWIDE C COM,15348,01-26-2024
15,FOXA,FOX CORP,41153,01-26-2024
16,PII,POLARIS INC,14143,01-26-2024
17,FTNT,FORTINET INC,19498,01-26-2024
18,DKNG,DRAFTKINGS INC NEW,32508,01-26-2024
19,AZO,AUTOZONE INC,453,01-26-2024
20,PG,PROCTER AND GAMBLE CO,7929,01-26-2024
21,QDEL,QUIDELORTHO CORP,17658,01-26-2024
22,AON,AON PLC,4001,01-26-2024
23,UAL,UNITED AIRLS HLDGS INC,27727,01-26-2024
24,MMC,MARSH & MCLENNAN COS INC,6145,01-26-2024
25,HAL,HALLIBURTON CO,31533,01-26-2024
26,MO,ALTRIA GROUP INC,28792,01-26-2024
27,XOM,EXXON MOBIL CORP,11383,01-26-2024
28,KR,KROGER CO,24849,01-26-2024
29,SLB,SCHLUMBERGER LTD,21823,01-26-2024
30,FCNCA,FIRST CTZNS BANCSHARES INC N C CL A,796,01-26-2024
31,MNST,MONSTER BEVERAGE CORP NEW,20230,01-26-2024
32,KDP,KEURIG DR PEPPER INC,34873,01-26-2024
33,MDB,MONGODB INC,2772,01-26-2024
34,OVV,OVINTIV INC,25754,01-26-2024
35,BDX,BECTON DICKINSON & CO,4648,01-26-2024
36,CHTR,CHARTER COMMUNICATIONS INC NEW CL A,2955,01-26-2024
37,MRO,MARATHON OIL CORP,46530,01-26-2024
38,TTD,THE TRADE DESK INC,15600,01-26-2024
39,NXST,NEXSTAR MEDIA GROUP INC,5941,01-26-2024
40,WBD,WARNER BROS DISCOVERY INC,99808,01-26-2024
41,BKR,BAKER HUGHES COMPANY,33522,01-26-2024
42,BBY,BEST BUY INC,12726,01-26-2024
43,ALTM,ARCADIUM LITHIUM PLC,184499,01-26-2024
44,HUM,HUMANA INC,2581,01-26-2024
45,CIEN,CIENA CORP,17209,01-26-2024
46,ROK,ROCKWELL AUTOMATION INC,2920,01-26-2024
47,HUN,HUNTSMAN CORP,35785,01-26-2024
48,CFLT,CONFLUENT INC,38020,01-26-2024
49,WTRG,ESSENTIAL UTILS INC,23245,01-26-2024
50,PLUG,PLUG POWER INC,242034,01-26-2024
51,CHK,CHESAPEAKE ENERGY CORP,10473,01-26-2024
52,HES,HESS CORP,5633,01-26-2024
53,GLW,CORNING INC,25196,01-26-2024
54,AJG,GALLAGHER ARTHUR J & CO,3170,01-26-2024
55,AFL,AFLAC INC,8675,01-26-2024
56,LCID,LUCID GROUP INC,267212,01-26-2024
57,ALGN,ALIGN TECHNOLOGY INC,2669,01-26-2024
58,ACGL,ARCH CAP GROUP LTD,8668,01-26-2024
59,OKE,ONEOK INC NEW,9853,01-26-2024
60,BILL,BILL HOLDINGS INC,8631,01-26-2024
61,AGL,AGILON HEALTH INC,101470,01-26-2024
62,LPLA,LPL FINL HLDGS INC,2476,01-26-2024
63,WEC,WEC ENERGY GROUP INC,7462,01-26-2024
64,GM,GENERAL MTRS CO,16197,01-26-2024
65,HP,HELMERICH & PAYNE INC,16030,01-26-2024
66,KMX,CARMAX INC,8036,01-26-2024
67,BIO,BIO RAD LABS INC,1674,01-26-2024
68,GPC,GENUINE PARTS CO,3715,01-26-2024
69,MKC,MCCORMICK & CO INC,7712,01-26-2024
70,LBRDK,LIBERTY BROADBAND CORP,6236,01-26-2024
71,DINO,HF SINCLAIR CORP,8751,01-26-2024
72,MHK,MOHAWK INDS INC,4765,01-26-2024
73,FOXF,FOX FACTORY HLDG CORP,7162,01-26-2024
74,HAS,HASBRO INC,9278,01-26-2024
75,KNSL,KINSALE CAP GROUP INC,1160,01-26-2024
76,BMRN,BIOMARIN PHARMACEUTICAL INC,4955,01-26-2024
77,SJM,SMUCKER J M CO,3363,01-26-2024
78,CROX,CROCS INC,4217,01-26-2024
79,NOV,NOV INC,20522,01-26-2024
80,BF/B,BROWN FORMAN CORP,7558,01-26-2024
81,EG,EVEREST GROUP LTD,1109,01-26-2024
82,AN,AUTONATION INC,2663,01-26-2024
83,NVST,ENVISTA HOLDINGS CORPORATION COM,14985,01-26-2024
84,BRO,BROWN & BROWN INC,4563,01-26-2024
85,PRGO,PERRIGO CO PLC,10155,01-26-2024
86,ACLS,AXCELIS TECHNOLOGIES INC,2390,01-26-2024
87,MAT,MATTEL INC,17704,01-26-2024
88,WU,WESTERN UN CO,25560,01-26-2024
89,DAR,DARLING INGREDIENTS INC,7051,01-26-2024
90,BYD,BOYD GAMING CORP,4458,01-26-2024
91,EVRG,EVERGY INC,5635,01-26-2024
92,BOX,BOX INC,10401,01-26-2024
93,OGN,ORGANON & CO,15902,01-26-2024
94,RGLD,ROYAL GOLD INC,2296,01-26-2024
95,HQY,HEALTHEQUITY INC,3225,01-26-2024
96,ST,SENSATA TECHNOLOGIES HLDG PLC SHS,7240,01-26-2024
97,FIVN,FIVE9 INC,3092,01-26-2024
98,NYCB,NEW YORK CMNTY BANCORP INC,22067,01-26-2024
99,MUR,MURPHY OIL CORP,5848,01-26-2024
100,WEN,WENDYS CO,11407,01-26-2024
101,MSM,MSC INDL DIRECT INC,2101,01-26-2024
102,OPCH,OPTION CARE HEALTH INC,5640,01-26-2024
103,SLAB,SILICON LABORATORIES INC,1324,01-26-2024
104,FCN,FTI CONSULTING INC,776,01-26-2024
105,AXS,AXIS CAP HLDGS LTD,2454,01-26-2024
106,CHH,CHOICE HOTELS INTL INC,1217,01-26-2024
107,MDU,MDU RES GROUP INC,7087,01-26-2024
108,VC,VISTEON CORP,1184,01-26-2024
109,CW,CURTISS WRIGHT CORP,487,01-26-2024
110,DTM,DT MIDSTREAM INC,2001,01-26-2024
111,OGS,ONE GAS INC,1547,01-26-2024
112,FLO,FLOWERS FOODS INC,3851,01-26-2024
113,Cash&Other,Cash & Other,119827,01-26-2024
