,Ticker,Name,Shares,Date
0,PLUG,PLUG POWER INC,1349336,12-14-2023
1,TEAM,ATLASSIAN CORPORATION,26637,12-14-2023
2,WBD,WARNER BROS DISCOVERY INC,454594,12-14-2023
3,NCLH,NORWEGIAN CRUISE LINE HLDG LTD SHS,249247,12-14-2023
4,LYFT,LYFT INC,292522,12-14-2023
5,RIVN,RIVIAN AUTOMOTIVE INC,218319,12-14-2023
6,ON,ON SEMICONDUCTOR CORP,52240,12-14-2023
7,COHR,COHERENT CORP,99347,12-14-2023
8,WFRD,WEATHERFORD INTL PLC,39091,12-14-2023
9,PLTR,PALANTIR TECHNOLOGIES INC,184224,12-14-2023
10,HOOD,ROBINHOOD MKTS INC,255164,12-14-2023
11,DOCS,DOXIMITY INC,68433,12-14-2023
12,NWL,NEWELL BRANDS INC,157260,12-14-2023
13,CAR,AVIS BUDGET GROUP,7017,12-14-2023
14,IRTC,IRHYTHM TECHNOLOGIES INC,13502,12-14-2023
15,DOCU,DOCUSIGN INC,23014,12-14-2023
16,U,UNITY SOFTWARE INC,34258,12-14-2023
17,TSLA,TESLA INC,5036,12-14-2023
18,ULTA,ULTA BEAUTY INC,2345,12-14-2023
19,DAL,DELTA AIR LINES INC DEL,27564,12-14-2023
20,TWLO,TWILIO INC,15619,12-14-2023
21,USB,US BANCORP DEL,26592,12-14-2023
22,CVS,CVS HEALTH CORP,14176,12-14-2023
23,F,FORD MTR CO DEL,94928,12-14-2023
24,VICI,VICI PPTYS INC,33729,12-14-2023
25,DASH,DOORDASH INC,10494,12-14-2023
26,TTD,THE TRADE DESK INC,14290,12-14-2023
27,UAL,UNITED AIRLS HLDGS INC,25380,12-14-2023
28,CFLT,CONFLUENT INC,42568,12-14-2023
29,CSCO,CISCO SYS INC,20473,12-14-2023
30,FTNT,FORTINET INC,18366,12-14-2023
31,JAZZ,JAZZ PHARMACEUTICALS PLC,8054,12-14-2023
32,KDP,KEURIG DR PEPPER INC,30231,12-14-2023
33,RTX,RTX CORPORATION,12116,12-14-2023
34,DE,DEERE & CO,2642,12-14-2023
35,LLY,ELI LILLY & CO,1658,12-14-2023
36,SPG,SIMON PPTY GROUP INC NEW,7072,12-14-2023
37,APD,AIR PRODS & CHEMS INC,3635,12-14-2023
38,LMT,LOCKHEED MARTIN CORP,2146,12-14-2023
39,NVDA,NVIDIA CORPORATION,2008,12-14-2023
40,APA,APA CORPORATION,26831,12-14-2023
41,ROKU,ROKU INC,9280,12-14-2023
42,K,KELLANOVA,16721,12-14-2023
43,CHTR,CHARTER COMMUNICATIONS INC NEW CL A,2412,12-14-2023
44,ETSY,ETSY INC,10810,12-14-2023
45,TPL,TEXAS PACIFIC LAND CORPORATION COM,564,12-14-2023
46,CFG,CITIZENS FINL GROUP INC,26832,12-14-2023
47,CZR,CAESARS ENTERTAINMENT INC NEW COM,18234,12-14-2023
48,ROK,ROCKWELL AUTOMATION INC,2864,12-14-2023
49,BURL,BURLINGTON STORES INC,4401,12-14-2023
50,HOG,HARLEY DAVIDSON INC,23957,12-14-2023
51,REGN,REGENERON PHARMACEUTICALS,839,12-14-2023
52,CEG,CONSTELLATION ENERGY CORP,6188,12-14-2023
53,BILL,BILL HOLDINGS INC,9484,12-14-2023
54,CTVA,CORTEVA INC,15614,12-14-2023
55,GLW,CORNING INC,23501,12-14-2023
56,WOLF,WOLFSPEED INC,16951,12-14-2023
57,ALGN,ALIGN TECHNOLOGY INC,2896,12-14-2023
58,MO,ALTRIA GROUP INC,15893,12-14-2023
59,JBHT,HUNT J B TRANS SVCS INC,3267,12-14-2023
60,MGM,MGM RESORTS INTERNATIONAL,13722,12-14-2023
61,PAYC,PAYCOM SOFTWARE INC,2947,12-14-2023
62,CTLT,CATALENT INC,13699,12-14-2023
63,STX,SEAGATE TECHNOLOGY HLDNGS PLC ORD SHS,6382,12-14-2023
64,RVTY,REVVITY INC,5432,12-14-2023
65,HP,HELMERICH & PAYNE INC,14414,12-14-2023
66,MHK,MOHAWK INDS INC,5024,12-14-2023
67,MKC,MCCORMICK & CO INC,6862,12-14-2023
68,CCK,CROWN HLDGS INC,4988,12-14-2023
69,ELF,E L F BEAUTY INC,3144,12-14-2023
70,LEA,LEAR CORP,3334,12-14-2023
71,CI,THE CIGNA GROUP,1460,12-14-2023
72,SJM,SMUCKER J M CO,3236,12-14-2023
73,LSCC,LATTICE SEMICONDUCTOR CORP,5991,12-14-2023
74,AN,AUTONATION INC,2562,12-14-2023
75,DAR,DARLING INGREDIENTS INC,7436,12-14-2023
76,NOV,NOV INC,18907,12-14-2023
77,FTV,FORTIVE CORP,5012,12-14-2023
78,FOXF,FOX FACTORY HLDG CORP,5346,12-14-2023
79,PCTY,PAYLOCITY HLDG CORP,2084,12-14-2023
80,NVST,ENVISTA HOLDINGS CORPORATION COM,13176,12-14-2023
81,TRU,TRANSUNION,4518,12-14-2023
82,FOXA,FOX CORP,10062,12-14-2023
83,MAT,MATTEL INC,15191,12-14-2023
84,PRGO,PERRIGO CO PLC,8905,12-14-2023
85,SM,SM ENERGY CO,7425,12-14-2023
86,AGL,AGILON HEALTH INC,20079,12-14-2023
87,INSP,INSPIRE MED SYS INC,1377,12-14-2023
88,KBR,KBR INC,4565,12-14-2023
89,PII,POLARIS INC,2835,12-14-2023
90,QDEL,QUIDELORTHO CORP,3510,12-14-2023
91,VAC,MARRIOTT VACATIONS WORLDWIDE C COM,3019,12-14-2023
92,COLD,AMERICOLD REALTY TRUST INC,7980,12-14-2023
93,NXST,NEXSTAR MEDIA GROUP INC,1542,12-14-2023
94,HUN,HUNTSMAN CORP,9269,12-14-2023
95,WRK,WESTROCK CO,5263,12-14-2023
96,ZD,ZIFF DAVIS INC,3327,12-14-2023
97,APLS,APELLIS PHARMACEUTICALS INC,3310,12-14-2023
98,OGN,ORGANON & CO,16784,12-14-2023
99,SIGI,SELECTIVE INS GROUP INC,1960,12-14-2023
100,SMCI,SUPER MICRO COMPUTER INC,748,12-14-2023
101,TENB,TENABLE HLDGS INC,4807,12-14-2023
102,SLAB,SILICON LABORATORIES INC,1515,12-14-2023
103,CC,CHEMOURS CO,5768,12-14-2023
104,DOC,PHYSICIANS RLTY TR,13606,12-14-2023
105,NEP,NEXTERA ENERGY PARTNERS LP,5914,12-14-2023
106,ARWR,ARROWHEAD PHARMACEUTICALS INC COM,5001,12-14-2023
107,CIVI,CIVITAS RESOURCES INC,1864,12-14-2023
108,GNTX,GENTEX CORP,3683,12-14-2023
109,HAE,HAEMONETICS CORP MASS,1227,12-14-2023
110,HGV,HILTON GRAND VACATIONS INC,2885,12-14-2023
111,GMED,GLOBUS MED INC,2122,12-14-2023
112,ALSN,ALLISON TRANSMISSION HLDGS INC COM,1585,12-14-2023
113,FLO,FLOWERS FOODS INC,4061,12-14-2023
114,KNSL,KINSALE CAP GROUP INC,266,12-14-2023
115,PCOR,PROCORE TECHNOLOGIES INC,1446,12-14-2023
116,SKY,SKYLINE CHAMPION CORPORATION COM,1240,12-14-2023
117,ACLS,AXCELIS TECHNOLOGIES INC,458,12-14-2023
118,Cash&Other,Cash & Other,321662,12-14-2023
