,Ticker,Name,Shares,Date
0,ITW,ILLINOIS TOOL WKS INC,21021,03-07-2023
1,VRTX,VERTEX PHARMACEUTICALS INC,17170,03-07-2023
2,NVAX,NOVAVAX INC,630448,03-07-2023
3,CF,CF INDS HLDGS INC,52145,03-07-2023
4,UBER,UBER TECHNOLOGIES INC,107075,03-07-2023
5,MRO,MARATHON OIL CORP,135819,03-07-2023
6,CPRT,COPART INC,49104,03-07-2023
7,CEG,CONSTELLATION ENERGY CORP,42875,03-07-2023
8,DAL,DELTA AIR LINES INC DEL,87110,03-07-2023
9,LCID,LUCID GROUP INC,302263,03-07-2023
10,DVN,DEVON ENERGY CORP NEW,36888,03-07-2023
11,TPR,TAPESTRY INC,45980,03-07-2023
12,CTRA,COTERRA ENERGY INC,70834,03-07-2023
13,ANSS,ANSYS INC,5615,03-07-2023
14,AFRM,AFFIRM HLDGS INC,128018,03-07-2023
15,WSC,WILLSCOT MOBIL MINI HLDNG CORP COM CL A,24390,03-07-2023
16,GME,GAMESTOP CORP NEW,68396,03-07-2023
17,TTWO,TAKE-TWO INTERACTIVE SOFTWARE COM,10244,03-07-2023
18,PINS,PINTEREST INC,42037,03-07-2023
19,UAL,UNITED AIRLS HLDGS INC,21382,03-07-2023
20,SEAS,SEAWORLD ENTMT INC,15795,03-07-2023
21,CPE,CALLON PETE CO DEL,25143,03-07-2023
22,URI,UNITED RENTALS INC,2122,03-07-2023
23,WFC,WELLS FARGO CO NEW,20929,03-07-2023
24,FATE,FATE THERAPEUTICS INC,165937,03-07-2023
25,AR,ANTERO RESOURCES CORP,36270,03-07-2023
26,BFAM,BRIGHT HORIZONS FAM SOL IN DEL COM,11432,03-07-2023
27,LAMR,LAMAR ADVERTISING CO NEW,9072,03-07-2023
28,CLF,CLEVELAND-CLIFFS INC NEW,43102,03-07-2023
29,SGEN,SEAGEN INC,5196,03-07-2023
30,BKNG,BOOKING HOLDINGS INC,348,03-07-2023
31,GL,GLOBE LIFE INC,7597,03-07-2023
32,LVS,LAS VEGAS SANDS CORP,15326,03-07-2023
33,MLM,MARTIN MARIETTA MATLS INC,2512,03-07-2023
34,MOS,MOSAIC CO NEW,16025,03-07-2023
35,ALK,ALASKA AIR GROUP INC,18621,03-07-2023
36,APD,AIR PRODS & CHEMS INC,2996,03-07-2023
37,ATKR,ATKORE INC,5763,03-07-2023
38,MRVL,MARVELL TECHNOLOGY INC,20453,03-07-2023
39,PEN,PENUMBRA INC,3413,03-07-2023
40,APLS,APELLIS PHARMACEUTICALS INC,13358,03-07-2023
41,H,HYATT HOTELS CORP,6970,03-07-2023
42,PLUG,PLUG POWER INC,62949,03-07-2023
43,LIN,LINDE PLC,2333,03-07-2023
44,LNTH,LANTHEUS HLDGS INC,11316,03-07-2023
45,OLED,UNIVERSAL DISPLAY CORP,5809,03-07-2023
46,PVH,PVH CORPORATION,9846,03-07-2023
47,TOL,TOLL BROTHERS INC,13488,03-07-2023
48,EXAS,EXACT SCIENCES CORP,11648,03-07-2023
49,NVR,NVR INC,149,03-07-2023
50,O,REALTY INCOME CORP,12249,03-07-2023
51,UNH,UNITEDHEALTH GROUP INC,1631,03-07-2023
52,FND,FLOOR & DECOR HLDGS INC,8547,03-07-2023
53,SWAV,SHOCKWAVE MED INC,3985,03-07-2023
54,TXRH,TEXAS ROADHOUSE INC,7230,03-07-2023
55,PK,PARK HOTELS & RESORTS INC,52459,03-07-2023
56,CRWD,CROWDSTRIKE HLDGS INC,5713,03-07-2023
57,HRI,HERC HLDGS INC,4709,03-07-2023
58,NVCR,NOVOCURE LTD,9102,03-07-2023
59,RS,RELIANCE STEEL & ALUMINUM CO COM,2651,03-07-2023
60,LRN,STRIDE INC,15836,03-07-2023
61,PANW,PALO ALTO NETWORKS INC,3567,03-07-2023
62,PWR,QUANTA SVCS INC,4096,03-07-2023
63,SHLS,SHOALS TECHNOLOGIES GROUP INC CL A,25004,03-07-2023
64,SNV,SYNOVUS FINL CORP,15940,03-07-2023
65,VLO,VALERO ENERGY CORP,4719,03-07-2023
66,BLD,TOPBUILD CORP,3177,03-07-2023
67,BLDR,BUILDERS FIRSTSOURCE INC,7344,03-07-2023
68,IPG,INTERPUBLIC GROUP COS INC,17984,03-07-2023
69,KRG,KITE RLTY GROUP TR,29467,03-07-2023
70,PENN,PENN ENTERTAINMENT INC,21295,03-07-2023
71,SWN,SOUTHWESTERN ENERGY CO,117836,03-07-2023
72,RRC,RANGE RES CORP,22365,03-07-2023
73,TENB,TENABLE HLDGS INC,13452,03-07-2023
74,FIVE,FIVE BELOW INC,2894,03-07-2023
75,ZWS,ZURN ELKAY WATER SOLNS CORP,25911,03-07-2023
76,AMR,ALPHA METALLURGICAL RESOUR INC COM,3146,03-07-2023
77,CAR,AVIS BUDGET GROUP,2523,03-07-2023
78,COKE,COCA COLA CONS INC,1045,03-07-2023
79,NOV,NOV INC,24789,03-07-2023
80,DKS,DICKS SPORTING GOODS INC,4246,03-07-2023
81,AXNX,AXONICS INC,9518,03-07-2023
82,FLR,FLUOR CORP NEW,14746,03-07-2023
83,LYFT,LYFT INC,53378,03-07-2023
84,TNL,TRAVEL PLUS LEISURE CO,12058,03-07-2023
85,TGNA,TEGNA INC,29002,03-07-2023
86,ZI,ZOOMINFO TECHNOLOGIES INC,19626,03-07-2023
87,AMC,AMC ENTMT HLDGS INC,77924,03-07-2023
88,BWXT,BWX TECHNOLOGIES INC,7974,03-07-2023
89,TPX,TEMPUR SEALY INTERNATIONAL INC,11197,03-07-2023
90,MRTX,MIRATI THERAPEUTICS INC,10877,03-07-2023
91,ROK,ROCKWELL AUTOMATION INC,1438,03-07-2023
92,UCBI,UNITED CMNTY BKS BLAIRSVLE GA COM,12247,03-07-2023
93,FICO,FAIR ISAAC CORP,564,03-07-2023
94,MODG,TOPGOLF CALLAWAY BRANDS CORP COM,16475,03-07-2023
95,UNM,UNUM GROUP,8618,03-07-2023
96,AXON,AXON ENTERPRISE INC,1695,03-07-2023
97,LEN,LENNAR CORP,3921,03-07-2023
98,PRI,PRIMERICA INC,2068,03-07-2023
99,CERE,CEREVEL THERAPEUTICS HLDNG INC COM,13550,03-07-2023
100,GS,GOLDMAN SACHS GROUP INC,1021,03-07-2023
101,CLFD,CLEARFIELD INC,5884,03-07-2023
102,KFY,KORN FERRY,6352,03-07-2023
103,SEDG,SOLAREDGE TECHNOLOGIES INC,1075,03-07-2023
104,AHCO,ADAPTHEALTH CORP,21345,03-07-2023
105,BIGC,BIGCOMMERCE HLDGS INC,32249,03-07-2023
106,SAVA,CASSAVA SCIENCES INC,12030,03-07-2023
107,AVNT,AVIENT CORPORATION,7002,03-07-2023
108,MTD,METTLER TOLEDO INTERNATIONAL COM,190,03-07-2023
109,OMF,ONEMAIN HLDGS INC,6782,03-07-2023
110,SPG,SIMON PPTY GROUP INC NEW,2340,03-07-2023
111,IRTC,IRHYTHM TECHNOLOGIES INC,2338,03-07-2023
112,NJR,NEW JERSEY RES CORP,5393,03-07-2023
113,NOVA,SUNNOVA ENERGY INTL INC.,14301,03-07-2023
114,QURE,UNIQURE NV,13158,03-07-2023
115,TNDM,TANDEM DIABETES CARE INC,6297,03-07-2023
116,DOX,AMDOCS LTD,2927,03-07-2023
117,FSLR,FIRST SOLAR INC,1259,03-07-2023
118,FTI,TECHNIPFMC PLC,14908,03-07-2023
119,LEG,LEGGETT & PLATT INC,6773,03-07-2023
120,SYK,STRYKER CORPORATION,800,03-07-2023
121,EGLE,EAGLE BULK SHIPPING INC,3529,03-07-2023
122,ESNT,ESSENT GROUP LTD,4235,03-07-2023
123,TVTX,TRAVERE THERAPEUTICS INC,8525,03-07-2023
124,XM,QUALTRICS INTL INC,10826,03-07-2023
125,CEIX,CONSOL ENERGY INC NEW,2747,03-07-2023
126,CPRX,CATALYST PHARMACEUTICALS INC COM,10902,03-07-2023
127,BHF,BRIGHTHOUSE FINL INC,2634,03-07-2023
128,BMBL,BUMBLE INC,7316,03-07-2023
129,NFE,NEW FORTRESS ENERGY INC,4411,03-07-2023
130,PACW,PACWEST BANCORP DEL,5350,03-07-2023
131,LCII,LCI INDS,1054,03-07-2023
132,RLAY,RELAY THERAPEUTICS INC,6909,03-07-2023
133,JBT,JOHN BEAN TECHNOLOGIES CORP,981,03-07-2023
134,CROX,CROCS INC,715,03-07-2023
135,OSTK,OVERSTOCK COM INC DEL,3,03-07-2023
136,Cash&Other,Cash & Other,268907,03-07-2023
