,Ticker,Name,Shares,Date
0,COIN,COINBASE GLOBAL INC,88138,08-04-2023
1,ROKU,ROKU INC,88675,08-04-2023
2,DASH,DOORDASH INC,65381,08-04-2023
3,RH,RH,13500,08-04-2023
4,PRU,PRUDENTIAL FINL INC,36116,08-04-2023
5,KEY,KEYCORP,283170,08-04-2023
6,CFG,CITIZENS FINL GROUP INC,91386,08-04-2023
7,MRNA,MODERNA INC,20800,08-04-2023
8,CMA,COMERICA INC,38868,08-04-2023
9,MOS,MOSAIC CO NEW,49245,08-04-2023
10,IFF,INTERNATIONAL FLAVORS&FRAGRANC COM,24304,08-04-2023
11,ZION,ZIONS BANCORPORATION N A,44644,08-04-2023
12,LSCC,LATTICE SEMICONDUCTOR CORP,14406,08-04-2023
13,DAR,DARLING INGREDIENTS INC,18630,08-04-2023
14,OVV,OVINTIV INC,25713,08-04-2023
15,HALO,HALOZYME THERAPEUTICS INC,28666,08-04-2023
16,PCTY,PAYLOCITY HLDG CORP,5693,08-04-2023
17,MPC,MARATHON PETE CORP,8576,08-04-2023
18,SLB,SCHLUMBERGER LTD,19496,08-04-2023
19,USB,US BANCORP DEL,28605,08-04-2023
20,DHR,DANAHER CORPORATION,4324,08-04-2023
21,HAL,HALLIBURTON CO,28293,08-04-2023
22,JPM,JPMORGAN CHASE & CO.,7128,08-04-2023
23,META,META PLATFORMS INC,3551,08-04-2023
24,SCHW,SCHWAB CHARLES CORP,16964,08-04-2023
25,BA,BOEING CO,4777,08-04-2023
26,GS,GOLDMAN SACHS GROUP INC,3136,08-04-2023
27,TFC,TRUIST FINANCIAL CORP,34283,08-04-2023
28,VRTX,VERTEX PHARMACEUTICALS INC,3190,08-04-2023
29,AMGN,AMGEN INC,4721,08-04-2023
30,WFC,WELLS FARGO CO NEW,24217,08-04-2023
31,GE,GENERAL ELECTRIC CO,9636,08-04-2023
32,MMM,3M CO,10053,08-04-2023
33,SQ,BLOCK INC,14707,08-04-2023
34,AMD,ADVANCED MICRO DEVICES INC,9493,08-04-2023
35,ULTA,ULTA BEAUTY INC,2460,08-04-2023
36,ALL,ALLSTATE CORP,9209,08-04-2023
37,NWL,NEWELL BRANDS INC,95103,08-04-2023
38,MET,METLIFE INC,15092,08-04-2023
39,ADP,AUTOMATIC DATA PROCESSING INC COM,3911,08-04-2023
40,APA,APA CORPORATION,22881,08-04-2023
41,MRO,MARATHON OIL CORP,37136,08-04-2023
42,ELF,E L F BEAUTY INC,7109,08-04-2023
43,PSX,PHILLIPS 66,8519,08-04-2023
44,ENPH,ENPHASE ENERGY INC,6662,08-04-2023
45,KO,COCA COLA CO,14452,08-04-2023
46,WAL,WESTERN ALLIANCE BANCORP,17275,08-04-2023
47,ARWR,ARROWHEAD PHARMACEUTICALS INC COM,25036,08-04-2023
48,DOCU,DOCUSIGN INC,15630,08-04-2023
49,WBS,WEBSTER FINL CORP,17253,08-04-2023
50,SWN,SOUTHWESTERN ENERGY CO,120688,08-04-2023
51,SITE,SITEONE LANDSCAPE SUPPLY INC COM,4543,08-04-2023
52,MSCI,MSCI INC,1316,08-04-2023
53,CTRA,COTERRA ENERGY INC,25414,08-04-2023
54,HUBS,HUBSPOT INC,1425,08-04-2023
55,DPZ,DOMINOS PIZZA INC,1662,08-04-2023
56,VLY,VALLEY NATL BANCORP,66650,08-04-2023
57,GPN,GLOBAL PMTS INC,5331,08-04-2023
58,FITB,FIFTH THIRD BANCORP,22671,08-04-2023
59,LYFT,LYFT INC,55971,08-04-2023
60,AAP,ADVANCE AUTO PARTS INC,8699,08-04-2023
61,HBAN,HUNTINGTON BANCSHARES INC,51675,08-04-2023
62,WAT,WATERS CORP,2140,08-04-2023
63,PAYX,PAYCHEX INC,4904,08-04-2023
64,RUN,SUNRUN INC,32190,08-04-2023
65,ARE,ALEXANDRIA REAL ESTATE EQ INC COM,4907,08-04-2023
66,HP,HELMERICH & PAYNE INC,13520,08-04-2023
67,ADM,ARCHER DANIELS MIDLAND CO,7001,08-04-2023
68,BURL,BURLINGTON STORES INC,3219,08-04-2023
69,RF,REGIONS FINANCIAL CORP NEW,27137,08-04-2023
70,MTB,M & T BK CORP,3673,08-04-2023
71,FCN,FTI CONSULTING INC,2680,08-04-2023
72,AVTR,AVANTOR INC,22371,08-04-2023
73,CINF,CINCINNATI FINL CORP,4260,08-04-2023
74,OKE,ONEOK INC NEW,6649,08-04-2023
75,ALLY,ALLY FINL INC,14669,08-04-2023
76,WOLF,WOLFSPEED INC,7190,08-04-2023
77,NRG,NRG ENERGY INC,10836,08-04-2023
78,NTRS,NORTHERN TR CORP,5050,08-04-2023
79,ACGL,ARCH CAP GROUP LTD,5117,08-04-2023
80,CTLT,CATALENT INC,8504,08-04-2023
81,MGM,MGM RESORTS INTERNATIONAL,8257,08-04-2023
82,LPLA,LPL FINL HLDGS INC,1522,08-04-2023
83,VST,VISTRA CORP,12727,08-04-2023
84,FDS,FACTSET RESH SYS INC,774,08-04-2023
85,LNC,LINCOLN NATL CORP IND,11899,08-04-2023
86,BG,BUNGE LIMITED,2821,08-04-2023
87,BIO,BIO RAD LABS INC,816,08-04-2023
88,CPRI,CAPRI HOLDINGS LTD,8562,08-04-2023
89,LNTH,LANTHEUS HLDGS INC,4015,08-04-2023
90,NOV,NOV INC,14626,08-04-2023
91,REXR,REXFORD INDL RLTY INC,5411,08-04-2023
92,TECH,BIO-TECHNE CORP,3441,08-04-2023
93,WING,WINGSTOP INC,1693,08-04-2023
94,PKG,PACKAGING CORP AMER,1750,08-04-2023
95,CROX,CROCS INC,2497,08-04-2023
96,FHN,FIRST HORIZON CORPORATION,18590,08-04-2023
97,MKTX,MARKETAXESS HLDGS INC,995,08-04-2023
98,PRGO,PERRIGO CO PLC,6738,08-04-2023
99,ELAN,ELANCO ANIMAL HEALTH INC,19708,08-04-2023
100,IRTC,IRHYTHM TECHNOLOGIES INC,2411,08-04-2023
101,ASO,ACADEMY SPORTS & OUTDOORS INC COM,3837,08-04-2023
102,EXR,EXTRA SPACE STORAGE INC,1567,08-04-2023
103,CG,CARLYLE GROUP INC,6493,08-04-2023
104,TPL,TEXAS PACIFIC LAND CORPORATION COM,129,08-04-2023
105,WSC,WILLSCOT MOBIL MINI HLDNG CORP COM CL A,4418,08-04-2023
106,JAZZ,JAZZ PHARMACEUTICALS PLC,1456,08-04-2023
107,WTRG,ESSENTIAL UTILS INC,4460,08-04-2023
108,AGL,AGILON HEALTH INC,9320,08-04-2023
109,CYTK,CYTOKINETICS INC,5326,08-04-2023
110,SNV,SYNOVUS FINL CORP,4701,08-04-2023
111,TENB,TENABLE HLDGS INC,3429,08-04-2023
112,VAC,MARRIOTT VACATIONS WORLDWIDE C COM,1450,08-04-2023
113,ZD,ZIFF DAVIS INC,2325,08-04-2023
114,EWBC,EAST WEST BANCORP INC,2453,08-04-2023
115,RPM,RPM INTL INC,1442,08-04-2023
116,WRK,WESTROCK CO,4458,08-04-2023
117,XPO,XPO INC,2274,08-04-2023
118,CHX,CHAMPIONX CORPORATION,3834,08-04-2023
119,EXLS,EXLSERVICE HOLDINGS INC,4945,08-04-2023
120,MEDP,MEDPACE HLDGS INC,522,08-04-2023
121,PNFP,PINNACLE FINL PARTNERS INC,1920,08-04-2023
122,WTFC,WINTRUST FINL CORP,1718,08-04-2023
123,LAMR,LAMAR ADVERTISING CO NEW,1378,08-04-2023
124,SMAR,SMARTSHEET INC,2995,08-04-2023
125,GWRE,GUIDEWIRE SOFTWARE INC,1440,08-04-2023
126,JEF,JEFFERIES FINL GROUP INC,3336,08-04-2023
127,SWX,SOUTHWEST GAS HLDGS INC,1805,08-04-2023
128,FNB,F N B CORP,8080,08-04-2023
129,SSB,SOUTHSTATE CORPORATION,1319,08-04-2023
130,TPX,TEMPUR SEALY INTERNATIONAL INC,2174,08-04-2023
131,VC,VISTEON CORP,645,08-04-2023
132,AZEK,AZEK CO INC,2880,08-04-2023
133,NEWR,NEW RELIC INC,1125,08-04-2023
134,ONB,OLD NATL BANCORP IND,5673,08-04-2023
135,UBSI,UNITED BANKSHARES INC WEST VA COM,2671,08-04-2023
136,ATI,ATI INC,1957,08-04-2023
137,LAZ,LAZARD LTD,2513,08-04-2023
138,MORN,MORNINGSTAR INC,381,08-04-2023
139,DTM,DT MIDSTREAM INC,1346,08-04-2023
140,IART,INTEGRA LIFESCIENCES HLDGS CP COM NEW,1669,08-04-2023
141,HWC,HANCOCK WHITNEY CORPORATION,1369,08-04-2023
142,SSD,SIMPSON MFG INC,346,08-04-2023
143,FFIN,FIRST FINL BANKSHARES INC,1577,08-04-2023
144,SMCI,SUPER MICRO COMPUTER INC,140,08-04-2023
145,QLYS,QUALYS INC,271,08-04-2023
146,GEN,GEN DIGITAL INC,222,08-04-2023
147,Cash&Other,Cash & Other,204664,08-04-2023
