,Ticker,Name,Shares,Date
0,PLUG,PLUG POWER INC,1379771,11-29-2023
1,TEAM,ATLASSIAN CORPORATION,27237,11-29-2023
2,WBD,WARNER BROS DISCOVERY INC,464848,11-29-2023
3,RIVN,RIVIAN AUTOMOTIVE INC,223242,11-29-2023
4,PLTR,PALANTIR TECHNOLOGIES INC,188379,11-29-2023
5,NCLH,NORWEGIAN CRUISE LINE HLDG LTD SHS,254869,11-29-2023
6,ON,ON SEMICONDUCTOR CORP,53416,11-29-2023
7,WFRD,WEATHERFORD INTL PLC,39970,11-29-2023
8,COHR,COHERENT CORP,101585,11-29-2023
9,LYFT,LYFT INC,325577,11-29-2023
10,HOOD,ROBINHOOD MKTS INC,260918,11-29-2023
11,DOCS,DOXIMITY INC,69975,11-29-2023
12,CAR,AVIS BUDGET GROUP,7173,11-29-2023
13,NWL,NEWELL BRANDS INC,160806,11-29-2023
14,IRTC,IRHYTHM TECHNOLOGIES INC,13805,11-29-2023
15,TSLA,TESLA INC,4270,11-29-2023
16,TWLO,TWILIO INC,15970,11-29-2023
17,U,UNITY SOFTWARE INC,35029,11-29-2023
18,DAL,DELTA AIR LINES INC DEL,28185,11-29-2023
19,CVS,CVS HEALTH CORP,14494,11-29-2023
20,DASH,DOORDASH INC,10728,11-29-2023
21,DOCU,DOCUSIGN INC,23533,11-29-2023
22,F,FORD MTR CO DEL,97067,11-29-2023
23,ROKU,ROKU INC,9487,11-29-2023
24,TTD,THE TRADE DESK INC,14611,11-29-2023
25,UAL,UNITED AIRLS HLDGS INC,25950,11-29-2023
26,USB,US BANCORP DEL,27189,11-29-2023
27,VICI,VICI PPTYS INC,34488,11-29-2023
28,APA,APA CORPORATION,27434,11-29-2023
29,APD,AIR PRODS & CHEMS INC,3716,11-29-2023
30,CI,THE CIGNA GROUP,3490,11-29-2023
31,CSCO,CISCO SYS INC,20932,11-29-2023
32,KDP,KEURIG DR PEPPER INC,30912,11-29-2023
33,LLY,ELI LILLY & CO,1694,11-29-2023
34,RTX,RTX CORPORATION,12389,11-29-2023
35,ULTA,ULTA BEAUTY INC,2396,11-29-2023
36,CHTR,CHARTER COMMUNICATIONS INC NEW CL A,2466,11-29-2023
37,FTNT,FORTINET INC,18780,11-29-2023
38,LMT,LOCKHEED MARTIN CORP,2194,11-29-2023
39,NVDA,NVIDIA CORPORATION,2053,11-29-2023
40,DE,DEERE & CO,2699,11-29-2023
41,JAZZ,JAZZ PHARMACEUTICALS PLC,8234,11-29-2023
42,TPL,TEXAS PACIFIC LAND CORPORATION COM,576,11-29-2023
43,CFLT,CONFLUENT INC,43528,11-29-2023
44,K,KELLANOVA,17096,11-29-2023
45,SPG,SIMON PPTY GROUP INC NEW,7231,11-29-2023
46,CZR,CAESARS ENTERTAINMENT INC NEW COM,18645,11-29-2023
47,ETSY,ETSY INC,11053,11-29-2023
48,CEG,CONSTELLATION ENERGY CORP,6326,11-29-2023
49,ROK,ROCKWELL AUTOMATION INC,2927,11-29-2023
50,BURL,BURLINGTON STORES INC,4500,11-29-2023
51,HOG,HARLEY DAVIDSON INC,24497,11-29-2023
52,CFG,CITIZENS FINL GROUP INC,27435,11-29-2023
53,CTVA,CORTEVA INC,15965,11-29-2023
54,MO,ALTRIA GROUP INC,16250,11-29-2023
55,REGN,REGENERON PHARMACEUTICALS,857,11-29-2023
56,GLW,CORNING INC,24029,11-29-2023
57,BILL,BILL HOLDINGS INC,9697,11-29-2023
58,ALGN,ALIGN TECHNOLOGY INC,2959,11-29-2023
59,WOLF,WOLFSPEED INC,17332,11-29-2023
60,JBHT,HUNT J B TRANS SVCS INC,3339,11-29-2023
61,CTLT,CATALENT INC,14005,11-29-2023
62,MGM,MGM RESORTS INTERNATIONAL,14031,11-29-2023
63,HP,HELMERICH & PAYNE INC,14738,11-29-2023
64,PAYC,PAYCOM SOFTWARE INC,3013,11-29-2023
65,STX,SEAGATE TECHNOLOGY HLDNGS PLC ORD SHS,6523,11-29-2023
66,RVTY,REVVITY INC,5552,11-29-2023
67,LEA,LEAR CORP,3409,11-29-2023
68,MKC,MCCORMICK & CO INC,7015,11-29-2023
69,MHK,MOHAWK INDS INC,5135,11-29-2023
70,CCK,CROWN HLDGS INC,5099,11-29-2023
71,ELF,E L F BEAUTY INC,3213,11-29-2023
72,NOV,NOV INC,19333,11-29-2023
73,SJM,SMUCKER J M CO,3308,11-29-2023
74,AN,AUTONATION INC,2619,11-29-2023
75,FTV,FORTIVE CORP,5123,11-29-2023
76,LSCC,LATTICE SEMICONDUCTOR CORP,6126,11-29-2023
77,FOXF,FOX FACTORY HLDG CORP,5466,11-29-2023
78,DAR,DARLING INGREDIENTS INC,7601,11-29-2023
79,NVST,ENVISTA HOLDINGS CORPORATION COM,13473,11-29-2023
80,PCTY,PAYLOCITY HLDG CORP,2129,11-29-2023
81,FOXA,FOX CORP,10287,11-29-2023
82,MAT,MATTEL INC,15533,11-29-2023
83,SM,SM ENERGY CO,7590,11-29-2023
84,PRGO,PERRIGO CO PLC,9103,11-29-2023
85,TRU,TRANSUNION,4617,11-29-2023
86,PII,POLARIS INC,2898,11-29-2023
87,QDEL,QUIDELORTHO CORP,3588,11-29-2023
88,KBR,KBR INC,4667,11-29-2023
89,AGL,AGILON HEALTH INC,20529,11-29-2023
90,COLD,AMERICOLD REALTY TRUST INC,8158,11-29-2023
91,HUN,HUNTSMAN CORP,9476,11-29-2023
92,VAC,MARRIOTT VACATIONS WORLDWIDE C COM,3085,11-29-2023
93,NXST,NEXSTAR MEDIA GROUP INC,1575,11-29-2023
94,SMCI,SUPER MICRO COMPUTER INC,763,11-29-2023
95,ZD,ZIFF DAVIS INC,3402,11-29-2023
96,WRK,WESTROCK CO,5380,11-29-2023
97,INSP,INSPIRE MED SYS INC,1407,11-29-2023
98,SIGI,SELECTIVE INS GROUP INC,2002,11-29-2023
99,TENB,TENABLE HLDGS INC,4915,11-29-2023
100,OGN,ORGANON & CO,17162,11-29-2023
101,APLS,APELLIS PHARMACEUTICALS INC,3382,11-29-2023
102,CC,CHEMOURS CO,5897,11-29-2023
103,DOC,PHYSICIANS RLTY TR,13912,11-29-2023
104,SLAB,SILICON LABORATORIES INC,1548,11-29-2023
105,ARWR,ARROWHEAD PHARMACEUTICALS INC COM,5112,11-29-2023
106,NEP,NEXTERA ENERGY PARTNERS LP,6046,11-29-2023
107,CIVI,CIVITAS RESOURCES INC,1906,11-29-2023
108,GNTX,GENTEX CORP,3764,11-29-2023
109,HAE,HAEMONETICS CORP MASS,1254,11-29-2023
110,HGV,HILTON GRAND VACATIONS INC,2948,11-29-2023
111,GMED,GLOBUS MED INC,2167,11-29-2023
112,KNSL,KINSALE CAP GROUP INC,272,11-29-2023
113,ALSN,ALLISON TRANSMISSION HLDGS INC COM,1618,11-29-2023
114,FLO,FLOWERS FOODS INC,4151,11-29-2023
115,PCOR,PROCORE TECHNOLOGIES INC,1476,11-29-2023
116,SKY,SKYLINE CHAMPION CORPORATION COM,1267,11-29-2023
117,ACLS,AXCELIS TECHNOLOGIES INC,467,11-29-2023
118,Cash&Other,Cash & Other,-419148,11-29-2023
