,Ticker,Name,Shares,Date
0,PLUG,PLUG POWER INC,1359481,12-01-2023
1,TEAM,ATLASSIAN CORPORATION,26837,12-01-2023
2,WBD,WARNER BROS DISCOVERY INC,458012,12-01-2023
3,NCLH,NORWEGIAN CRUISE LINE HLDG LTD SHS,251121,12-01-2023
4,LYFT,LYFT INC,320791,12-01-2023
5,ON,ON SEMICONDUCTOR CORP,52632,12-01-2023
6,PLTR,PALANTIR TECHNOLOGIES INC,185609,12-01-2023
7,COHR,COHERENT CORP,100093,12-01-2023
8,RIVN,RIVIAN AUTOMOTIVE INC,219960,12-01-2023
9,WFRD,WEATHERFORD INTL PLC,39384,12-01-2023
10,HOOD,ROBINHOOD MKTS INC,257082,12-01-2023
11,DOCS,DOXIMITY INC,68947,12-01-2023
12,CAR,AVIS BUDGET GROUP,7069,12-01-2023
13,NWL,NEWELL BRANDS INC,158442,12-01-2023
14,IRTC,IRHYTHM TECHNOLOGIES INC,13603,12-01-2023
15,DAL,DELTA AIR LINES INC DEL,27771,12-01-2023
16,U,UNITY SOFTWARE INC,34515,12-01-2023
17,USB,US BANCORP DEL,26791,12-01-2023
18,TSLA,TESLA INC,4208,12-01-2023
19,TTD,THE TRADE DESK INC,14397,12-01-2023
20,TWLO,TWILIO INC,15736,12-01-2023
21,VICI,VICI PPTYS INC,33982,12-01-2023
22,CSCO,CISCO SYS INC,20626,12-01-2023
23,DOCU,DOCUSIGN INC,23187,12-01-2023
24,UAL,UNITED AIRLS HLDGS INC,25570,12-01-2023
25,ULTA,ULTA BEAUTY INC,2362,12-01-2023
26,APD,AIR PRODS & CHEMS INC,3662,12-01-2023
27,DASH,DOORDASH INC,10572,12-01-2023
28,RTX,RTX CORPORATION,12207,12-01-2023
29,F,FORD MTR CO DEL,95641,12-01-2023
30,LLY,ELI LILLY & CO,1670,12-01-2023
31,APA,APA CORPORATION,27032,12-01-2023
32,CHTR,CHARTER COMMUNICATIONS INC NEW CL A,2430,12-01-2023
33,CVS,CVS HEALTH CORP,14282,12-01-2023
34,DE,DEERE & CO,2661,12-01-2023
35,FTNT,FORTINET INC,18504,12-01-2023
36,LMT,LOCKHEED MARTIN CORP,2162,12-01-2023
37,ROKU,ROKU INC,9349,12-01-2023
38,JAZZ,JAZZ PHARMACEUTICALS PLC,8114,12-01-2023
39,KDP,KEURIG DR PEPPER INC,30458,12-01-2023
40,NVDA,NVIDIA CORPORATION,2023,12-01-2023
41,TPL,TEXAS PACIFIC LAND CORPORATION COM,568,12-01-2023
42,CFLT,CONFLUENT INC,42888,12-01-2023
43,K,KELLANOVA,16846,12-01-2023
44,SPG,SIMON PPTY GROUP INC NEW,7125,12-01-2023
45,CZR,CAESARS ENTERTAINMENT INC NEW COM,18371,12-01-2023
46,ETSY,ETSY INC,10891,12-01-2023
47,ROK,ROCKWELL AUTOMATION INC,2885,12-01-2023
48,BURL,BURLINGTON STORES INC,4434,12-01-2023
49,CEG,CONSTELLATION ENERGY CORP,6234,12-01-2023
50,CFG,CITIZENS FINL GROUP INC,27033,12-01-2023
51,HOG,HARLEY DAVIDSON INC,24137,12-01-2023
52,CTVA,CORTEVA INC,15731,12-01-2023
53,REGN,REGENERON PHARMACEUTICALS,845,12-01-2023
54,GLW,CORNING INC,23677,12-01-2023
55,MO,ALTRIA GROUP INC,16012,12-01-2023
56,ALGN,ALIGN TECHNOLOGY INC,2917,12-01-2023
57,BILL,BILL HOLDINGS INC,9555,12-01-2023
58,WOLF,WOLFSPEED INC,17078,12-01-2023
59,JBHT,HUNT J B TRANS SVCS INC,3291,12-01-2023
60,MGM,MGM RESORTS INTERNATIONAL,13825,12-01-2023
61,PAYC,PAYCOM SOFTWARE INC,2969,12-01-2023
62,CTLT,CATALENT INC,13801,12-01-2023
63,HP,HELMERICH & PAYNE INC,14522,12-01-2023
64,STX,SEAGATE TECHNOLOGY HLDNGS PLC ORD SHS,6429,12-01-2023
65,RVTY,REVVITY INC,5472,12-01-2023
66,LEA,LEAR CORP,3359,12-01-2023
67,MHK,MOHAWK INDS INC,5061,12-01-2023
68,MKC,MCCORMICK & CO INC,6913,12-01-2023
69,CCK,CROWN HLDGS INC,5025,12-01-2023
70,CI,THE CIGNA GROUP,1470,12-01-2023
71,ELF,E L F BEAUTY INC,3167,12-01-2023
72,LSCC,LATTICE SEMICONDUCTOR CORP,6036,12-01-2023
73,NOV,NOV INC,19049,12-01-2023
74,SJM,SMUCKER J M CO,3260,12-01-2023
75,AN,AUTONATION INC,2581,12-01-2023
76,FTV,FORTIVE CORP,5049,12-01-2023
77,FOXF,FOX FACTORY HLDG CORP,5386,12-01-2023
78,DAR,DARLING INGREDIENTS INC,7491,12-01-2023
79,PCTY,PAYLOCITY HLDG CORP,2099,12-01-2023
80,FOXA,FOX CORP,10137,12-01-2023
81,NVST,ENVISTA HOLDINGS CORPORATION COM,13275,12-01-2023
82,MAT,MATTEL INC,15305,12-01-2023
83,SM,SM ENERGY CO,7480,12-01-2023
84,PRGO,PERRIGO CO PLC,8971,12-01-2023
85,TRU,TRANSUNION,4551,12-01-2023
86,KBR,KBR INC,4599,12-01-2023
87,PII,POLARIS INC,2856,12-01-2023
88,QDEL,QUIDELORTHO CORP,3536,12-01-2023
89,COLD,AMERICOLD REALTY TRUST INC,8040,12-01-2023
90,HUN,HUNTSMAN CORP,9338,12-01-2023
91,AGL,AGILON HEALTH INC,20229,12-01-2023
92,NXST,NEXSTAR MEDIA GROUP INC,1553,12-01-2023
93,VAC,MARRIOTT VACATIONS WORLDWIDE C COM,3041,12-01-2023
94,WRK,WESTROCK CO,5302,12-01-2023
95,SMCI,SUPER MICRO COMPUTER INC,753,12-01-2023
96,ZD,ZIFF DAVIS INC,3352,12-01-2023
97,INSP,INSPIRE MED SYS INC,1387,12-01-2023
98,SIGI,SELECTIVE INS GROUP INC,1974,12-01-2023
99,TENB,TENABLE HLDGS INC,4843,12-01-2023
100,OGN,ORGANON & CO,16910,12-01-2023
101,APLS,APELLIS PHARMACEUTICALS INC,3334,12-01-2023
102,CC,CHEMOURS CO,5811,12-01-2023
103,DOC,PHYSICIANS RLTY TR,13708,12-01-2023
104,SLAB,SILICON LABORATORIES INC,1526,12-01-2023
105,NEP,NEXTERA ENERGY PARTNERS LP,5958,12-01-2023
106,CIVI,CIVITAS RESOURCES INC,1878,12-01-2023
107,GNTX,GENTEX CORP,3710,12-01-2023
108,ARWR,ARROWHEAD PHARMACEUTICALS INC COM,5038,12-01-2023
109,HAE,HAEMONETICS CORP MASS,1236,12-01-2023
110,HGV,HILTON GRAND VACATIONS INC,2906,12-01-2023
111,GMED,GLOBUS MED INC,2137,12-01-2023
112,KNSL,KINSALE CAP GROUP INC,268,12-01-2023
113,ALSN,ALLISON TRANSMISSION HLDGS INC COM,1596,12-01-2023
114,FLO,FLOWERS FOODS INC,4091,12-01-2023
115,PCOR,PROCORE TECHNOLOGIES INC,1456,12-01-2023
116,SKY,SKYLINE CHAMPION CORPORATION COM,1249,12-01-2023
117,ACLS,AXCELIS TECHNOLOGIES INC,461,12-01-2023
118,Cash&Other,Cash & Other,122405,12-01-2023
