,Ticker,Name,Shares,Date
0,NVDA,NVIDIA CORP,320,01-19-2024
1,ABBV,ABBVIE INC,1154,01-19-2024
2,ISRG,INTUITIVE SURGICAL INC,499,01-19-2024
3,7974,NINTENDO CO LTD,3391,01-19-2024
4,BKNG,BOOKING HOLDINGS INC,51,01-19-2024
5,META,META PLATFORMS INC-CLASS A,474,01-19-2024
6,ABT,ABBOTT LABORATORIES,1578,01-19-2024
7,DASH,DOORDASH INC - A,1668,01-19-2024
8,DHR,DANAHER CORP,757,01-19-2024
9,JNJ,JOHNSON & JOHNSON,1065,01-19-2024
10,IFF,INTL FLAVORS & FRAGRANCES,2162,01-19-2024
11,MSFT,MICROSOFT CORP,427,01-19-2024
12,AMZN,AMAZON.COM INC,1093,01-19-2024
13,LLY,ELI LILLY & CO,267,01-19-2024
14,ROG,ROCHE HOLDING AG-GENUSSCHEIN,595,01-19-2024
15,NFLX,NETFLIX INC,340,01-19-2024
16,KYGA,KERRY GROUP PLC-A,1894,01-19-2024
17,ADBE,ADOBE INC,263,01-19-2024
18,DE,DEERE & CO,420,01-19-2024
19,AAPL,APPLE INC,834,01-19-2024
20,MKC,MCCORMICK & CO-NON VTG SHRS,2455,01-19-2024
21,GOOGL,ALPHABET INC-CL A,1087,01-19-2024
22,CTVA,CORTEVA INC,3439,01-19-2024
23,SY1,SYMRISE AG,1504,01-19-2024
24,SYK,STRYKER CORP,490,01-19-2024
25,AVGO,BROADCOM INC,125,01-19-2024
26,NTR,NUTRIEN LTD,2839,01-19-2024
27,9988,ALIBABA GROUP HOLDING LTD,16868,01-19-2024
28,NPN,NASPERS LTD-N SHS,873,01-19-2024
29,700,TENCENT HOLDINGS LTD,3845,01-19-2024
30,BSX,BOSTON SCIENTIFIC CORP,2100,01-19-2024
31,EA,ELECTRONIC ARTS INC,843,01-19-2024
32,AGCO,AGCO CORP,898,01-19-2024
33,V,VISA INC-CLASS A SHARES,389,01-19-2024
34,FMC,FMC CORP,1760,01-19-2024
35,TTWO,TAKE-TWO INTERACTIVE SOFTWRE,556,01-19-2024
36,MA,MASTERCARD INC - A,204,01-19-2024
37,CHR,CHR HANSEN HOLDING A/S,932,01-19-2024
38,DXCM,DEXCOM INC,556,01-19-2024
39,EW,EDWARDS LIFESCIENCES CORP,872,01-19-2024
40,DHER,DELIVERY HERO SE,2383,01-19-2024
41,SMPL,SIMPLY GOOD FOODS CO/THE,1335,01-19-2024
42,QCOM,QUALCOMM INC,346,01-19-2024
43,NEOG,NEOGEN CORP,2900,01-19-2024
44,SNAP,SNAP INC - A,2923,01-19-2024
45,MRNA,MODERNA INC,464,01-19-2024
46,CSCO,CISCO SYSTEMS INC,869,01-19-2024
47,HUBS,HUBSPOT INC,75,01-19-2024
48,3293,INTERNATIONAL GAMES SYSTEM C,1761,01-19-2024
49,AYX,ALTERYX INC - CLASS A,904,01-19-2024
50,PINS,PINTEREST INC- CLASS A,1105,01-19-2024
51,ORCL,ORACLE CORP,367,01-19-2024
52,REA,REA GROUP LTD,338,01-19-2024
53,ANSS,ANSYS INC,117,01-19-2024
54,SPT,SPROUT SOCIAL INC - CLASS A,642,01-19-2024
55,EBAY,EBAY INC,900,01-19-2024
56,SXT,SENSIENT TECHNOLOGIES CORP,596,01-19-2024
57,RMD,RESMED INC,211,01-19-2024
58,ZD,ZIFF DAVIS INC,538,01-19-2024
59,SMG,SCOTTS MIRACLE-GRO CO,594,01-19-2024
60,AMD,ADVANCED MICRO DEVICES,197,01-19-2024
61,SE,SEA LTD-ADR,922,01-19-2024
62,ILMN,ILLUMINA INC,227,01-19-2024
63,INTC,INTEL CORP,633,01-19-2024
64,SAP,SAP SE,178,01-19-2024
65,002555,37 INTERACTIVE ENTERTAINME-A,11000,01-19-2024
66,IMGN,IMMUNOGEN INC,897,01-19-2024
67,PANW,PALO ALTO NETWORKS INC,75,01-19-2024
68,1024,KUAISHOU TECHNOLOGY,4605,01-19-2024
69,MARA,MARATHON DIGITAL HOLDINGS IN,1516,01-19-2024
70,SMSN,SAMSUNG ELECTR-GDR REG S,17,01-19-2024
71,DOCU,DOCUSIGN INC,368,01-19-2024
72,S,SENTINELONE INC -CLASS A,926,01-19-2024
73,CRWD,CROWDSTRIKE HOLDINGS INC - A,78,01-19-2024
74,BUCN,BUCHER INDUSTRIES AG-REG,55,01-19-2024
75,NTNX,NUTANIX INC - A,405,01-19-2024
76,ACN,ACCENTURE PLC-CL A,60,01-19-2024
77,DGX,QUEST DIAGNOSTICS INC,161,01-19-2024
78,HOOD,ROBINHOOD MARKETS INC - A,1984,01-19-2024
79,CPF-R,CHAROEN POKPHAND FOODS-NVDR,40575,01-19-2024
80,ELM,ELM CO,83,01-19-2024
81,TKWY,JUST EAT TAKEAWAY,1349,01-19-2024
82,CYBR,CYBERARK SOFTWARE LTD/ISRAEL,85,01-19-2024
83,SLAB,SILICON LABORATORIES INC,155,01-19-2024
84,TENB,TENABLE HOLDINGS INC,408,01-19-2024
85,QTWO,Q2 HOLDINGS INC,444,01-19-2024
86,GKOS,GLAUKOS CORP,210,01-19-2024
87,COIN,COINBASE GLOBAL INC -CLASS A,152,01-19-2024
88,FTNT,FORTINET INC,311,01-19-2024
89,INSP,INSPIRE MEDICAL SYSTEMS INC,94,01-19-2024
90,WISE,WISE PLC - A,1780,01-19-2024
91,GDDY,GODADDY INC - CLASS A,174,01-19-2024
92,SNOW,SNOWFLAKE INC-CLASS A,97,01-19-2024
93,DBX,DROPBOX INC-CLASS A,582,01-19-2024
94,PYPL,PAYPAL HOLDINGS INC,283,01-19-2024
95,ALTR,ALTAIR ENGINEERING INC - A,217,01-19-2024
96,EEFT,EURONET WORLDWIDE INC,184,01-19-2024
97,VRNS,VARONIS SYSTEMS INC,411,01-19-2024
98,GEN,GEN DIGITAL INC,776,01-19-2024
99,OKTA,OKTA INC,224,01-19-2024
100,NTAP,NETAPP INC,207,01-19-2024
101,CCOI,COGENT COMMUNICATIONS HOLDIN,240,01-19-2024
102,DT,DYNATRACE INC,312,01-19-2024
103,4704,TREND MICRO INC,330,01-19-2024
104,NET,CLOUDFLARE INC - CLASS A,222,01-19-2024
105,CVLT,COMMVAULT SYSTEMS INC,227,01-19-2024
106,PRFT,PERFICIENT INC,254,01-19-2024
107,6273,SMC CORP,32,01-19-2024
108,CHKP,CHECK POINT SOFTWARE TECH,113,01-19-2024
109,SMAR,SMARTSHEET INC-CLASS A,386,01-19-2024
110,QLYS,QUALYS INC,90,01-19-2024
111,BLKB,BLACKBAUD INC,216,01-19-2024
112,FFIV,F5 INC,98,01-19-2024
113,IDCC,INTERDIGITAL INC,163,01-19-2024
114,ADYEN,ADYEN NV,14,01-19-2024
115,BRZE,BRAZE INC-A,316,01-19-2024
116,RPD,RAPID7 INC,308,01-19-2024
117,DOCS,DOXIMITY INC-CLASS A,549,01-19-2024
118,BL,BLACKLINE INC,280,01-19-2024
119,ST,SINGAPORE TELECOMMUNICATIONS,9349,01-19-2024
120,SWAV,SHOCKWAVE MEDICAL INC,77,01-19-2024
121,FIVN,FIVE9 INC,216,01-19-2024
122,GMED,GLOBUS MEDICAL INC - A,295,01-19-2024
123,ASGN,ASGN INC,178,01-19-2024
124,SYNA,SYNAPTICS INC,152,01-19-2024
125,2454,MEDIATEK INC,559,01-19-2024
126,CGNX,COGNEX CORP,433,01-19-2024
127,IRDM,IRIDIUM COMMUNICATIONS INC,437,01-19-2024
128,BOX,BOX INC - CLASS A,617,01-19-2024
129,PCTY,PAYLOCITY HOLDING CORP,106,01-19-2024
130,FSLY,FASTLY INC - CLASS A,860,01-19-2024
131,AMBA,AMBARELLA INC,289,01-19-2024
132,TTD,TRADE DESK INC/THE -CLASS A,240,01-19-2024
133,TECH,BIO-TECHNE CORP,227,01-19-2024
134,ACHC,ACADIA HEALTHCARE CO INC,185,01-19-2024
135,TMDX,TRANSMEDICS GROUP INC,192,01-19-2024
136,KPITTECH,KPIT TECHNOLOGIES LTD,828,01-19-2024
137,MSTR,MICROSTRATEGY INC-CL A,32,01-19-2024
138,--,QIAGEN N.V.,338,01-19-2024
139,RARE,ULTRAGENYX PHARMACEUTICAL IN,341,01-19-2024
140,NOVT,NOVANTA INC,94,01-19-2024
141,IART,INTEGRA LIFESCIENCES HOLDING,346,01-19-2024
142,RIOT,RIOT PLATFORMS INC,1425,01-19-2024
143,MEDP,MEDPACE HOLDINGS INC,49,01-19-2024
144,HSIC,HENRY SCHEIN INC,195,01-19-2024
145,AI,C3.AI INC-A,575,01-19-2024
146,QDEL,QUIDELORTHO CORP,196,01-19-2024
147,SWON,SOFTWAREONE HOLDING AG,789,01-19-2024
148,NARI,INARI MEDICAL INC,230,01-19-2024
149,GH,GUARDANT HEALTH INC,561,01-19-2024
150,TXG,10X GENOMICS INC-CLASS A,309,01-19-2024
151,CNMD,CONMED CORP,123,01-19-2024
152,CRSP,CRISPR THERAPEUTICS AG,186,01-19-2024
153,NTLA,INTELLIA THERAPEUTICS INC,443,01-19-2024
154,BEAM,BEAM THERAPEUTICS INC,436,01-19-2024
155,1548,GENSCRIPT BIOTECH CORP,4381,01-19-2024
156,--,NET OTHER ASSETS (LIABILITIES),44259,01-19-2024
