,Ticker,Name,Shares,Date
0,NVDA,NVIDIA CORP,289,03-15-2024
1,META,META PLATFORMS INC-CLASS A,429,03-15-2024
2,DASH,DOORDASH INC - A,1523,03-15-2024
3,ABBV,ABBVIE INC,1058,03-15-2024
4,NFLX,NETFLIX INC,307,03-15-2024
5,LLY,ELI LILLY & CO,245,03-15-2024
6,ISRG,INTUITIVE SURGICAL INC,456,03-15-2024
7,AMZN,AMAZON.COM INC,998,03-15-2024
8,DHR,DANAHER CORP,693,03-15-2024
9,CTVA,CORTEVA INC,3112,03-15-2024
10,7974,NINTENDO CO LTD,3080,03-15-2024
11,ABT,ABBOTT LABORATORIES,1441,03-15-2024
12,IFF,INTL FLAVORS & FRAGRANCES,1974,03-15-2024
13,SY1,SYMRISE AG,1379,03-15-2024
14,MSFT,MICROSOFT CORP,386,03-15-2024
15,BKNG,BOOKING HOLDINGS INC,46,03-15-2024
16,SYK,STRYKER CORP,443,03-15-2024
17,KYGA,KERRY GROUP PLC-A,1720,03-15-2024
18,JNJ,JOHNSON & JOHNSON,973,03-15-2024
19,MKC,MCCORMICK & CO-NON VTG SHRS,2222,03-15-2024
20,DE,DEERE & CO,384,03-15-2024
21,ROG,ROCHE HOLDING AG-GENUSSCHEIN,546,03-15-2024
22,AVGO,BROADCOM INC,114,03-15-2024
23,9988,ALIBABA GROUP HOLDING LTD,15319,03-15-2024
24,GOOGL,ALPHABET INC-CL A,983,03-15-2024
25,NTR,NUTRIEN LTD,2578,03-15-2024
26,AAPL,APPLE INC,762,03-15-2024
27,NPN,NASPERS LTD-N SHS,793,03-15-2024
28,700,TENCENT HOLDINGS LTD,3492,03-15-2024
29,BSX,BOSTON SCIENTIFIC CORP,1900,03-15-2024
30,ADBE,ADOBE INC,239,03-15-2024
31,FMC,FMC CORP,1599,03-15-2024
32,EA,ELECTRONIC ARTS INC,766,03-15-2024
33,V,VISA INC-CLASS A SHARES,352,03-15-2024
34,AGCO,AGCO CORP,808,03-15-2024
35,MA,MASTERCARD INC - A,185,03-15-2024
36,EW,EDWARDS LIFESCIENCES CORP,784,03-15-2024
37,TTWO,TAKE-TWO INTERACTIVE SOFTWRE,500,03-15-2024
38,DXCM,DEXCOM INC,500,03-15-2024
39,DHER,DELIVERY HERO SE,2164,03-15-2024
40,3293,INTERNATIONAL GAMES SYSTEM C,1599,03-15-2024
41,QCOM,QUALCOMM INC,311,03-15-2024
42,MSTR,MICROSTRATEGY INC-CL A,28,03-15-2024
43,SE,SEA LTD-ADR,837,03-15-2024
44,MRNA,MODERNA INC,417,03-15-2024
45,ORCL,ORACLE CORP,333,03-15-2024
46,EBAY,EBAY INC,799,03-15-2024
47,HUBS,HUBSPOT INC,67,03-15-2024
48,SMPL,SIMPLY GOOD FOODS CO/THE,1200,03-15-2024
49,NEOG,NEOGEN CORP,2625,03-15-2024
50,CSCO,CISCO SYSTEMS INC,782,03-15-2024
51,SXT,SENSIENT TECHNOLOGIES CORP,529,03-15-2024
52,SMG,SCOTTS MIRACLE-GRO CO,528,03-15-2024
53,RMD,RESMED INC,187,03-15-2024
54,REA,REA GROUP LTD,300,03-15-2024
55,ANSS,ANSYS INC,105,03-15-2024
56,PINS,PINTEREST INC- CLASS A,981,03-15-2024
57,AMD,ADVANCED MICRO DEVICES,175,03-15-2024
58,COIN,COINBASE GLOBAL INC -CLASS A,135,03-15-2024
59,SPT,SPROUT SOCIAL INC - CLASS A,570,03-15-2024
60,HOOD,ROBINHOOD MARKETS INC - A,1762,03-15-2024
61,ZD,ZIFF DAVIS INC,478,03-15-2024
62,SAP,SAP SE,158,03-15-2024
63,SNAP,SNAP INC - A,2628,03-15-2024
64,1024,KUAISHOU TECHNOLOGY,4090,03-15-2024
65,MARA,MARATHON DIGITAL HOLDINGS IN,1346,03-15-2024
66,ILMN,ILLUMINA INC,202,03-15-2024
67,002555,37 INTERACTIVE ENTERTAINME-A,9800,03-15-2024
68,INTC,INTEL CORP,562,03-15-2024
69,NTNX,NUTANIX INC - A,360,03-15-2024
70,BUCN,BUCHER INDUSTRIES AG-REG,49,03-15-2024
71,CRWD,CROWDSTRIKE HOLDINGS INC - A,69,03-15-2024
72,OKTA,OKTA INC,199,03-15-2024
73,ADYEN,ADYEN NV,13,03-15-2024
74,SMSN,SAMSUNG ELECTR-GDR REG S,15,03-15-2024
75,ACN,ACCENTURE PLC-CL A,53,03-15-2024
76,CVLT,COMMVAULT SYSTEMS INC,202,03-15-2024
77,CYBR,CYBERARK SOFTWARE LTD/ISRAEL,76,03-15-2024
78,ELM,ELM CO,74,03-15-2024
79,QTWO,Q2 HOLDINGS INC,394,03-15-2024
80,PANW,PALO ALTO NETWORKS INC,67,03-15-2024
81,NTAP,NETAPP INC,184,03-15-2024
82,SWAV,SHOCKWAVE MEDICAL INC,68,03-15-2024
83,WISE,WISE PLC - A,1581,03-15-2024
84,DOCU,DOCUSIGN INC,327,03-15-2024
85,CPF-R,CHAROEN POKPHAND FOODS-NVDR,36038,03-15-2024
86,FTNT,FORTINET INC,276,03-15-2024
87,DGX,QUEST DIAGNOSTICS INC,143,03-15-2024
88,GDDY,GODADDY INC - CLASS A,155,03-15-2024
89,S,SENTINELONE INC -CLASS A,822,03-15-2024
90,SLAB,SILICON LABORATORIES INC,138,03-15-2024
91,NET,CLOUDFLARE INC - CLASS A,197,03-15-2024
92,VRNS,VARONIS SYSTEMS INC,365,03-15-2024
93,2454,MEDIATEK INC,496,03-15-2024
94,EEFT,EURONET WORLDWIDE INC,163,03-15-2024
95,MEDP,MEDPACE HOLDINGS INC,44,03-15-2024
96,TKWY,JUST EAT TAKEAWAY,1198,03-15-2024
97,TENB,TENABLE HOLDINGS INC,362,03-15-2024
98,CHKP,CHECK POINT SOFTWARE TECH,100,03-15-2024
99,FFIV,F5 INC,87,03-15-2024
100,BL,BLACKLINE INC,249,03-15-2024
101,TTD,TRADE DESK INC/THE -CLASS A,213,03-15-2024
102,INSP,INSPIRE MEDICAL SYSTEMS INC,84,03-15-2024
103,ASGN,ASGN INC,158,03-15-2024
104,BOX,BOX INC - CLASS A,548,03-15-2024
105,6273,SMC CORP,28,03-15-2024
106,GKOS,GLAUKOS CORP,187,03-15-2024
107,PYPL,PAYPAL HOLDINGS INC,251,03-15-2024
108,CGNX,COGNEX CORP,385,03-15-2024
109,PCTY,PAYLOCITY HOLDING CORP,94,03-15-2024
110,ST,SINGAPORE TELECOMMUNICATIONS,8303,03-15-2024
111,ALTR,ALTAIR ENGINEERING INC - A,193,03-15-2024
112,IDCC,INTERDIGITAL INC,145,03-15-2024
113,4704,TREND MICRO INC,293,03-15-2024
114,AI,C3.AI INC-A,511,03-15-2024
115,RIOT,RIOT PLATFORMS INC,1266,03-15-2024
116,TECH,BIO-TECHNE CORP,202,03-15-2024
117,GEN,GEN DIGITAL INC,689,03-15-2024
118,NOVT,NOVANTA INC,84,03-15-2024
119,RARE,ULTRAGENYX PHARMACEUTICAL IN,303,03-15-2024
120,BRZE,BRAZE INC-A,281,03-15-2024
121,CCOI,COGENT COMMUNICATIONS HOLDIN,213,03-15-2024
122,RPD,RAPID7 INC,274,03-15-2024
123,BEAM,BEAM THERAPEUTICS INC,387,03-15-2024
124,PRFT,PERFICIENT INC,226,03-15-2024
125,BLKB,BLACKBAUD INC,192,03-15-2024
126,DOCS,DOXIMITY INC-CLASS A,488,03-15-2024
127,SNOW,SNOWFLAKE INC-CLASS A,86,03-15-2024
128,GMED,GLOBUS MEDICAL INC - A,262,03-15-2024
129,QLYS,QUALYS INC,80,03-15-2024
130,SYNA,SYNAPTICS INC,135,03-15-2024
131,SWON,SOFTWAREONE HOLDING AG,701,03-15-2024
132,TMDX,TRANSMEDICS GROUP INC,171,03-15-2024
133,HSIC,HENRY SCHEIN INC,173,03-15-2024
134,SMAR,SMARTSHEET INC-CLASS A,343,03-15-2024
135,ACHC,ACADIA HEALTHCARE CO INC,164,03-15-2024
136,KPITTECH,KPIT TECHNOLOGIES LTD,735,03-15-2024
137,QIA,QIAGEN N.V.,290,03-15-2024
138,DT,DYNATRACE INC,277,03-15-2024
139,AMBA,AMBARELLA INC,257,03-15-2024
140,DBX,DROPBOX INC-CLASS A,517,03-15-2024
141,CRSP,CRISPR THERAPEUTICS AG,165,03-15-2024
142,FIVN,FIVE9 INC,192,03-15-2024
143,NTLA,INTELLIA THERAPEUTICS INC,393,03-15-2024
144,IART,INTEGRA LIFESCIENCES HOLDING,307,03-15-2024
145,IRDM,IRIDIUM COMMUNICATIONS INC,388,03-15-2024
146,TXG,10X GENOMICS INC-CLASS A,274,03-15-2024
147,FSLY,FASTLY INC - CLASS A,764,03-15-2024
148,GH,GUARDANT HEALTH INC,498,03-15-2024
149,1548,GENSCRIPT BIOTECH CORP,3891,03-15-2024
150,CNMD,CONMED CORP,109,03-15-2024
151,QDEL,QUIDELORTHO CORP,174,03-15-2024
152,NARI,INARI MEDICAL INC,204,03-15-2024
153,--,NET OTHER ASSETS (LIABILITIES),45531,03-15-2024
