,Ticker,Name,Shares,Date
0,NVDA,NVIDIA CORP,289,05-13-2024
1,META,META PLATFORMS INC-CLASS A,429,05-13-2024
2,IFF,INTL FLAVORS & FRAGRANCES,1974,05-13-2024
3,NFLX,NETFLIX INC,307,05-13-2024
4,AMZN,AMAZON.COM INC,998,05-13-2024
5,LLY,ELI LILLY & CO,245,05-13-2024
6,CTVA,CORTEVA INC,3112,05-13-2024
7,DASH,DOORDASH INC - A,1523,05-13-2024
8,DHR,DANAHER CORP,693,05-13-2024
9,ISRG,INTUITIVE SURGICAL INC,456,05-13-2024
10,BKNG,BOOKING HOLDINGS INC,46,05-13-2024
11,ABBV,ABBVIE INC,1058,05-13-2024
12,700,TENCENT HOLDINGS LTD,3492,05-13-2024
13,MKC,MCCORMICK & CO-NON VTG SHRS,2222,05-13-2024
14,NPN,NASPERS LTD-N SHS,793,05-13-2024
15,GOOGL,ALPHABET INC-CL A,983,05-13-2024
16,MSFT,MICROSOFT CORP,386,05-13-2024
17,9988,ALIBABA GROUP HOLDING LTD,15319,05-13-2024
18,7974,NINTENDO CO LTD,3080,05-13-2024
19,DE,DEERE & CO,384,05-13-2024
20,AVGO,BROADCOM INC,114,05-13-2024
21,SY1,SYMRISE AG,1379,05-13-2024
22,ABT,ABBOTT LABORATORIES,1441,05-13-2024
23,KYGA,KERRY GROUP PLC-A,1720,05-13-2024
24,JNJ,JOHNSON & JOHNSON,973,05-13-2024
25,NTR,NUTRIEN LTD,2578,05-13-2024
26,SYK,STRYKER CORP,443,05-13-2024
27,AAPL,APPLE INC,762,05-13-2024
28,BSX,BOSTON SCIENTIFIC CORP,1900,05-13-2024
29,ROG,ROCHE HOLDING AG-GENUSSCHEIN,546,05-13-2024
30,ADBE,ADOBE INC,239,05-13-2024
31,FMC,FMC CORP,1599,05-13-2024
32,V,VISA INC-CLASS A SHARES,352,05-13-2024
33,EA,ELECTRONIC ARTS INC,766,05-13-2024
34,AGCO,AGCO CORP,808,05-13-2024
35,MA,MASTERCARD INC - A,185,05-13-2024
36,TTWO,TAKE-TWO INTERACTIVE SOFTWRE,500,05-13-2024
37,EW,EDWARDS LIFESCIENCES CORP,784,05-13-2024
38,DXCM,DEXCOM INC,500,05-13-2024
39,DHER,DELIVERY HERO SE,2164,05-13-2024
40,QCOM,QUALCOMM INC,311,05-13-2024
41,SE,SEA LTD-ADR,837,05-13-2024
42,MRNA,MODERNA INC,417,05-13-2024
43,3293,INTERNATIONAL GAMES SYSTEM C,1599,05-13-2024
44,SMPL,SIMPLY GOOD FOODS CO/THE,1200,05-13-2024
45,EBAY,EBAY INC,799,05-13-2024
46,SNAP,SNAP INC - A,2628,05-13-2024
47,PINS,PINTEREST INC- CLASS A,981,05-13-2024
48,RMD,RESMED INC,187,05-13-2024
49,HUBS,HUBSPOT INC,67,05-13-2024
50,SXT,SENSIENT TECHNOLOGIES CORP,529,05-13-2024
51,ORCL,ORACLE CORP,333,05-13-2024
52,CSCO,CISCO SYSTEMS INC,782,05-13-2024
53,SMG,SCOTTS MIRACLE-GRO CO,528,05-13-2024
54,REA,REA GROUP LTD,300,05-13-2024
55,MSTR,MICROSTRATEGY INC-CL A,28,05-13-2024
56,ANSS,ANSYS INC,105,05-13-2024
57,NEOG,NEOGEN CORP,2625,05-13-2024
58,SAP,SAP SE,158,05-13-2024
59,1024,KUAISHOU TECHNOLOGY,4090,05-13-2024
60,HOOD,ROBINHOOD MARKETS INC - A,1762,05-13-2024
61,COIN,COINBASE GLOBAL INC -CLASS A,135,05-13-2024
62,ZD,ZIFF DAVIS INC,478,05-13-2024
63,AMD,ADVANCED MICRO DEVICES,175,05-13-2024
64,QTWO,Q2 HOLDINGS INC,394,05-13-2024
65,NTNX,NUTANIX INC - A,360,05-13-2024
66,MARA,MARATHON DIGITAL HOLDINGS IN,1346,05-13-2024
67,ILMN,ILLUMINA INC,202,05-13-2024
68,TMDX,TRANSMEDICS GROUP INC,171,05-13-2024
69,002555,37 INTERACTIVE ENTERTAINME-A,9800,05-13-2024
70,SWAV,SHOCKWAVE MEDICAL INC,68,05-13-2024
71,CRWD,CROWDSTRIKE HOLDINGS INC - A,69,05-13-2024
72,CVLT,COMMVAULT SYSTEMS INC,202,05-13-2024
73,SMSN,SAMSUNG ELECTR-GDR REG S,15,05-13-2024
74,GDDY,GODADDY INC - CLASS A,155,05-13-2024
75,BUCN,BUCHER INDUSTRIES AG-REG,49,05-13-2024
76,GKOS,GLAUKOS CORP,187,05-13-2024
77,PANW,PALO ALTO NETWORKS INC,67,05-13-2024
78,CPF-R,CHAROEN POKPHAND FOODS-NVDR,36038,05-13-2024
79,DGX,QUEST DIAGNOSTICS INC,143,05-13-2024
80,NTAP,NETAPP INC,184,05-13-2024
81,OKTA,OKTA INC,199,05-13-2024
82,DOCU,DOCUSIGN INC,327,05-13-2024
83,TTD,TRADE DESK INC/THE -CLASS A,213,05-13-2024
84,EEFT,EURONET WORLDWIDE INC,163,05-13-2024
85,CGNX,COGNEX CORP,385,05-13-2024
86,CYBR,CYBERARK SOFTWARE LTD/ISRAEL,76,05-13-2024
87,S,SENTINELONE INC -CLASS A,822,05-13-2024
88,ADYEN,ADYEN NV,13,05-13-2024
89,SLAB,SILICON LABORATORIES INC,138,05-13-2024
90,TKWY,JUST EAT TAKEAWAY,1198,05-13-2024
91,ELM,ELM CO,74,05-13-2024
92,INTC,INTEL CORP,562,05-13-2024
93,MEDP,MEDPACE HOLDINGS INC,44,05-13-2024
94,2454,MEDIATEK INC,496,05-13-2024
95,GMED,GLOBUS MEDICAL INC - A,262,05-13-2024
96,PRFT,PERFICIENT INC,226,05-13-2024
97,TECH,BIO-TECHNE CORP,202,05-13-2024
98,GEN,GEN DIGITAL INC,689,05-13-2024
99,ALTR,ALTAIR ENGINEERING INC - A,193,05-13-2024
100,FTNT,FORTINET INC,276,05-13-2024
101,ACN,ACCENTURE PLC-CL A,53,05-13-2024
102,TENB,TENABLE HOLDINGS INC,362,05-13-2024
103,VRNS,VARONIS SYSTEMS INC,365,05-13-2024
104,PYPL,PAYPAL HOLDINGS INC,251,05-13-2024
105,SPT,SPROUT SOCIAL INC - CLASS A,570,05-13-2024
106,WISE,WISE PLC - A,1581,05-13-2024
107,PCTY,PAYLOCITY HOLDING CORP,94,05-13-2024
108,ASGN,ASGN INC,158,05-13-2024
109,IDCC,INTERDIGITAL INC,145,05-13-2024
110,6273,SMC CORP,28,05-13-2024
111,CHKP,CHECK POINT SOFTWARE TECH,100,05-13-2024
112,FFIV,F5 INC,87,05-13-2024
113,BLKB,BLACKBAUD INC,192,05-13-2024
114,ST,SINGAPORE TELECOMMUNICATIONS,8303,05-13-2024
115,BOX,BOX INC - CLASS A,548,05-13-2024
116,NET,CLOUDFLARE INC - CLASS A,197,05-13-2024
117,BL,BLACKLINE INC,249,05-13-2024
118,4704,TREND MICRO INC,293,05-13-2024
119,SMAR,SMARTSHEET INC-CLASS A,343,05-13-2024
120,SNOW,SNOWFLAKE INC-CLASS A,86,05-13-2024
121,NOVT,NOVANTA INC,84,05-13-2024
122,INSP,INSPIRE MEDICAL SYSTEMS INC,84,05-13-2024
123,QIA,QIAGEN N.V.,290,05-13-2024
124,AI,C3.AI INC-A,511,05-13-2024
125,DT,DYNATRACE INC,277,05-13-2024
126,KPITTECH,KPIT TECHNOLOGIES LTD,735,05-13-2024
127,HSIC,HENRY SCHEIN INC,173,05-13-2024
128,CCOI,COGENT COMMUNICATIONS HOLDIN,213,05-13-2024
129,SWON,SOFTWAREONE HOLDING AG,701,05-13-2024
130,RARE,ULTRAGENYX PHARMACEUTICAL IN,303,05-13-2024
131,DBX,DROPBOX INC-CLASS A,517,05-13-2024
132,RIOT,RIOT PLATFORMS INC,1266,05-13-2024
133,GH,GUARDANT HEALTH INC,498,05-13-2024
134,SYNA,SYNAPTICS INC,135,05-13-2024
135,QLYS,QUALYS INC,80,05-13-2024
136,AMBA,AMBARELLA INC,257,05-13-2024
137,IRDM,IRIDIUM COMMUNICATIONS INC,388,05-13-2024
138,ACHC,ACADIA HEALTHCARE CO INC,164,05-13-2024
139,BRZE,BRAZE INC-A,281,05-13-2024
140,DOCS,DOXIMITY INC-CLASS A,488,05-13-2024
141,FIVN,FIVE9 INC,192,05-13-2024
142,RPD,RAPID7 INC,274,05-13-2024
143,NTLA,INTELLIA THERAPEUTICS INC,393,05-13-2024
144,NARI,INARI MEDICAL INC,204,05-13-2024
145,BEAM,BEAM THERAPEUTICS INC,387,05-13-2024
146,CRSP,CRISPR THERAPEUTICS AG,165,05-13-2024
147,IART,INTEGRA LIFESCIENCES HOLDING,307,05-13-2024
148,CNMD,CONMED CORP,109,05-13-2024
149,TXG,10X GENOMICS INC-CLASS A,274,05-13-2024
150,QDEL,QUIDELORTHO CORP,174,05-13-2024
151,FSLY,FASTLY INC - CLASS A,764,05-13-2024
152,1548,GENSCRIPT BIOTECH CORP,3891,05-13-2024
153,--,NET OTHER ASSETS (LIABILITIES),51374,05-13-2024
