,Ticker,Name,Shares,Date
0,NVDA,NVIDIA CORP,323,02-01-2024
1,ABBV,ABBVIE INC,1178,02-01-2024
2,ISRG,INTUITIVE SURGICAL INC,509,02-01-2024
3,NFLX,NETFLIX INC,343,02-01-2024
4,7974,NINTENDO CO LTD,3391,02-01-2024
5,DHR,DANAHER CORP,772,02-01-2024
6,META,META PLATFORMS INC-CLASS A,479,02-01-2024
7,CTVA,CORTEVA INC,3476,02-01-2024
8,ABT,ABBOTT LABORATORIES,1610,02-01-2024
9,DASH,DOORDASH INC - A,1701,02-01-2024
10,BKNG,BOOKING HOLDINGS INC,51,02-01-2024
11,IFF,INTL FLAVORS & FRAGRANCES,2205,02-01-2024
12,LLY,ELI LILLY & CO,273,02-01-2024
13,AMZN,AMAZON.COM INC,1115,02-01-2024
14,MSFT,MICROSOFT CORP,432,02-01-2024
15,JNJ,JOHNSON & JOHNSON,1087,02-01-2024
16,MKC,MCCORMICK & CO-NON VTG SHRS,2482,02-01-2024
17,SYK,STRYKER CORP,495,02-01-2024
18,DE,DEERE & CO,428,02-01-2024
19,KYGA,KERRY GROUP PLC-A,1894,02-01-2024
20,ADBE,ADOBE INC,266,02-01-2024
21,ROG,ROCHE HOLDING AG-GENUSSCHEIN,595,02-01-2024
22,AAPL,APPLE INC,851,02-01-2024
23,SY1,SYMRISE AG,1504,02-01-2024
24,GOOGL,ALPHABET INC-CL A,1098,02-01-2024
25,9988,ALIBABA GROUP HOLDING LTD,16868,02-01-2024
26,AVGO,BROADCOM INC,125,02-01-2024
27,NTR,NUTRIEN LTD,2870,02-01-2024
28,NPN,NASPERS LTD-N SHS,873,02-01-2024
29,BSX,BOSTON SCIENTIFIC CORP,2122,02-01-2024
30,700,TENCENT HOLDINGS LTD,3845,02-01-2024
31,EA,ELECTRONIC ARTS INC,852,02-01-2024
32,AGCO,AGCO CORP,908,02-01-2024
33,FMC,FMC CORP,1779,02-01-2024
34,V,VISA INC-CLASS A SHARES,393,02-01-2024
35,MA,MASTERCARD INC - A,208,02-01-2024
36,TTWO,TAKE-TWO INTERACTIVE SOFTWRE,562,02-01-2024
37,EW,EDWARDS LIFESCIENCES CORP,881,02-01-2024
38,DXCM,DEXCOM INC,562,02-01-2024
39,DHER,DELIVERY HERO SE,2383,02-01-2024
40,SMPL,SIMPLY GOOD FOODS CO/THE,1349,02-01-2024
41,QCOM,QUALCOMM INC,350,02-01-2024
42,3293,INTERNATIONAL GAMES SYSTEM C,1761,02-01-2024
43,SNAP,SNAP INC - A,2955,02-01-2024
44,MRNA,MODERNA INC,469,02-01-2024
45,HUBS,HUBSPOT INC,75,02-01-2024
46,NEOG,NEOGEN CORP,2900,02-01-2024
47,CSCO,CISCO SYSTEMS INC,879,02-01-2024
48,AYX,ALTERYX INC - CLASS A,904,02-01-2024
49,ORCL,ORACLE CORP,367,02-01-2024
50,PINS,PINTEREST INC- CLASS A,1105,02-01-2024
51,ANSS,ANSYS INC,124,02-01-2024
52,RMD,RESMED INC,211,02-01-2024
53,REA,REA GROUP LTD,338,02-01-2024
54,SPT,SPROUT SOCIAL INC - CLASS A,642,02-01-2024
55,EBAY,EBAY INC,900,02-01-2024
56,SXT,SENSIENT TECHNOLOGIES CORP,596,02-01-2024
57,SE,SEA LTD-ADR,922,02-01-2024
58,ZD,ZIFF DAVIS INC,538,02-01-2024
59,SMG,SCOTTS MIRACLE-GRO CO,594,02-01-2024
60,AMD,ADVANCED MICRO DEVICES,197,02-01-2024
61,ILMN,ILLUMINA INC,227,02-01-2024
62,SAP,SAP SE,178,02-01-2024
63,MARA,MARATHON DIGITAL HOLDINGS IN,1516,02-01-2024
64,INTC,INTEL CORP,633,02-01-2024
65,IMGN,IMMUNOGEN INC,897,02-01-2024
66,002555,37 INTERACTIVE ENTERTAINME-A,11000,02-01-2024
67,PANW,PALO ALTO NETWORKS INC,75,02-01-2024
68,S,SENTINELONE INC -CLASS A,926,02-01-2024
69,1024,KUAISHOU TECHNOLOGY,4605,02-01-2024
70,BUCN,BUCHER INDUSTRIES AG-REG,55,02-01-2024
71,SMSN,SAMSUNG ELECTR-GDR REG S,17,02-01-2024
72,CRWD,CROWDSTRIKE HOLDINGS INC - A,78,02-01-2024
73,NTNX,NUTANIX INC - A,405,02-01-2024
74,ACN,ACCENTURE PLC-CL A,60,02-01-2024
75,DOCU,DOCUSIGN INC,368,02-01-2024
76,HOOD,ROBINHOOD MARKETS INC - A,1984,02-01-2024
77,CVLT,COMMVAULT SYSTEMS INC,227,02-01-2024
78,CPF-R,CHAROEN POKPHAND FOODS-NVDR,40575,02-01-2024
79,FTNT,FORTINET INC,311,02-01-2024
80,ELM,ELM CO,83,02-01-2024
81,DGX,QUEST DIAGNOSTICS INC,161,02-01-2024
82,TKWY,JUST EAT TAKEAWAY,1349,02-01-2024
83,INSP,INSPIRE MEDICAL SYSTEMS INC,94,02-01-2024
84,CYBR,CYBERARK SOFTWARE LTD/ISRAEL,85,02-01-2024
85,COIN,COINBASE GLOBAL INC -CLASS A,152,02-01-2024
86,TENB,TENABLE HOLDINGS INC,408,02-01-2024
87,SNOW,SNOWFLAKE INC-CLASS A,97,02-01-2024
88,GKOS,GLAUKOS CORP,210,02-01-2024
89,EEFT,EURONET WORLDWIDE INC,184,02-01-2024
90,OKTA,OKTA INC,224,02-01-2024
91,SLAB,SILICON LABORATORIES INC,155,02-01-2024
92,GDDY,GODADDY INC - CLASS A,174,02-01-2024
93,4704,TREND MICRO INC,330,02-01-2024
94,VRNS,VARONIS SYSTEMS INC,411,02-01-2024
95,DBX,DROPBOX INC-CLASS A,582,02-01-2024
96,QTWO,Q2 HOLDINGS INC,444,02-01-2024
97,ALTR,ALTAIR ENGINEERING INC - A,217,02-01-2024
98,GEN,GEN DIGITAL INC,776,02-01-2024
99,WISE,WISE PLC - A,1780,02-01-2024
100,CHKP,CHECK POINT SOFTWARE TECH,113,02-01-2024
101,ADYEN,ADYEN NV,14,02-01-2024
102,FFIV,F5 INC,98,02-01-2024
103,DT,DYNATRACE INC,312,02-01-2024
104,CCOI,COGENT COMMUNICATIONS HOLDIN,240,02-01-2024
105,NTAP,NETAPP INC,207,02-01-2024
106,6273,SMC CORP,32,02-01-2024
107,PRFT,PERFICIENT INC,254,02-01-2024
108,SWAV,SHOCKWAVE MEDICAL INC,77,02-01-2024
109,FSLY,FASTLY INC - CLASS A,860,02-01-2024
110,BLKB,BLACKBAUD INC,216,02-01-2024
111,NET,CLOUDFLARE INC - CLASS A,222,02-01-2024
112,PYPL,PAYPAL HOLDINGS INC,283,02-01-2024
113,BRZE,BRAZE INC-A,316,02-01-2024
114,RPD,RAPID7 INC,308,02-01-2024
115,SMAR,SMARTSHEET INC-CLASS A,386,02-01-2024
116,QLYS,QUALYS INC,90,02-01-2024
117,IDCC,INTERDIGITAL INC,163,02-01-2024
118,TMDX,TRANSMEDICS GROUP INC,192,02-01-2024
119,PCTY,PAYLOCITY HOLDING CORP,106,02-01-2024
120,BL,BLACKLINE INC,280,02-01-2024
121,ST,SINGAPORE TELECOMMUNICATIONS,9349,02-01-2024
122,ASGN,ASGN INC,178,02-01-2024
123,2454,MEDIATEK INC,559,02-01-2024
124,FIVN,FIVE9 INC,216,02-01-2024
125,SYNA,SYNAPTICS INC,152,02-01-2024
126,BOX,BOX INC - CLASS A,617,02-01-2024
127,TTD,TRADE DESK INC/THE -CLASS A,240,02-01-2024
128,MSTR,MICROSTRATEGY INC-CL A,32,02-01-2024
129,RIOT,RIOT PLATFORMS INC,1425,02-01-2024
130,CGNX,COGNEX CORP,433,02-01-2024
131,IRDM,IRIDIUM COMMUNICATIONS INC,437,02-01-2024
132,TECH,BIO-TECHNE CORP,227,02-01-2024
133,GMED,GLOBUS MEDICAL INC - A,295,02-01-2024
134,KPITTECH,KPIT TECHNOLOGIES LTD,828,02-01-2024
135,ACHC,ACADIA HEALTHCARE CO INC,185,02-01-2024
136,DOCS,DOXIMITY INC-CLASS A,549,02-01-2024
137,RARE,ULTRAGENYX PHARMACEUTICAL IN,341,02-01-2024
138,AMBA,AMBARELLA INC,289,02-01-2024
139,SWON,SOFTWAREONE HOLDING AG,789,02-01-2024
140,NOVT,NOVANTA INC,94,02-01-2024
141,HSIC,HENRY SCHEIN INC,195,02-01-2024
142,MEDP,MEDPACE HOLDINGS INC,49,02-01-2024
143,AI,C3.AI INC-A,575,02-01-2024
144,--,QIAGEN NV COMMON STOCK EUR 0.01,328,02-01-2024
145,IART,INTEGRA LIFESCIENCES HOLDING,346,02-01-2024
146,QDEL,QUIDELORTHO CORP,196,02-01-2024
147,TXG,10X GENOMICS INC-CLASS A,309,02-01-2024
148,NARI,INARI MEDICAL INC,230,02-01-2024
149,GH,GUARDANT HEALTH INC,561,02-01-2024
150,CRSP,CRISPR THERAPEUTICS AG,186,02-01-2024
151,BEAM,BEAM THERAPEUTICS INC,436,02-01-2024
152,NTLA,INTELLIA THERAPEUTICS INC,443,02-01-2024
153,CNMD,CONMED CORP,123,02-01-2024
154,1548,GENSCRIPT BIOTECH CORP,4381,02-01-2024
155,--,NET OTHER ASSETS (LIABILITIES),45890,02-01-2024
