,Ticker,Name,Shares,Date
0,NVDA,NVIDIA CORP,502,08-03-2023
1,ADBE,ADOBE INC,423,08-03-2023
2,META,META PLATFORMS INC-CLASS A,639,08-03-2023
3,NFLX,NETFLIX INC,429,08-03-2023
4,DE,DEERE & CO,432,08-03-2023
5,9988,ALIBABA GROUP HOLDING LTD,14883,08-03-2023
6,AMZN,AMAZON.COM INC,1351,08-03-2023
7,AAPL,APPLE INC,896,08-03-2023
8,JNJ,JOHNSON & JOHNSON,988,08-03-2023
9,DASH,DOORDASH INC - A,1970,08-03-2023
10,DHR,DANAHER CORP,641,08-03-2023
11,GOOGL,ALPHABET INC-CL A,1279,08-03-2023
12,NTR,NUTRIEN LTD,2533,08-03-2023
13,BKNG,BOOKING HOLDINGS INC,57,08-03-2023
14,700,TENCENT HOLDINGS LTD,3683,08-03-2023
15,ABBV,ABBVIE INC,1082,08-03-2023
16,MSFT,MICROSOFT CORP,493,08-03-2023
17,MKC,MCCORMICK & CO-NON VTG SHRS,1766,08-03-2023
18,ABT,ABBOTT LABORATORIES,1441,08-03-2023
19,CTVA,CORTEVA INC,2755,08-03-2023
20,KYGA,KERRY GROUP PLC-A,1534,08-03-2023
21,ATVI,ACTIVISION BLIZZARD INC,1657,08-03-2023
22,IFF,INTL FLAVORS & FRAGRANCES,1876,08-03-2023
23,ROG,ROCHE HOLDING AG-GENUSSCHEIN,491,08-03-2023
24,DIS,WALT DISNEY CO/THE,1719,08-03-2023
25,SY1,SYMRISE AG,1373,08-03-2023
26,ISRG,INTUITIVE SURGICAL INC,419,08-03-2023
27,FMC,FMC CORP,1349,08-03-2023
28,V,VISA INC-CLASS A SHARES,505,08-03-2023
29,CNHI,CNH INDUSTRIAL NV,8415,08-03-2023
30,SYK,STRYKER CORP,409,08-03-2023
31,7974,NINTENDO CO LTD,2446,08-03-2023
32,MA,MASTERCARD INC - A,265,08-03-2023
33,MDT,MEDTRONIC PLC,1133,08-03-2023
34,AGCO,AGCO CORP,686,08-03-2023
35,BSX,BOSTON SCIENTIFIC CORP,1721,08-03-2023
36,TMO,THERMO FISHER SCIENTIFIC INC,159,08-03-2023
37,BMY,BRISTOL-MYERS SQUIBB CO,1353,08-03-2023
38,GILD,GILEAD SCIENCES INC,1068,08-03-2023
39,DHER,DELIVERY HERO SE,1869,08-03-2023
40,AVGO,BROADCOM INC,76,08-03-2023
41,EA,ELECTRONIC ARTS INC,518,08-03-2023
42,ANSS,ANSYS INC,204,08-03-2023
43,EW,EDWARDS LIFESCIENCES CORP,725,08-03-2023
44,ORCL,ORACLE CORP,499,08-03-2023
45,EBAY,EBAY INC,1266,08-03-2023
46,CHR,CHR HANSEN HOLDING A/S,712,08-03-2023
47,SE,SEA LTD-ADR,834,08-03-2023
48,NEOG,NEOGEN CORP,2214,08-03-2023
49,ACN,ACCENTURE PLC-CL A,139,08-03-2023
50,MRNA,MODERNA INC,392,08-03-2023
51,QCOM,QUALCOMM INC,357,08-03-2023
52,CSCO,CISCO SYSTEMS INC,739,08-03-2023
53,RMD,RESMED INC,175,08-03-2023
54,SMPL,SIMPLY GOOD FOODS CO/THE,951,08-03-2023
55,ILMN,ILLUMINA INC,189,08-03-2023
56,SAP,SAP SE,227,08-03-2023
57,AMD,ADVANCED MICRO DEVICES,261,08-03-2023
58,SMCI,SUPER MICRO COMPUTER INC,91,08-03-2023
59,SMSN,SAMSUNG ELECTR-GDR REG S,22,08-03-2023
60,1024,KUAISHOU TECHNOLOGY,3323,08-03-2023
61,SXT,SENSIENT TECHNOLOGIES CORP,457,08-03-2023
62,INTC,INTEL CORP,809,08-03-2023
63,UPLL,UPL LTD,3815,08-03-2023
64,SPT,SPROUT SOCIAL INC - CLASS A,484,08-03-2023
65,SMG,SCOTTS MIRACLE-GRO CO,454,08-03-2023
66,PINS,PINTEREST INC- CLASS A,931,08-03-2023
67,COIN,COINBASE GLOBAL INC -CLASS A,265,08-03-2023
68,ZD,ZIFF DAVIS INC,333,08-03-2023
69,SNAP,SNAP INC - A,2188,08-03-2023
70,AI,C3.AI INC-A,593,08-03-2023
71,REA,REA GROUP LTD,227,08-03-2023
72,3293,INTERNATIONAL GAMES SYSTEM C,1192,08-03-2023
73,TTWO,TAKE-TWO INTERACTIVE SOFTWRE,155,08-03-2023
74,PANW,PALO ALTO NETWORKS INC,94,08-03-2023
75,HUBS,HUBSPOT INC,44,08-03-2023
76,PYPL,PAYPAL HOLDINGS INC,333,08-03-2023
77,DOCN,DIGITALOCEAN HOLDINGS INC,441,08-03-2023
78,ELM,ELM CO,118,08-03-2023
79,MSTR,MICROSTRATEGY INC-CL A,52,08-03-2023
80,FIVN,FIVE9 INC,242,08-03-2023
81,WISE,WISE PLC - A,2011,08-03-2023
82,002555,37 INTERACTIVE ENTERTAINME-A,5200,08-03-2023
83,VMW,VMWARE INC-CLASS A,120,08-03-2023
84,TTD,TRADE DESK INC/THE -CLASS A,224,08-03-2023
85,RNG,RINGCENTRAL INC-CLASS A,483,08-03-2023
86,GLB,GLANBIA PLC,1205,08-03-2023
87,DGX,QUEST DIAGNOSTICS INC,135,08-03-2023
88,VRNS,VARONIS SYSTEMS INC,602,08-03-2023
89,ASGN,ASGN INC,228,08-03-2023
90,NTAP,NETAPP INC,229,08-03-2023
91,PCTY,PAYLOCITY HOLDING CORP,85,08-03-2023
92,CPF-R,CHAROEN POKPHAND FOODS-NVDR,31740,08-03-2023
93,TENB,TENABLE HOLDINGS INC,376,08-03-2023
94,GEN,GEN DIGITAL INC,927,08-03-2023
95,DBX,DROPBOX INC-CLASS A,663,08-03-2023
96,QLYS,QUALYS INC,124,08-03-2023
97,ADYEN,ADYEN NV,10,08-03-2023
98,NTNX,NUTANIX INC - A,586,08-03-2023
99,NET,CLOUDFLARE INC - CLASS A,258,08-03-2023
100,FFIV,F5 INC,104,08-03-2023
101,BOX,BOX INC - CLASS A,545,08-03-2023
102,CVLT,COMMVAULT SYSTEMS INC,230,08-03-2023
103,CRWD,CROWDSTRIKE HOLDINGS INC - A,104,08-03-2023
104,SYNA,SYNAPTICS INC,182,08-03-2023
105,FTNT,FORTINET INC,215,08-03-2023
106,CHKP,CHECK POINT SOFTWARE TECH,123,08-03-2023
107,GDDY,GODADDY INC - CLASS A,211,08-03-2023
108,AMBA,AMBARELLA INC,207,08-03-2023
109,IDCC,INTERDIGITAL INC,177,08-03-2023
110,CYBR,CYBERARK SOFTWARE LTD/ISRAEL,97,08-03-2023
111,TECH,BIO-TECHNE CORP,189,08-03-2023
112,BL,BLACKLINE INC,280,08-03-2023
113,ALTR,ALTAIR ENGINEERING INC - A,214,08-03-2023
114,SLAB,SILICON LABORATORIES INC,106,08-03-2023
115,2454,MEDIATEK INC,660,08-03-2023
116,DOCU,DOCUSIGN INC,281,08-03-2023
117,4704,TREND MICRO INC,324,08-03-2023
118,EMBRACB,EMBRACER GROUP AB,5413,08-03-2023
119,CGNX,COGNEX CORP,284,08-03-2023
120,RPD,RAPID7 INC,334,08-03-2023
121,NVEI,NUVEI CORP-SUBORDINATE VTG,466,08-03-2023
122,300454,SANGFOR TECHNOLOGIES INC-A,900,08-03-2023
123,CCOI,COGENT COMMUNICATIONS HOLDIN,240,08-03-2023
124,6273,SMC CORP,28,08-03-2023
125,SNOW,SNOWFLAKE INC-CLASS A,85,08-03-2023
126,NTCT,NETSCOUT SYSTEMS INC,481,08-03-2023
127,OKTA,OKTA INC,183,08-03-2023
128,BB,BLACKBERRY LTD,2793,08-03-2023
129,SMAR,SMARTSHEET INC-CLASS A,320,08-03-2023
130,--,QIAGEN N.V.,276,08-03-2023
131,S,SENTINELONE INC -CLASS A,800,08-03-2023
132,MXL,MAXLINEAR INC,526,08-03-2023
133,IRDM,IRIDIUM COMMUNICATIONS INC,249,08-03-2023
134,HSIC,HENRY SCHEIN INC,158,08-03-2023
135,PRFT,PERFICIENT INC,194,08-03-2023
136,SWAV,SHOCKWAVE MEDICAL INC,44,08-03-2023
137,EEFT,EURONET WORLDWIDE INC,127,08-03-2023
138,GKOS,GLAUKOS CORP,139,08-03-2023
139,CTLT,CATALENT INC,218,08-03-2023
140,INSP,INSPIRE MEDICAL SYSTEMS INC,35,08-03-2023
141,MEDP,MEDPACE HOLDINGS INC,38,08-03-2023
142,TMDX,TRANSMEDICS GROUP INC,111,08-03-2023
143,GH,GUARDANT HEALTH INC,269,08-03-2023
144,IMGN,IMMUNOGEN INC,568,08-03-2023
145,603392,BEIJING WANTAI BIOLOGICAL-A,936,08-03-2023
146,NARI,INARI MEDICAL INC,131,08-03-2023
147,ACHC,ACADIA HEALTHCARE CO INC,113,08-03-2023
148,TXG,10X GENOMICS INC-CLASS A,147,08-03-2023
149,DOCS,DOXIMITY INC-CLASS A,253,08-03-2023
150,PINC,PREMIER INC-CLASS A,303,08-03-2023
151,GMED,GLOBUS MEDICAL INC - A,144,08-03-2023
152,SYNH,SYNEOS HEALTH INC,193,08-03-2023
153,1548,GENSCRIPT BIOTECH CORP,3208,08-03-2023
154,QDEL,QUIDELORTHO CORP,93,08-03-2023
155,NTLA,INTELLIA THERAPEUTICS INC,194,08-03-2023
156,CNMD,CONMED CORP,67,08-03-2023
157,PACB,PACIFIC BIOSCIENCES OF CALIF,638,08-03-2023
158,IART,INTEGRA LIFESCIENCES HOLDING,163,08-03-2023
159,ICUI,ICU MEDICAL INC,42,08-03-2023
160,NTRA,NATERA INC,159,08-03-2023
161,CRSP,CRISPR THERAPEUTICS AG,132,08-03-2023
162,RARE,ULTRAGENYX PHARMACEUTICAL IN,162,08-03-2023
163,--,NET OTHER ASSETS (LIABILITIES),48026,08-03-2023
