,Ticker,Name,Shares,Date
0,NVDA,NVIDIA CORP,289,02-23-2024
1,META,META PLATFORMS INC-CLASS A,429,02-23-2024
2,LLY,ELI LILLY & CO,245,02-23-2024
3,ABBV,ABBVIE INC,1055,02-23-2024
4,DASH,DOORDASH INC - A,1523,02-23-2024
5,NFLX,NETFLIX INC,307,02-23-2024
6,ISRG,INTUITIVE SURGICAL INC,456,02-23-2024
7,DHR,DANAHER CORP,692,02-23-2024
8,AMZN,AMAZON.COM INC,998,02-23-2024
9,ABT,ABBOTT LABORATORIES,1441,02-23-2024
10,CTVA,CORTEVA INC,3112,02-23-2024
11,7974,NINTENDO CO LTD,3012,02-23-2024
12,BKNG,BOOKING HOLDINGS INC,46,02-23-2024
13,IFF,INTL FLAVORS & FRAGRANCES,1974,02-23-2024
14,MSFT,MICROSOFT CORP,386,02-23-2024
15,JNJ,JOHNSON & JOHNSON,973,02-23-2024
16,SYK,STRYKER CORP,443,02-23-2024
17,MKC,MCCORMICK & CO-NON VTG SHRS,2222,02-23-2024
18,KYGA,KERRY GROUP PLC-A,1682,02-23-2024
19,AVGO,BROADCOM INC,113,02-23-2024
20,9988,ALIBABA GROUP HOLDING LTD,14982,02-23-2024
21,GOOGL,ALPHABET INC-CL A,983,02-23-2024
22,SY1,SYMRISE AG,1334,02-23-2024
23,DE,DEERE & CO,384,02-23-2024
24,ROG,ROCHE HOLDING AG-GENUSSCHEIN,528,02-23-2024
25,AAPL,APPLE INC,762,02-23-2024
26,NTR,NUTRIEN LTD,2552,02-23-2024
27,NPN,NASPERS LTD-N SHS,775,02-23-2024
28,ADBE,ADOBE INC,237,02-23-2024
29,BSX,BOSTON SCIENTIFIC CORP,1900,02-23-2024
30,700,TENCENT HOLDINGS LTD,3415,02-23-2024
31,EA,ELECTRONIC ARTS INC,758,02-23-2024
32,V,VISA INC-CLASS A SHARES,352,02-23-2024
33,MA,MASTERCARD INC - A,185,02-23-2024
34,AGCO,AGCO CORP,808,02-23-2024
35,FMC,FMC CORP,1582,02-23-2024
36,TTWO,TAKE-TWO INTERACTIVE SOFTWRE,500,02-23-2024
37,EW,EDWARDS LIFESCIENCES CORP,784,02-23-2024
38,DXCM,DEXCOM INC,500,02-23-2024
39,DHER,DELIVERY HERO SE,2117,02-23-2024
40,QCOM,QUALCOMM INC,311,02-23-2024
41,NEOG,NEOGEN CORP,2625,02-23-2024
42,SMPL,SIMPLY GOOD FOODS CO/THE,1200,02-23-2024
43,3293,INTERNATIONAL GAMES SYSTEM C,1564,02-23-2024
44,HUBS,HUBSPOT INC,67,02-23-2024
45,MRNA,MODERNA INC,417,02-23-2024
46,AYX,ALTERYX INC - CLASS A,819,02-23-2024
47,CSCO,CISCO SYSTEMS INC,782,02-23-2024
48,ANSS,ANSYS INC,111,02-23-2024
49,ORCL,ORACLE CORP,333,02-23-2024
50,REA,REA GROUP LTD,300,02-23-2024
51,SE,SEA LTD-ADR,819,02-23-2024
52,SPT,SPROUT SOCIAL INC - CLASS A,570,02-23-2024
53,SXT,SENSIENT TECHNOLOGIES CORP,529,02-23-2024
54,PINS,PINTEREST INC- CLASS A,981,02-23-2024
55,EBAY,EBAY INC,799,02-23-2024
56,RMD,RESMED INC,187,02-23-2024
57,ZD,ZIFF DAVIS INC,478,02-23-2024
58,MARA,MARATHON DIGITAL HOLDINGS IN,1346,02-23-2024
59,SMG,SCOTTS MIRACLE-GRO CO,528,02-23-2024
60,AMD,ADVANCED MICRO DEVICES,175,02-23-2024
61,SAP,SAP SE,158,02-23-2024
62,SNAP,SNAP INC - A,2628,02-23-2024
63,ILMN,ILLUMINA INC,202,02-23-2024
64,002555,37 INTERACTIVE ENTERTAINME-A,9800,02-23-2024
65,HOOD,ROBINHOOD MARKETS INC - A,1762,02-23-2024
66,INTC,INTEL CORP,562,02-23-2024
67,1024,KUAISHOU TECHNOLOGY,4090,02-23-2024
68,COIN,COINBASE GLOBAL INC -CLASS A,135,02-23-2024
69,S,SENTINELONE INC -CLASS A,822,02-23-2024
70,CRWD,CROWDSTRIKE HOLDINGS INC - A,69,02-23-2024
71,NTNX,NUTANIX INC - A,360,02-23-2024
72,BUCN,BUCHER INDUSTRIES AG-REG,49,02-23-2024
73,ELM,ELM CO,74,02-23-2024
74,SMSN,SAMSUNG ELECTR-GDR REG S,15,02-23-2024
75,ACN,ACCENTURE PLC-CL A,53,02-23-2024
76,SNOW,SNOWFLAKE INC-CLASS A,86,02-23-2024
77,CYBR,CYBERARK SOFTWARE LTD/ISRAEL,76,02-23-2024
78,NET,CLOUDFLARE INC - CLASS A,197,02-23-2024
79,TKWY,JUST EAT TAKEAWAY,1198,02-23-2024
80,MSTR,MICROSTRATEGY INC-CL A,28,02-23-2024
81,CVLT,COMMVAULT SYSTEMS INC,202,02-23-2024
82,ADYEN,ADYEN NV,12,02-23-2024
83,PANW,PALO ALTO NETWORKS INC,67,02-23-2024
84,RIOT,RIOT PLATFORMS INC,1266,02-23-2024
85,QTWO,Q2 HOLDINGS INC,394,02-23-2024
86,FTNT,FORTINET INC,276,02-23-2024
87,CPF-R,CHAROEN POKPHAND FOODS-NVDR,36038,02-23-2024
88,SLAB,SILICON LABORATORIES INC,138,02-23-2024
89,DGX,QUEST DIAGNOSTICS INC,143,02-23-2024
90,VRNS,VARONIS SYSTEMS INC,365,02-23-2024
91,GDDY,GODADDY INC - CLASS A,155,02-23-2024
92,SWAV,SHOCKWAVE MEDICAL INC,68,02-23-2024
93,MEDP,MEDPACE HOLDINGS INC,44,02-23-2024
94,EEFT,EURONET WORLDWIDE INC,163,02-23-2024
95,TTD,TRADE DESK INC/THE -CLASS A,213,02-23-2024
96,2454,MEDIATEK INC,496,02-23-2024
97,TENB,TENABLE HOLDINGS INC,362,02-23-2024
98,WISE,WISE PLC - A,1581,02-23-2024
99,DOCU,DOCUSIGN INC,327,02-23-2024
100,CCOI,COGENT COMMUNICATIONS HOLDIN,213,02-23-2024
101,GKOS,GLAUKOS CORP,187,02-23-2024
102,OKTA,OKTA INC,199,02-23-2024
103,ALTR,ALTAIR ENGINEERING INC - A,193,02-23-2024
104,PCTY,PAYLOCITY HOLDING CORP,94,02-23-2024
105,FFIV,F5 INC,87,02-23-2024
106,6273,SMC CORP,28,02-23-2024
107,NTAP,NETAPP INC,184,02-23-2024
108,BRZE,BRAZE INC-A,281,02-23-2024
109,CHKP,CHECK POINT SOFTWARE TECH,100,02-23-2024
110,IDCC,INTERDIGITAL INC,145,02-23-2024
111,PRFT,PERFICIENT INC,226,02-23-2024
112,INSP,INSPIRE MEDICAL SYSTEMS INC,84,02-23-2024
113,GEN,GEN DIGITAL INC,689,02-23-2024
114,CGNX,COGNEX CORP,385,02-23-2024
115,ASGN,ASGN INC,158,02-23-2024
116,RPD,RAPID7 INC,274,02-23-2024
117,RARE,ULTRAGENYX PHARMACEUTICAL IN,303,02-23-2024
118,PYPL,PAYPAL HOLDINGS INC,251,02-23-2024
119,GMED,GLOBUS MEDICAL INC - A,262,02-23-2024
120,ST,SINGAPORE TELECOMMUNICATIONS,8303,02-23-2024
121,TECH,BIO-TECHNE CORP,202,02-23-2024
122,SMAR,SMARTSHEET INC-CLASS A,343,02-23-2024
123,TMDX,TRANSMEDICS GROUP INC,171,02-23-2024
124,AMBA,AMBARELLA INC,257,02-23-2024
125,BL,BLACKLINE INC,249,02-23-2024
126,KPITTECH,KPIT TECHNOLOGIES LTD,735,02-23-2024
127,SYNA,SYNAPTICS INC,135,02-23-2024
128,4704,TREND MICRO INC,293,02-23-2024
129,BOX,BOX INC - CLASS A,548,02-23-2024
130,CRSP,CRISPR THERAPEUTICS AG,165,02-23-2024
131,DT,DYNATRACE INC,277,02-23-2024
132,ACHC,ACADIA HEALTHCARE CO INC,164,02-23-2024
133,HSIC,HENRY SCHEIN INC,173,02-23-2024
134,DOCS,DOXIMITY INC-CLASS A,488,02-23-2024
135,IART,INTEGRA LIFESCIENCES HOLDING,307,02-23-2024
136,AI,C3.AI INC-A,511,02-23-2024
137,NOVT,NOVANTA INC,84,02-23-2024
138,SWON,SOFTWAREONE HOLDING AG,701,02-23-2024
139,BLKB,BLACKBAUD INC,192,02-23-2024
140,BEAM,BEAM THERAPEUTICS INC,387,02-23-2024
141,QLYS,QUALYS INC,80,02-23-2024
142,QIA,QIAGEN N.V.,290,02-23-2024
143,DBX,DROPBOX INC-CLASS A,517,02-23-2024
144,TXG,10X GENOMICS INC-CLASS A,274,02-23-2024
145,FIVN,FIVE9 INC,192,02-23-2024
146,NARI,INARI MEDICAL INC,204,02-23-2024
147,IRDM,IRIDIUM COMMUNICATIONS INC,388,02-23-2024
148,FSLY,FASTLY INC - CLASS A,764,02-23-2024
149,NTLA,INTELLIA THERAPEUTICS INC,393,02-23-2024
150,GH,GUARDANT HEALTH INC,498,02-23-2024
151,CNMD,CONMED CORP,109,02-23-2024
152,QDEL,QUIDELORTHO CORP,174,02-23-2024
153,1548,GENSCRIPT BIOTECH CORP,3891,02-23-2024
154,--,NET OTHER ASSETS (LIABILITIES),37243,02-23-2024
