,Ticker,Name,Shares,Date
0,META,META PLATFORMS INC-CLASS A,479,02-08-2024
1,NVDA,NVIDIA CORP,323,02-08-2024
2,ABBV,ABBVIE INC,1178,02-08-2024
3,DASH,DOORDASH INC - A,1701,02-08-2024
4,LLY,ELI LILLY & CO,273,02-08-2024
5,ISRG,INTUITIVE SURGICAL INC,509,02-08-2024
6,BKNG,BOOKING HOLDINGS INC,51,02-08-2024
7,7974,NINTENDO CO LTD,3391,02-08-2024
8,NFLX,NETFLIX INC-CLASS B,343,02-08-2024
9,DHR,DANAHER CORP,772,02-08-2024
10,AMZN,AMAZON.COM INC,1115,02-08-2024
11,CTVA,CORTEVA INC,3476,02-08-2024
12,ABT,ABBOTT LABORATORIES,1610,02-08-2024
13,MSFT,MICROSOFT CORP,432,02-08-2024
14,IFF,INTL FLAVORS & FRAGRANCES,2205,02-08-2024
15,JNJ,JOHNSON & JOHNSON,1087,02-08-2024
16,SYK,STRYKER CORP,495,02-08-2024
17,KYGA,KERRY GROUP PLC-A,1894,02-08-2024
18,DE,DEERE & CO,428,02-08-2024
19,ADBE,ADOBE INC,266,02-08-2024
20,MKC,MCCORMICK & CO-NON VTG SHRS,2482,02-08-2024
21,AAPL,APPLE INC,851,02-08-2024
22,GOOGL,ALPHABET INC-CL A,1098,02-08-2024
23,AVGO,BROADCOM INC,125,02-08-2024
24,SY1,SYMRISE AG,1504,02-08-2024
25,NPN,NASPERS LTD-N SHS,873,02-08-2024
26,ROG,ROCHE HOLDING AG-GENUSSCHEIN,595,02-08-2024
27,9988,ALIBABA GROUP HOLDING LTD,16868,02-08-2024
28,700,TENCENT HOLDINGS LTD,3845,02-08-2024
29,NTR,NUTRIEN LTD,2870,02-08-2024
30,BSX,BOSTON SCIENTIFIC CORP,2122,02-08-2024
31,EA,ELECTRONIC ARTS INC,852,02-08-2024
32,V,VISA INC-CLASS A SHARES,393,02-08-2024
33,AGCO,AGCO CORP,908,02-08-2024
34,MA,MASTERCARD INC - A,208,02-08-2024
35,TTWO,TAKE-TWO INTERACTIVE SOFTWRE,562,02-08-2024
36,FMC,FMC CORP,1779,02-08-2024
37,EW,EDWARDS LIFESCIENCES CORP,881,02-08-2024
38,DXCM,DEXCOM INC,562,02-08-2024
39,QCOM,QUALCOMM INC,350,02-08-2024
40,SMPL,SIMPLY GOOD FOODS CO/THE,1349,02-08-2024
41,DHER,DELIVERY HERO SE,2383,02-08-2024
42,3293,INTERNATIONAL GAMES SYSTEM C,1761,02-08-2024
43,NEOG,NEOGEN CORP,2900,02-08-2024
44,HUBS,HUBSPOT INC,75,02-08-2024
45,PINS,PINTEREST INC- CLASS A,1105,02-08-2024
46,MRNA,MODERNA INC,469,02-08-2024
47,CSCO,CISCO SYSTEMS INC,879,02-08-2024
48,AYX,ALTERYX INC - CLASS A,904,02-08-2024
49,ORCL,ORACLE CORP,367,02-08-2024
50,ANSS,ANSYS INC,124,02-08-2024
51,SPT,SPROUT SOCIAL INC - CLASS A,642,02-08-2024
52,SE,SEA LTD-ADR,922,02-08-2024
53,RMD,RESMED INC,211,02-08-2024
54,REA,REA GROUP LTD,338,02-08-2024
55,EBAY,EBAY INC,900,02-08-2024
56,SXT,SENSIENT TECHNOLOGIES CORP,596,02-08-2024
57,ZD,ZIFF DAVIS INC,538,02-08-2024
58,SMG,SCOTTS MIRACLE-GRO CO,594,02-08-2024
59,AMD,ADVANCED MICRO DEVICES,197,02-08-2024
60,SNAP,SNAP INC - A,2955,02-08-2024
61,MARA,MARATHON DIGITAL HOLDINGS IN,1516,02-08-2024
62,ILMN,ILLUMINA INC,227,02-08-2024
63,SAP,SAP SE,178,02-08-2024
64,IMGN,IMMUNOGEN INC,897,02-08-2024
65,PANW,PALO ALTO NETWORKS INC,75,02-08-2024
66,002555,37 INTERACTIVE ENTERTAINME-A,11000,02-08-2024
67,INTC,INTEL CORP,633,02-08-2024
68,S,SENTINELONE INC -CLASS A,926,02-08-2024
69,CRWD,CROWDSTRIKE HOLDINGS INC - A,78,02-08-2024
70,1024,KUAISHOU TECHNOLOGY,4605,02-08-2024
71,NTNX,NUTANIX INC - A,405,02-08-2024
72,BUCN,BUCHER INDUSTRIES AG-REG,55,02-08-2024
73,SMSN,SAMSUNG ELECTR-GDR REG S,17,02-08-2024
74,HOOD,ROBINHOOD MARKETS INC - A,1984,02-08-2024
75,CYBR,CYBERARK SOFTWARE LTD/ISRAEL,85,02-08-2024
76,ACN,ACCENTURE PLC-CL A,60,02-08-2024
77,ADYEN,ADYEN NV,14,02-08-2024
78,SNOW,SNOWFLAKE INC-CLASS A,97,02-08-2024
79,CVLT,COMMVAULT SYSTEMS INC,227,02-08-2024
80,SLAB,SILICON LABORATORIES INC,155,02-08-2024
81,CPF-R,CHAROEN POKPHAND FOODS-NVDR,40575,02-08-2024
82,FTNT,FORTINET INC,311,02-08-2024
83,ELM,ELM CO,83,02-08-2024
84,TKWY,JUST EAT TAKEAWAY,1349,02-08-2024
85,VRNS,VARONIS SYSTEMS INC,411,02-08-2024
86,TENB,TENABLE HOLDINGS INC,408,02-08-2024
87,DGX,QUEST DIAGNOSTICS INC,161,02-08-2024
88,GKOS,GLAUKOS CORP,210,02-08-2024
89,COIN,COINBASE GLOBAL INC -CLASS A,152,02-08-2024
90,NET,CLOUDFLARE INC - CLASS A,222,02-08-2024
91,FSLY,FASTLY INC - CLASS A,860,02-08-2024
92,GDDY,GODADDY INC - CLASS A,174,02-08-2024
93,ALTR,ALTAIR ENGINEERING INC - A,217,02-08-2024
94,DBX,DROPBOX INC-CLASS A,582,02-08-2024
95,INSP,INSPIRE MEDICAL SYSTEMS INC,94,02-08-2024
96,OKTA,OKTA INC,224,02-08-2024
97,QTWO,Q2 HOLDINGS INC,444,02-08-2024
98,WISE,WISE PLC - A,1780,02-08-2024
99,DOCU,DOCUSIGN INC,368,02-08-2024
100,MSTR,MICROSTRATEGY INC-CL A,32,02-08-2024
101,EEFT,EURONET WORLDWIDE INC,184,02-08-2024
102,RIOT,RIOT PLATFORMS INC,1425,02-08-2024
103,BRZE,BRAZE INC-A,316,02-08-2024
104,4704,TREND MICRO INC,330,02-08-2024
105,CHKP,CHECK POINT SOFTWARE TECH,113,02-08-2024
106,NTAP,NETAPP INC,207,02-08-2024
107,SWAV,SHOCKWAVE MEDICAL INC,77,02-08-2024
108,PCTY,PAYLOCITY HOLDING CORP,106,02-08-2024
109,FFIV,F5 INC,98,02-08-2024
110,RPD,RAPID7 INC,308,02-08-2024
111,CCOI,COGENT COMMUNICATIONS HOLDIN,240,02-08-2024
112,SMAR,SMARTSHEET INC-CLASS A,386,02-08-2024
113,PRFT,PERFICIENT INC,254,02-08-2024
114,DT,DYNATRACE INC,312,02-08-2024
115,BLKB,BLACKBAUD INC,216,02-08-2024
116,BL,BLACKLINE INC,280,02-08-2024
117,6273,SMC CORP,32,02-08-2024
118,TMDX,TRANSMEDICS GROUP INC,192,02-08-2024
119,KPITTECH,KPIT TECHNOLOGIES LTD,828,02-08-2024
120,ASGN,ASGN INC,178,02-08-2024
121,IDCC,INTERDIGITAL INC,163,02-08-2024
122,TTD,TRADE DESK INC/THE -CLASS A,240,02-08-2024
123,SYNA,SYNAPTICS INC,152,02-08-2024
124,2454,MEDIATEK INC,559,02-08-2024
125,BOX,BOX INC - CLASS A,617,02-08-2024
126,FIVN,FIVE9 INC,216,02-08-2024
127,ST,SINGAPORE TELECOMMUNICATIONS,9349,02-08-2024
128,GEN,GEN DIGITAL INC,776,02-08-2024
129,PYPL,PAYPAL HOLDINGS INC,283,02-08-2024
130,AMBA,AMBARELLA INC,289,02-08-2024
131,SWON,SOFTWAREONE HOLDING AG,789,02-08-2024
132,CGNX,COGNEX CORP,433,02-08-2024
133,MEDP,MEDPACE HOLDINGS INC,49,02-08-2024
134,DOCS,DOXIMITY INC-CLASS A,549,02-08-2024
135,RARE,ULTRAGENYX PHARMACEUTICAL IN,341,02-08-2024
136,GMED,GLOBUS MEDICAL INC - A,295,02-08-2024
137,AI,C3.AI INC-A,575,02-08-2024
138,TECH,BIO-TECHNE CORP,227,02-08-2024
139,NOVT,NOVANTA INC,94,02-08-2024
140,QLYS,QUALYS INC,90,02-08-2024
141,IRDM,IRIDIUM COMMUNICATIONS INC,437,02-08-2024
142,TXG,10X GENOMICS INC-CLASS A,309,02-08-2024
143,ACHC,ACADIA HEALTHCARE CO INC,185,02-08-2024
144,HSIC,HENRY SCHEIN INC,195,02-08-2024
145,IART,INTEGRA LIFESCIENCES HOLDING,346,02-08-2024
146,--,QIAGEN N.V.,327,02-08-2024
147,NARI,INARI MEDICAL INC,230,02-08-2024
148,QDEL,QUIDELORTHO CORP,196,02-08-2024
149,CRSP,CRISPR THERAPEUTICS AG,186,02-08-2024
150,GH,GUARDANT HEALTH INC,561,02-08-2024
151,BEAM,BEAM THERAPEUTICS INC,436,02-08-2024
152,NTLA,INTELLIA THERAPEUTICS INC,443,02-08-2024
153,CNMD,CONMED CORP,123,02-08-2024
154,1548,GENSCRIPT BIOTECH CORP,4381,02-08-2024
155,--,NET OTHER ASSETS (LIABILITIES),45663,02-08-2024
