,Ticker,Name,Shares,Date
0,NVDA,NVIDIA CORP,320,01-25-2024
1,NFLX,NETFLIX INC,340,01-25-2024
2,ABBV,ABBVIE INC,1154,01-25-2024
3,ISRG,INTUITIVE SURGICAL INC,499,01-25-2024
4,META,META PLATFORMS INC-CLASS A,474,01-25-2024
5,7974,NINTENDO CO LTD,3391,01-25-2024
6,DASH,DOORDASH INC - A,1668,01-25-2024
7,BKNG,BOOKING HOLDINGS INC,51,01-25-2024
8,IFF,INTL FLAVORS & FRAGRANCES,2162,01-25-2024
9,ABT,ABBOTT LABORATORIES,1578,01-25-2024
10,MSFT,MICROSOFT CORP,427,01-25-2024
11,AMZN,AMAZON.COM INC,1093,01-25-2024
12,DHR,DANAHER CORP,757,01-25-2024
13,JNJ,JOHNSON & JOHNSON,1065,01-25-2024
14,MKC,MCCORMICK & CO-NON VTG SHRS,2455,01-25-2024
15,LLY,ELI LILLY & CO,267,01-25-2024
16,ROG,ROCHE HOLDING AG-GENUSSCHEIN,595,01-25-2024
17,GOOGL,ALPHABET INC-CL A,1087,01-25-2024
18,KYGA,KERRY GROUP PLC-A,1894,01-25-2024
19,DE,DEERE & CO,420,01-25-2024
20,ADBE,ADOBE INC,263,01-25-2024
21,AAPL,APPLE INC,834,01-25-2024
22,9988,ALIBABA GROUP HOLDING LTD,16868,01-25-2024
23,CTVA,CORTEVA INC,3439,01-25-2024
24,SY1,SYMRISE AG,1504,01-25-2024
25,AVGO,BROADCOM INC,125,01-25-2024
26,SYK,STRYKER CORP,490,01-25-2024
27,NPN,NASPERS LTD-N SHS,873,01-25-2024
28,NTR,NUTRIEN LTD,2839,01-25-2024
29,700,TENCENT HOLDINGS LTD,3845,01-25-2024
30,BSX,BOSTON SCIENTIFIC CORP,2100,01-25-2024
31,EA,ELECTRONIC ARTS INC,843,01-25-2024
32,AGCO,AGCO CORP,898,01-25-2024
33,V,VISA INC-CLASS A SHARES,389,01-25-2024
34,FMC,FMC CORP,1760,01-25-2024
35,TTWO,TAKE-TWO INTERACTIVE SOFTWRE,556,01-25-2024
36,MA,MASTERCARD INC - A,204,01-25-2024
37,CHR,CHR HANSEN HOLDING A/S,932,01-25-2024
38,DXCM,DEXCOM INC,556,01-25-2024
39,EW,EDWARDS LIFESCIENCES CORP,872,01-25-2024
40,DHER,DELIVERY HERO SE,2383,01-25-2024
41,QCOM,QUALCOMM INC,346,01-25-2024
42,SMPL,SIMPLY GOOD FOODS CO/THE,1335,01-25-2024
43,MRNA,MODERNA INC,464,01-25-2024
44,SNAP,SNAP INC - A,2923,01-25-2024
45,NEOG,NEOGEN CORP,2900,01-25-2024
46,3293,INTERNATIONAL GAMES SYSTEM C,1761,01-25-2024
47,CSCO,CISCO SYSTEMS INC,869,01-25-2024
48,HUBS,HUBSPOT INC,75,01-25-2024
49,AYX,ALTERYX INC - CLASS A,904,01-25-2024
50,ORCL,ORACLE CORP,367,01-25-2024
51,SPT,SPROUT SOCIAL INC - CLASS A,642,01-25-2024
52,REA,REA GROUP LTD,338,01-25-2024
53,PINS,PINTEREST INC- CLASS A,1105,01-25-2024
54,ANSS,ANSYS INC,117,01-25-2024
55,RMD,RESMED INC,211,01-25-2024
56,EBAY,EBAY INC,900,01-25-2024
57,ZD,ZIFF DAVIS INC,538,01-25-2024
58,SXT,SENSIENT TECHNOLOGIES CORP,596,01-25-2024
59,SE,SEA LTD-ADR,922,01-25-2024
60,AMD,ADVANCED MICRO DEVICES,197,01-25-2024
61,SMG,SCOTTS MIRACLE-GRO CO,594,01-25-2024
62,ILMN,ILLUMINA INC,227,01-25-2024
63,INTC,INTEL CORP,633,01-25-2024
64,SAP,SAP SE,178,01-25-2024
65,002555,37 INTERACTIVE ENTERTAINME-A,11000,01-25-2024
66,IMGN,IMMUNOGEN INC,897,01-25-2024
67,1024,KUAISHOU TECHNOLOGY,4605,01-25-2024
68,PANW,PALO ALTO NETWORKS INC,75,01-25-2024
69,MARA,MARATHON DIGITAL HOLDINGS IN,1516,01-25-2024
70,S,SENTINELONE INC -CLASS A,926,01-25-2024
71,SMSN,SAMSUNG ELECTR-GDR REG S,17,01-25-2024
72,DOCU,DOCUSIGN INC,368,01-25-2024
73,BUCN,BUCHER INDUSTRIES AG-REG,55,01-25-2024
74,CRWD,CROWDSTRIKE HOLDINGS INC - A,78,01-25-2024
75,ACN,ACCENTURE PLC-CL A,60,01-25-2024
76,NTNX,NUTANIX INC - A,405,01-25-2024
77,HOOD,ROBINHOOD MARKETS INC - A,1984,01-25-2024
78,DGX,QUEST DIAGNOSTICS INC,161,01-25-2024
79,TKWY,JUST EAT TAKEAWAY,1349,01-25-2024
80,ELM,ELM CO,83,01-25-2024
81,CPF-R,CHAROEN POKPHAND FOODS-NVDR,40575,01-25-2024
82,SLAB,SILICON LABORATORIES INC,155,01-25-2024
83,FTNT,FORTINET INC,311,01-25-2024
84,INSP,INSPIRE MEDICAL SYSTEMS INC,94,01-25-2024
85,SNOW,SNOWFLAKE INC-CLASS A,97,01-25-2024
86,CYBR,CYBERARK SOFTWARE LTD/ISRAEL,85,01-25-2024
87,QTWO,Q2 HOLDINGS INC,444,01-25-2024
88,TENB,TENABLE HOLDINGS INC,408,01-25-2024
89,GKOS,GLAUKOS CORP,210,01-25-2024
90,WISE,WISE PLC - A,1780,01-25-2024
91,OKTA,OKTA INC,224,01-25-2024
92,DBX,DROPBOX INC-CLASS A,582,01-25-2024
93,VRNS,VARONIS SYSTEMS INC,411,01-25-2024
94,GDDY,GODADDY INC - CLASS A,174,01-25-2024
95,ALTR,ALTAIR ENGINEERING INC - A,217,01-25-2024
96,GEN,GEN DIGITAL INC,776,01-25-2024
97,NTAP,NETAPP INC,207,01-25-2024
98,4704,TREND MICRO INC,330,01-25-2024
99,COIN,COINBASE GLOBAL INC -CLASS A,152,01-25-2024
100,EEFT,EURONET WORLDWIDE INC,184,01-25-2024
101,NET,CLOUDFLARE INC - CLASS A,222,01-25-2024
102,DT,DYNATRACE INC,312,01-25-2024
103,CVLT,COMMVAULT SYSTEMS INC,227,01-25-2024
104,BLKB,BLACKBAUD INC,216,01-25-2024
105,FFIV,F5 INC,98,01-25-2024
106,6273,SMC CORP,32,01-25-2024
107,CCOI,COGENT COMMUNICATIONS HOLDIN,240,01-25-2024
108,PRFT,PERFICIENT INC,254,01-25-2024
109,CHKP,CHECK POINT SOFTWARE TECH,113,01-25-2024
110,FSLY,FASTLY INC - CLASS A,860,01-25-2024
111,SMAR,SMARTSHEET INC-CLASS A,386,01-25-2024
112,BRZE,BRAZE INC-A,316,01-25-2024
113,ADYEN,ADYEN NV,14,01-25-2024
114,QLYS,QUALYS INC,90,01-25-2024
115,SWAV,SHOCKWAVE MEDICAL INC,77,01-25-2024
116,PYPL,PAYPAL HOLDINGS INC,283,01-25-2024
117,IDCC,INTERDIGITAL INC,163,01-25-2024
118,RPD,RAPID7 INC,308,01-25-2024
119,ASGN,ASGN INC,178,01-25-2024
120,SYNA,SYNAPTICS INC,152,01-25-2024
121,2454,MEDIATEK INC,559,01-25-2024
122,BL,BLACKLINE INC,280,01-25-2024
123,PCTY,PAYLOCITY HOLDING CORP,106,01-25-2024
124,FIVN,FIVE9 INC,216,01-25-2024
125,ST,SINGAPORE TELECOMMUNICATIONS,9349,01-25-2024
126,TTD,TRADE DESK INC/THE -CLASS A,240,01-25-2024
127,TMDX,TRANSMEDICS GROUP INC,192,01-25-2024
128,CGNX,COGNEX CORP,433,01-25-2024
129,DOCS,DOXIMITY INC-CLASS A,549,01-25-2024
130,AMBA,AMBARELLA INC,289,01-25-2024
131,BOX,BOX INC - CLASS A,617,01-25-2024
132,TECH,BIO-TECHNE CORP,227,01-25-2024
133,GMED,GLOBUS MEDICAL INC - A,295,01-25-2024
134,IRDM,IRIDIUM COMMUNICATIONS INC,437,01-25-2024
135,ACHC,ACADIA HEALTHCARE CO INC,185,01-25-2024
136,RARE,ULTRAGENYX PHARMACEUTICAL IN,341,01-25-2024
137,RIOT,RIOT PLATFORMS INC,1425,01-25-2024
138,NOVT,NOVANTA INC,94,01-25-2024
139,--,QIAGEN N.V.,338,01-25-2024
140,MSTR,MICROSTRATEGY INC-CL A,32,01-25-2024
141,MEDP,MEDPACE HOLDINGS INC,49,01-25-2024
142,AI,C3.AI INC-A,575,01-25-2024
143,IART,INTEGRA LIFESCIENCES HOLDING,346,01-25-2024
144,HSIC,HENRY SCHEIN INC,195,01-25-2024
145,SWON,SOFTWAREONE HOLDING AG,789,01-25-2024
146,KPITTECH,KPIT TECHNOLOGIES LTD,828,01-25-2024
147,QDEL,QUIDELORTHO CORP,196,01-25-2024
148,TXG,10X GENOMICS INC-CLASS A,309,01-25-2024
149,NARI,INARI MEDICAL INC,230,01-25-2024
150,GH,GUARDANT HEALTH INC,561,01-25-2024
151,CRSP,CRISPR THERAPEUTICS AG,186,01-25-2024
152,CNMD,CONMED CORP,123,01-25-2024
153,NTLA,INTELLIA THERAPEUTICS INC,443,01-25-2024
154,BEAM,BEAM THERAPEUTICS INC,436,01-25-2024
155,1548,GENSCRIPT BIOTECH CORP,4381,01-25-2024
156,--,NET OTHER ASSETS (LIABILITIES),43842,01-25-2024
