,Ticker,Name,Shares,Date
0,NVDA,NVIDIA CORP,1780,06-12-2024
1,AAPL,APPLE INC,881,06-12-2024
2,META,META PLATFORMS INC-CLASS A,365,06-12-2024
3,SY1,SYMRISE AG,1503,06-12-2024
4,ISRG,INTUITIVE SURGICAL INC,421,06-12-2024
5,ROG,ROCHE HOLDING AG-GENUSSCHEIN,657,06-12-2024
6,MSFT,MICROSOFT CORP,395,06-12-2024
7,BSX,BOSTON SCIENTIFIC CORP,2239,06-12-2024
8,AMZN,AMAZON.COM INC,925,06-12-2024
9,ABBV,ABBVIE INC,1040,06-12-2024
10,DASH,DOORDASH INC - A,1501,06-12-2024
11,ABT,ABBOTT LABORATORIES,1645,06-12-2024
12,7974,NINTENDO CO LTD,3142,06-12-2024
13,BKNG,BOOKING HOLDINGS INC,44,06-12-2024
14,NFLX,NETFLIX INC,260,06-12-2024
15,MRK,MERCK & CO. INC.,1295,06-12-2024
16,DHR,DANAHER CORP,636,06-12-2024
17,IFF,INTL FLAVORS & FRAGRANCES,1730,06-12-2024
18,NPN,NASPERS LTD-N SHS,777,06-12-2024
19,700,TENCENT HOLDINGS LTD,3446,06-12-2024
20,DE,DEERE & CO,438,06-12-2024
21,ADBE,ADOBE INC,352,06-12-2024
22,MKC,MCCORMICK & CO-NON VTG SHRS,2289,06-12-2024
23,CTVA,CORTEVA INC,2990,06-12-2024
24,GOOGL,ALPHABET INC-CL A,862,06-12-2024
25,NTR,NUTRIEN LTD,2842,06-12-2024
26,9988,ALIBABA GROUP HOLDING LTD,15664,06-12-2024
27,KYGA,KERRY GROUP PLC-A,1663,06-12-2024
28,AVGO,BROADCOM INC,85,06-12-2024
29,BDX,BECTON DICKINSON AND CO,446,06-12-2024
30,AMAT,APPLIED MATERIALS INC,417,06-12-2024
31,FMC,FMC CORP,1536,06-12-2024
32,V,VISA INC-CLASS A SHARES,307,06-12-2024
33,EW,EDWARDS LIFESCIENCES CORP,929,06-12-2024
34,--,CNH INDUSTRIAL NV COMMON STOCK USD 0.01,7888,06-12-2024
35,AGCO,AGCO CORP,781,06-12-2024
36,MRNA,MODERNA INC,503,06-12-2024
37,DHER,DELIVERY HERO SE,2327,06-12-2024
38,MA,MASTERCARD INC - A,162,06-12-2024
39,DXCM,DEXCOM INC,595,06-12-2024
40,QCOM,QUALCOMM INC,310,06-12-2024
41,SFM,SPROUTS FARMERS MARKET INC,778,06-12-2024
42,3293,INTERNATIONAL GAMES SYSTEM C,1518,06-12-2024
43,PINS,PINTEREST INC- CLASS A,1166,06-12-2024
44,TTWO,TAKE-TWO INTERACTIVE SOFTWRE,320,06-12-2024
45,EA,ELECTRONIC ARTS INC,376,06-12-2024
46,EBAY,EBAY INC,928,06-12-2024
47,SNAP,SNAP INC - A,3097,06-12-2024
48,SE,SEA LTD-ADR,661,06-12-2024
49,ZD,ZIFF DAVIS INC,868,06-12-2024
50,ANSS,ANSYS INC,148,06-12-2024
51,RMD,RESMED INC,227,06-12-2024
52,REA,REA GROUP LTD,385,06-12-2024
53,--,KONAMI GROUP CORP COMMON STOCK JPY,668,06-12-2024
54,CSCO,CISCO SYSTEMS INC,1015,06-12-2024
55,OMC,OMNICOM GROUP,510,06-12-2024
56,1024,KUAISHOU TECHNOLOGY,6640,06-12-2024
57,DKNG,DRAFTKINGS INC-CL A,1116,06-12-2024
58,--,TRIP.COM GROUP LTD COMMON STOCK HKD 0.0005,859,06-12-2024
59,NEOG,NEOGEN CORP,2533,06-12-2024
60,SMPL,SIMPLY GOOD FOODS CO/THE,1169,06-12-2024
61,ORCL,ORACLE CORP,295,06-12-2024
62,WST,WEST PHARMACEUTICAL SERVICES,113,06-12-2024
63,AMD,ADVANCED MICRO DEVICES,225,06-12-2024
64,GLB,GLANBIA PLC,1690,06-12-2024
65,SXT,SENSIENT TECHNOLOGIES CORP,443,06-12-2024
66,SAP,SAP SE,171,06-12-2024
67,SMG,SCOTTS MIRACLE-GRO CO,488,06-12-2024
68,ILMN,ILLUMINA INC,245,06-12-2024
69,GH,GUARDANT HEALTH INC,756,06-12-2024
70,DGX,QUEST DIAGNOSTICS INC,171,06-12-2024
71,UPLL,UPL LTD,3536,06-12-2024
72,CRM,SALESFORCE INC,94,06-12-2024
73,TWST,TWIST BIOSCIENCE CORP,405,06-12-2024
74,CRSP,CRISPR THERAPEUTICS AG,326,06-12-2024
75,PANW,PALO ALTO NETWORKS INC,63,06-12-2024
76,NTRA,NATERA INC,177,06-12-2024
77,SMSN,SAMSUNG ELECTR-GDR REG S,14,06-12-2024
78,AI,C3.AI INC-A,621,06-12-2024
79,RARE,ULTRAGENYX PHARMACEUTICAL IN,439,06-12-2024
80,INSP,INSPIRE MEDICAL SYSTEMS INC,117,06-12-2024
81,HPE,HEWLETT PACKARD ENTERPRISE,914,06-12-2024
82,--,CAMTEK LTD/ISRAEL COMMON STOCK USD 0.01,164,06-12-2024
83,TECH,BIO-TECHNE CORP,243,06-12-2024
84,DOCS,DOXIMITY INC-CLASS A,633,06-12-2024
85,ACHC,ACADIA HEALTHCARE CO INC,273,06-12-2024
86,HOOD,ROBINHOOD MARKETS INC - A,775,06-12-2024
87,COIN,COINBASE GLOBAL INC -CLASS A,72,06-12-2024
88,TMDX,TRANSMEDICS GROUP INC,129,06-12-2024
89,CRWD,CROWDSTRIKE HOLDINGS INC - A,47,06-12-2024
90,MEDP,MEDPACE HOLDINGS INC,45,06-12-2024
91,NTAP,NETAPP INC,144,06-12-2024
92,2454,MEDIATEK INC,447,06-12-2024
93,NOVT,NOVANTA INC,108,06-12-2024
94,GMED,GLOBUS MEDICAL INC - A,268,06-12-2024
95,603392,BEIJING WANTAI BIOLOGICAL-A,1900,06-12-2024
96,QIA,QIAGEN N.V.,396,06-12-2024
97,ALTR,ALTAIR ENGINEERING INC - A,179,06-12-2024
98,WISE,WISE PLC - A,1608,06-12-2024
99,IDYA,IDEAYA BIOSCIENCES INC,435,06-12-2024
100,CVLT,COMMVAULT SYSTEMS INC,147,06-12-2024
101,TNDM,TANDEM DIABETES CARE INC,361,06-12-2024
102,PRCT,PROCEPT BIOROBOTICS CORP,259,06-12-2024
103,SMAR,SMARTSHEET INC-CLASS A,390,06-12-2024
104,SYNA,SYNAPTICS INC,177,06-12-2024
105,CHKP,CHECK POINT SOFTWARE TECH,107,06-12-2024
106,JNPR,JUNIPER NETWORKS INC,470,06-12-2024
107,NXPI,NXP SEMICONDUCTORS NV,59,06-12-2024
108,NOW,SERVICENOW INC,23,06-12-2024
109,CYBR,CYBERARK SOFTWARE LTD/ISRAEL,66,06-12-2024
110,ELM,ELM CO,74,06-12-2024
111,NET,CLOUDFLARE INC - CLASS A,218,06-12-2024
112,BOX,BOX INC - CLASS A,611,06-12-2024
113,PRFT,PERFICIENT INC,220,06-12-2024
114,RIOT,RIOT PLATFORMS INC,1532,06-12-2024
115,GEN,GEN DIGITAL INC,649,06-12-2024
116,ADYEN,ADYEN NV,12,06-12-2024
117,HSIC,HENRY SCHEIN INC,243,06-12-2024
118,--,DARKTRACE PLC COMMON STOCK GBP 0.01,2155,06-12-2024
119,PYPL,PAYPAL HOLDINGS INC,254,06-12-2024
120,MSTR,MICROSTRATEGY INC-CL A,10,06-12-2024
121,KPITTECH,KPIT TECHNOLOGIES LTD,904,06-12-2024
122,EQIX,EQUINIX INC,21,06-12-2024
123,ENOV,ENOVIS CORP,354,06-12-2024
124,DT,DYNATRACE INC,337,06-12-2024
125,VRNS,VARONIS SYSTEMS INC,372,06-12-2024
126,FFIV,F5 INC,94,06-12-2024
127,4704,TREND MICRO INC,342,06-12-2024
128,EEFT,EURONET WORLDWIDE INC,142,06-12-2024
129,TENB,TENABLE HOLDINGS INC,374,06-12-2024
130,PCOR,PROCORE TECHNOLOGIES INC,231,06-12-2024
131,BLKB,BLACKBAUD INC,203,06-12-2024
132,6273,SMC CORP,31,06-12-2024
133,SLAB,SILICON LABORATORIES INC,127,06-12-2024
134,MARA,MARATHON DIGITAL HOLDINGS IN,761,06-12-2024
135,QTWO,Q2 HOLDINGS INC,256,06-12-2024
136,KTOS,KRATOS DEFENSE & SECURITY,749,06-12-2024
137,CLSK,CLEANSPARK INC,882,06-12-2024
138,AKAM,AKAMAI TECHNOLOGIES INC,172,06-12-2024
139,DBX,DROPBOX INC-CLASS A,688,06-12-2024
140,CGNX,COGNEX CORP,337,06-12-2024
141,CCOI,COGENT COMMUNICATIONS HOLDIN,272,06-12-2024
142,IRDM,IRIDIUM COMMUNICATIONS INC,521,06-12-2024
143,OKTA,OKTA INC,160,06-12-2024
144,BL,BLACKLINE INC,309,06-12-2024
145,DOCU,DOCUSIGN INC,271,06-12-2024
146,FIVN,FIVE9 INC,310,06-12-2024
147,WDAY,WORKDAY INC-CLASS A,63,06-12-2024
148,PCTY,PAYLOCITY HOLDING CORP,94,06-12-2024
149,SMTC,SEMTECH CORP,400,06-12-2024
150,NTNX,NUTANIX INC - A,221,06-12-2024
151,--,NET OTHER ASSETS (LIABILITIES),41940,06-12-2024
