,Ticker,Name,Shares,Date
0,NVDA,NVIDIA CORP,323,02-09-2024
1,META,META PLATFORMS INC-CLASS A,479,02-09-2024
2,ABBV,ABBVIE INC,1178,02-09-2024
3,DASH,DOORDASH INC - A,1701,02-09-2024
4,LLY,ELI LILLY & CO,273,02-09-2024
5,7974,NINTENDO CO LTD,3391,02-09-2024
6,ISRG,INTUITIVE SURGICAL INC,509,02-09-2024
7,AMZN,AMAZON.COM INC,1115,02-09-2024
8,NFLX,NETFLIX INC-CLASS B,343,02-09-2024
9,BKNG,BOOKING HOLDINGS INC,51,02-09-2024
10,DHR,DANAHER CORP,772,02-09-2024
11,CTVA,CORTEVA INC,3476,02-09-2024
12,MSFT,MICROSOFT CORP,432,02-09-2024
13,ABT,ABBOTT LABORATORIES,1610,02-09-2024
14,IFF,INTL FLAVORS & FRAGRANCES,2205,02-09-2024
15,JNJ,JOHNSON & JOHNSON,1087,02-09-2024
16,SYK,STRYKER CORP,495,02-09-2024
17,ADBE,ADOBE INC,266,02-09-2024
18,KYGA,KERRY GROUP PLC-A,1894,02-09-2024
19,GOOGL,ALPHABET INC-CL A,1098,02-09-2024
20,DE,DEERE & CO,428,02-09-2024
21,AAPL,APPLE INC,851,02-09-2024
22,MKC,MCCORMICK & CO-NON VTG SHRS,2482,02-09-2024
23,AVGO,BROADCOM INC,125,02-09-2024
24,NPN,NASPERS LTD-N SHS,873,02-09-2024
25,SY1,SYMRISE AG,1504,02-09-2024
26,ROG,ROCHE HOLDING AG-GENUSSCHEIN,595,02-09-2024
27,9988,ALIBABA GROUP HOLDING LTD,16868,02-09-2024
28,700,TENCENT HOLDINGS LTD,3845,02-09-2024
29,NTR,NUTRIEN LTD,2870,02-09-2024
30,BSX,BOSTON SCIENTIFIC CORP,2122,02-09-2024
31,EA,ELECTRONIC ARTS INC,852,02-09-2024
32,V,VISA INC-CLASS A SHARES,393,02-09-2024
33,AGCO,AGCO CORP,908,02-09-2024
34,MA,MASTERCARD INC - A,208,02-09-2024
35,FMC,FMC CORP,1779,02-09-2024
36,TTWO,TAKE-TWO INTERACTIVE SOFTWRE,562,02-09-2024
37,EW,EDWARDS LIFESCIENCES CORP,881,02-09-2024
38,DXCM,DEXCOM INC,562,02-09-2024
39,QCOM,QUALCOMM INC,350,02-09-2024
40,HUBS,HUBSPOT INC,75,02-09-2024
41,NEOG,NEOGEN CORP,2900,02-09-2024
42,DHER,DELIVERY HERO SE,2383,02-09-2024
43,3293,INTERNATIONAL GAMES SYSTEM C,1761,02-09-2024
44,SMPL,SIMPLY GOOD FOODS CO/THE,1349,02-09-2024
45,CSCO,CISCO SYSTEMS INC,879,02-09-2024
46,AYX,ALTERYX INC - CLASS A,904,02-09-2024
47,ORCL,ORACLE CORP,367,02-09-2024
48,ANSS,ANSYS INC,124,02-09-2024
49,SPT,SPROUT SOCIAL INC - CLASS A,642,02-09-2024
50,REA,REA GROUP LTD,338,02-09-2024
51,MRNA,MODERNA INC,469,02-09-2024
52,PINS,PINTEREST INC- CLASS A,1105,02-09-2024
53,SE,SEA LTD-ADR,922,02-09-2024
54,RMD,RESMED INC,211,02-09-2024
55,EBAY,EBAY INC,900,02-09-2024
56,ZD,ZIFF DAVIS INC,538,02-09-2024
57,MARA,MARATHON DIGITAL HOLDINGS IN,1516,02-09-2024
58,SXT,SENSIENT TECHNOLOGIES CORP,596,02-09-2024
59,AMD,ADVANCED MICRO DEVICES,197,02-09-2024
60,SMG,SCOTTS MIRACLE-GRO CO,594,02-09-2024
61,SNAP,SNAP INC - A,2955,02-09-2024
62,SAP,SAP SE,178,02-09-2024
63,ILMN,ILLUMINA INC,227,02-09-2024
64,PANW,PALO ALTO NETWORKS INC,75,02-09-2024
65,IMGN,IMMUNOGEN INC,897,02-09-2024
66,S,SENTINELONE INC -CLASS A,926,02-09-2024
67,INTC,INTEL CORP,633,02-09-2024
68,002555,37 INTERACTIVE ENTERTAINME-A,11000,02-09-2024
69,CRWD,CROWDSTRIKE HOLDINGS INC - A,78,02-09-2024
70,1024,KUAISHOU TECHNOLOGY,4605,02-09-2024
71,NET,CLOUDFLARE INC - CLASS A,222,02-09-2024
72,CYBR,CYBERARK SOFTWARE LTD/ISRAEL,85,02-09-2024
73,SMSN,SAMSUNG ELECTR-GDR REG S,17,02-09-2024
74,NTNX,NUTANIX INC - A,405,02-09-2024
75,BUCN,BUCHER INDUSTRIES AG-REG,55,02-09-2024
76,HOOD,ROBINHOOD MARKETS INC - A,1984,02-09-2024
77,SNOW,SNOWFLAKE INC-CLASS A,97,02-09-2024
78,ACN,ACCENTURE PLC-CL A,60,02-09-2024
79,ADYEN,ADYEN NV,14,02-09-2024
80,SLAB,SILICON LABORATORIES INC,155,02-09-2024
81,FTNT,FORTINET INC,311,02-09-2024
82,COIN,COINBASE GLOBAL INC -CLASS A,152,02-09-2024
83,CVLT,COMMVAULT SYSTEMS INC,227,02-09-2024
84,VRNS,VARONIS SYSTEMS INC,411,02-09-2024
85,TENB,TENABLE HOLDINGS INC,408,02-09-2024
86,TKWY,JUST EAT TAKEAWAY,1349,02-09-2024
87,CPF-R,CHAROEN POKPHAND FOODS-NVDR,40575,02-09-2024
88,ELM,ELM CO,83,02-09-2024
89,FSLY,FASTLY INC - CLASS A,860,02-09-2024
90,RIOT,RIOT PLATFORMS INC,1425,02-09-2024
91,MSTR,MICROSTRATEGY INC-CL A,32,02-09-2024
92,DGX,QUEST DIAGNOSTICS INC,161,02-09-2024
93,GKOS,GLAUKOS CORP,210,02-09-2024
94,ALTR,ALTAIR ENGINEERING INC - A,217,02-09-2024
95,OKTA,OKTA INC,224,02-09-2024
96,GDDY,GODADDY INC - CLASS A,174,02-09-2024
97,DBX,DROPBOX INC-CLASS A,582,02-09-2024
98,WISE,WISE PLC - A,1780,02-09-2024
99,QTWO,Q2 HOLDINGS INC,444,02-09-2024
100,EEFT,EURONET WORLDWIDE INC,184,02-09-2024
101,RPD,RAPID7 INC,308,02-09-2024
102,DOCU,DOCUSIGN INC,368,02-09-2024
103,BRZE,BRAZE INC-A,316,02-09-2024
104,4704,TREND MICRO INC,330,02-09-2024
105,NTAP,NETAPP INC,207,02-09-2024
106,CCOI,COGENT COMMUNICATIONS HOLDIN,240,02-09-2024
107,CHKP,CHECK POINT SOFTWARE TECH,113,02-09-2024
108,SMAR,SMARTSHEET INC-CLASS A,386,02-09-2024
109,INSP,INSPIRE MEDICAL SYSTEMS INC,94,02-09-2024
110,FFIV,F5 INC,98,02-09-2024
111,PRFT,PERFICIENT INC,254,02-09-2024
112,SWAV,SHOCKWAVE MEDICAL INC,77,02-09-2024
113,BLKB,BLACKBAUD INC,216,02-09-2024
114,PCTY,PAYLOCITY HOLDING CORP,106,02-09-2024
115,6273,SMC CORP,32,02-09-2024
116,BL,BLACKLINE INC,280,02-09-2024
117,KPITTECH,KPIT TECHNOLOGIES LTD,828,02-09-2024
118,TTD,TRADE DESK INC/THE -CLASS A,240,02-09-2024
119,SYNA,SYNAPTICS INC,152,02-09-2024
120,FIVN,FIVE9 INC,216,02-09-2024
121,TMDX,TRANSMEDICS GROUP INC,192,02-09-2024
122,IDCC,INTERDIGITAL INC,163,02-09-2024
123,BOX,BOX INC - CLASS A,617,02-09-2024
124,ASGN,ASGN INC,178,02-09-2024
125,DT,DYNATRACE INC,312,02-09-2024
126,2454,MEDIATEK INC,559,02-09-2024
127,PYPL,PAYPAL HOLDINGS INC,283,02-09-2024
128,GEN,GEN DIGITAL INC,776,02-09-2024
129,AI,C3.AI INC-A,575,02-09-2024
130,ST,SINGAPORE TELECOMMUNICATIONS,9349,02-09-2024
131,MEDP,MEDPACE HOLDINGS INC,49,02-09-2024
132,AMBA,AMBARELLA INC,289,02-09-2024
133,RARE,ULTRAGENYX PHARMACEUTICAL IN,341,02-09-2024
134,CGNX,COGNEX CORP,433,02-09-2024
135,NOVT,NOVANTA INC,94,02-09-2024
136,DOCS,DOXIMITY INC-CLASS A,549,02-09-2024
137,SWON,SOFTWAREONE HOLDING AG,789,02-09-2024
138,QLYS,QUALYS INC,90,02-09-2024
139,GMED,GLOBUS MEDICAL INC - A,295,02-09-2024
140,TECH,BIO-TECHNE CORP,227,02-09-2024
141,TXG,10X GENOMICS INC-CLASS A,309,02-09-2024
142,IRDM,IRIDIUM COMMUNICATIONS INC,437,02-09-2024
143,ACHC,ACADIA HEALTHCARE CO INC,185,02-09-2024
144,IART,INTEGRA LIFESCIENCES HOLDING,346,02-09-2024
145,HSIC,HENRY SCHEIN INC,195,02-09-2024
146,--,QIAGEN N.V.,327,02-09-2024
147,NARI,INARI MEDICAL INC,230,02-09-2024
148,QDEL,QUIDELORTHO CORP,196,02-09-2024
149,CRSP,CRISPR THERAPEUTICS AG,186,02-09-2024
150,GH,GUARDANT HEALTH INC,561,02-09-2024
151,BEAM,BEAM THERAPEUTICS INC,436,02-09-2024
152,NTLA,INTELLIA THERAPEUTICS INC,443,02-09-2024
153,CNMD,CONMED CORP,123,02-09-2024
154,1548,GENSCRIPT BIOTECH CORP,4381,02-09-2024
155,--,NET OTHER ASSETS (LIABILITIES),45325,02-09-2024
