,Ticker,Name,Shares,Date
0,NVDA,NVIDIA CORP,320,01-29-2024
1,NFLX,NETFLIX INC,340,01-29-2024
2,META,META PLATFORMS INC-CLASS A,474,01-29-2024
3,ISRG,INTUITIVE SURGICAL INC,499,01-29-2024
4,ABBV,ABBVIE INC,1154,01-29-2024
5,7974,NINTENDO CO LTD,3391,01-29-2024
6,DASH,DOORDASH INC - A,1668,01-29-2024
7,BKNG,BOOKING HOLDINGS INC,51,01-29-2024
8,ABT,ABBOTT LABORATORIES,1578,01-29-2024
9,IFF,INTL FLAVORS & FRAGRANCES,2162,01-29-2024
10,DHR,DANAHER CORP,757,01-29-2024
11,AMZN,AMAZON.COM INC,1093,01-29-2024
12,MSFT,MICROSOFT CORP,427,01-29-2024
13,LLY,ELI LILLY & CO,267,01-29-2024
14,ROG,ROCHE HOLDING AG-GENUSSCHEIN,595,01-29-2024
15,JNJ,JOHNSON & JOHNSON,1065,01-29-2024
16,MKC,MCCORMICK & CO-NON VTG SHRS,2455,01-29-2024
17,KYGA,KERRY GROUP PLC-A,1894,01-29-2024
18,DE,DEERE & CO,420,01-29-2024
19,GOOGL,ALPHABET INC-CL A,1087,01-29-2024
20,ADBE,ADOBE INC,263,01-29-2024
21,AAPL,APPLE INC,834,01-29-2024
22,CTVA,CORTEVA INC,3439,01-29-2024
23,SY1,SYMRISE AG,1504,01-29-2024
24,9988,ALIBABA GROUP HOLDING LTD,16868,01-29-2024
25,SYK,STRYKER CORP,490,01-29-2024
26,AVGO,BROADCOM INC,125,01-29-2024
27,NPN,NASPERS LTD-N SHS,873,01-29-2024
28,NTR,NUTRIEN LTD,2839,01-29-2024
29,700,TENCENT HOLDINGS LTD,3845,01-29-2024
30,BSX,BOSTON SCIENTIFIC CORP,2100,01-29-2024
31,EA,ELECTRONIC ARTS INC,843,01-29-2024
32,AGCO,AGCO CORP,898,01-29-2024
33,V,VISA INC-CLASS A SHARES,389,01-29-2024
34,FMC,FMC CORP,1760,01-29-2024
35,TTWO,TAKE-TWO INTERACTIVE SOFTWRE,556,01-29-2024
36,MA,MASTERCARD INC - A,204,01-29-2024
37,CHR,CHR HANSEN HOLDING A/S,932,01-29-2024
38,DXCM,DEXCOM INC,556,01-29-2024
39,EW,EDWARDS LIFESCIENCES CORP,872,01-29-2024
40,DHER,DELIVERY HERO SE,2383,01-29-2024
41,SMPL,SIMPLY GOOD FOODS CO/THE,1335,01-29-2024
42,QCOM,QUALCOMM INC,346,01-29-2024
43,SNAP,SNAP INC - A,2923,01-29-2024
44,MRNA,MODERNA INC,464,01-29-2024
45,NEOG,NEOGEN CORP,2900,01-29-2024
46,3293,INTERNATIONAL GAMES SYSTEM C,1761,01-29-2024
47,HUBS,HUBSPOT INC,75,01-29-2024
48,CSCO,CISCO SYSTEMS INC,869,01-29-2024
49,PINS,PINTEREST INC- CLASS A,1105,01-29-2024
50,AYX,ALTERYX INC - CLASS A,904,01-29-2024
51,SPT,SPROUT SOCIAL INC - CLASS A,642,01-29-2024
52,ORCL,ORACLE CORP,367,01-29-2024
53,REA,REA GROUP LTD,338,01-29-2024
54,RMD,RESMED INC,211,01-29-2024
55,ANSS,ANSYS INC,117,01-29-2024
56,EBAY,EBAY INC,900,01-29-2024
57,ZD,ZIFF DAVIS INC,538,01-29-2024
58,SXT,SENSIENT TECHNOLOGIES CORP,596,01-29-2024
59,SE,SEA LTD-ADR,922,01-29-2024
60,AMD,ADVANCED MICRO DEVICES,197,01-29-2024
61,SMG,SCOTTS MIRACLE-GRO CO,594,01-29-2024
62,ILMN,ILLUMINA INC,227,01-29-2024
63,SAP,SAP SE,178,01-29-2024
64,MARA,MARATHON DIGITAL HOLDINGS IN,1516,01-29-2024
65,INTC,INTEL CORP,633,01-29-2024
66,002555,37 INTERACTIVE ENTERTAINME-A,11000,01-29-2024
67,IMGN,IMMUNOGEN INC,897,01-29-2024
68,S,SENTINELONE INC -CLASS A,926,01-29-2024
69,PANW,PALO ALTO NETWORKS INC,75,01-29-2024
70,1024,KUAISHOU TECHNOLOGY,4605,01-29-2024
71,SMSN,SAMSUNG ELECTR-GDR REG S,17,01-29-2024
72,CRWD,CROWDSTRIKE HOLDINGS INC - A,78,01-29-2024
73,BUCN,BUCHER INDUSTRIES AG-REG,55,01-29-2024
74,DOCU,DOCUSIGN INC,368,01-29-2024
75,NTNX,NUTANIX INC - A,405,01-29-2024
76,HOOD,ROBINHOOD MARKETS INC - A,1984,01-29-2024
77,ACN,ACCENTURE PLC-CL A,60,01-29-2024
78,TKWY,JUST EAT TAKEAWAY,1349,01-29-2024
79,DGX,QUEST DIAGNOSTICS INC,161,01-29-2024
80,CPF-R,CHAROEN POKPHAND FOODS-NVDR,40575,01-29-2024
81,FTNT,FORTINET INC,311,01-29-2024
82,SLAB,SILICON LABORATORIES INC,155,01-29-2024
83,INSP,INSPIRE MEDICAL SYSTEMS INC,94,01-29-2024
84,SNOW,SNOWFLAKE INC-CLASS A,97,01-29-2024
85,ELM,ELM CO,83,01-29-2024
86,COIN,COINBASE GLOBAL INC -CLASS A,152,01-29-2024
87,CYBR,CYBERARK SOFTWARE LTD/ISRAEL,85,01-29-2024
88,GKOS,GLAUKOS CORP,210,01-29-2024
89,QTWO,Q2 HOLDINGS INC,444,01-29-2024
90,TENB,TENABLE HOLDINGS INC,408,01-29-2024
91,OKTA,OKTA INC,224,01-29-2024
92,ALTR,ALTAIR ENGINEERING INC - A,217,01-29-2024
93,VRNS,VARONIS SYSTEMS INC,411,01-29-2024
94,DBX,DROPBOX INC-CLASS A,582,01-29-2024
95,GDDY,GODADDY INC - CLASS A,174,01-29-2024
96,GEN,GEN DIGITAL INC,776,01-29-2024
97,NET,CLOUDFLARE INC - CLASS A,222,01-29-2024
98,DT,DYNATRACE INC,312,01-29-2024
99,EEFT,EURONET WORLDWIDE INC,184,01-29-2024
100,WISE,WISE PLC - A,1780,01-29-2024
101,CVLT,COMMVAULT SYSTEMS INC,227,01-29-2024
102,CCOI,COGENT COMMUNICATIONS HOLDIN,240,01-29-2024
103,NTAP,NETAPP INC,207,01-29-2024
104,SMAR,SMARTSHEET INC-CLASS A,386,01-29-2024
105,FSLY,FASTLY INC - CLASS A,860,01-29-2024
106,BLKB,BLACKBAUD INC,216,01-29-2024
107,FFIV,F5 INC,98,01-29-2024
108,BRZE,BRAZE INC-A,316,01-29-2024
109,PRFT,PERFICIENT INC,254,01-29-2024
110,4704,TREND MICRO INC,330,01-29-2024
111,CHKP,CHECK POINT SOFTWARE TECH,113,01-29-2024
112,PYPL,PAYPAL HOLDINGS INC,283,01-29-2024
113,6273,SMC CORP,32,01-29-2024
114,RPD,RAPID7 INC,308,01-29-2024
115,ADYEN,ADYEN NV,14,01-29-2024
116,SWAV,SHOCKWAVE MEDICAL INC,77,01-29-2024
117,BL,BLACKLINE INC,280,01-29-2024
118,IDCC,INTERDIGITAL INC,163,01-29-2024
119,QLYS,QUALYS INC,90,01-29-2024
120,FIVN,FIVE9 INC,216,01-29-2024
121,TTD,TRADE DESK INC/THE -CLASS A,240,01-29-2024
122,ASGN,ASGN INC,178,01-29-2024
123,TMDX,TRANSMEDICS GROUP INC,192,01-29-2024
124,PCTY,PAYLOCITY HOLDING CORP,106,01-29-2024
125,2454,MEDIATEK INC,559,01-29-2024
126,SYNA,SYNAPTICS INC,152,01-29-2024
127,ST,SINGAPORE TELECOMMUNICATIONS,9349,01-29-2024
128,TECH,BIO-TECHNE CORP,227,01-29-2024
129,RIOT,RIOT PLATFORMS INC,1425,01-29-2024
130,BOX,BOX INC - CLASS A,617,01-29-2024
131,MSTR,MICROSTRATEGY INC-CL A,32,01-29-2024
132,CGNX,COGNEX CORP,433,01-29-2024
133,AMBA,AMBARELLA INC,289,01-29-2024
134,IRDM,IRIDIUM COMMUNICATIONS INC,437,01-29-2024
135,GMED,GLOBUS MEDICAL INC - A,295,01-29-2024
136,DOCS,DOXIMITY INC-CLASS A,549,01-29-2024
137,ACHC,ACADIA HEALTHCARE CO INC,185,01-29-2024
138,RARE,ULTRAGENYX PHARMACEUTICAL IN,341,01-29-2024
139,NOVT,NOVANTA INC,94,01-29-2024
140,AI,C3.AI INC-A,575,01-29-2024
141,--,QIAGEN --- REGISTERED SHS,328,01-29-2024
142,MEDP,MEDPACE HOLDINGS INC,49,01-29-2024
143,HSIC,HENRY SCHEIN INC,195,01-29-2024
144,SWON,SOFTWAREONE HOLDING AG,789,01-29-2024
145,IART,INTEGRA LIFESCIENCES HOLDING,346,01-29-2024
146,QDEL,QUIDELORTHO CORP,196,01-29-2024
147,KPITTECH,KPIT TECHNOLOGIES LTD,828,01-29-2024
148,TXG,10X GENOMICS INC-CLASS A,309,01-29-2024
149,GH,GUARDANT HEALTH INC,561,01-29-2024
150,NARI,INARI MEDICAL INC,230,01-29-2024
151,BEAM,BEAM THERAPEUTICS INC,436,01-29-2024
152,CRSP,CRISPR THERAPEUTICS AG,186,01-29-2024
153,CNMD,CONMED CORP,123,01-29-2024
154,NTLA,INTELLIA THERAPEUTICS INC,443,01-29-2024
155,1548,GENSCRIPT BIOTECH CORP,4381,01-29-2024
156,--,NET OTHER ASSETS (LIABILITIES),43963,01-29-2024
