,Ticker,Name,Shares,Date
0,NVDA,NVIDIA CORP,325,02-16-2024
1,META,META PLATFORMS INC-CLASS A,482,02-16-2024
2,LLY,ELI LILLY & CO,275,02-16-2024
3,ABBV,ABBVIE INC,1185,02-16-2024
4,NFLX,NETFLIX INC,345,02-16-2024
5,7974,NINTENDO CO LTD,3391,02-16-2024
6,DASH,DOORDASH INC - A,1711,02-16-2024
7,DHR,DANAHER CORP,777,02-16-2024
8,ISRG,INTUITIVE SURGICAL INC,512,02-16-2024
9,BKNG,BOOKING HOLDINGS INC,52,02-16-2024
10,CTVA,CORTEVA INC,3497,02-16-2024
11,AMZN,AMAZON.COM INC,1121,02-16-2024
12,ABT,ABBOTT LABORATORIES,1619,02-16-2024
13,IFF,INTL FLAVORS & FRAGRANCES,2218,02-16-2024
14,MSFT,MICROSOFT CORP,434,02-16-2024
15,SYK,STRYKER CORP,498,02-16-2024
16,JNJ,JOHNSON & JOHNSON,1093,02-16-2024
17,MKC,MCCORMICK & CO-NON VTG SHRS,2497,02-16-2024
18,SY1,SYMRISE AG,1504,02-16-2024
19,AVGO,BROADCOM INC,127,02-16-2024
20,9988,ALIBABA GROUP HOLDING LTD,16868,02-16-2024
21,KYGA,KERRY GROUP PLC-A,1894,02-16-2024
22,AAPL,APPLE INC,856,02-16-2024
23,DE,DEERE & CO,431,02-16-2024
24,GOOGL,ALPHABET INC-CL A,1105,02-16-2024
25,ROG,ROCHE HOLDING AG-GENUSSCHEIN,595,02-16-2024
26,NPN,NASPERS LTD-N SHS,873,02-16-2024
27,NTR,NUTRIEN LTD,2870,02-16-2024
28,ADBE,ADOBE INC,266,02-16-2024
29,700,TENCENT HOLDINGS LTD,3845,02-16-2024
30,BSX,BOSTON SCIENTIFIC CORP,2135,02-16-2024
31,EA,ELECTRONIC ARTS INC,852,02-16-2024
32,V,VISA INC-CLASS A SHARES,396,02-16-2024
33,AGCO,AGCO CORP,908,02-16-2024
34,MA,MASTERCARD INC - A,208,02-16-2024
35,FMC,FMC CORP,1779,02-16-2024
36,TTWO,TAKE-TWO INTERACTIVE SOFTWRE,562,02-16-2024
37,EW,EDWARDS LIFESCIENCES CORP,881,02-16-2024
38,DXCM,DEXCOM INC,562,02-16-2024
39,DHER,DELIVERY HERO SE,2383,02-16-2024
40,QCOM,QUALCOMM INC,350,02-16-2024
41,NEOG,NEOGEN CORP,2949,02-16-2024
42,SMPL,SIMPLY GOOD FOODS CO/THE,1349,02-16-2024
43,3293,INTERNATIONAL GAMES SYSTEM C,1761,02-16-2024
44,HUBS,HUBSPOT INC,75,02-16-2024
45,AYX,ALTERYX INC - CLASS A,920,02-16-2024
46,CSCO,CISCO SYSTEMS INC,879,02-16-2024
47,ORCL,ORACLE CORP,374,02-16-2024
48,SPT,SPROUT SOCIAL INC - CLASS A,642,02-16-2024
49,SE,SEA LTD-ADR,922,02-16-2024
50,MRNA,MODERNA INC,469,02-16-2024
51,ANSS,ANSYS INC,124,02-16-2024
52,REA,REA GROUP LTD,338,02-16-2024
53,MARA,MARATHON DIGITAL HOLDINGS IN,1516,02-16-2024
54,EBAY,EBAY INC,900,02-16-2024
55,SXT,SENSIENT TECHNOLOGIES CORP,596,02-16-2024
56,PINS,PINTEREST INC- CLASS A,1105,02-16-2024
57,RMD,RESMED INC,211,02-16-2024
58,ZD,ZIFF DAVIS INC,538,02-16-2024
59,SMG,SCOTTS MIRACLE-GRO CO,594,02-16-2024
60,AMD,ADVANCED MICRO DEVICES,197,02-16-2024
61,SNAP,SNAP INC - A,2955,02-16-2024
62,ILMN,ILLUMINA INC,227,02-16-2024
63,SAP,SAP SE,178,02-16-2024
64,HOOD,ROBINHOOD MARKETS INC - A,1984,02-16-2024
65,INTC,INTEL CORP,633,02-16-2024
66,PANW,PALO ALTO NETWORKS INC,75,02-16-2024
67,COIN,COINBASE GLOBAL INC -CLASS A,152,02-16-2024
68,S,SENTINELONE INC -CLASS A,926,02-16-2024
69,002555,37 INTERACTIVE ENTERTAINME-A,11000,02-16-2024
70,1024,KUAISHOU TECHNOLOGY,4605,02-16-2024
71,CRWD,CROWDSTRIKE HOLDINGS INC - A,78,02-16-2024
72,NTNX,NUTANIX INC - A,405,02-16-2024
73,BUCN,BUCHER INDUSTRIES AG-REG,55,02-16-2024
74,RIOT,RIOT PLATFORMS INC,1425,02-16-2024
75,SMSN,SAMSUNG ELECTR-GDR REG S,17,02-16-2024
76,ELM,ELM CO,83,02-16-2024
77,ADYEN,ADYEN NV,14,02-16-2024
78,TKWY,JUST EAT TAKEAWAY,1349,02-16-2024
79,MSTR,MICROSTRATEGY INC-CL A,32,02-16-2024
80,SNOW,SNOWFLAKE INC-CLASS A,97,02-16-2024
81,ACN,ACCENTURE PLC-CL A,60,02-16-2024
82,CYBR,CYBERARK SOFTWARE LTD/ISRAEL,85,02-16-2024
83,NET,CLOUDFLARE INC - CLASS A,222,02-16-2024
84,SLAB,SILICON LABORATORIES INC,155,02-16-2024
85,TTD,TRADE DESK INC/THE -CLASS A,240,02-16-2024
86,FTNT,FORTINET INC,311,02-16-2024
87,CVLT,COMMVAULT SYSTEMS INC,227,02-16-2024
88,TENB,TENABLE HOLDINGS INC,408,02-16-2024
89,CPF-R,CHAROEN POKPHAND FOODS-NVDR,40575,02-16-2024
90,VRNS,VARONIS SYSTEMS INC,411,02-16-2024
91,SWAV,SHOCKWAVE MEDICAL INC,77,02-16-2024
92,DGX,QUEST DIAGNOSTICS INC,161,02-16-2024
93,EEFT,EURONET WORLDWIDE INC,184,02-16-2024
94,OKTA,OKTA INC,224,02-16-2024
95,ALTR,ALTAIR ENGINEERING INC - A,217,02-16-2024
96,GKOS,GLAUKOS CORP,210,02-16-2024
97,MEDP,MEDPACE HOLDINGS INC,49,02-16-2024
98,GDDY,GODADDY INC - CLASS A,174,02-16-2024
99,IDCC,INTERDIGITAL INC,163,02-16-2024
100,WISE,WISE PLC - A,1780,02-16-2024
101,QTWO,Q2 HOLDINGS INC,444,02-16-2024
102,PCTY,PAYLOCITY HOLDING CORP,106,02-16-2024
103,DOCU,DOCUSIGN INC,368,02-16-2024
104,RPD,RAPID7 INC,308,02-16-2024
105,CHKP,CHECK POINT SOFTWARE TECH,113,02-16-2024
106,CCOI,COGENT COMMUNICATIONS HOLDIN,240,02-16-2024
107,BRZE,BRAZE INC-A,316,02-16-2024
108,INSP,INSPIRE MEDICAL SYSTEMS INC,94,02-16-2024
109,6273,SMC CORP,32,02-16-2024
110,FFIV,F5 INC,98,02-16-2024
111,PRFT,PERFICIENT INC,254,02-16-2024
112,NTAP,NETAPP INC,207,02-16-2024
113,2454,MEDIATEK INC,559,02-16-2024
114,TMDX,TRANSMEDICS GROUP INC,192,02-16-2024
115,ASGN,ASGN INC,178,02-16-2024
116,SMAR,SMARTSHEET INC-CLASS A,386,02-16-2024
117,PYPL,PAYPAL HOLDINGS INC,283,02-16-2024
118,KPITTECH,KPIT TECHNOLOGIES LTD,828,02-16-2024
119,RARE,ULTRAGENYX PHARMACEUTICAL IN,341,02-16-2024
120,DOCS,DOXIMITY INC-CLASS A,549,02-16-2024
121,GEN,GEN DIGITAL INC,776,02-16-2024
122,ST,SINGAPORE TELECOMMUNICATIONS,9349,02-16-2024
123,AI,C3.AI INC-A,575,02-16-2024
124,CGNX,COGNEX CORP,433,02-16-2024
125,TECH,BIO-TECHNE CORP,227,02-16-2024
126,SYNA,SYNAPTICS INC,152,02-16-2024
127,BL,BLACKLINE INC,280,02-16-2024
128,BOX,BOX INC - CLASS A,617,02-16-2024
129,DT,DYNATRACE INC,312,02-16-2024
130,GMED,GLOBUS MEDICAL INC - A,295,02-16-2024
131,4704,TREND MICRO INC,330,02-16-2024
132,FIVN,FIVE9 INC,216,02-16-2024
133,IART,INTEGRA LIFESCIENCES HOLDING,346,02-16-2024
134,AMBA,AMBARELLA INC,289,02-16-2024
135,ACHC,ACADIA HEALTHCARE CO INC,185,02-16-2024
136,CRSP,CRISPR THERAPEUTICS AG,186,02-16-2024
137,NOVT,NOVANTA INC,94,02-16-2024
138,SWON,SOFTWAREONE HOLDING AG,789,02-16-2024
139,TXG,10X GENOMICS INC-CLASS A,309,02-16-2024
140,BLKB,BLACKBAUD INC,216,02-16-2024
141,QLYS,QUALYS INC,90,02-16-2024
142,HSIC,HENRY SCHEIN INC,195,02-16-2024
143,DBX,DROPBOX INC-CLASS A,582,02-16-2024
144,BEAM,BEAM THERAPEUTICS INC,436,02-16-2024
145,QIA,QIAGEN N.V.,327,02-16-2024
146,FSLY,FASTLY INC - CLASS A,860,02-16-2024
147,NARI,INARI MEDICAL INC,230,02-16-2024
148,IRDM,IRIDIUM COMMUNICATIONS INC,437,02-16-2024
149,GH,GUARDANT HEALTH INC,561,02-16-2024
150,NTLA,INTELLIA THERAPEUTICS INC,443,02-16-2024
151,CNMD,CONMED CORP,123,02-16-2024
152,QDEL,QUIDELORTHO CORP,196,02-16-2024
153,1548,GENSCRIPT BIOTECH CORP,4381,02-16-2024
154,--,NET OTHER ASSETS (LIABILITIES),43325,02-16-2024
