,Ticker,Name,Shares,Date
0,NVDA,NVIDIA CORP,289,04-29-2024
1,DASH,DOORDASH INC - A,1523,04-29-2024
2,META,META PLATFORMS INC-CLASS A,429,04-29-2024
3,LLY,ELI LILLY & CO,245,04-29-2024
4,AMZN,AMAZON.COM INC,998,04-29-2024
5,CTVA,CORTEVA INC,3112,04-29-2024
6,NFLX,NETFLIX INC,307,04-29-2024
7,DHR,DANAHER CORP,693,04-29-2024
8,ABBV,ABBVIE INC,1058,04-29-2024
9,ISRG,INTUITIVE SURGICAL INC,456,04-29-2024
10,MKC,MCCORMICK & CO-NON VTG SHRS,2222,04-29-2024
11,IFF,INTL FLAVORS & FRAGRANCES,1974,04-29-2024
12,GOOGL,ALPHABET INC-CL A,983,04-29-2024
13,BKNG,BOOKING HOLDINGS INC,46,04-29-2024
14,MSFT,MICROSOFT CORP,386,04-29-2024
15,700,TENCENT HOLDINGS LTD,3492,04-29-2024
16,ABT,ABBOTT LABORATORIES,1441,04-29-2024
17,DE,DEERE & CO,384,04-29-2024
18,NPN,NASPERS LTD-N SHS,793,04-29-2024
19,AVGO,BROADCOM INC,114,04-29-2024
20,7974,NINTENDO CO LTD,3080,04-29-2024
21,SYK,STRYKER CORP,443,04-29-2024
22,KYGA,KERRY GROUP PLC-A,1720,04-29-2024
23,SY1,SYMRISE AG,1379,04-29-2024
24,9988,ALIBABA GROUP HOLDING LTD,15319,04-29-2024
25,JNJ,JOHNSON & JOHNSON,973,04-29-2024
26,NTR,NUTRIEN LTD,2578,04-29-2024
27,BSX,BOSTON SCIENTIFIC CORP,1900,04-29-2024
28,ROG,ROCHE HOLDING AG-GENUSSCHEIN,546,04-29-2024
29,AAPL,APPLE INC,762,04-29-2024
30,ADBE,ADOBE INC,239,04-29-2024
31,EA,ELECTRONIC ARTS INC,766,04-29-2024
32,FMC,FMC CORP,1599,04-29-2024
33,AGCO,AGCO CORP,808,04-29-2024
34,V,VISA INC-CLASS A SHARES,352,04-29-2024
35,MA,MASTERCARD INC - A,185,04-29-2024
36,TTWO,TAKE-TWO INTERACTIVE SOFTWRE,500,04-29-2024
37,EW,EDWARDS LIFESCIENCES CORP,784,04-29-2024
38,DXCM,DEXCOM INC,500,04-29-2024
39,DHER,DELIVERY HERO SE,2164,04-29-2024
40,SE,SEA LTD-ADR,837,04-29-2024
41,QCOM,QUALCOMM INC,311,04-29-2024
42,3293,INTERNATIONAL GAMES SYSTEM C,1599,04-29-2024
43,MRNA,MODERNA INC,417,04-29-2024
44,HUBS,HUBSPOT INC,67,04-29-2024
45,EBAY,EBAY INC,799,04-29-2024
46,SMPL,SIMPLY GOOD FOODS CO/THE,1200,04-29-2024
47,RMD,RESMED INC,187,04-29-2024
48,ORCL,ORACLE CORP,333,04-29-2024
49,SXT,SENSIENT TECHNOLOGIES CORP,529,04-29-2024
50,SNAP,SNAP INC - A,2628,04-29-2024
51,CSCO,CISCO SYSTEMS INC,782,04-29-2024
52,MSTR,MICROSTRATEGY INC-CL A,28,04-29-2024
53,SMG,SCOTTS MIRACLE-GRO CO,528,04-29-2024
54,REA,REA GROUP LTD,300,04-29-2024
55,ANSS,ANSYS INC,105,04-29-2024
56,PINS,PINTEREST INC- CLASS A,981,04-29-2024
57,NEOG,NEOGEN CORP,2625,04-29-2024
58,HOOD,ROBINHOOD MARKETS INC - A,1762,04-29-2024
59,SPT,SPROUT SOCIAL INC - CLASS A,570,04-29-2024
60,1024,KUAISHOU TECHNOLOGY,4090,04-29-2024
61,COIN,COINBASE GLOBAL INC -CLASS A,135,04-29-2024
62,SAP,SAP SE,158,04-29-2024
63,AMD,ADVANCED MICRO DEVICES,175,04-29-2024
64,ILMN,ILLUMINA INC,202,04-29-2024
65,ZD,ZIFF DAVIS INC,478,04-29-2024
66,MARA,MARATHON DIGITAL HOLDINGS IN,1346,04-29-2024
67,002555,37 INTERACTIVE ENTERTAINME-A,9800,04-29-2024
68,NTNX,NUTANIX INC - A,360,04-29-2024
69,SWAV,SHOCKWAVE MEDICAL INC,68,04-29-2024
70,CRWD,CROWDSTRIKE HOLDINGS INC - A,69,04-29-2024
71,SMSN,SAMSUNG ELECTR-GDR REG S,15,04-29-2024
72,QTWO,Q2 HOLDINGS INC,394,04-29-2024
73,INSP,INSPIRE MEDICAL SYSTEMS INC,84,04-29-2024
74,CVLT,COMMVAULT SYSTEMS INC,202,04-29-2024
75,DGX,QUEST DIAGNOSTICS INC,143,04-29-2024
76,PANW,PALO ALTO NETWORKS INC,67,04-29-2024
77,BUCN,BUCHER INDUSTRIES AG-REG,49,04-29-2024
78,GDDY,GODADDY INC - CLASS A,155,04-29-2024
79,NTAP,NETAPP INC,184,04-29-2024
80,DOCU,DOCUSIGN INC,327,04-29-2024
81,OKTA,OKTA INC,199,04-29-2024
82,CYBR,CYBERARK SOFTWARE LTD/ISRAEL,76,04-29-2024
83,CPF-R,CHAROEN POKPHAND FOODS-NVDR,36038,04-29-2024
84,TKWY,JUST EAT TAKEAWAY,1198,04-29-2024
85,GKOS,GLAUKOS CORP,187,04-29-2024
86,TTD,TRADE DESK INC/THE -CLASS A,213,04-29-2024
87,ELM,ELM CO,74,04-29-2024
88,S,SENTINELONE INC -CLASS A,822,04-29-2024
89,FTNT,FORTINET INC,276,04-29-2024
90,NET,CLOUDFLARE INC - CLASS A,197,04-29-2024
91,INTC,INTEL CORP,562,04-29-2024
92,MEDP,MEDPACE HOLDINGS INC,44,04-29-2024
93,SLAB,SILICON LABORATORIES INC,138,04-29-2024
94,EEFT,EURONET WORLDWIDE INC,163,04-29-2024
95,PYPL,PAYPAL HOLDINGS INC,251,04-29-2024
96,TMDX,TRANSMEDICS GROUP INC,171,04-29-2024
97,TENB,TENABLE HOLDINGS INC,362,04-29-2024
98,VRNS,VARONIS SYSTEMS INC,365,04-29-2024
99,ACN,ACCENTURE PLC-CL A,53,04-29-2024
100,ADYEN,ADYEN NV,13,04-29-2024
101,CGNX,COGNEX CORP,385,04-29-2024
102,ALTR,ALTAIR ENGINEERING INC - A,193,04-29-2024
103,FFIV,F5 INC,87,04-29-2024
104,ASGN,ASGN INC,158,04-29-2024
105,WISE,WISE PLC - A,1581,04-29-2024
106,2454,MEDIATEK INC,496,04-29-2024
107,BLKB,BLACKBAUD INC,192,04-29-2024
108,CHKP,CHECK POINT SOFTWARE TECH,100,04-29-2024
109,BL,BLACKLINE INC,249,04-29-2024
110,PCTY,PAYLOCITY HOLDING CORP,94,04-29-2024
111,BOX,BOX INC - CLASS A,548,04-29-2024
112,IDCC,INTERDIGITAL INC,145,04-29-2024
113,4704,TREND MICRO INC,293,04-29-2024
114,6273,SMC CORP,28,04-29-2024
115,ST,SINGAPORE TELECOMMUNICATIONS,8303,04-29-2024
116,GEN,GEN DIGITAL INC,689,04-29-2024
117,CCOI,COGENT COMMUNICATIONS HOLDIN,213,04-29-2024
118,RIOT,RIOT PLATFORMS INC,1266,04-29-2024
119,SNOW,SNOWFLAKE INC-CLASS A,86,04-29-2024
120,QLYS,QUALYS INC,80,04-29-2024
121,NOVT,NOVANTA INC,84,04-29-2024
122,RARE,ULTRAGENYX PHARMACEUTICAL IN,303,04-29-2024
123,KPITTECH,KPIT TECHNOLOGIES LTD,735,04-29-2024
124,GMED,GLOBUS MEDICAL INC - A,262,04-29-2024
125,SMAR,SMARTSHEET INC-CLASS A,343,04-29-2024
126,TECH,BIO-TECHNE CORP,202,04-29-2024
127,DT,DYNATRACE INC,277,04-29-2024
128,HSIC,HENRY SCHEIN INC,173,04-29-2024
129,RPD,RAPID7 INC,274,04-29-2024
130,DBX,DROPBOX INC-CLASS A,517,04-29-2024
131,IRDM,IRIDIUM COMMUNICATIONS INC,388,04-29-2024
132,ACHC,ACADIA HEALTHCARE CO INC,164,04-29-2024
133,QIA,QIAGEN N.V.,290,04-29-2024
134,SWON,SOFTWAREONE HOLDING AG,701,04-29-2024
135,BRZE,BRAZE INC-A,281,04-29-2024
136,SYNA,SYNAPTICS INC,135,04-29-2024
137,DOCS,DOXIMITY INC-CLASS A,488,04-29-2024
138,AI,C3.AI INC-A,511,04-29-2024
139,AMBA,AMBARELLA INC,257,04-29-2024
140,FIVN,FIVE9 INC,192,04-29-2024
141,FSLY,FASTLY INC - CLASS A,764,04-29-2024
142,PRFT,PERFICIENT INC,226,04-29-2024
143,GH,GUARDANT HEALTH INC,498,04-29-2024
144,CRSP,CRISPR THERAPEUTICS AG,165,04-29-2024
145,IART,INTEGRA LIFESCIENCES HOLDING,307,04-29-2024
146,NTLA,INTELLIA THERAPEUTICS INC,393,04-29-2024
147,BEAM,BEAM THERAPEUTICS INC,387,04-29-2024
148,TXG,10X GENOMICS INC-CLASS A,274,04-29-2024
149,NARI,INARI MEDICAL INC,204,04-29-2024
150,CNMD,CONMED CORP,109,04-29-2024
151,QDEL,QUIDELORTHO CORP,174,04-29-2024
152,1548,GENSCRIPT BIOTECH CORP,3891,04-29-2024
153,--,NET OTHER ASSETS (LIABILITIES),51533,04-29-2024
