,Ticker,Name,Shares,Date
0,NVDA,NVIDIA CORP,289,05-01-2024
1,DASH,DOORDASH INC - A,1523,05-01-2024
2,LLY,ELI LILLY & CO,245,05-01-2024
3,META,META PLATFORMS INC-CLASS A,429,05-01-2024
4,AMZN,AMAZON.COM INC,998,05-01-2024
5,ABBV,ABBVIE INC,1058,05-01-2024
6,DHR,DANAHER CORP,693,05-01-2024
7,ISRG,INTUITIVE SURGICAL INC,456,05-01-2024
8,NFLX,NETFLIX INC,307,05-01-2024
9,CTVA,CORTEVA INC,3112,05-01-2024
10,IFF,INTL FLAVORS & FRAGRANCES,1974,05-01-2024
11,MKC,MCCORMICK & CO-NON VTG SHRS,2222,05-01-2024
12,GOOGL,ALPHABET INC-CL A,983,05-01-2024
13,BKNG,BOOKING HOLDINGS INC,46,05-01-2024
14,700,TENCENT HOLDINGS LTD,3492,05-01-2024
15,NPN,NASPERS LTD-N SHS,793,05-01-2024
16,ABT,ABBOTT LABORATORIES,1441,05-01-2024
17,MSFT,MICROSOFT CORP,386,05-01-2024
18,7974,NINTENDO CO LTD,3080,05-01-2024
19,DE,DEERE & CO,384,05-01-2024
20,KYGA,KERRY GROUP PLC-A,1720,05-01-2024
21,SY1,SYMRISE AG,1379,05-01-2024
22,JNJ,JOHNSON & JOHNSON,973,05-01-2024
23,9988,ALIBABA GROUP HOLDING LTD,15319,05-01-2024
24,SYK,STRYKER CORP,443,05-01-2024
25,AVGO,BROADCOM INC,114,05-01-2024
26,BSX,BOSTON SCIENTIFIC CORP,1900,05-01-2024
27,NTR,NUTRIEN LTD,2578,05-01-2024
28,ROG,ROCHE HOLDING AG-GENUSSCHEIN,546,05-01-2024
29,AAPL,APPLE INC,762,05-01-2024
30,ADBE,ADOBE INC,239,05-01-2024
31,EA,ELECTRONIC ARTS INC,766,05-01-2024
32,V,VISA INC-CLASS A SHARES,352,05-01-2024
33,FMC,FMC CORP,1599,05-01-2024
34,AGCO,AGCO CORP,808,05-01-2024
35,MA,MASTERCARD INC - A,185,05-01-2024
36,TTWO,TAKE-TWO INTERACTIVE SOFTWRE,500,05-01-2024
37,EW,EDWARDS LIFESCIENCES CORP,784,05-01-2024
38,DXCM,DEXCOM INC,500,05-01-2024
39,DHER,DELIVERY HERO SE,2164,05-01-2024
40,SE,SEA LTD-ADR,837,05-01-2024
41,QCOM,QUALCOMM INC,311,05-01-2024
42,3293,INTERNATIONAL GAMES SYSTEM C,1599,05-01-2024
43,MRNA,MODERNA INC,417,05-01-2024
44,SMPL,SIMPLY GOOD FOODS CO/THE,1200,05-01-2024
45,SNAP,SNAP INC - A,2628,05-01-2024
46,EBAY,EBAY INC,799,05-01-2024
47,HUBS,HUBSPOT INC,67,05-01-2024
48,RMD,RESMED INC,187,05-01-2024
49,PINS,PINTEREST INC- CLASS A,981,05-01-2024
50,SXT,SENSIENT TECHNOLOGIES CORP,529,05-01-2024
51,ORCL,ORACLE CORP,333,05-01-2024
52,CSCO,CISCO SYSTEMS INC,782,05-01-2024
53,SMG,SCOTTS MIRACLE-GRO CO,528,05-01-2024
54,REA,REA GROUP LTD,300,05-01-2024
55,ANSS,ANSYS INC,105,05-01-2024
56,NEOG,NEOGEN CORP,2625,05-01-2024
57,HOOD,ROBINHOOD MARKETS INC - A,1762,05-01-2024
58,1024,KUAISHOU TECHNOLOGY,4090,05-01-2024
59,MSTR,MICROSTRATEGY INC-CL A,28,05-01-2024
60,SAP,SAP SE,158,05-01-2024
61,SPT,SPROUT SOCIAL INC - CLASS A,570,05-01-2024
62,COIN,COINBASE GLOBAL INC -CLASS A,135,05-01-2024
63,AMD,ADVANCED MICRO DEVICES,175,05-01-2024
64,ILMN,ILLUMINA INC,202,05-01-2024
65,ZD,ZIFF DAVIS INC,478,05-01-2024
66,002555,37 INTERACTIVE ENTERTAINME-A,9800,05-01-2024
67,SWAV,SHOCKWAVE MEDICAL INC,68,05-01-2024
68,NTNX,NUTANIX INC - A,360,05-01-2024
69,MARA,MARATHON DIGITAL HOLDINGS IN,1346,05-01-2024
70,SMSN,SAMSUNG ELECTR-GDR REG S,15,05-01-2024
71,CVLT,COMMVAULT SYSTEMS INC,202,05-01-2024
72,INSP,INSPIRE MEDICAL SYSTEMS INC,84,05-01-2024
73,CRWD,CROWDSTRIKE HOLDINGS INC - A,69,05-01-2024
74,QTWO,Q2 HOLDINGS INC,394,05-01-2024
75,TMDX,TRANSMEDICS GROUP INC,171,05-01-2024
76,DGX,QUEST DIAGNOSTICS INC,143,05-01-2024
77,CPF-R,CHAROEN POKPHAND FOODS-NVDR,36038,05-01-2024
78,PANW,PALO ALTO NETWORKS INC,67,05-01-2024
79,GDDY,GODADDY INC - CLASS A,155,05-01-2024
80,BUCN,BUCHER INDUSTRIES AG-REG,49,05-01-2024
81,DOCU,DOCUSIGN INC,327,05-01-2024
82,NTAP,NETAPP INC,184,05-01-2024
83,OKTA,OKTA INC,199,05-01-2024
84,GKOS,GLAUKOS CORP,187,05-01-2024
85,TTD,TRADE DESK INC/THE -CLASS A,213,05-01-2024
86,CYBR,CYBERARK SOFTWARE LTD/ISRAEL,76,05-01-2024
87,ELM,ELM CO,74,05-01-2024
88,TKWY,JUST EAT TAKEAWAY,1198,05-01-2024
89,S,SENTINELONE INC -CLASS A,822,05-01-2024
90,FTNT,FORTINET INC,276,05-01-2024
91,MEDP,MEDPACE HOLDINGS INC,44,05-01-2024
92,NET,CLOUDFLARE INC - CLASS A,197,05-01-2024
93,INTC,INTEL CORP,562,05-01-2024
94,EEFT,EURONET WORLDWIDE INC,163,05-01-2024
95,PYPL,PAYPAL HOLDINGS INC,251,05-01-2024
96,SLAB,SILICON LABORATORIES INC,138,05-01-2024
97,TENB,TENABLE HOLDINGS INC,362,05-01-2024
98,VRNS,VARONIS SYSTEMS INC,365,05-01-2024
99,ACN,ACCENTURE PLC-CL A,53,05-01-2024
100,CGNX,COGNEX CORP,385,05-01-2024
101,ALTR,ALTAIR ENGINEERING INC - A,193,05-01-2024
102,ADYEN,ADYEN NV,13,05-01-2024
103,WISE,WISE PLC - A,1581,05-01-2024
104,2454,MEDIATEK INC,496,05-01-2024
105,ASGN,ASGN INC,158,05-01-2024
106,CHKP,CHECK POINT SOFTWARE TECH,100,05-01-2024
107,TECH,BIO-TECHNE CORP,202,05-01-2024
108,6273,SMC CORP,28,05-01-2024
109,BLKB,BLACKBAUD INC,192,05-01-2024
110,4704,TREND MICRO INC,293,05-01-2024
111,ST,SINGAPORE TELECOMMUNICATIONS,8303,05-01-2024
112,FFIV,F5 INC,87,05-01-2024
113,BOX,BOX INC - CLASS A,548,05-01-2024
114,BL,BLACKLINE INC,249,05-01-2024
115,IDCC,INTERDIGITAL INC,145,05-01-2024
116,PCTY,PAYLOCITY HOLDING CORP,94,05-01-2024
117,CCOI,COGENT COMMUNICATIONS HOLDIN,213,05-01-2024
118,GEN,GEN DIGITAL INC,689,05-01-2024
119,SNOW,SNOWFLAKE INC-CLASS A,86,05-01-2024
120,QLYS,QUALYS INC,80,05-01-2024
121,GMED,GLOBUS MEDICAL INC - A,262,05-01-2024
122,SMAR,SMARTSHEET INC-CLASS A,343,05-01-2024
123,NOVT,NOVANTA INC,84,05-01-2024
124,KPITTECH,KPIT TECHNOLOGIES LTD,735,05-01-2024
125,RARE,ULTRAGENYX PHARMACEUTICAL IN,303,05-01-2024
126,DT,DYNATRACE INC,277,05-01-2024
127,RIOT,RIOT PLATFORMS INC,1266,05-01-2024
128,RPD,RAPID7 INC,274,05-01-2024
129,IRDM,IRIDIUM COMMUNICATIONS INC,388,05-01-2024
130,DBX,DROPBOX INC-CLASS A,517,05-01-2024
131,QIA,QIAGEN N.V.,290,05-01-2024
132,ACHC,ACADIA HEALTHCARE CO INC,164,05-01-2024
133,SWON,SOFTWAREONE HOLDING AG,701,05-01-2024
134,HSIC,HENRY SCHEIN INC,173,05-01-2024
135,SYNA,SYNAPTICS INC,135,05-01-2024
136,DOCS,DOXIMITY INC-CLASS A,488,05-01-2024
137,AMBA,AMBARELLA INC,257,05-01-2024
138,AI,C3.AI INC-A,511,05-01-2024
139,BRZE,BRAZE INC-A,281,05-01-2024
140,FIVN,FIVE9 INC,192,05-01-2024
141,PRFT,PERFICIENT INC,226,05-01-2024
142,FSLY,FASTLY INC - CLASS A,764,05-01-2024
143,GH,GUARDANT HEALTH INC,498,05-01-2024
144,IART,INTEGRA LIFESCIENCES HOLDING,307,05-01-2024
145,CRSP,CRISPR THERAPEUTICS AG,165,05-01-2024
146,NTLA,INTELLIA THERAPEUTICS INC,393,05-01-2024
147,NARI,INARI MEDICAL INC,204,05-01-2024
148,BEAM,BEAM THERAPEUTICS INC,387,05-01-2024
149,CNMD,CONMED CORP,109,05-01-2024
150,TXG,10X GENOMICS INC-CLASS A,274,05-01-2024
151,QDEL,QUIDELORTHO CORP,174,05-01-2024
152,1548,GENSCRIPT BIOTECH CORP,3891,05-01-2024
153,--,NET OTHER ASSETS (LIABILITIES),51128,05-01-2024
