,Ticker,Name,Shares,Date
0,ADBE,ADOBE INC,436,11-27-2023
1,NVDA,NVIDIA CORP,518,11-27-2023
2,META,META PLATFORMS INC-CLASS A,659,11-27-2023
3,NFLX,NETFLIX INC,443,11-27-2023
4,AMZN,AMAZON.COM INC,1393,11-27-2023
5,MSFT,MICROSOFT CORP,509,11-27-2023
6,DASH,DOORDASH INC - A,2031,11-27-2023
7,BKNG,BOOKING HOLDINGS INC,59,11-27-2023
8,GOOGL,ALPHABET INC-CL A,1319,11-27-2023
9,AAPL,APPLE INC,924,11-27-2023
10,DIS,WALT DISNEY CO/THE,1772,11-27-2023
11,DE,DEERE & CO,445,11-27-2023
12,SY1,SYMRISE AG,1416,11-27-2023
13,700,TENCENT HOLDINGS LTD,3798,11-27-2023
14,ABBV,ABBVIE INC,1116,11-27-2023
15,ABT,ABBOTT LABORATORIES,1486,11-27-2023
16,9988,ALIBABA GROUP HOLDING LTD,15348,11-27-2023
17,DHR,DANAHER CORP,661,11-27-2023
18,IFF,INTL FLAVORS & FRAGRANCES,1935,11-27-2023
19,NTR,NUTRIEN LTD,2612,11-27-2023
20,JNJ,JOHNSON & JOHNSON,944,11-27-2023
21,ROG,ROCHE HOLDING AG-GENUSSCHEIN,507,11-27-2023
22,ISRG,INTUITIVE SURGICAL INC,432,11-27-2023
23,V,VISA INC-CLASS A SHARES,521,11-27-2023
24,CTVA,CORTEVA INC,2842,11-27-2023
25,KYGA,KERRY GROUP PLC-A,1582,11-27-2023
26,SYK,STRYKER CORP,421,11-27-2023
27,MKC,MCCORMICK & CO-NON VTG SHRS,1821,11-27-2023
28,7974,NINTENDO CO LTD,2522,11-27-2023
29,MA,MASTERCARD INC - A,273,11-27-2023
30,BSX,BOSTON SCIENTIFIC CORP,1775,11-27-2023
31,MDT,MEDTRONIC PLC,1169,11-27-2023
32,CNHI,CNH INDUSTRIAL NV,8678,11-27-2023
33,AVGO,BROADCOM INC,94,11-27-2023
34,GILD,GILEAD SCIENCES INC,1101,11-27-2023
35,AGCO,AGCO CORP,707,11-27-2023
36,TMO,THERMO FISHER SCIENTIFIC INC,164,11-27-2023
37,EA,ELECTRONIC ARTS INC,535,11-27-2023
38,FMC,FMC CORP,1391,11-27-2023
39,BMY,BRISTOL-MYERS SQUIBB CO,1395,11-27-2023
40,DHER,DELIVERY HERO SE,1927,11-27-2023
41,ANSS,ANSYS INC,211,11-27-2023
42,ORCL,ORACLE CORP,515,11-27-2023
43,CHR,CHR HANSEN HOLDING A/S,734,11-27-2023
44,EBAY,EBAY INC,1305,11-27-2023
45,EW,EDWARDS LIFESCIENCES CORP,748,11-27-2023
46,ACN,ACCENTURE PLC-CL A,143,11-27-2023
47,QCOM,QUALCOMM INC,369,11-27-2023
48,SMPL,SIMPLY GOOD FOODS CO/THE,974,11-27-2023
49,NEOG,NEOGEN CORP,2214,11-27-2023
50,INTC,INTEL CORP,809,11-27-2023
51,CSCO,CISCO SYSTEMS INC,739,11-27-2023
52,SAP,SAP SE,227,11-27-2023
53,SE,SEA LTD-ADR,861,11-27-2023
54,AMD,ADVANCED MICRO DEVICES,261,11-27-2023
55,COIN,COINBASE GLOBAL INC -CLASS A,265,11-27-2023
56,MRNA,MODERNA INC,402,11-27-2023
57,PINS,PINTEREST INC- CLASS A,953,11-27-2023
58,SMSN,SAMSUNG ELECTR-GDR REG S,22,11-27-2023
59,SNAP,SNAP INC - A,2227,11-27-2023
60,SXT,SENSIENT TECHNOLOGIES CORP,465,11-27-2023
61,SPT,SPROUT SOCIAL INC - CLASS A,493,11-27-2023
62,RMD,RESMED INC,175,11-27-2023
63,SMCI,SUPER MICRO COMPUTER INC,91,11-27-2023
64,SMG,SCOTTS MIRACLE-GRO CO,463,11-27-2023
65,MSTR,MICROSTRATEGY INC-CL A,52,11-27-2023
66,UPLL,UPL LTD,3815,11-27-2023
67,PANW,PALO ALTO NETWORKS INC,94,11-27-2023
68,1024,KUAISHOU TECHNOLOGY,3323,11-27-2023
69,VRNS,VARONIS SYSTEMS INC,617,11-27-2023
70,3293,INTERNATIONAL GAMES SYSTEM C,1192,11-27-2023
71,TTWO,TAKE-TWO INTERACTIVE SOFTWRE,155,11-27-2023
72,NTNX,NUTANIX INC - A,586,11-27-2023
73,ELM,ELM CO,118,11-27-2023
74,REA,REA GROUP LTD,227,11-27-2023
75,QLYS,QUALYS INC,124,11-27-2023
76,ZD,ZIFF DAVIS INC,341,11-27-2023
77,CRWD,CROWDSTRIKE HOLDINGS INC - A,104,11-27-2023
78,ASGN,ASGN INC,228,11-27-2023
79,HUBS,HUBSPOT INC,44,11-27-2023
80,GDDY,GODADDY INC - CLASS A,211,11-27-2023
81,GLB,GLANBIA PLC,1205,11-27-2023
82,GEN,GEN DIGITAL INC,927,11-27-2023
83,WISE,WISE PLC - A,2011,11-27-2023
84,2454,MEDIATEK INC,660,11-27-2023
85,SYNA,SYNAPTICS INC,182,11-27-2023
86,NET,CLOUDFLARE INC - CLASS A,258,11-27-2023
87,CYBR,CYBERARK SOFTWARE LTD/ISRAEL,97,11-27-2023
88,DBX,DROPBOX INC-CLASS A,663,11-27-2023
89,PYPL,PAYPAL HOLDINGS INC,333,11-27-2023
90,DGX,QUEST DIAGNOSTICS INC,135,11-27-2023
91,CHKP,CHECK POINT SOFTWARE TECH,123,11-27-2023
92,FIVN,FIVE9 INC,242,11-27-2023
93,ILMN,ILLUMINA INC,189,11-27-2023
94,NTAP,NETAPP INC,229,11-27-2023
95,IDCC,INTERDIGITAL INC,177,11-27-2023
96,RPD,RAPID7 INC,334,11-27-2023
97,FFIV,F5 INC,104,11-27-2023
98,CPF-R,CHAROEN POKPHAND FOODS-NVDR,31740,11-27-2023
99,AI,C3.AI INC-A,593,11-27-2023
100,VMW,VMWARE INC-CLASS A,120,11-27-2023
101,CVLT,COMMVAULT SYSTEMS INC,230,11-27-2023
102,002555,37 INTERACTIVE ENTERTAINME-A,5200,11-27-2023
103,BL,BLACKLINE INC,280,11-27-2023
104,4704,TREND MICRO INC,324,11-27-2023
105,CCOI,COGENT COMMUNICATIONS HOLDIN,240,11-27-2023
106,VLTO,VERALTO CORP,214,11-27-2023
107,TENB,TENABLE HOLDINGS INC,376,11-27-2023
108,TTD,TRADE DESK INC/THE -CLASS A,224,11-27-2023
109,ALTR,ALTAIR ENGINEERING INC - A,214,11-27-2023
110,SNOW,SNOWFLAKE INC-CLASS A,85,11-27-2023
111,6273,SMC CORP,28,11-27-2023
112,S,SENTINELONE INC -CLASS A,800,11-27-2023
113,BOX,BOX INC - CLASS A,545,11-27-2023
114,RNG,RINGCENTRAL INC-CLASS A,483,11-27-2023
115,SMAR,SMARTSHEET INC-CLASS A,320,11-27-2023
116,OKTA,OKTA INC,183,11-27-2023
117,DOCN,DIGITALOCEAN HOLDINGS INC,441,11-27-2023
118,PCTY,PAYLOCITY HOLDING CORP,85,11-27-2023
119,PRFT,PERFICIENT INC,194,11-27-2023
120,ADYEN,ADYEN NV,10,11-27-2023
121,DOCU,DOCUSIGN INC,281,11-27-2023
122,TECH,BIO-TECHNE CORP,189,11-27-2023
123,FTNT,FORTINET INC,215,11-27-2023
124,AMBA,AMBARELLA INC,207,11-27-2023
125,EMBRACB,EMBRACER GROUP AB,5413,11-27-2023
126,--,QIAGEN N.V.,276,11-27-2023
127,EEFT,EURONET WORLDWIDE INC,127,11-27-2023
128,HSIC,HENRY SCHEIN INC,158,11-27-2023
129,SLAB,SILICON LABORATORIES INC,106,11-27-2023
130,300454,SANGFOR TECHNOLOGIES INC-A,900,11-27-2023
131,MEDP,MEDPACE HOLDINGS INC,38,11-27-2023
132,CGNX,COGNEX CORP,284,11-27-2023
133,BB,BLACKBERRY LTD,2793,11-27-2023
134,NTCT,NETSCOUT SYSTEMS INC,481,11-27-2023
135,NVEI,NUVEI CORP-SUBORDINATE VTG,466,11-27-2023
136,CRSP,CRISPR THERAPEUTICS AG,132,11-27-2023
137,MXL,MAXLINEAR INC,526,11-27-2023
138,1548,GENSCRIPT BIOTECH CORP,3208,11-27-2023
139,IRDM,IRIDIUM COMMUNICATIONS INC,249,11-27-2023
140,IMGN,IMMUNOGEN INC,568,11-27-2023
141,NTRA,NATERA INC,159,11-27-2023
142,CTLT,CATALENT INC,218,11-27-2023
143,GKOS,GLAUKOS CORP,139,11-27-2023
144,ACHC,ACADIA HEALTHCARE CO INC,113,11-27-2023
145,TMDX,TRANSMEDICS GROUP INC,111,11-27-2023
146,NARI,INARI MEDICAL INC,131,11-27-2023
147,SWAV,SHOCKWAVE MEDICAL INC,44,11-27-2023
148,CNMD,CONMED CORP,67,11-27-2023
149,GMED,GLOBUS MEDICAL INC - A,144,11-27-2023
150,GH,GUARDANT HEALTH INC,269,11-27-2023
151,QDEL,QUIDELORTHO CORP,93,11-27-2023
152,PINC,PREMIER INC-CLASS A,303,11-27-2023
153,IART,INTEGRA LIFESCIENCES HOLDING,163,11-27-2023
154,TXG,10X GENOMICS INC-CLASS A,147,11-27-2023
155,RARE,ULTRAGENYX PHARMACEUTICAL IN,162,11-27-2023
156,603392,BEIJING WANTAI BIOLOGICAL-A,936,11-27-2023
157,DOCS,DOXIMITY INC-CLASS A,253,11-27-2023
158,NTLA,INTELLIA THERAPEUTICS INC,194,11-27-2023
159,PACB,PACIFIC BIOSCIENCES OF CALIF,638,11-27-2023
160,INSP,INSPIRE MEDICAL SYSTEMS INC,35,11-27-2023
161,ICUI,ICU MEDICAL INC,42,11-27-2023
162,--,NET OTHER ASSETS (LIABILITIES),24847,11-27-2023
