,Ticker,Name,Shares,Date
0,BKNG,BOOKING HOLDINGS INC,51,12-19-2023
1,ABBV,ABBVIE INC,1165,12-19-2023
2,DHR,DANAHER CORP,764,12-19-2023
3,IFF,INTL FLAVORS & FRAGRANCES,2182,12-19-2023
4,ABT,ABBOTT LABORATORIES,1592,12-19-2023
5,DASH,DOORDASH INC - A,1683,12-19-2023
6,ROG,ROCHE HOLDING AG-GENUSSCHEIN,601,12-19-2023
7,AMZN,AMAZON.COM INC,1103,12-19-2023
8,ISRG,INTUITIVE SURGICAL INC,504,12-19-2023
9,NFLX,NETFLIX INC,340,12-19-2023
10,JNJ,JOHNSON & JOHNSON,1075,12-19-2023
11,MKC,MCCORMICK & CO-NON VTG SHRS,2455,12-19-2023
12,DE,DEERE & CO,424,12-19-2023
13,META,META PLATFORMS INC-CLASS A,474,12-19-2023
14,AAPL,APPLE INC,842,12-19-2023
15,SY1,SYMRISE AG,1518,12-19-2023
16,CTVA,CORTEVA INC,3439,12-19-2023
17,7974,NINTENDO CO LTD,3391,12-19-2023
18,NTR,NUTRIEN LTD,2839,12-19-2023
19,MSFT,MICROSOFT CORP,427,12-19-2023
20,ADBE,ADOBE INC,263,12-19-2023
21,NVDA,NVIDIA CORP,320,12-19-2023
22,NPN,NASPERS LTD-N SHS,873,12-19-2023
23,LLY,ELI LILLY & CO,270,12-19-2023
24,KYGA,KERRY GROUP PLC-A,1894,12-19-2023
25,9988,ALIBABA GROUP HOLDING LTD,16868,12-19-2023
26,700,TENCENT HOLDINGS LTD,3845,12-19-2023
27,GOOGL,ALPHABET INC-CL A,1087,12-19-2023
28,SYK,STRYKER CORP,490,12-19-2023
29,AVGO,BROADCOM INC,125,12-19-2023
30,BSX,BOSTON SCIENTIFIC CORP,2100,12-19-2023
31,EA,ELECTRONIC ARTS INC,843,12-19-2023
32,AGCO,AGCO CORP,898,12-19-2023
33,FMC,FMC CORP,1760,12-19-2023
34,V,VISA INC-CLASS A SHARES,389,12-19-2023
35,TTWO,TAKE-TWO INTERACTIVE SOFTWRE,556,12-19-2023
36,MA,MASTERCARD INC - A,204,12-19-2023
37,DHER,DELIVERY HERO SE,2383,12-19-2023
38,CHR,CHR HANSEN HOLDING A/S,932,12-19-2023
39,DXCM,DEXCOM INC,556,12-19-2023
40,EW,EDWARDS LIFESCIENCES CORP,872,12-19-2023
41,NEOG,NEOGEN CORP,2900,12-19-2023
42,SMPL,SIMPLY GOOD FOODS CO/THE,1335,12-19-2023
43,SNAP,SNAP INC - A,2923,12-19-2023
44,QCOM,QUALCOMM INC,346,12-19-2023
45,CSCO,CISCO SYSTEMS INC,869,12-19-2023
46,3293,INTERNATIONAL GAMES SYSTEM C,1761,12-19-2023
47,AYX,ALTERYX INC - CLASS A,904,12-19-2023
48,HUBS,HUBSPOT INC,75,12-19-2023
49,SPT,SPROUT SOCIAL INC - CLASS A,642,12-19-2023
50,PINS,PINTEREST INC- CLASS A,1105,12-19-2023
51,MRNA,MODERNA INC,464,12-19-2023
52,REA,REA GROUP LTD,338,12-19-2023
53,SXT,SENSIENT TECHNOLOGIES CORP,596,12-19-2023
54,EBAY,EBAY INC,900,12-19-2023
55,ORCL,ORACLE CORP,367,12-19-2023
56,SMG,SCOTTS MIRACLE-GRO CO,594,12-19-2023
57,RMD,RESMED INC,211,12-19-2023
58,ZD,ZIFF DAVIS INC,538,12-19-2023
59,002555,37 INTERACTIVE ENTERTAINME-A,11000,12-19-2023
60,ANSS,ANSYS INC,117,12-19-2023
61,SE,SEA LTD-ADR,922,12-19-2023
62,MARA,MARATHON DIGITAL HOLDINGS IN,1516,12-19-2023
63,1024,KUAISHOU TECHNOLOGY,4605,12-19-2023
64,ILMN,ILLUMINA INC,227,12-19-2023
65,INTC,INTEL CORP,633,12-19-2023
66,AMD,ADVANCED MICRO DEVICES,197,12-19-2023
67,SAP,SAP SE,178,12-19-2023
68,IMGN,IMMUNOGEN INC,897,12-19-2023
69,HOOD,ROBINHOOD MARKETS INC - A,1984,12-19-2023
70,S,SENTINELONE INC -CLASS A,926,12-19-2023
71,COIN,COINBASE GLOBAL INC -CLASS A,152,12-19-2023
72,SMSN,SAMSUNG ELECTR-GDR REG S,17,12-19-2023
73,RIOT,RIOT PLATFORMS INC,1425,12-19-2023
74,PANW,PALO ALTO NETWORKS INC,75,12-19-2023
75,DOCU,DOCUSIGN INC,368,12-19-2023
76,BUCN,BUCHER INDUSTRIES AG-REG,55,12-19-2023
77,DGX,QUEST DIAGNOSTICS INC,161,12-19-2023
78,TKWY,JUST EAT TAKEAWAY,1349,12-19-2023
79,CPF-R,CHAROEN POKPHAND FOODS-NVDR,40575,12-19-2023
80,ACN,ACCENTURE PLC-CL A,60,12-19-2023
81,SLAB,SILICON LABORATORIES INC,155,12-19-2023
82,CRWD,CROWDSTRIKE HOLDINGS INC - A,78,12-19-2023
83,QTWO,Q2 HOLDINGS INC,444,12-19-2023
84,WISE,WISE PLC - A,1780,12-19-2023
85,OKTA,OKTA INC,224,12-19-2023
86,SNOW,SNOWFLAKE INC-CLASS A,97,12-19-2023
87,NTNX,NUTANIX INC - A,405,12-19-2023
88,NET,CLOUDFLARE INC - CLASS A,222,12-19-2023
89,BLKB,BLACKBAUD INC,216,12-19-2023
90,NTAP,NETAPP INC,207,12-19-2023
91,GDDY,GODADDY INC - CLASS A,174,12-19-2023
92,VRNS,VARONIS SYSTEMS INC,411,12-19-2023
93,TTD,TRADE DESK INC/THE -CLASS A,240,12-19-2023
94,4704,TREND MICRO INC,330,12-19-2023
95,AI,C3.AI INC-A,575,12-19-2023
96,TENB,TENABLE HOLDINGS INC,408,12-19-2023
97,QLYS,QUALYS INC,90,12-19-2023
98,EEFT,EURONET WORLDWIDE INC,184,12-19-2023
99,CGNX,COGNEX CORP,433,12-19-2023
100,MSTR,MICROSTRATEGY INC-CL A,32,12-19-2023
101,CVLT,COMMVAULT SYSTEMS INC,227,12-19-2023
102,AMBA,AMBARELLA INC,289,12-19-2023
103,SMAR,SMARTSHEET INC-CLASS A,386,12-19-2023
104,ADYEN,ADYEN NV,14,12-19-2023
105,SYNA,SYNAPTICS INC,152,12-19-2023
106,CYBR,CYBERARK SOFTWARE LTD/ISRAEL,85,12-19-2023
107,ELM,ELM CO,83,12-19-2023
108,RPD,RAPID7 INC,308,12-19-2023
109,GEN,GEN DIGITAL INC,776,12-19-2023
110,BL,BLACKLINE INC,280,12-19-2023
111,INSP,INSPIRE MEDICAL SYSTEMS INC,94,12-19-2023
112,FTNT,FORTINET INC,311,12-19-2023
113,IDCC,INTERDIGITAL INC,163,12-19-2023
114,PYPL,PAYPAL HOLDINGS INC,283,12-19-2023
115,PCTY,PAYLOCITY HOLDING CORP,106,12-19-2023
116,2454,MEDIATEK INC,559,12-19-2023
117,TXG,10X GENOMICS INC-CLASS A,309,12-19-2023
118,TECH,BIO-TECHNE CORP,227,12-19-2023
119,IRDM,IRIDIUM COMMUNICATIONS INC,437,12-19-2023
120,FFIV,F5 INC,98,12-19-2023
121,DBX,DROPBOX INC-CLASS A,582,12-19-2023
122,CCOI,COGENT COMMUNICATIONS HOLDIN,240,12-19-2023
123,PRFT,PERFICIENT INC,254,12-19-2023
124,DT,DYNATRACE INC,312,12-19-2023
125,GKOS,GLAUKOS CORP,210,12-19-2023
126,FIVN,FIVE9 INC,216,12-19-2023
127,ST,SINGAPORE TELECOMMUNICATIONS,9349,12-19-2023
128,CHKP,CHECK POINT SOFTWARE TECH,113,12-19-2023
129,BRZE,BRAZE INC-A,316,12-19-2023
130,ASGN,ASGN INC,178,12-19-2023
131,RARE,ULTRAGENYX PHARMACEUTICAL IN,341,12-19-2023
132,6273,SMC CORP,32,12-19-2023
133,FSLY,FASTLY INC - CLASS A,860,12-19-2023
134,BOX,BOX INC - CLASS A,617,12-19-2023
135,ALTR,ALTAIR ENGINEERING INC - A,217,12-19-2023
136,NOVT,NOVANTA INC,94,12-19-2023
137,GH,GUARDANT HEALTH INC,561,12-19-2023
138,GMED,GLOBUS MEDICAL INC - A,295,12-19-2023
139,SWON,SOFTWAREONE HOLDING AG,789,12-19-2023
140,NARI,INARI MEDICAL INC,230,12-19-2023
141,IART,INTEGRA LIFESCIENCES HOLDING,346,12-19-2023
142,MEDP,MEDPACE HOLDINGS INC,49,12-19-2023
143,TMDX,TRANSMEDICS GROUP INC,192,12-19-2023
144,DOCS,DOXIMITY INC-CLASS A,549,12-19-2023
145,KPITTECH,KPIT TECHNOLOGIES LTD,828,12-19-2023
146,SWAV,SHOCKWAVE MEDICAL INC,77,12-19-2023
147,HSIC,HENRY SCHEIN INC,195,12-19-2023
148,--,QIAGEN N.V.,338,12-19-2023
149,QDEL,QUIDELORTHO CORP,196,12-19-2023
150,NTLA,INTELLIA THERAPEUTICS INC,443,12-19-2023
151,ACHC,ACADIA HEALTHCARE CO INC,185,12-19-2023
152,CNMD,CONMED CORP,123,12-19-2023
153,BEAM,BEAM THERAPEUTICS INC,436,12-19-2023
154,CRSP,CRISPR THERAPEUTICS AG,186,12-19-2023
155,1548,GENSCRIPT BIOTECH CORP,4381,12-19-2023
156,--,NET OTHER ASSETS (LIABILITIES),15460,12-19-2023
