,Ticker,Name,Shares,Date
0,COIN,COINBASE GLOBAL INC -CLASS A,463635,05-29-2024
1,SHOP,SHOPIFY INC - CLASS A,1221397,05-29-2024
2,SQ,BLOCK INC,1028891,05-29-2024
3,DKNG UW,DRAFTKINGS INC-CL A,1473781,05-29-2024
4,HOOD,ROBINHOOD MARKETS INC - A,2313470,05-29-2024
5,PATH,UIPATH INC - CLASS A,2386008,05-29-2024
6,TOST,TOAST INC-CLASS A,1739982,05-29-2024
8,ADYEN,ADYEN NV,30673,05-29-2024
9,PINS,PINTEREST INC- CLASS A,927098,05-29-2024
10,SOFI,SOFI TECHNOLOGIES INC,5001375,05-29-2024
11,ROKU,ROKU INC,538755,05-29-2024
12,RBLX,ROBLOX CORP -CLASS A,903154,05-29-2024
13,MELI,MERCADOLIBRE INC,16963,05-29-2024
14,INTU,INTUIT INC,46731,05-29-2024
15,META,META PLATFORMS INC-CLASS A,46538,05-29-2024
16,PLTR,PALANTIR TECHNOLOGIES INC-A,991897,05-29-2024
17,KSPI,JSC KASPI.KZ ADR,164621,05-29-2024
18,DSY,DISCOVERY LTD,3060306,05-29-2024
19,NU UN,NU HOLDINGS LTD/CAYMAN ISL-A,1494980,05-29-2024
20,GLBE,GLOBAL-E ONLINE LTD,548702,05-29-2024
21,4689,LY CORP,6596730,05-29-2024
22,SE,SEA LTD-ADR,222795,05-29-2024
23,SPOT,SPOTIFY TECHNOLOGY SA,46524,05-29-2024
24,NVDA,NVIDIA CORP,11793,05-29-2024
25,AVDX,AVIDXCHANGE HOLDINGS INC,1067030,05-29-2024
26,BILL,BILL HOLDINGS INC,215148,05-29-2024
27,ICE,INTERCONTINENTAL EXCHANGE IN,80637,05-29-2024
28,CRWD,CROWDSTRIKE HOLDINGS INC - A,29116,05-29-2024
29,PYPL,PAYPAL HOLDINGS INC,153493,05-29-2024
30,Z,ZILLOW GROUP INC - C,180847,05-29-2024
31,RDDT,REDDIT INC-CL A,47848,05-29-2024
32,IBTA,IBOTTA INC-CL A,14097,05-29-2024
34,TDOC,TELADOC HEALTH INC,8282,05-29-2024
