,Ticker,Name,Shares,Date
0,COIN,COINBASE GLOBAL INC -CLASS A,899835,01-26-2024
1,SHOP,SHOPIFY INC - CLASS A,1234709,01-26-2024
2,SQ,BLOCK INC,1262577,01-26-2024
3,DKNG UW,DRAFTKINGS INC-CL A,1816644,01-26-2024
4,PATH,UIPATH INC - CLASS A,2829183,01-26-2024
5,TWLO,TWILIO INC - A,796250,01-26-2024
6,ADYEN,ADYEN NV,38374,01-26-2024
7,HOOD,ROBINHOOD MARKETS INC - A,4178755,01-26-2024
8,MELI,MERCADOLIBRE INC,24199,01-26-2024
9,GLBE,GLOBAL-E ONLINE LTD,1076080,01-26-2024
10,INTU,INTUIT INC,61633,01-26-2024
11,TOST,TOAST INC-CLASS A,1819928,01-26-2024
12,STNE,STONECO LTD-A,1652484,01-26-2024
13,ROKU,ROKU INC,313499,01-26-2024
14,RBLX,ROBLOX CORP -CLASS A,614549,01-26-2024
15,DSY,DISCOVERY LTD,3544782,01-26-2024
16,NU UN,NU HOLDINGS LTD/CAYMAN ISL-A,2275150,01-26-2024
17,PINS,PINTEREST INC- CLASS A,563350,01-26-2024
18,BILL,BILL HOLDINGS INC,249243,01-26-2024
19,TDOC,TELADOC HEALTH INC,901504,01-26-2024
20,4689,LY CORP,5374814,01-26-2024
21,KSPI,JSC KASPI.KZ ADR,162799,01-26-2024
22,SOFI,SOFI TECHNOLOGIES INC,1870526,01-26-2024
23,PLTR,PALANTIR TECHNOLOGIES INC-A,794729,01-26-2024
24,NVDA,NVIDIA CORP,20740,01-26-2024
25,AVDX,AVIDXCHANGE HOLDINGS INC,1053909,01-26-2024
26,ICE,INTERCONTINENTAL EXCHANGE IN,66176,01-26-2024
27,CRWD,CROWDSTRIKE HOLDINGS INC - A,26133,01-26-2024
28,META,META PLATFORMS INC-CLASS A,15828,01-26-2024
29,Z,ZILLOW GROUP INC - C,87736,01-26-2024
