,Ticker,Name,Shares,Date
0,COIN,COINBASE GLOBAL INC -CLASS A,528884,03-27-2024
1,SQ,BLOCK INC,1195135,03-27-2024
2,DKNG UW,DRAFTKINGS INC-CL A,1719597,03-27-2024
3,SHOP,SHOPIFY INC - CLASS A,1048478,03-27-2024
4,PATH,UIPATH INC - CLASS A,2616040,03-27-2024
5,ADYEN,ADYEN NV,34392,03-27-2024
6,HOOD,ROBINHOOD MARKETS INC - A,2860913,03-27-2024
7,TOST,TOAST INC-CLASS A,1907747,03-27-2024
8,GLBE,GLOBAL-E ONLINE LTD,1086496,03-27-2024
9,ROKU,ROKU INC,590708,03-27-2024
10,MELI,MERCADOLIBRE INC,24180,03-27-2024
11,SOFI,SOFI TECHNOLOGIES INC,5013819,03-27-2024
12,INTU,INTUIT INC,51232,03-27-2024
13,PINS,PINTEREST INC- CLASS A,920620,03-27-2024
14,NU UN,NU HOLDINGS LTD/CAYMAN ISL-A,2644313,03-27-2024
15,RBLX,ROBLOX CORP -CLASS A,750399,03-27-2024
16,TWLO,TWILIO INC - A,429708,03-27-2024
17,PLTR,PALANTIR TECHNOLOGIES INC-A,939470,03-27-2024
18,META,META PLATFORMS INC-CLASS A,46027,03-27-2024
19,KSPI,JSC KASPI.KZ ADR,180506,03-27-2024
20,DSY,DISCOVERY LTD,3355399,03-27-2024
21,4689,LY CORP,7233230,03-27-2024
22,BILL,BILL HOLDINGS INC,235918,03-27-2024
23,AVDX,AVIDXCHANGE HOLDINGS INC,1169925,03-27-2024
24,SE,SEA LTD-ADR,244302,03-27-2024
25,ICE,INTERCONTINENTAL EXCHANGE IN,88434,03-27-2024
26,NVDA,NVIDIA CORP,12932,03-27-2024
27,SPOT,SPOTIFY TECHNOLOGY SA,44575,03-27-2024
28,STNE,STONECO LTD-A,683594,03-27-2024
29,CRWD,CROWDSTRIKE HOLDINGS INC - A,31930,03-27-2024
30,TDOC,TELADOC HEALTH INC,678396,03-27-2024
31,Z,ZILLOW GROUP INC - C,198307,03-27-2024
33,RDDT,REDDIT INC-CL A,4068,03-27-2024
