,Ticker,Name,Shares,Date
0,COIN,COINBASE GLOBAL INC -CLASS A,943228,12-11-2023
1,SHOP,SHOPIFY INC - CLASS A,1269991,12-11-2023
2,SQ,BLOCK INC,1298653,12-11-2023
3,PATH,UIPATH INC - CLASS A,2935658,12-11-2023
4,DKNG UW,DRAFTKINGS INC-CL A,1868555,12-11-2023
5,TWLO,TWILIO INC - A,818997,12-11-2023
6,HOOD,ROBINHOOD MARKETS INC - A,4419260,12-11-2023
7,ADYEN,ADYEN NV,39478,12-11-2023
8,GLBE,GLOBAL-E ONLINE LTD,1106831,12-11-2023
9,INTU,INTUIT INC,63374,12-11-2023
10,MELI,MERCADOLIBRE INC,22817,12-11-2023
11,STNE,STONECO LTD-A,2079498,12-11-2023
12,ROKU,ROKU INC,302705,12-11-2023
13,TOST,TOAST INC-CLASS A,1756333,12-11-2023
14,RBLX,ROBLOX CORP -CLASS A,632115,12-11-2023
15,DSY,DISCOVERY LTD,3646068,12-11-2023
16,PINS,PINTEREST INC- CLASS A,534280,12-11-2023
17,BILL,BILL HOLDINGS INC,256360,12-11-2023
18,TDOC,TELADOC HEALTH INC,927269,12-11-2023
19,NU UN,NU HOLDINGS LTD/CAYMAN ISL-A,1971319,12-11-2023
20,KSPI,JSC KASPI.KZ GDR-REG S,167445,12-11-2023
21,SOFI,SOFI TECHNOLOGIES INC,1923990,12-11-2023
22,PLTR,PALANTIR TECHNOLOGIES INC-A,717485,12-11-2023
23,AVDX,AVIDXCHANGE HOLDINGS INC,1084028,12-11-2023
24,4689,LY CORP,3827614,12-11-2023
25,NVDA,NVIDIA CORP,21338,12-11-2023
26,ICE,INTERCONTINENTAL EXCHANGE IN,68062,12-11-2023
27,CRWD,CROWDSTRIKE HOLDINGS INC - A,26869,12-11-2023
28,Z,ZILLOW GROUP INC - C,90243,12-11-2023
30,TCS LI,TCS GROUP HOLDING-GDR REG S,607059,12-11-2023
