,Ticker,Name,Shares,Date
0,COIN,COINBASE GLOBAL INC -CLASS A,899835,02-05-2024
1,SHOP,SHOPIFY INC - CLASS A,1195562,02-05-2024
2,SQ,BLOCK INC,1262577,02-05-2024
3,DKNG UW,DRAFTKINGS INC-CL A,1816644,02-05-2024
4,PATH,UIPATH INC - CLASS A,2713635,02-05-2024
5,TWLO,TWILIO INC - A,760146,02-05-2024
6,ADYEN,ADYEN NV,38374,02-05-2024
7,HOOD,ROBINHOOD MARKETS INC - A,4178755,02-05-2024
8,MELI,MERCADOLIBRE INC,24199,02-05-2024
9,GLBE,GLOBAL-E ONLINE LTD,1076080,02-05-2024
10,INTU,INTUIT INC,61633,02-05-2024
11,TOST,TOAST INC-CLASS A,1819928,02-05-2024
12,ROKU,ROKU INC,331013,02-05-2024
13,STNE,STONECO LTD-A,1652484,02-05-2024
14,DSY,DISCOVERY LTD,3544782,02-05-2024
15,RBLX,ROBLOX CORP -CLASS A,614549,02-05-2024
16,PINS,PINTEREST INC- CLASS A,602915,02-05-2024
17,NU UN,NU HOLDINGS LTD/CAYMAN ISL-A,2275150,02-05-2024
18,BILL,BILL HOLDINGS INC,249243,02-05-2024
19,SOFI,SOFI TECHNOLOGIES INC,2505352,02-05-2024
20,TDOC,TELADOC HEALTH INC,901504,02-05-2024
21,4689,LY CORP,5374814,02-05-2024
22,KSPI,JSC KASPI.KZ ADR,162799,02-05-2024
23,NVDA,NVIDIA CORP,20740,02-05-2024
24,PLTR,PALANTIR TECHNOLOGIES INC-A,794729,02-05-2024
25,AVDX,AVIDXCHANGE HOLDINGS INC,1053909,02-05-2024
26,ICE,INTERCONTINENTAL EXCHANGE IN,66176,02-05-2024
27,CRWD,CROWDSTRIKE HOLDINGS INC - A,26133,02-05-2024
28,META,META PLATFORMS INC-CLASS A,15828,02-05-2024
29,Z,ZILLOW GROUP INC - C,87736,02-05-2024
