,Ticker,Name,Shares,Date
0,COIN,COINBASE GLOBAL INC -CLASS A,839337,02-16-2024
1,SHOP,SHOPIFY INC - CLASS A,1089764,02-16-2024
2,SQ,BLOCK INC,1242185,02-16-2024
3,DKNG UW,DRAFTKINGS INC-CL A,1787303,02-16-2024
4,PATH,UIPATH INC - CLASS A,2669812,02-16-2024
5,ADYEN,ADYEN NV,35742,02-16-2024
6,HOOD,ROBINHOOD MARKETS INC - A,4111272,02-16-2024
7,GLBE,GLOBAL-E ONLINE LTD,1102220,02-16-2024
8,TWLO,TWILIO INC - A,703234,02-16-2024
9,MELI,MERCADOLIBRE INC,23809,02-16-2024
10,INTU,INTUIT INC,53242,02-16-2024
11,TOST,TOAST INC-CLASS A,1790535,02-16-2024
12,ROKU,ROKU INC,325666,02-16-2024
13,PINS,PINTEREST INC- CLASS A,785480,02-16-2024
14,STNE,STONECO LTD-A,1625795,02-16-2024
15,RBLX,ROBLOX CORP -CLASS A,604622,02-16-2024
16,PLTR,PALANTIR TECHNOLOGIES INC-A,976464,02-16-2024
17,DSY,DISCOVERY LTD,3487525,02-16-2024
18,SOFI,SOFI TECHNOLOGIES INC,2800507,02-16-2024
19,NU UN,NU HOLDINGS LTD/CAYMAN ISL-A,2238404,02-16-2024
20,TDOC,TELADOC HEALTH INC,886944,02-16-2024
21,BILL,BILL HOLDINGS INC,245218,02-16-2024
22,KSPI,JSC KASPI.KZ ADR,160169,02-16-2024
23,4689,LY CORP,5287714,02-16-2024
24,AVDX,AVIDXCHANGE HOLDINGS INC,1036884,02-16-2024
25,NVDA,NVIDIA CORP,16797,02-16-2024
26,META,META PLATFORMS INC-CLASS A,23372,02-16-2024
27,CRWD,CROWDSTRIKE HOLDINGS INC - A,33190,02-16-2024
28,ICE,INTERCONTINENTAL EXCHANGE IN,65110,02-16-2024
29,SPOT,SPOTIFY TECHNOLOGY SA,22998,02-16-2024
30,Z,ZILLOW GROUP INC - C,86319,02-16-2024
