,Ticker,Name,Shares,Date
0,COIN,COINBASE GLOBAL INC -CLASS A,895363,02-09-2024
1,SHOP,SHOPIFY INC - CLASS A,1121419,02-09-2024
2,SQ,BLOCK INC,1256301,02-09-2024
3,DKNG UW,DRAFTKINGS INC-CL A,1807616,02-09-2024
4,PATH,UIPATH INC - CLASS A,2700151,02-09-2024
5,ADYEN,ADYEN NV,38182,02-09-2024
6,TWLO,TWILIO INC - A,753789,02-09-2024
7,HOOD,ROBINHOOD MARKETS INC - A,4157991,02-09-2024
8,GLBE,GLOBAL-E ONLINE LTD,1096223,02-09-2024
9,MELI,MERCADOLIBRE INC,24079,02-09-2024
10,INTU,INTUIT INC,53845,02-09-2024
11,TOST,TOAST INC-CLASS A,1810884,02-09-2024
12,ROKU,ROKU INC,329369,02-09-2024
13,STNE,STONECO LTD-A,1644272,02-09-2024
14,RBLX,ROBLOX CORP -CLASS A,611493,02-09-2024
15,PINS,PINTEREST INC- CLASS A,635223,02-09-2024
16,DSY,DISCOVERY LTD,3527166,02-09-2024
17,PLTR,PALANTIR TECHNOLOGIES INC-A,987561,02-09-2024
18,NU UN,NU HOLDINGS LTD/CAYMAN ISL-A,2263842,02-09-2024
19,SOFI,SOFI TECHNOLOGIES INC,2492900,02-09-2024
20,BILL,BILL HOLDINGS INC,248003,02-09-2024
21,TDOC,TELADOC HEALTH INC,897024,02-09-2024
22,4689,LY CORP,5348014,02-09-2024
23,KSPI,JSC KASPI.KZ ADR,161991,02-09-2024
24,AVDX,AVIDXCHANGE HOLDINGS INC,1048669,02-09-2024
25,NVDA,NVIDIA CORP,16986,02-09-2024
26,ICE,INTERCONTINENTAL EXCHANGE IN,65848,02-09-2024
27,CRWD,CROWDSTRIKE HOLDINGS INC - A,26005,02-09-2024
28,META,META PLATFORMS INC-CLASS A,15752,02-09-2024
29,SPOT,SPOTIFY TECHNOLOGY SA,23259,02-09-2024
30,Z,ZILLOW GROUP INC - C,87300,02-09-2024
