,Ticker,Name,Shares,Date
0,COIN,COINBASE GLOBAL INC -CLASS A,765707,02-23-2024
1,SQ,BLOCK INC,1235909,02-23-2024
2,SHOP,SHOPIFY INC - CLASS A,1084260,02-23-2024
3,DKNG UW,DRAFTKINGS INC-CL A,1778275,02-23-2024
4,PATH,UIPATH INC - CLASS A,2656324,02-23-2024
5,ADYEN,ADYEN NV,35562,02-23-2024
6,HOOD,ROBINHOOD MARKETS INC - A,3783785,02-23-2024
7,MELI,MERCADOLIBRE INC,23689,02-23-2024
8,TOST,TOAST INC-CLASS A,1781491,02-23-2024
9,TWLO,TWILIO INC - A,654492,02-23-2024
10,GLBE,GLOBAL-E ONLINE LTD,1123572,02-23-2024
11,INTU,INTUIT INC,52974,02-23-2024
12,ROKU,ROKU INC,536951,02-23-2024
13,PINS,PINTEREST INC- CLASS A,781512,02-23-2024
14,STNE,STONECO LTD-A,1617583,02-23-2024
15,RBLX,ROBLOX CORP -CLASS A,601566,02-23-2024
16,SOFI,SOFI TECHNOLOGIES INC,3110733,02-23-2024
17,DSY,DISCOVERY LTD,3469909,02-23-2024
18,NU UN,NU HOLDINGS LTD/CAYMAN ISL-A,2227096,02-23-2024
19,PLTR,PALANTIR TECHNOLOGIES INC-A,971528,02-23-2024
20,KSPI,JSC KASPI.KZ ADR,159357,02-23-2024
21,BILL,BILL HOLDINGS INC,243978,02-23-2024
22,4689,LY CORP,5260914,02-23-2024
23,NVDA,NVIDIA CORP,16713,02-23-2024
24,TDOC,TELADOC HEALTH INC,833988,02-23-2024
25,AVDX,AVIDXCHANGE HOLDINGS INC,1031644,02-23-2024
26,META,META PLATFORMS INC-CLASS A,23252,02-23-2024
27,CRWD,CROWDSTRIKE HOLDINGS INC - A,33022,02-23-2024
28,ICE,INTERCONTINENTAL EXCHANGE IN,64782,02-23-2024
29,SPOT,SPOTIFY TECHNOLOGY SA,22882,02-23-2024
30,Z,ZILLOW GROUP INC - C,85883,02-23-2024
