,Ticker,Name,Shares,Date
0,COIN,COINBASE GLOBAL INC -CLASS A,714844,03-05-2024
1,SQ,BLOCK INC,1235909,03-05-2024
2,SHOP,SHOPIFY INC - CLASS A,1084260,03-05-2024
3,DKNG UW,DRAFTKINGS INC-CL A,1778275,03-05-2024
4,PATH,UIPATH INC - CLASS A,2656324,03-05-2024
5,ADYEN,ADYEN NV,35562,03-05-2024
6,HOOD,ROBINHOOD MARKETS INC - A,3378914,03-05-2024
7,TOST,TOAST INC-CLASS A,1786766,03-05-2024
8,MELI,MERCADOLIBRE INC,25012,03-05-2024
9,GLBE,GLOBAL-E ONLINE LTD,1123572,03-05-2024
10,ROKU,ROKU INC,591756,03-05-2024
11,INTU,INTUIT INC,52974,03-05-2024
12,TWLO,TWILIO INC - A,585537,03-05-2024
13,SOFI,SOFI TECHNOLOGIES INC,3893379,03-05-2024
14,PINS,PINTEREST INC- CLASS A,781512,03-05-2024
15,RBLX,ROBLOX CORP -CLASS A,673842,03-05-2024
16,NU UN,NU HOLDINGS LTD/CAYMAN ISL-A,2227096,03-05-2024
17,DSY,DISCOVERY LTD,3469909,03-05-2024
18,PLTR,PALANTIR TECHNOLOGIES INC-A,971528,03-05-2024
19,STNE,STONECO LTD-A,1274265,03-05-2024
20,META,META PLATFORMS INC-CLASS A,35750,03-05-2024
21,KSPI,JSC KASPI.KZ ADR,164714,03-05-2024
22,BILL,BILL HOLDINGS INC,243978,03-05-2024
23,AVDX,AVIDXCHANGE HOLDINGS INC,1127612,03-05-2024
24,NVDA,NVIDIA CORP,16713,03-05-2024
25,4689,LY CORP,5260914,03-05-2024
26,CRWD,CROWDSTRIKE HOLDINGS INC - A,33022,03-05-2024
27,TDOC,TELADOC HEALTH INC,701542,03-05-2024
28,ICE,INTERCONTINENTAL EXCHANGE IN,64782,03-05-2024
30,SPOT,SPOTIFY TECHNOLOGY SA,22882,03-05-2024
31,Z,ZILLOW GROUP INC - C,85883,03-05-2024
32,SE,SEA LTD-ADR,53600,03-05-2024
