,Ticker,Name,Shares,Date
0,COIN,COINBASE GLOBAL INC -CLASS A,552924,03-15-2024
1,SQ,BLOCK INC,1210815,03-15-2024
2,SHOP,SHOPIFY INC - CLASS A,1062238,03-15-2024
3,DKNG UW,DRAFTKINGS INC-CL A,1742167,03-15-2024
4,PATH,UIPATH INC - CLASS A,2650370,03-15-2024
5,HOOD,ROBINHOOD MARKETS INC - A,3087272,03-15-2024
6,ADYEN,ADYEN NV,34842,03-15-2024
7,TOST,TOAST INC-CLASS A,1932787,03-15-2024
8,ROKU,ROKU INC,598458,03-15-2024
9,MELI,MERCADOLIBRE INC,24500,03-15-2024
10,GLBE,GLOBAL-E ONLINE LTD,1100756,03-15-2024
11,SOFI,SOFI TECHNOLOGIES INC,5079619,03-15-2024
12,TWLO,TWILIO INC - A,568167,03-15-2024
13,INTU,INTUIT INC,51902,03-15-2024
14,PINS,PINTEREST INC- CLASS A,932700,03-15-2024
15,NU UN,NU HOLDINGS LTD/CAYMAN ISL-A,2679023,03-15-2024
16,RBLX,ROBLOX CORP -CLASS A,660156,03-15-2024
17,DSY,DISCOVERY LTD,3399439,03-15-2024
18,PLTR,PALANTIR TECHNOLOGIES INC-A,951800,03-15-2024
19,KSPI,JSC KASPI.KZ ADR,182876,03-15-2024
20,4689,LY CORP,7328230,03-15-2024
21,META,META PLATFORMS INC-CLASS A,35030,03-15-2024
22,BILL,BILL HOLDINGS INC,239018,03-15-2024
23,SE,SEA LTD-ADR,247512,03-15-2024
24,AVDX,AVIDXCHANGE HOLDINGS INC,1185285,03-15-2024
25,STNE,STONECO LTD-A,692564,03-15-2024
26,NVDA,NVIDIA CORP,13102,03-15-2024
27,SPOT,SPOTIFY TECHNOLOGY SA,45165,03-15-2024
28,CRWD,CROWDSTRIKE HOLDINGS INC - A,32350,03-15-2024
29,TDOC,TELADOC HEALTH INC,687296,03-15-2024
30,ICE,INTERCONTINENTAL EXCHANGE IN,63470,03-15-2024
31,Z,ZILLOW GROUP INC - C,84139,03-15-2024
