,Ticker,Name,Shares,Date
0,COIN,COINBASE GLOBAL INC -CLASS A,508508,04-22-2024
1,SQ,BLOCK INC,1152785,04-22-2024
2,SHOP,SHOPIFY INC - CLASS A,1011326,04-22-2024
3,DKNG UW,DRAFTKINGS INC-CL A,1658661,04-22-2024
4,ADYEN,ADYEN NV,32433,04-22-2024
5,PATH,UIPATH INC - CLASS A,2523352,04-22-2024
6,HOOD,ROBINHOOD MARKETS INC - A,2676766,04-22-2024
8,TOST,TOAST INC-CLASS A,1840142,04-22-2024
9,SOFI,SOFI TECHNOLOGIES INC,5289262,04-22-2024
10,GLBE,GLOBAL-E ONLINE LTD,1047994,04-22-2024
11,ROKU,ROKU INC,569783,04-22-2024
12,PINS,PINTEREST INC- CLASS A,980479,04-22-2024
13,INTU,INTUIT INC,49423,04-22-2024
14,RBLX,ROBLOX CORP -CLASS A,800493,04-22-2024
15,MELI,MERCADOLIBRE INC,17923,04-22-2024
16,META,META PLATFORMS INC-CLASS A,44400,04-22-2024
17,KSPI,JSC KASPI.KZ ADR,174107,04-22-2024
18,NU UN,NU HOLDINGS LTD/CAYMAN ISL-A,1771603,04-22-2024
19,PLTR,PALANTIR TECHNOLOGIES INC-A,906179,04-22-2024
20,DSY,DISCOVERY LTD,3236490,04-22-2024
21,4689,LY CORP,6976730,04-22-2024
22,SPOT,SPOTIFY TECHNOLOGY SA,49204,04-22-2024
23,BILL,BILL HOLDINGS INC,227548,04-22-2024
24,SE,SEA LTD-ADR,235635,04-22-2024
25,AVDX,AVIDXCHANGE HOLDINGS INC,1128470,04-22-2024
26,ICE,INTERCONTINENTAL EXCHANGE IN,85302,04-22-2024
27,TDOC,TELADOC HEALTH INC,764521,04-22-2024
28,NVDA,NVIDIA CORP,12473,04-22-2024
29,CRWD,CROWDSTRIKE HOLDINGS INC - A,30796,04-22-2024
30,Z,ZILLOW GROUP INC - C,191287,04-22-2024
32,IBTA,IBOTTA INC-CL A,14937,04-22-2024
33,RDDT,REDDIT INC-CL A,3917,04-22-2024
34,STNE,STONECO LTD-A,6064,04-22-2024
35,TWLO,TWILIO INC - A,1405,04-22-2024
