,Ticker,Name,Shares,Date
0,COIN,COINBASE GLOBAL INC -CLASS A,1189117,08-04-2023
1,SHOP,SHOPIFY INC - CLASS A,1611229,08-04-2023
2,SQ,BLOCK INC,1277237,08-04-2023
3,DKNG UW,DRAFTKINGS INC-CL A,2312777,08-04-2023
4,TWLO,TWILIO INC - A,869565,08-04-2023
5,PATH,UIPATH INC - CLASS A,3293249,08-04-2023
6,HOOD,ROBINHOOD MARKETS INC - A,4243482,08-04-2023
7,GLBE,GLOBAL-E ONLINE LTD,1097993,08-04-2023
8,MELI,MERCADOLIBRE INC,32802,08-04-2023
9,ADYEN,ADYEN NV,24634,08-04-2023
10,ROKU,ROKU INC,413230,08-04-2023
11,INTU,INTUIT INC,72869,08-04-2023
12,DSY,DISCOVERY LTD,4166623,08-04-2023
13,BILL,BILL HOLDINGS INC,280528,08-04-2023
14,STNE,STONECO LTD-A,2275434,08-04-2023
15,TDOC,TELADOC HEALTH INC,967044,08-04-2023
16,TOST,TOAST INC-CLASS A,1132871,08-04-2023
17,NU UN,NU HOLDINGS LTD/CAYMAN ISL-A,2543085,08-04-2023
18,KSPI,JSC KASPI.KZ GDR-REG S,183231,08-04-2023
19,PINS,PINTEREST INC- CLASS A,584637,08-04-2023
20,NVDA,NVIDIA CORP,32986,08-04-2023
21,RBLX,ROBLOX CORP -CLASS A,390864,08-04-2023
22,AVDX,AVIDXCHANGE HOLDINGS INC,1057601,08-04-2023
23,4689,Z HOLDINGS CORP,4189314,08-04-2023
24,SOFI,SOFI TECHNOLOGIES INC,852256,08-04-2023
25,ICE,INTERCONTINENTAL EXCHANGE IN,74467,08-04-2023
26,PLTR,PALANTIR TECHNOLOGIES INC-A,313581,08-04-2023
27,Z,ZILLOW GROUP INC - C,98745,08-04-2023
28,JD,JD.COM INC-ADR,116895,08-04-2023
29,CRWD,CROWDSTRIKE HOLDINGS INC - A,29426,08-04-2023
31,TCS LI,TCS GROUP HOLDING-GDR REG S,607059,08-04-2023
