,Ticker,Name,Shares,Date
0,COIN,COINBASE GLOBAL INC -CLASS A,506432,04-24-2024
1,SQ,BLOCK INC,1148078,04-24-2024
2,SHOP,SHOPIFY INC - CLASS A,1007198,04-24-2024
3,DKNG UW,DRAFTKINGS INC-CL A,1651890,04-24-2024
4,PATH,UIPATH INC - CLASS A,2513050,04-24-2024
5,ADYEN,ADYEN NV,32301,04-24-2024
6,HOOD,ROBINHOOD MARKETS INC - A,2665837,04-24-2024
7,TOST,TOAST INC-CLASS A,1832630,04-24-2024
9,SOFI,SOFI TECHNOLOGIES INC,5267671,04-24-2024
10,GLBE,GLOBAL-E ONLINE LTD,1043716,04-24-2024
11,ROKU,ROKU INC,567455,04-24-2024
12,PINS,PINTEREST INC- CLASS A,976477,04-24-2024
13,INTU,INTUIT INC,49222,04-24-2024
14,RBLX,ROBLOX CORP -CLASS A,797223,04-24-2024
15,MELI,MERCADOLIBRE INC,17851,04-24-2024
16,META,META PLATFORMS INC-CLASS A,44217,04-24-2024
17,KSPI,JSC KASPI.KZ ADR,173396,04-24-2024
18,PLTR,PALANTIR TECHNOLOGIES INC-A,902480,04-24-2024
19,NU UN,NU HOLDINGS LTD/CAYMAN ISL-A,1764370,04-24-2024
20,DSY,DISCOVERY LTD,3223278,04-24-2024
21,4689,LY CORP,6948230,04-24-2024
22,SPOT,SPOTIFY TECHNOLOGY SA,49003,04-24-2024
23,SE,SEA LTD-ADR,234672,04-24-2024
24,BILL,BILL HOLDINGS INC,226618,04-24-2024
25,AVDX,AVIDXCHANGE HOLDINGS INC,1123862,04-24-2024
26,ICE,INTERCONTINENTAL EXCHANGE IN,84954,04-24-2024
27,TDOC,TELADOC HEALTH INC,761398,04-24-2024
28,NVDA,NVIDIA CORP,12422,04-24-2024
29,CRWD,CROWDSTRIKE HOLDINGS INC - A,30670,04-24-2024
30,Z,ZILLOW GROUP INC - C,190504,04-24-2024
31,IBTA,IBOTTA INC-CL A,14874,04-24-2024
33,RDDT,REDDIT INC-CL A,3899,04-24-2024
34,STNE,STONECO LTD-A,873,04-24-2024
35,TWLO,TWILIO INC - A,194,04-24-2024
