,Ticker,Name,Shares,Date
0,COIN,COINBASE GLOBAL INC -CLASS A,545764,03-21-2024
1,SQ,BLOCK INC,1195135,03-21-2024
2,SHOP,SHOPIFY INC - CLASS A,1048478,03-21-2024
3,DKNG UW,DRAFTKINGS INC-CL A,1719597,03-21-2024
4,PATH,UIPATH INC - CLASS A,2616040,03-21-2024
5,HOOD,ROBINHOOD MARKETS INC - A,3023542,03-21-2024
6,ADYEN,ADYEN NV,34392,03-21-2024
7,TOST,TOAST INC-CLASS A,1907747,03-21-2024
8,GLBE,GLOBAL-E ONLINE LTD,1086496,03-21-2024
9,ROKU,ROKU INC,590708,03-21-2024
10,SOFI,SOFI TECHNOLOGIES INC,5013819,03-21-2024
11,MELI,MERCADOLIBRE INC,24180,03-21-2024
12,TWLO,TWILIO INC - A,560807,03-21-2024
13,INTU,INTUIT INC,51232,03-21-2024
14,NU UN,NU HOLDINGS LTD/CAYMAN ISL-A,2644313,03-21-2024
15,PINS,PINTEREST INC- CLASS A,920620,03-21-2024
16,RBLX,ROBLOX CORP -CLASS A,651606,03-21-2024
17,PLTR,PALANTIR TECHNOLOGIES INC-A,939470,03-21-2024
18,DSY,DISCOVERY LTD,3355399,03-21-2024
19,KSPI,JSC KASPI.KZ ADR,180506,03-21-2024
20,4689,LY CORP,7233230,03-21-2024
21,META,META PLATFORMS INC-CLASS A,34580,03-21-2024
22,BILL,BILL HOLDINGS INC,235918,03-21-2024
23,AVDX,AVIDXCHANGE HOLDINGS INC,1169925,03-21-2024
24,SE,SEA LTD-ADR,244302,03-21-2024
25,NVDA,NVIDIA CORP,12932,03-21-2024
26,SPOT,SPOTIFY TECHNOLOGY SA,44575,03-21-2024
27,STNE,STONECO LTD-A,683594,03-21-2024
28,TDOC,TELADOC HEALTH INC,678396,03-21-2024
29,CRWD,CROWDSTRIKE HOLDINGS INC - A,31930,03-21-2024
30,ICE,INTERCONTINENTAL EXCHANGE IN,62650,03-21-2024
32,Z,ZILLOW GROUP INC - C,83049,03-21-2024
