,Ticker,Name,Shares,Date
0,COIN,COINBASE GLOBAL INC -CLASS A,444955,06-13-2024
1,SHOP,SHOPIFY INC - CLASS A,1172173,06-13-2024
2,SQ,BLOCK INC,987423,06-13-2024
3,DKNG UW,DRAFTKINGS INC-CL A,1414393,06-13-2024
4,HOOD,ROBINHOOD MARKETS INC - A,1926726,06-13-2024
6,ADYEN,ADYEN NV,29441,06-13-2024
7,PINS,PINTEREST INC- CLASS A,889742,06-13-2024
8,TOST,TOAST INC-CLASS A,1669870,06-13-2024
9,SOFI,SOFI TECHNOLOGIES INC,4799859,06-13-2024
10,RBLX,ROBLOX CORP -CLASS A,866754,06-13-2024
11,ROKU,ROKU INC,517051,06-13-2024
12,PATH,UIPATH INC - CLASS A,2439019,06-13-2024
13,INTU,INTUIT INC,44831,06-13-2024
14,MELI,MERCADOLIBRE INC,16291,06-13-2024
15,META,META PLATFORMS INC-CLASS A,44662,06-13-2024
16,PLTR,PALANTIR TECHNOLOGIES INC-A,951918,06-13-2024
17,KSPI,JSC KASPI.KZ ADR,157985,06-13-2024
18,DSY,DISCOVERY LTD,2936970,06-13-2024
19,GLBE,GLOBAL-E ONLINE LTD,526582,06-13-2024
20,NU UN,NU HOLDINGS LTD/CAYMAN ISL-A,1434729,06-13-2024
21,SE,SEA LTD-ADR,213807,06-13-2024
22,4689,LY CORP,6330730,06-13-2024
23,SPOT,SPOTIFY TECHNOLOGY SA,44648,06-13-2024
24,NVDA,NVIDIA CORP,113170,06-13-2024
25,AVDX,AVIDXCHANGE HOLDINGS INC,1024022,06-13-2024
26,CRWD,CROWDSTRIKE HOLDINGS INC - A,27940,06-13-2024
27,BILL,BILL HOLDINGS INC,206468,06-13-2024
28,ICE,INTERCONTINENTAL EXCHANGE IN,77385,06-13-2024
29,PYPL,PAYPAL HOLDINGS INC,147305,06-13-2024
30,Z,ZILLOW GROUP INC - C,173563,06-13-2024
31,RDDT,REDDIT INC-CL A,93269,06-13-2024
33,IBTA,IBOTTA INC-CL A,13509,06-13-2024
34,TDOC,TELADOC HEALTH INC,7923,06-13-2024
