,Ticker,Name,Shares,Date
0,COIN,COINBASE GLOBAL INC -CLASS A,519323,04-09-2024
1,SQ,BLOCK INC,1174741,04-09-2024
2,DKNG UW,DRAFTKINGS INC-CL A,1690256,04-09-2024
3,SHOP,SHOPIFY INC - CLASS A,1030590,04-09-2024
4,PATH,UIPATH INC - CLASS A,2571411,04-09-2024
5,ADYEN,ADYEN NV,33259,04-09-2024
6,HOOD,ROBINHOOD MARKETS INC - A,2727751,04-09-2024
7,TOST,TOAST INC-CLASS A,1875195,04-09-2024
8,SOFI,SOFI TECHNOLOGIES INC,5390014,04-09-2024
9,GLBE,GLOBAL-E ONLINE LTD,1067958,04-09-2024
10,MELI,MERCADOLIBRE INC,23764,04-09-2024
11,ROKU,ROKU INC,580633,04-09-2024
12,PINS,PINTEREST INC- CLASS A,999155,04-09-2024
13,INTU,INTUIT INC,50361,04-09-2024
14,NU UN,NU HOLDINGS LTD/CAYMAN ISL-A,2595161,04-09-2024
15,RBLX,ROBLOX CORP -CLASS A,769653,04-09-2024
16,META,META PLATFORMS INC-CLASS A,45247,04-09-2024
17,KSPI,JSC KASPI.KZ ADR,177425,04-09-2024
18,PLTR,PALANTIR TECHNOLOGIES INC-A,923441,04-09-2024
19,DSY,DISCOVERY LTD,3298150,04-09-2024
20,4689,LY CORP,7109730,04-09-2024
21,TWLO,TWILIO INC - A,277980,04-09-2024
22,SPOT,SPOTIFY TECHNOLOGY SA,50142,04-09-2024
23,BILL,BILL HOLDINGS INC,231888,04-09-2024
24,AVDX,AVIDXCHANGE HOLDINGS INC,1149967,04-09-2024
25,SE,SEA LTD-ADR,240129,04-09-2024
26,ICE,INTERCONTINENTAL EXCHANGE IN,86926,04-09-2024
27,STNE,STONECO LTD-A,671933,04-09-2024
28,NVDA,NVIDIA CORP,12711,04-09-2024
29,CRWD,CROWDSTRIKE HOLDINGS INC - A,31384,04-09-2024
30,TDOC,TELADOC HEALTH INC,676837,04-09-2024
31,Z,ZILLOW GROUP INC - C,194927,04-09-2024
33,RDDT,REDDIT INC-CL A,3990,04-09-2024
