,Ticker,Name,Shares,Date
0,TWST,TWIST BIOSCIENCE CORP,2654894,05-29-2024
1,CRSP,CRISPR THERAPEUTICS AG,1775895,05-29-2024
2,CDNA,CAREDX INC,5716873,05-29-2024
3,RXRX,RECURSION PHARMACEUTICALS-A,9070791,05-29-2024
4,ARCT UQ,ARCTURUS THERAPEUTICS HOLDIN,1717146,05-29-2024
5,MRNA,MODERNA INC,369248,05-29-2024
6,NTLA,INTELLIA THERAPEUTICS INC,2448425,05-29-2024
7,SDGR,SCHRODINGER INC,2454802,05-29-2024
8,IONS,IONIS PHARMACEUTICALS INC,1364205,05-29-2024
9,BEAM,BEAM THERAPEUTICS INC,2095250,05-29-2024
10,TXG,10X GENOMICS INC-CLASS A,1949572,05-29-2024
11,ACCD,ACCOLADE INC,5655481,05-29-2024
12,VCYT,VERACYTE INC,1931983,05-29-2024
13,ADPT,ADAPTIVE BIOTECHNOLOGIES,10948350,05-29-2024
14,NRIX,NURIX THERAPEUTICS INC,2568073,05-29-2024
15,EXAS,EXACT SCIENCES CORP,842032,05-29-2024
16,VEEV,VEEVA SYSTEMS INC-CLASS A,182306,05-29-2024
17,VRTX,VERTEX PHARMACEUTICALS INC,80260,05-29-2024
18,DNA,GINKGO BIOWORKS HOLDINGS INC,53853230,05-29-2024
19,TDOC,TELADOC HEALTH INC,2918967,05-29-2024
20,LAB,STANDARD BIOTOOLS INC,12711401,05-29-2024
21,MASS,908 DEVICES INC,3946488,05-29-2024
22,INCY,INCYTE CORP,399635,05-29-2024
23,PACB,PACIFIC BIOSCIENCES OF CALIF,12192916,05-29-2024
24,QSI,QUANTUM-SI INC,12447459,05-29-2024
25,PRME,PRIME MEDICINE INC,2965301,05-29-2024
26,AMGN,AMGEN INC,61342,05-29-2024
27,REGN,REGENERON PHARMACEUTICALS,17302,05-29-2024
28,CMPS,COMPASS PATHWAYS PLC,2106766,05-29-2024
29,VERV,VERVE THERAPEUTICS INC,2810717,05-29-2024
30,ABSI,ABSCI CORP,3433788,05-29-2024
31,CERS,CERUS CORP,8020321,05-29-2024
32,PATH,UIPATH INC - CLASS A,751071,05-29-2024
33,BFLY,BUTTERFLY NETWORK INC,11010861,05-29-2024
34,NTRA,NATERA INC,98742,05-29-2024
35,GH,GUARDANT HEALTH INC,376937,05-29-2024
36,RPTX,REPARE THERAPEUTICS INC,2636256,05-29-2024
37,PSNL,PERSONALIS INC,6374965,05-29-2024
39,SNTI,SENTI BIOSCIENCES INC,1574497,05-29-2024
