,Ticker,Name,Shares,Date
0,CRSP,CRISPR THERAPEUTICS AG,1833886,02-23-2024
1,RXRX,RECURSION PHARMACEUTICALS-A,9014653,02-23-2024
2,EXAS,EXACT SCIENCES CORP,1856233,02-23-2024
3,TWST,TWIST BIOSCIENCE CORP,2810259,02-23-2024
4,SDGR,SCHRODINGER INC,2662192,02-23-2024
5,BEAM,BEAM THERAPEUTICS INC,2272248,02-23-2024
6,DNA,GINKGO BIOWORKS HOLDINGS INC,54114296,02-23-2024
7,TXG,10X GENOMICS INC-CLASS A,1486053,02-23-2024
8,ARCT UQ,ARCTURUS THERAPEUTICS HOLDIN,1786596,02-23-2024
9,IONS,IONIS PHARMACEUTICALS INC,1479450,02-23-2024
10,ACCD,ACCOLADE INC,5932205,02-23-2024
11,NTLA,INTELLIA THERAPEUTICS INC,2275965,02-23-2024
12,PACB,PACIFIC BIOSCIENCES OF CALIF,11860641,02-23-2024
13,TDOC,TELADOC HEALTH INC,3877511,02-23-2024
14,CDNA,CAREDX INC,6199793,02-23-2024
15,VCYT,VERACYTE INC,1994655,02-23-2024
16,VRTX,VERTEX PHARMACEUTICALS INC,103491,02-23-2024
17,VEEV,VEEVA SYSTEMS INC-CLASS A,197736,02-23-2024
18,ADPT,ADAPTIVE BIOTECHNOLOGIES,11171095,02-23-2024
19,VERV,VERVE THERAPEUTICS INC,2997339,02-23-2024
20,MRNA,MODERNA INC,357684,02-23-2024
21,LAB,STANDARD BIOTOOLS INC,13785174,02-23-2024
22,PATH,UIPATH INC - CLASS A,1277752,02-23-2024
23,NRIX,NURIX THERAPEUTICS INC,2785025,02-23-2024
24,INCY,INCYTE CORP,463789,02-23-2024
25,PRME,PRIME MEDICINE INC,3215774,02-23-2024
26,MASS,908 DEVICES INC,3777895,02-23-2024
27,CMPS,COMPASS PATHWAYS PLC,2284738,02-23-2024
28,REGN,REGENERON PHARMACEUTICALS,22055,02-23-2024
29,QSI,QUANTUM-SI INC,13498929,02-23-2024
30,NVDA,NVIDIA CORP,23502,02-23-2024
31,RPTX,REPARE THERAPEUTICS INC,2858937,02-23-2024
32,CERS,CERUS CORP,6098761,02-23-2024
33,AMGN,AMGEN INC,43466,02-23-2024
34,BFLY,BUTTERFLY NETWORK INC,11941026,02-23-2024
35,GH,GUARDANT HEALTH INC,381756,02-23-2024
36,PSNL,PERSONALIS INC,5533311,02-23-2024
37,PFE,PFIZER INC,121550,02-23-2024
38,NTRA,NATERA INC,34602,02-23-2024
39,ABSI,ABSCI CORP,456914,02-23-2024
41,SNTI,SENTI BIOSCIENCES INC,1707630,02-23-2024
43,NVTAQ,INVITAE CORP,2537,02-23-2024
