,Ticker,Name,Shares,Date
0,EXAS,EXACT SCIENCES CORP,2703637,01-04-2024
1,PACB,PACIFIC BIOSCIENCES OF CALIF,13076664,01-04-2024
2,CRSP,CRISPR THERAPEUTICS AG,1902239,01-04-2024
3,TWST,TWIST BIOSCIENCE CORP,3120779,01-04-2024
4,SDGR,SCHRODINGER INC,3036857,01-04-2024
5,IONS,IONIS PHARMACEUTICALS INC,1894035,01-04-2024
6,TDOC,TELADOC HEALTH INC,4423175,01-04-2024
7,RXRX,RECURSION PHARMACEUTICALS-A,9399084,01-04-2024
8,DNA,GINKGO BIOWORKS HOLDINGS INC,58069240,01-04-2024
9,CDNA,CAREDX INC,7110796,01-04-2024
10,ACCD,ACCOLADE INC,6767022,01-04-2024
11,NTLA,INTELLIA THERAPEUTICS INC,2430250,01-04-2024
12,BEAM,BEAM THERAPEUTICS INC,2584360,01-04-2024
13,ARCT UQ,ARCTURUS THERAPEUTICS HOLDIN,2037997,01-04-2024
14,VCYT,VERACYTE INC,2275383,01-04-2024
15,ADPT,ADAPTIVE BIOTECHNOLOGIES,12743062,01-04-2024
16,PATH,UIPATH INC - CLASS A,2448113,01-04-2024
17,TXG,10X GENOMICS INC-CLASS A,1058820,01-04-2024
18,VRTX,VERTEX PHARMACEUTICALS INC,123541,01-04-2024
19,VERV,VERVE THERAPEUTICS INC,3414144,01-04-2024
20,MRNA,MODERNA INC,408084,01-04-2024
21,VEEV,VEEVA SYSTEMS INC-CLASS A,225624,01-04-2024
22,MASS,908 DEVICES INC,4295333,01-04-2024
23,INCY,INCYTE CORP,529075,01-04-2024
24,SLGC,SOMALOGIC INC,14166635,01-04-2024
25,NRIX,NURIX THERAPEUTICS INC,3176994,01-04-2024
26,QSI,QUANTUM-SI INC,15398481,01-04-2024
27,PRME,PRIME MEDICINE INC,2956500,01-04-2024
28,REGN,REGENERON PHARMACEUTICALS,27577,01-04-2024
29,CMPS,COMPASS PATHWAYS PLC,2606290,01-04-2024
30,RPTX,REPARE THERAPEUTICS INC,2808052,01-04-2024
31,NVDA,NVIDIA CORP,38877,01-04-2024
32,PFE,PFIZER INC,497316,01-04-2024
33,BFLY,BUTTERFLY NETWORK INC,13621410,01-04-2024
34,CERS,CERUS CORP,6743041,01-04-2024
35,PSNL,PERSONALIS INC,6593106,01-04-2024
36,GH,GUARDANT HEALTH INC,435589,01-04-2024
37,NVTA,INVITAE CORP,9792098,01-04-2024
38,SNTI,SENTI BIOSCIENCES INC,1948081,01-04-2024
