,Ticker,Name,Shares,Date
0,CRSP,CRISPR THERAPEUTICS AG,1714801,03-15-2024
1,TWST,TWIST BIOSCIENCE CORP,2711180,03-15-2024
2,RXRX,RECURSION PHARMACEUTICALS-A,8516318,03-15-2024
3,EXAS,EXACT SCIENCES CORP,1464239,03-15-2024
4,BEAM,BEAM THERAPEUTICS INC,2146629,03-15-2024
5,SDGR,SCHRODINGER INC,2515012,03-15-2024
6,NTLA,INTELLIA THERAPEUTICS INC,2285403,03-15-2024
7,ARCT UQ,ARCTURUS THERAPEUTICS HOLDIN,1687825,03-15-2024
8,IONS,IONIS PHARMACEUTICALS INC,1397658,03-15-2024
9,CDNA,CAREDX INC,5857055,03-15-2024
10,DNA,GINKGO BIOWORKS HOLDINGS INC,52891455,03-15-2024
11,TXG,10X GENOMICS INC-CLASS A,1441100,03-15-2024
12,ACCD,ACCOLADE INC,5604275,03-15-2024
13,TDOC,TELADOC HEALTH INC,3234166,03-15-2024
14,PACB,PACIFIC BIOSCIENCES OF CALIF,11574955,03-15-2024
15,VEEV,VEEVA SYSTEMS INC-CLASS A,186780,03-15-2024
16,VCYT,VERACYTE INC,1965247,03-15-2024
17,VRTX,VERTEX PHARMACEUTICALS INC,97749,03-15-2024
18,VERV,VERVE THERAPEUTICS INC,2831644,03-15-2024
19,NRIX,NURIX THERAPEUTICS INC,2631047,03-15-2024
20,MRNA,MODERNA INC,337903,03-15-2024
21,ADPT,ADAPTIVE BIOTECHNOLOGIES,10553557,03-15-2024
22,LAB,STANDARD BIOTOOLS INC,13023122,03-15-2024
23,MASS,908 DEVICES INC,3904635,03-15-2024
24,INCY,INCYTE CORP,438145,03-15-2024
25,QSI,QUANTUM-SI INC,12752691,03-15-2024
26,PATH,UIPATH INC - CLASS A,986388,03-15-2024
27,CMPS,COMPASS PATHWAYS PLC,2158433,03-15-2024
28,PRME,PRIME MEDICINE INC,3038001,03-15-2024
29,REGN,REGENERON PHARMACEUTICALS,20867,03-15-2024
30,ABSI,ABSCI CORP,3272233,03-15-2024
31,RPTX,REPARE THERAPEUTICS INC,2700897,03-15-2024
32,AMGN,AMGEN INC,51569,03-15-2024
33,CERS,CERUS CORP,7010956,03-15-2024
34,BFLY,BUTTERFLY NETWORK INC,11280917,03-15-2024
35,NVDA,NVIDIA CORP,11518,03-15-2024
36,PSNL,PERSONALIS INC,5658817,03-15-2024
37,NTRA,NATERA INC,82665,03-15-2024
38,GH,GUARDANT HEALTH INC,360636,03-15-2024
39,SNTI,SENTI BIOSCIENCES INC,1613130,03-15-2024
