,Ticker,Name,Shares,Date
0,EXAS,EXACT SCIENCES CORP,2524986,12-08-2023
1,CRSP,CRISPR THERAPEUTICS AG,1677538,12-08-2023
2,PACB,PACIFIC BIOSCIENCES OF CALIF,12212462,12-08-2023
3,SDGR,SCHRODINGER INC,2836157,12-08-2023
4,IONS,IONIS PHARMACEUTICALS INC,1768847,12-08-2023
5,TDOC,TELADOC HEALTH INC,4130857,12-08-2023
6,TWST,TWIST BIOSCIENCE CORP,2914452,12-08-2023
7,DNA,GINKGO BIOWORKS HOLDINGS INC,54231884,12-08-2023
8,BEAM,BEAM THERAPEUTICS INC,2413493,12-08-2023
9,NTLA,INTELLIA THERAPEUTICS INC,2269553,12-08-2023
10,RXRX,RECURSION PHARMACEUTICALS-A,8609332,12-08-2023
11,CDNA,CAREDX INC,6684967,12-08-2023
12,PATH,UIPATH INC - CLASS A,2655159,12-08-2023
13,ACCD,ACCOLADE INC,6297321,12-08-2023
14,ADPT,ADAPTIVE BIOTECHNOLOGIES,11582347,12-08-2023
15,VCYT,VERACYTE INC,2124946,12-08-2023
16,TXG,10X GENOMICS INC-CLASS A,962394,12-08-2023
17,ARCT UQ,ARCTURUS THERAPEUTICS HOLDIN,1903220,12-08-2023
18,VERV,VERVE THERAPEUTICS INC,3188510,12-08-2023
19,VRTX,VERTEX PHARMACEUTICALS INC,115351,12-08-2023
20,VEEV,VEEVA SYSTEMS INC-CLASS A,210684,12-08-2023
21,SLGC,SOMALOGIC INC,13230448,12-08-2023
22,MRNA,MODERNA INC,381037,12-08-2023
23,MASS,908 DEVICES INC,4038136,12-08-2023
24,INCY,INCYTE CORP,494018,12-08-2023
25,NRIX,NURIX THERAPEUTICS INC,2966977,12-08-2023
26,PRME,PRIME MEDICINE INC,2761110,12-08-2023
27,QSI,QUANTUM-SI INC,14380894,12-08-2023
28,REGN,REGENERON PHARMACEUTICALS,25777,12-08-2023
29,NVDA,NVIDIA CORP,36404,12-08-2023
30,RPTX,REPARE THERAPEUTICS INC,2622472,12-08-2023
31,CMPS,COMPASS PATHWAYS PLC,2433983,12-08-2023
32,PFE,PFIZER INC,464429,12-08-2023
33,BFLY,BUTTERFLY NETWORK INC,12721178,12-08-2023
34,GH,GUARDANT HEALTH INC,406789,12-08-2023
35,CERS,CERUS CORP,6297410,12-08-2023
36,PSNL,PERSONALIS INC,6212076,12-08-2023
37,NVTA,INVITAE CORP,9144937,12-08-2023
39,SNTI,SENTI BIOSCIENCES INC,1819210,12-08-2023
