,Ticker,Name,Shares,Date
0,EXAS,EXACT SCIENCES CORP,2119535,02-09-2024
1,CRSP,CRISPR THERAPEUTICS AG,1794439,02-09-2024
2,TWST,TWIST BIOSCIENCE CORP,2791671,02-09-2024
3,RXRX,RECURSION PHARMACEUTICALS-A,8937896,02-09-2024
4,TDOC,TELADOC HEALTH INC,3900247,02-09-2024
5,ACCD,ACCOLADE INC,5966988,02-09-2024
6,PACB,PACIFIC BIOSCIENCES OF CALIF,11777955,02-09-2024
7,IONS,IONIS PHARMACEUTICALS INC,1520728,02-09-2024
8,SDGR,SCHRODINGER INC,2677802,02-09-2024
9,ARCT UQ,ARCTURUS THERAPEUTICS HOLDIN,1797056,02-09-2024
10,DNA,GINKGO BIOWORKS HOLDINGS INC,51952242,02-09-2024
11,TXG,10X GENOMICS INC-CLASS A,1385295,02-09-2024
12,BEAM,BEAM THERAPEUTICS INC,2281464,02-09-2024
13,NTLA,INTELLIA THERAPEUTICS INC,2236908,02-09-2024
14,CDNA,CAREDX INC,6236144,02-09-2024
15,VCYT,VERACYTE INC,2006352,02-09-2024
16,VRTX,VERTEX PHARMACEUTICALS INC,104100,02-09-2024
17,VEEV,VEEVA SYSTEMS INC-CLASS A,198898,02-09-2024
18,ADPT,ADAPTIVE BIOTECHNOLOGIES,11236594,02-09-2024
19,VERV,VERVE THERAPEUTICS INC,3011800,02-09-2024
20,MRNA,MODERNA INC,359784,02-09-2024
21,LAB,STANDARD BIOTOOLS INC,13865988,02-09-2024
22,PATH,UIPATH INC - CLASS A,1285227,02-09-2024
23,MASS,908 DEVICES INC,3766972,02-09-2024
24,INCY,INCYTE CORP,466493,02-09-2024
25,CMPS,COMPASS PATHWAYS PLC,2298136,02-09-2024
26,NRIX,NURIX THERAPEUTICS INC,2801356,02-09-2024
27,RPTX,REPARE THERAPEUTICS INC,2857986,02-09-2024
28,REGN,REGENERON PHARMACEUTICALS,22181,02-09-2024
29,QSI,QUANTUM-SI INC,13578065,02-09-2024
30,NVDA,NVIDIA CORP,25599,02-09-2024
31,PRME,PRIME MEDICINE INC,2606916,02-09-2024
32,CERS,CERUS CORP,6134510,02-09-2024
33,AMGN,AMGEN INC,43706,02-09-2024
34,BFLY,BUTTERFLY NETWORK INC,12011039,02-09-2024
35,GH,GUARDANT HEALTH INC,383996,02-09-2024
36,PSNL,PERSONALIS INC,5565777,02-09-2024
38,PFE,PFIZER INC,122264,02-09-2024
39,ABSI,ABSCI CORP,459595,02-09-2024
40,SNTI,SENTI BIOSCIENCES INC,1717656,02-09-2024
42,NVTA,INVITAE CORP,29016,02-09-2024
