,Ticker,Name,Shares,Date
0,CRSP,CRISPR THERAPEUTICS AG,1809310,03-05-2024
1,RXRX,RECURSION PHARMACEUTICALS-A,8893849,03-05-2024
2,TWST,TWIST BIOSCIENCE CORP,2831380,03-05-2024
3,EXAS,EXACT SCIENCES CORP,1529143,03-05-2024
4,BEAM,BEAM THERAPEUTICS INC,2241800,03-05-2024
5,NTLA,INTELLIA THERAPEUTICS INC,2386724,03-05-2024
6,CDNA,CAREDX INC,6116705,03-05-2024
7,DNA,GINKGO BIOWORKS HOLDINGS INC,55236076,03-05-2024
8,TXG,10X GENOMICS INC-CLASS A,1505000,03-05-2024
9,ARCT UQ,ARCTURUS THERAPEUTICS HOLDIN,1762656,03-05-2024
10,SDGR,SCHRODINGER INC,2626512,03-05-2024
11,IONS,IONIS PHARMACEUTICALS INC,1459624,03-05-2024
12,PACB,PACIFIC BIOSCIENCES OF CALIF,11701695,03-05-2024
13,ACCD,ACCOLADE INC,5852706,03-05-2024
14,TDOC,TELADOC HEALTH INC,3377547,03-05-2024
15,VCYT,VERACYTE INC,2052378,03-05-2024
16,VERV,VERVE THERAPEUTICS INC,2957175,03-05-2024
17,ADPT,ADAPTIVE BIOTECHNOLOGIES,11021388,03-05-2024
18,VEEV,VEEVA SYSTEMS INC-CLASS A,195080,03-05-2024
19,VRTX,VERTEX PHARMACEUTICALS INC,102099,03-05-2024
20,NRIX,NURIX THERAPEUTICS INC,2747697,03-05-2024
21,LAB,STANDARD BIOTOOLS INC,13600436,03-05-2024
22,MRNA,MODERNA INC,352884,03-05-2024
23,MASS,908 DEVICES INC,3929014,03-05-2024
24,PRME,PRIME MEDICINE INC,3172682,03-05-2024
25,INCY,INCYTE CORP,457576,03-05-2024
26,PATH,UIPATH INC - CLASS A,1132088,03-05-2024
27,CMPS,COMPASS PATHWAYS PLC,2254114,03-05-2024
28,QSI,QUANTUM-SI INC,13318031,03-05-2024
29,REGN,REGENERON PHARMACEUTICALS,21767,03-05-2024
30,ABSI,ABSCI CORP,3417310,03-05-2024
31,RPTX,REPARE THERAPEUTICS INC,2820628,03-05-2024
32,AMGN,AMGEN INC,53869,03-05-2024
33,BFLY,BUTTERFLY NETWORK INC,11781008,03-05-2024
34,CERS,CERUS CORP,6017031,03-05-2024
35,NVDA,NVIDIA CORP,12572,03-05-2024
36,PSNL,PERSONALIS INC,5573924,03-05-2024
37,NTRA,NATERA INC,86346,03-05-2024
38,GH,GUARDANT HEALTH INC,376636,03-05-2024
40,PFE,PFIZER INC,35282,03-05-2024
41,SNTI,SENTI BIOSCIENCES INC,1684731,03-05-2024
