,Ticker,Name,Shares,Date
0,EXAS,EXACT SCIENCES CORP,2526658,11-21-2023
1,CRSP,CRISPR THERAPEUTICS AG,1668305,11-21-2023
2,PACB,PACIFIC BIOSCIENCES OF CALIF,12145239,11-21-2023
3,IONS,IONIS PHARMACEUTICALS INC,1759105,11-21-2023
4,SDGR,SCHRODINGER INC,2820547,11-21-2023
5,DNA,GINKGO BIOWORKS HOLDINGS INC,53933390,11-21-2023
6,BEAM,BEAM THERAPEUTICS INC,2400203,11-21-2023
7,TWST,TWIST BIOSCIENCE CORP,2898415,11-21-2023
8,TDOC,TELADOC HEALTH INC,3987201,11-21-2023
9,NTLA,INTELLIA THERAPEUTICS INC,2257065,11-21-2023
10,CDNA,CAREDX INC,6648170,11-21-2023
11,RXRX,RECURSION PHARMACEUTICALS-A,8559635,11-21-2023
12,VCYT,VERACYTE INC,2113244,11-21-2023
13,PATH,UIPATH INC - CLASS A,2902901,11-21-2023
14,ADPT,ADAPTIVE BIOTECHNOLOGIES,11452235,11-21-2023
15,ACCD,ACCOLADE INC,6242536,11-21-2023
16,ARCT UQ,ARCTURUS THERAPEUTICS HOLDIN,1892748,11-21-2023
17,VRTX,VERTEX PHARMACEUTICALS INC,114714,11-21-2023
18,TXG,10X GENOMICS INC-CLASS A,921070,11-21-2023
19,VERV,VERVE THERAPEUTICS INC,3045388,11-21-2023
20,VEEV,VEEVA SYSTEMS INC-CLASS A,198914,11-21-2023
21,SLGC,SOMALOGIC INC,13157627,11-21-2023
22,MRNA,MODERNA INC,378944,11-21-2023
23,MASS,908 DEVICES INC,4015906,11-21-2023
24,INCY,INCYTE CORP,491302,11-21-2023
25,QSI,QUANTUM-SI INC,14301731,11-21-2023
26,REGN,REGENERON PHARMACEUTICALS,25637,11-21-2023
27,NRIX,NURIX THERAPEUTICS INC,2950641,11-21-2023
28,PRME,PRIME MEDICINE INC,2745913,11-21-2023
29,NVDA,NVIDIA CORP,36201,11-21-2023
30,CMPS,COMPASS PATHWAYS PLC,2420580,11-21-2023
31,PFE,PFIZER INC,461874,11-21-2023
32,BFLY,BUTTERFLY NETWORK INC,12651157,11-21-2023
33,RPTX,REPARE THERAPEUTICS INC,2608038,11-21-2023
34,CERS,CERUS CORP,6262737,11-21-2023
35,GH,GUARDANT HEALTH INC,404549,11-21-2023
36,PSNL,PERSONALIS INC,6177877,11-21-2023
37,NVTA,INVITAE CORP,9094596,11-21-2023
39,SNTI,SENTI BIOSCIENCES INC,1809182,11-21-2023
