,Ticker,Name,Shares,Date
0,CRSP,CRISPR THERAPEUTICS AG,1696570,03-27-2024
1,TWST,TWIST BIOSCIENCE CORP,2741229,03-27-2024
2,RXRX,RECURSION PHARMACEUTICALS-A,8656209,03-27-2024
3,EXAS,EXACT SCIENCES CORP,1264640,03-27-2024
4,BEAM,BEAM THERAPEUTICS INC,2123793,03-27-2024
5,SDGR,SCHRODINGER INC,2488252,03-27-2024
6,IONS,IONIS PHARMACEUTICALS INC,1382790,03-27-2024
7,NTLA,INTELLIA THERAPEUTICS INC,2319418,03-27-2024
8,DNA,GINKGO BIOWORKS HOLDINGS INC,52328751,03-27-2024
9,CDNA,CAREDX INC,5794739,03-27-2024
10,ACCD,ACCOLADE INC,5544652,03-27-2024
11,TXG,10X GENOMICS INC-CLASS A,1515103,03-27-2024
12,ARCT UQ,ARCTURUS THERAPEUTICS HOLDIN,1669879,03-27-2024
13,TDOC,TELADOC HEALTH INC,3199768,03-27-2024
14,VEEV,VEEVA SYSTEMS INC-CLASS A,184801,03-27-2024
15,VCYT,VERACYTE INC,1944349,03-27-2024
16,PACB,PACIFIC BIOSCIENCES OF CALIF,11545988,03-27-2024
17,MRNA,MODERNA INC,371607,03-27-2024
18,VRTX,VERTEX PHARMACEUTICALS INC,88992,03-27-2024
19,VERV,VERVE THERAPEUTICS INC,2801530,03-27-2024
20,LAB,STANDARD BIOTOOLS INC,12884570,03-27-2024
21,NRIX,NURIX THERAPEUTICS INC,2603056,03-27-2024
22,ADPT,ADAPTIVE BIOTECHNOLOGIES,10441278,03-27-2024
23,MASS,908 DEVICES INC,4000259,03-27-2024
24,INCY,INCYTE CORP,433495,03-27-2024
25,QSI,QUANTUM-SI INC,12617028,03-27-2024
26,PATH,UIPATH INC - CLASS A,975893,03-27-2024
27,PRME,PRIME MEDICINE INC,3005691,03-27-2024
28,CMPS,COMPASS PATHWAYS PLC,2135465,03-27-2024
29,REGN,REGENERON PHARMACEUTICALS,17980,03-27-2024
30,ABSI,ABSCI CORP,3237429,03-27-2024
31,AMGN,AMGEN INC,51022,03-27-2024
32,CERS,CERUS CORP,8129595,03-27-2024
33,RPTX,REPARE THERAPEUTICS INC,2672162,03-27-2024
34,BFLY,BUTTERFLY NETWORK INC,11160898,03-27-2024
35,PSNL,PERSONALIS INC,5929715,03-27-2024
36,NTRA,NATERA INC,81795,03-27-2024
37,NVDA,NVIDIA CORP,7964,03-27-2024
38,GH,GUARDANT HEALTH INC,356796,03-27-2024
40,SNTI,SENTI BIOSCIENCES INC,1595943,03-27-2024
