,Ticker,Name,Shares,Date
0,CRSP,CRISPR THERAPEUTICS AG,1740535,04-24-2024
1,TWST,TWIST BIOSCIENCE CORP,2844262,04-24-2024
2,EXAS,EXACT SCIENCES CORP,1162106,04-24-2024
3,RXRX,RECURSION PHARMACEUTICALS-A,9194955,04-24-2024
4,SDGR,SCHRODINGER INC,2517242,04-24-2024
5,IONS,IONIS PHARMACEUTICALS INC,1398897,04-24-2024
6,ACCD,ACCOLADE INC,5609230,04-24-2024
7,NTLA,INTELLIA THERAPEUTICS INC,2407607,04-24-2024
8,BEAM,BEAM THERAPEUTICS INC,2148534,04-24-2024
9,ARCT UQ,ARCTURUS THERAPEUTICS HOLDIN,1760826,04-24-2024
10,CDNA,CAREDX INC,5862247,04-24-2024
11,TXG,10X GENOMICS INC-CLASS A,1702086,04-24-2024
12,TDOC,TELADOC HEALTH INC,3395928,04-24-2024
13,DNA,GINKGO BIOWORKS HOLDINGS INC,52938349,04-24-2024
14,MRNA,MODERNA INC,390539,04-24-2024
15,VCYT,VERACYTE INC,1966975,04-24-2024
16,VEEV,VEEVA SYSTEMS INC-CLASS A,186926,04-24-2024
17,NRIX,NURIX THERAPEUTICS INC,2633389,04-24-2024
18,VRTX,VERTEX PHARMACEUTICALS INC,88682,04-24-2024
19,LAB,STANDARD BIOTOOLS INC,13034671,04-24-2024
20,ADPT,ADAPTIVE BIOTECHNOLOGIES,10562890,04-24-2024
21,MASS,908 DEVICES INC,4046868,04-24-2024
22,QSI,QUANTUM-SI INC,12764017,04-24-2024
23,INCY,INCYTE CORP,409799,04-24-2024
24,VERV,VERVE THERAPEUTICS INC,3018404,04-24-2024
25,CMPS,COMPASS PATHWAYS PLC,2160352,04-24-2024
26,PACB,PACIFIC BIOSCIENCES OF CALIF,12125022,04-24-2024
27,REGN,REGENERON PHARMACEUTICALS,17750,04-24-2024
28,ABSI,ABSCI CORP,3275129,04-24-2024
29,PATH,UIPATH INC - CLASS A,770167,04-24-2024
30,PRME,PRIME MEDICINE INC,3040691,04-24-2024
31,AMGN,AMGEN INC,51620,04-24-2024
32,CERS,CERUS CORP,8224310,04-24-2024
33,PSNL,PERSONALIS INC,6537100,04-24-2024
34,RPTX,REPARE THERAPEUTICS INC,2703287,04-24-2024
35,BFLY,BUTTERFLY NETWORK INC,11290908,04-24-2024
36,NTRA,NATERA INC,82749,04-24-2024
37,GH,GUARDANT HEALTH INC,360956,04-24-2024
38,SNTI,SENTI BIOSCIENCES INC,1614555,04-24-2024
