,Ticker,Name,Shares,Date
0,EXAS,EXACT SCIENCES CORP,2661490,08-04-2023
1,SDGR,SCHRODINGER INC,3507238,08-04-2023
2,PACB,PACIFIC BIOSCIENCES OF CALIF,11354463,08-04-2023
3,TDOC,TELADOC HEALTH INC,4051438,08-04-2023
4,DNA,GINKGO BIOWORKS HOLDINGS INC,50687267,08-04-2023
5,IONS,IONIS PHARMACEUTICALS INC,2495059,08-04-2023
6,ACCD,ACCOLADE INC,5978291,08-04-2023
7,ADPT,ADAPTIVE BIOTECHNOLOGIES,11429614,08-04-2023
8,CRSP,CRISPR THERAPEUTICS AG,1539505,08-04-2023
9,NTLA,INTELLIA THERAPEUTICS INC,1951839,08-04-2023
10,CDNA,CAREDX INC,6916159,08-04-2023
11,ARCT UQ,ARCTURUS THERAPEUTICS HOLDIN,1969031,08-04-2023
12,NVDA,NVIDIA CORP,142955,08-04-2023
13,RXRX,RECURSION PHARMACEUTICALS-A,5050199,08-04-2023
14,TWST,TWIST BIOSCIENCE CORP,2966854,08-04-2023
15,PATH,UIPATH INC - CLASS A,3762819,08-04-2023
16,BEAM,BEAM THERAPEUTICS INC,2172166,08-04-2023
17,VERV,VERVE THERAPEUTICS INC,2968983,08-04-2023
18,VCYT,VERACYTE INC,2198419,08-04-2023
19,QSI,QUANTUM-SI INC,14809603,08-04-2023
20,TXG,10X GENOMICS INC-CLASS A,750097,08-04-2023
21,VRTX,VERTEX PHARMACEUTICALS INC,119371,08-04-2023
22,VEEV,VEEVA SYSTEMS INC-CLASS A,206921,08-04-2023
23,INCY,INCYTE CORP,511078,08-04-2023
24,BFLY,BUTTERFLY NETWORK INC,13161198,08-04-2023
25,PRME,PRIME MEDICINE INC,2222737,08-04-2023
26,SLGC,SOMALOGIC INC,13104112,08-04-2023
27,MRNA,MODERNA INC,248031,08-04-2023
28,MASS,908 DEVICES INC,4100372,08-04-2023
29,RPTX,REPARE THERAPEUTICS INC,2713177,08-04-2023
30,CMPS,COMPASS PATHWAYS PLC,2518187,08-04-2023
31,REGN,REGENERON PHARMACEUTICALS,28723,08-04-2023
32,NRIX,NURIX THERAPEUTICS INC,2333922,08-04-2023
33,GH,GUARDANT HEALTH INC,593523,08-04-2023
34,PFE,PFIZER INC,480489,08-04-2023
35,CERS,CERUS CORP,6515227,08-04-2023
36,PSNL,PERSONALIS INC,5920884,08-04-2023
37,CDXS,CODEXIS INC,3483766,08-04-2023
38,NVTA,INVITAE CORP,8742543,08-04-2023
40,SNTI,SENTI BIOSCIENCES INC,1882161,08-04-2023
41,BLI,PHENOMEX INC,2284158,08-04-2023
43,IOVA,IOVANCE BIOTHERAPEUTICS INC,500,08-04-2023
