,Ticker,Name,Shares,Date
0,EXAS,EXACT SCIENCES CORP,2142878,02-05-2024
1,CRSP,CRISPR THERAPEUTICS AG,1797427,02-05-2024
2,TWST,TWIST BIOSCIENCE CORP,2756426,02-05-2024
3,RXRX,RECURSION PHARMACEUTICALS-A,8918080,02-05-2024
4,PACB,PACIFIC BIOSCIENCES OF CALIF,11612005,02-05-2024
5,TDOC,TELADOC HEALTH INC,3906743,02-05-2024
6,IONS,IONIS PHARMACEUTICALS INC,1523260,02-05-2024
7,ACCD,ACCOLADE INC,5976926,02-05-2024
8,SDGR,SCHRODINGER INC,2682262,02-05-2024
9,DNA,GINKGO BIOWORKS HOLDINGS INC,51970411,02-05-2024
10,ARCT UQ,ARCTURUS THERAPEUTICS HOLDIN,1800053,02-05-2024
11,TXG,10X GENOMICS INC-CLASS A,1366447,02-05-2024
12,BEAM,BEAM THERAPEUTICS INC,2282578,02-05-2024
13,NTLA,INTELLIA THERAPEUTICS INC,2203705,02-05-2024
14,CDNA,CAREDX INC,6246530,02-05-2024
15,VCYT,VERACYTE INC,2009694,02-05-2024
16,VRTX,VERTEX PHARMACEUTICALS INC,104274,02-05-2024
17,ADPT,ADAPTIVE BIOTECHNOLOGIES,11255315,02-05-2024
18,VEEV,VEEVA SYSTEMS INC-CLASS A,199230,02-05-2024
19,MRNA,MODERNA INC,360384,02-05-2024
20,LAB,STANDARD BIOTOOLS INC,13889087,02-05-2024
21,VERV,VERVE THERAPEUTICS INC,3015496,02-05-2024
22,PATH,UIPATH INC - CLASS A,1406164,02-05-2024
23,INCY,INCYTE CORP,467264,02-05-2024
24,MASS,908 DEVICES INC,3773246,02-05-2024
25,CMPS,COMPASS PATHWAYS PLC,2301964,02-05-2024
26,NRIX,NURIX THERAPEUTICS INC,2806022,02-05-2024
27,REGN,REGENERON PHARMACEUTICALS,22217,02-05-2024
28,QSI,QUANTUM-SI INC,13600691,02-05-2024
29,NVDA,NVIDIA CORP,31324,02-05-2024
30,RPTX,REPARE THERAPEUTICS INC,2852569,02-05-2024
31,PRME,PRIME MEDICINE INC,2611258,02-05-2024
32,CERS,CERUS CORP,6124434,02-05-2024
33,BFLY,BUTTERFLY NETWORK INC,12031055,02-05-2024
34,AMGN,AMGEN INC,29474,02-05-2024
35,GH,GUARDANT HEALTH INC,384636,02-05-2024
36,PSNL,PERSONALIS INC,5575047,02-05-2024
37,PFE,PFIZER INC,122468,02-05-2024
38,NVTA,INVITAE CORP,8648846,02-05-2024
40,ABSI,ABSCI CORP,446127,02-05-2024
41,SNTI,SENTI BIOSCIENCES INC,1720524,02-05-2024
