,Ticker,Name,Shares,Date
0,CRSP,CRISPR THERAPEUTICS AG,1728490,03-21-2024
1,TWST,TWIST BIOSCIENCE CORP,2743357,03-21-2024
2,RXRX,RECURSION PHARMACEUTICALS-A,8584267,03-21-2024
3,EXAS,EXACT SCIENCES CORP,1327007,03-21-2024
4,BEAM,BEAM THERAPEUTICS INC,2163756,03-21-2024
5,SDGR,SCHRODINGER INC,2535082,03-21-2024
6,NTLA,INTELLIA THERAPEUTICS INC,2303647,03-21-2024
7,DNA,GINKGO BIOWORKS HOLDINGS INC,53313475,03-21-2024
8,IONS,IONIS PHARMACEUTICALS INC,1408809,03-21-2024
9,CDNA,CAREDX INC,5903792,03-21-2024
10,ARCT UQ,ARCTURUS THERAPEUTICS HOLDIN,1701298,03-21-2024
11,ACCD,ACCOLADE INC,5648996,03-21-2024
12,TXG,10X GENOMICS INC-CLASS A,1452602,03-21-2024
13,TDOC,TELADOC HEALTH INC,3259978,03-21-2024
14,PACB,PACIFIC BIOSCIENCES OF CALIF,11667313,03-21-2024
15,VEEV,VEEVA SYSTEMS INC-CLASS A,188274,03-21-2024
16,VCYT,VERACYTE INC,1980934,03-21-2024
17,VRTX,VERTEX PHARMACEUTICALS INC,98532,03-21-2024
18,MRNA,MODERNA INC,377589,03-21-2024
19,VERV,VERVE THERAPEUTICS INC,2854243,03-21-2024
20,ADPT,ADAPTIVE BIOTECHNOLOGIES,10637770,03-21-2024
21,NRIX,NURIX THERAPEUTICS INC,2652044,03-21-2024
22,LAB,STANDARD BIOTOOLS INC,13127036,03-21-2024
23,MASS,908 DEVICES INC,3964557,03-21-2024
24,INCY,INCYTE CORP,441646,03-21-2024
25,QSI,QUANTUM-SI INC,12854454,03-21-2024
26,PATH,UIPATH INC - CLASS A,994263,03-21-2024
27,PRME,PRIME MEDICINE INC,3062247,03-21-2024
28,CMPS,COMPASS PATHWAYS PLC,2175659,03-21-2024
29,REGN,REGENERON PHARMACEUTICALS,21029,03-21-2024
30,ABSI,ABSCI CORP,3298353,03-21-2024
31,CERS,CERUS CORP,7822479,03-21-2024
32,RPTX,REPARE THERAPEUTICS INC,2722452,03-21-2024
33,AMGN,AMGEN INC,51983,03-21-2024
34,BFLY,BUTTERFLY NETWORK INC,11370935,03-21-2024
35,NVDA,NVIDIA CORP,11608,03-21-2024
36,PSNL,PERSONALIS INC,5927081,03-21-2024
37,NTRA,NATERA INC,83331,03-21-2024
38,GH,GUARDANT HEALTH INC,363516,03-21-2024
40,SNTI,SENTI BIOSCIENCES INC,1626007,03-21-2024
