,Ticker,Name,Shares,Date
0,TWST,TWIST BIOSCIENCE CORP,2705547,06-13-2024
1,CRSP,CRISPR THERAPEUTICS AG,1809768,06-13-2024
2,CDNA,CAREDX INC,5825927,06-13-2024
3,RXRX,RECURSION PHARMACEUTICALS-A,9292011,06-13-2024
4,NTLA,INTELLIA THERAPEUTICS INC,2614603,06-13-2024
5,ARCT UQ,ARCTURUS THERAPEUTICS HOLDIN,1929510,06-13-2024
6,IONS,IONIS PHARMACEUTICALS INC,1390245,06-13-2024
7,BEAM,BEAM THERAPEUTICS INC,2135232,06-13-2024
8,SDGR,SCHRODINGER INC,2501632,06-13-2024
9,MRNA,MODERNA INC,360362,06-13-2024
10,VCYT,VERACYTE INC,1985720,06-13-2024
11,TXG,10X GENOMICS INC-CLASS A,1986763,06-13-2024
12,NRIX,NURIX THERAPEUTICS INC,2481618,06-13-2024
13,ADPT,ADAPTIVE BIOTECHNOLOGIES,11283383,06-13-2024
14,ACCD,ACCOLADE INC,5763355,06-13-2024
15,VRTX,VERTEX PHARMACEUTICALS INC,77064,06-13-2024
16,VEEV,VEEVA SYSTEMS INC-CLASS A,171476,06-13-2024
17,LAB,STANDARD BIOTOOLS INC,12953888,06-13-2024
18,EXAS,EXACT SCIENCES CORP,670286,06-13-2024
19,DNA,GINKGO BIOWORKS HOLDINGS INC,54880499,06-13-2024
20,TDOC,TELADOC HEALTH INC,2579548,06-13-2024
21,MASS,908 DEVICES INC,4021774,06-13-2024
22,PACB,PACIFIC BIOSCIENCES OF CALIF,12461192,06-13-2024
23,INCY,INCYTE CORP,407258,06-13-2024
24,PRME,PRIME MEDICINE INC,3021876,06-13-2024
25,AMGN,AMGEN INC,76405,06-13-2024
26,ABSI,ABSCI CORP,4094671,06-13-2024
27,QSI,QUANTUM-SI INC,12684909,06-13-2024
28,NTRA,NATERA INC,151832,06-13-2024
29,REGN,REGENERON PHARMACEUTICALS,16180,06-13-2024
30,CERS,CERUS CORP,8173330,06-13-2024
31,GH,GUARDANT HEALTH INC,463165,06-13-2024
32,VERV,VERVE THERAPEUTICS INC,2627558,06-13-2024
33,CMPS,COMPASS PATHWAYS PLC,2146961,06-13-2024
34,BFLY,BUTTERFLY NETWORK INC,11220907,06-13-2024
35,RPTX,REPARE THERAPEUTICS INC,2686552,06-13-2024
36,PATH,UIPATH INC - CLASS A,765415,06-13-2024
37,PSNL,PERSONALIS INC,6496584,06-13-2024
39,SNTI,SENTI BIOSCIENCES INC,1604559,06-13-2024
