,Ticker,Name,Shares,Date
0,TSLA,TESLA INC,4099481,06-13-2024
1,COIN,COINBASE GLOBAL INC -CLASS A,2483807,06-13-2024
2,ROKU,ROKU INC,9146415,06-13-2024
3,CRSP,CRISPR THERAPEUTICS AG,5677566,06-13-2024
4,SQ,BLOCK INC,5535721,06-13-2024
5,RBLX,ROBLOX CORP -CLASS A,9670809,06-13-2024
6,HOOD,ROBINHOOD MARKETS INC - A,13369520,06-13-2024
7,PATH,UIPATH INC - CLASS A,19685228,06-13-2024
8,PLTR,PALANTIR TECHNOLOGIES INC-A,9282016,06-13-2024
9,NTLA,INTELLIA THERAPEUTICS INC,8327359,06-13-2024
10,SHOP,SHOPIFY INC - CLASS A,3133178,06-13-2024
11,ZM,ZOOM VIDEO COMMUNICATIONS-A,3057082,06-13-2024
12,TWST,TWIST BIOSCIENCE CORP,3311630,06-13-2024
13,PD,PAGERDUTY INC,7997323,06-13-2024
14,U,UNITY SOFTWARE INC,8197993,06-13-2024
15,DKNG UW,DRAFTKINGS INC-CL A,3686503,06-13-2024
16,BEAM,BEAM THERAPEUTICS INC,5402787,06-13-2024
17,META,META PLATFORMS INC-CLASS A,274393,06-13-2024
18,RXRX,RECURSION PHARMACEUTICALS-A,14895616,06-13-2024
19,TTD,TRADE DESK INC/THE -CLASS A,1413846,06-13-2024
20,TER,TERADYNE INC,829269,06-13-2024
21,PINS,PINTEREST INC- CLASS A,2741046,06-13-2024
22,TXG,10X GENOMICS INC-CLASS A,5548625,06-13-2024
23,MRNA,MODERNA INC,648207,06-13-2024
24,VCYT,VERACYTE INC,3975256,06-13-2024
25,TDOC,TELADOC HEALTH INC,7219282,06-13-2024
26,SOFI,SOFI TECHNOLOGIES INC,9160727,06-13-2024
27,DNA,GINKGO BIOWORKS HOLDINGS INC,124772207,06-13-2024
28,ACHR,ARCHER AVIATION INC-A,16070403,06-13-2024
29,PACB,PACIFIC BIOSCIENCES OF CALIF,19306827,06-13-2024
30,NTRA,NATERA INC,231707,06-13-2024
31,PRME,PRIME MEDICINE INC,2898225,06-13-2024
32,CERS,CERUS CORP,11090034,06-13-2024
34,VERV,VERVE THERAPEUTICS INC,806006,06-13-2024
35,EXAS,EXACT SCIENCES CORP,25481,06-13-2024
