,Ticker,Name,Shares,Date
0,TSLA,TESLA INC,4203363,04-22-2024
1,COIN,COINBASE GLOBAL INC -CLASS A,2661208,04-22-2024
2,ROKU,ROKU INC,9046583,04-22-2024
3,SQ,BLOCK INC,6243985,04-22-2024
4,PATH,UIPATH INC - CLASS A,19311493,04-22-2024
5,CRSP,CRISPR THERAPEUTICS AG,5662650,04-22-2024
6,RBLX,ROBLOX CORP -CLASS A,8202402,04-22-2024
7,ZM,ZOOM VIDEO COMMUNICATIONS-A,4845746,04-22-2024
8,HOOD,ROBINHOOD MARKETS INC - A,15701016,04-22-2024
9,U,UNITY SOFTWARE INC,9314831,04-22-2024
10,SHOP,SHOPIFY INC - CLASS A,2753376,04-22-2024
11,PLTR,PALANTIR TECHNOLOGIES INC-A,8819437,04-22-2024
12,DKNG UW,DRAFTKINGS INC-CL A,4113681,04-22-2024
13,NTLA,INTELLIA THERAPEUTICS INC,7523498,04-22-2024
14,PD,PAGERDUTY INC,7186786,04-22-2024
15,TDOC,TELADOC HEALTH INC,10246326,04-22-2024
16,BEAM,BEAM THERAPEUTICS INC,5492412,04-22-2024
17,TXG,10X GENOMICS INC-CLASS A,4641913,04-22-2024
18,META,META PLATFORMS INC-CLASS A,257432,04-22-2024
19,TTD,TRADE DESK INC/THE -CLASS A,1488096,04-22-2024
20,RXRX,RECURSION PHARMACEUTICALS-A,14949756,04-22-2024
21,TWST,TWIST BIOSCIENCE CORP,3875374,04-22-2024
22,DNA,GINKGO BIOWORKS HOLDINGS INC,120411116,04-22-2024
23,EXAS,EXACT SCIENCES CORP,1603331,04-22-2024
24,PINS,PINTEREST INC- CLASS A,2884896,04-22-2024
25,TER,TERADYNE INC,872769,04-22-2024
26,VCYT,VERACYTE INC,4038608,04-22-2024
27,MRNA,MODERNA INC,725990,04-22-2024
28,SOFI,SOFI TECHNOLOGIES INC,9641648,04-22-2024
29,ACHR,ARCHER AVIATION INC-A,16913963,04-22-2024
30,PACB,PACIFIC BIOSCIENCES OF CALIF,19819844,04-22-2024
31,CERS,CERUS CORP,11672271,04-22-2024
32,VERV,VERVE THERAPEUTICS INC,2850023,04-22-2024
33,NTRA,NATERA INC,184439,04-22-2024
34,PRME,PRIME MEDICINE INC,2553765,04-22-2024
36,TWOU,2U INC,5111469,04-22-2024
