,Ticker,Name,Shares,Date
0,COIN,COINBASE GLOBAL INC -CLASS A,2954241,03-27-2024
1,TSLA,TESLA INC,3799781,03-27-2024
2,ROKU,ROKU INC,9136228,03-27-2024
3,SQ,BLOCK INC,6478573,03-27-2024
4,PATH,UIPATH INC - CLASS A,20037032,03-27-2024
5,CRSP,CRISPR THERAPEUTICS AG,5875429,03-27-2024
6,ZM,ZOOM VIDEO COMMUNICATIONS-A,5133567,03-27-2024
7,HOOD,ROBINHOOD MARKETS INC - A,17463633,03-27-2024
8,RBLX,ROBLOX CORP -CLASS A,8379864,03-27-2024
9,U,UNITY SOFTWARE INC,9664792,03-27-2024
10,DKNG UW,DRAFTKINGS INC-CL A,5111721,03-27-2024
11,PLTR,PALANTIR TECHNOLOGIES INC-A,9150771,03-27-2024
12,SHOP,SHOPIFY INC - CLASS A,2856884,03-27-2024
13,NTLA,INTELLIA THERAPEUTICS INC,7806190,03-27-2024
14,BEAM,BEAM THERAPEUTICS INC,5698721,03-27-2024
15,PD,PAGERDUTY INC,7456781,03-27-2024
16,TXG,10X GENOMICS INC-CLASS A,4315374,03-27-2024
17,TDOC,TELADOC HEALTH INC,9885042,03-27-2024
18,RXRX,RECURSION PHARMACEUTICALS-A,14228495,03-27-2024
19,TTD,TRADE DESK INC/THE -CLASS A,1544031,03-27-2024
20,DNA,GINKGO BIOWORKS HOLDINGS INC,124934631,03-27-2024
21,META,META PLATFORMS INC-CLASS A,267037,03-27-2024
22,TWST,TWIST BIOSCIENCE CORP,3701181,03-27-2024
23,EXAS,EXACT SCIENCES CORP,1856230,03-27-2024
24,PINS,PINTEREST INC- CLASS A,2993310,03-27-2024
25,TER,TERADYNE INC,905539,03-27-2024
26,VCYT,VERACYTE INC,4190367,03-27-2024
27,ACHR,ARCHER AVIATION INC-A,17549432,03-27-2024
28,MRNA,MODERNA INC,753316,03-27-2024
29,SOFI,SOFI TECHNOLOGIES INC,10003926,03-27-2024
30,PACB,PACIFIC BIOSCIENCES OF CALIF,19660782,03-27-2024
31,VERV,VERVE THERAPEUTICS INC,2957147,03-27-2024
33,CERS,CERUS CORP,12110802,03-27-2024
34,PRME,PRIME MEDICINE INC,2649739,03-27-2024
35,NTRA,NATERA INC,191345,03-27-2024
36,TWLO,TWILIO INC - A,250493,03-27-2024
37,TWOU,2U INC,5901947,03-27-2024
