,Ticker,Name,Shares,Date
0,COIN,COINBASE GLOBAL INC -CLASS A,4009932,03-05-2024
1,TSLA,TESLA INC,3362104,03-05-2024
2,SQ,BLOCK INC,7018878,03-05-2024
3,ROKU,ROKU INC,8362865,03-05-2024
4,CRSP,CRISPR THERAPEUTICS AG,5982723,03-05-2024
5,PATH,UIPATH INC - CLASS A,20050181,03-05-2024
6,ZM,ZOOM VIDEO COMMUNICATIONS-A,5532217,03-05-2024
7,HOOD,ROBINHOOD MARKETS INC - A,19891533,03-05-2024
8,RBLX,ROBLOX CORP -CLASS A,7851529,03-05-2024
9,DKNG UW,DRAFTKINGS INC-CL A,5790213,03-05-2024
10,U,UNITY SOFTWARE INC,9271655,03-05-2024
11,NTLA,INTELLIA THERAPEUTICS INC,7653157,03-05-2024
12,PLTR,PALANTIR TECHNOLOGIES INC-A,9317890,03-05-2024
13,BEAM,BEAM THERAPEUTICS INC,5802803,03-05-2024
14,SHOP,SHOPIFY INC - CLASS A,2909124,03-05-2024
15,PD,PAGERDUTY INC,7248950,03-05-2024
16,TXG,10X GENOMICS INC-CLASS A,3943811,03-05-2024
17,RXRX,RECURSION PHARMACEUTICALS-A,13333390,03-05-2024
18,DNA,GINKGO BIOWORKS HOLDINGS INC,127216254,03-05-2024
19,TDOC,TELADOC HEALTH INC,10065640,03-05-2024
20,TWST,TWIST BIOSCIENCE CORP,3469868,03-05-2024
21,TTD,TRADE DESK INC/THE -CLASS A,1469416,03-05-2024
22,EXAS,EXACT SCIENCES CORP,1890145,03-05-2024
23,PINS,PINTEREST INC- CLASS A,2817938,03-05-2024
24,VCYT,VERACYTE INC,4266918,03-05-2024
25,META,META PLATFORMS INC-CLASS A,192554,03-05-2024
26,PACB,PACIFIC BIOSCIENCES OF CALIF,18929615,03-05-2024
27,TWLO,TWILIO INC - A,1528690,03-05-2024
28,TER,TERADYNE INC,780400,03-05-2024
29,ACHR,ARCHER AVIATION INC-A,17869860,03-05-2024
30,VERV,VERVE THERAPEUTICS INC,3011146,03-05-2024
31,SOFI,SOFI TECHNOLOGIES INC,4824603,03-05-2024
32,CERS,CERUS CORP,12331934,03-05-2024
33,PRME,PRIME MEDICINE INC,2698179,03-05-2024
34,NTRA,NATERA INC,194822,03-05-2024
36,TWOU,2U INC,6010064,03-05-2024
