,Ticker,Name,Shares,Date
0,COIN,COINBASE GLOBAL INC -CLASS A,6674287,12-08-2023
1,ROKU,ROKU INC,6802248,12-08-2023
2,TSLA,TESLA INC,2591206,12-08-2023
3,PATH,UIPATH INC - CLASS A,26566324,12-08-2023
4,ZM,ZOOM VIDEO COMMUNICATIONS-A,8127432,12-08-2023
5,SQ,BLOCK INC,7546770,12-08-2023
6,CRSP,CRISPR THERAPEUTICS AG,5315608,12-08-2023
7,RBLX,ROBLOX CORP -CLASS A,8442039,12-08-2023
8,TWLO,TWILIO INC - A,4762822,12-08-2023
9,DKNG UW,DRAFTKINGS INC-CL A,7589979,12-08-2023
10,U,UNITY SOFTWARE INC,8368992,12-08-2023
11,SHOP,SHOPIFY INC - CLASS A,3586835,12-08-2023
12,HOOD,ROBINHOOD MARKETS INC - A,20964733,12-08-2023
13,TDOC,TELADOC HEALTH INC,12249933,12-08-2023
14,NTLA,INTELLIA THERAPEUTICS INC,7777309,12-08-2023
15,PD,PAGERDUTY INC,8904333,12-08-2023
16,EXAS,EXACT SCIENCES CORP,2976555,12-08-2023
17,BEAM,BEAM THERAPEUTICS INC,6207503,12-08-2023
18,DNA,GINKGO BIOWORKS HOLDINGS INC,124432417,12-08-2023
19,PACB,PACIFIC BIOSCIENCES OF CALIF,18872279,12-08-2023
20,PLTR,PALANTIR TECHNOLOGIES INC-A,7728799,12-08-2023
21,TXG,10X GENOMICS INC-CLASS A,2596620,12-08-2023
22,VCYT,VERACYTE INC,4211278,12-08-2023
23,TWST,TWIST BIOSCIENCE CORP,3611784,12-08-2023
24,ACHR,ARCHER AVIATION INC-A,13448052,12-08-2023
25,TTD,TRADE DESK INC/THE -CLASS A,1142146,12-08-2023
26,META,META PLATFORMS INC-CLASS A,206918,12-08-2023
27,TER,TERADYNE INC,623394,12-08-2023
28,RXRX,RECURSION PHARMACEUTICALS-A,5957293,12-08-2023
29,VERV,VERVE THERAPEUTICS INC,3193294,12-08-2023
31,CERS,CERUS CORP,12415125,12-08-2023
32,NVTA,INVITAE CORP,18777951,12-08-2023
33,TWOU,2U INC,6462330,12-08-2023
