,Ticker,Name,Shares,Date
0,COIN,COINBASE GLOBAL INC -CLASS A,3259016,03-15-2024
1,TSLA,TESLA INC,3503725,03-15-2024
2,ROKU,ROKU INC,8627346,03-15-2024
3,SQ,BLOCK INC,6753835,03-15-2024
4,PATH,UIPATH INC - CLASS A,19632601,03-15-2024
5,CRSP,CRISPR THERAPEUTICS AG,5756800,03-15-2024
6,ZM,ZOOM VIDEO COMMUNICATIONS-A,5323326,03-15-2024
7,HOOD,ROBINHOOD MARKETS INC - A,18556853,03-15-2024
8,RBLX,ROBLOX CORP -CLASS A,7555046,03-15-2024
9,U,UNITY SOFTWARE INC,9057312,03-15-2024
10,DKNG UW,DRAFTKINGS INC-CL A,5571573,03-15-2024
11,SHOP,SHOPIFY INC - CLASS A,2799272,03-15-2024
12,PLTR,PALANTIR TECHNOLOGIES INC-A,8966079,03-15-2024
13,NTLA,INTELLIA THERAPEUTICS INC,7364143,03-15-2024
14,BEAM,BEAM THERAPEUTICS INC,5583683,03-15-2024
15,PD,PAGERDUTY INC,6975230,03-15-2024
16,TDOC,TELADOC HEALTH INC,9685534,03-15-2024
17,TXG,10X GENOMICS INC-CLASS A,3794891,03-15-2024
18,RXRX,RECURSION PHARMACEUTICALS-A,12829899,03-15-2024
19,DNA,GINKGO BIOWORKS HOLDINGS INC,122412703,03-15-2024
20,TTD,TRADE DESK INC/THE -CLASS A,1512846,03-15-2024
21,TWST,TWIST BIOSCIENCE CORP,3338828,03-15-2024
22,EXAS,EXACT SCIENCES CORP,1818745,03-15-2024
23,PINS,PINTEREST INC- CLASS A,2932893,03-15-2024
24,META,META PLATFORMS INC-CLASS A,185332,03-15-2024
25,VCYT,VERACYTE INC,4105758,03-15-2024
26,ACHR,ARCHER AVIATION INC-A,17195109,03-15-2024
27,TER,TERADYNE INC,750902,03-15-2024
28,TWLO,TWILIO INC - A,1247107,03-15-2024
29,PACB,PACIFIC BIOSCIENCES OF CALIF,18810447,03-15-2024
30,SOFI,SOFI TECHNOLOGIES INC,9801948,03-15-2024
31,VERV,VERVE THERAPEUTICS INC,2897423,03-15-2024
32,MRNA,MODERNA INC,346779,03-15-2024
33,CERS,CERUS CORP,11866236,03-15-2024
35,PRME,PRIME MEDICINE INC,2596292,03-15-2024
36,NTRA,NATERA INC,187502,03-15-2024
37,TWOU,2U INC,5782807,03-15-2024
