,Ticker,Name,Shares,Date
0,TSLA,TESLA INC,4090872,05-29-2024
1,COIN,COINBASE GLOBAL INC -CLASS A,2478593,05-29-2024
2,ROKU,ROKU INC,9127246,05-29-2024
3,SQ,BLOCK INC,5524099,05-29-2024
4,PATH,UIPATH INC - CLASS A,18640461,05-29-2024
5,RBLX,ROBLOX CORP -CLASS A,9618198,05-29-2024
6,CRSP,CRISPR THERAPEUTICS AG,5608721,05-29-2024
7,HOOD,ROBINHOOD MARKETS INC - A,14886696,05-29-2024
8,ZM,ZOOM VIDEO COMMUNICATIONS-A,3655356,05-29-2024
9,PLTR,PALANTIR TECHNOLOGIES INC-A,9262528,05-29-2024
10,SHOP,SHOPIFY INC - CLASS A,3126602,05-29-2024
11,NTLA,INTELLIA THERAPEUTICS INC,7589275,05-29-2024
12,U,UNITY SOFTWARE INC,8180779,05-29-2024
13,TWST,TWIST BIOSCIENCE CORP,3304676,05-29-2024
14,TTD,TRADE DESK INC/THE -CLASS A,1410876,05-29-2024
15,PD,PAGERDUTY INC,6814115,05-29-2024
16,DKNG UW,DRAFTKINGS INC-CL A,3678763,05-29-2024
17,RXRX,RECURSION PHARMACEUTICALS-A,14648874,05-29-2024
18,META,META PLATFORMS INC-CLASS A,273817,05-29-2024
19,BEAM,BEAM THERAPEUTICS INC,5207556,05-29-2024
20,TER,TERADYNE INC,827529,05-29-2024
21,TXG,10X GENOMICS INC-CLASS A,5137542,05-29-2024
22,PINS,PINTEREST INC- CLASS A,2735292,05-29-2024
23,MRNA,MODERNA INC,671301,05-29-2024
24,VCYT,VERACYTE INC,3892872,05-29-2024
25,TDOC,TELADOC HEALTH INC,7204106,05-29-2024
26,DNA,GINKGO BIOWORKS HOLDINGS INC,124510341,05-29-2024
27,SOFI,SOFI TECHNOLOGIES INC,9141518,05-29-2024
28,ACHR,ARCHER AVIATION INC-A,16036708,05-29-2024
29,PACB,PACIFIC BIOSCIENCES OF CALIF,18791753,05-29-2024
30,NTRA,NATERA INC,206783,05-29-2024
31,CERS,CERUS CORP,11066827,05-29-2024
32,PRME,PRIME MEDICINE INC,2421246,05-29-2024
33,EXAS,EXACT SCIENCES CORP,309036,05-29-2024
34,VERV,VERVE THERAPEUTICS INC,1927591,05-29-2024
