,Ticker,Name,Shares,Date
0,COIN,COINBASE GLOBAL INC -CLASS A,3297828,03-21-2024
1,TSLA,TESLA INC,3578215,03-21-2024
2,ROKU,ROKU INC,8828602,03-21-2024
3,SQ,BLOCK INC,6766025,03-21-2024
4,PATH,UIPATH INC - CLASS A,20049873,03-21-2024
5,CRSP,CRISPR THERAPEUTICS AG,5879195,03-21-2024
6,ZM,ZOOM VIDEO COMMUNICATIONS-A,5436491,03-21-2024
7,HOOD,ROBINHOOD MARKETS INC - A,18951251,03-21-2024
8,RBLX,ROBLOX CORP -CLASS A,7715661,03-21-2024
9,DKNG UW,DRAFTKINGS INC-CL A,5690003,03-21-2024
10,U,UNITY SOFTWARE INC,9518079,03-21-2024
11,SHOP,SHOPIFY INC - CLASS A,2858719,03-21-2024
12,PLTR,PALANTIR TECHNOLOGIES INC-A,9156635,03-21-2024
13,NTLA,INTELLIA THERAPEUTICS INC,7520639,03-21-2024
14,BEAM,BEAM THERAPEUTICS INC,5702373,03-21-2024
15,PD,PAGERDUTY INC,7371703,03-21-2024
16,TDOC,TELADOC HEALTH INC,9891367,03-21-2024
17,TXG,10X GENOMICS INC-CLASS A,3875556,03-21-2024
18,RXRX,RECURSION PHARMACEUTICALS-A,13102639,03-21-2024
19,DNA,GINKGO BIOWORKS HOLDINGS INC,125014683,03-21-2024
20,TTD,TRADE DESK INC/THE -CLASS A,1545021,03-21-2024
21,TWST,TWIST BIOSCIENCE CORP,3457986,03-21-2024
22,EXAS,EXACT SCIENCES CORP,1857420,03-21-2024
23,PINS,PINTEREST INC- CLASS A,2995228,03-21-2024
24,META,META PLATFORMS INC-CLASS A,189232,03-21-2024
25,VCYT,VERACYTE INC,4193053,03-21-2024
26,ACHR,ARCHER AVIATION INC-A,17560669,03-21-2024
27,TER,TERADYNE INC,766892,03-21-2024
28,PACB,PACIFIC BIOSCIENCES OF CALIF,19210333,03-21-2024
29,SOFI,SOFI TECHNOLOGIES INC,10010338,03-21-2024
30,MRNA,MODERNA INC,609148,03-21-2024
31,VERV,VERVE THERAPEUTICS INC,2959043,03-21-2024
32,TWLO,TWILIO INC - A,455424,03-21-2024
33,CERS,CERUS CORP,12118570,03-21-2024
34,PRME,PRIME MEDICINE INC,2651449,03-21-2024
35,NTRA,NATERA INC,191467,03-21-2024
37,TWOU,2U INC,5905739,03-21-2024
