,Ticker,Name,Shares,Date
0,COIN,COINBASE GLOBAL INC -CLASS A,2647933,04-24-2024
1,TSLA,TESLA INC,4293132,04-24-2024
2,ROKU,ROKU INC,9001463,04-24-2024
3,SQ,BLOCK INC,6212845,04-24-2024
4,PATH,UIPATH INC - CLASS A,19215193,04-24-2024
5,CRSP,CRISPR THERAPEUTICS AG,5634405,04-24-2024
6,RBLX,ROBLOX CORP -CLASS A,8161497,04-24-2024
7,ZM,ZOOM VIDEO COMMUNICATIONS-A,4553292,04-24-2024
8,HOOD,ROBINHOOD MARKETS INC - A,15622716,04-24-2024
9,U,UNITY SOFTWARE INC,9268376,04-24-2024
10,SHOP,SHOPIFY INC - CLASS A,2739636,04-24-2024
11,PLTR,PALANTIR TECHNOLOGIES INC-A,8775457,04-24-2024
12,DKNG UW,DRAFTKINGS INC-CL A,4093161,04-24-2024
13,NTLA,INTELLIA THERAPEUTICS INC,7485983,04-24-2024
14,PD,PAGERDUTY INC,7150936,04-24-2024
15,TDOC,TELADOC HEALTH INC,10195221,04-24-2024
16,BEAM,BEAM THERAPEUTICS INC,5465022,04-24-2024
17,TXG,10X GENOMICS INC-CLASS A,4618736,04-24-2024
18,META,META PLATFORMS INC-CLASS A,256157,04-24-2024
19,TWST,TWIST BIOSCIENCE CORP,3856039,04-24-2024
20,TTD,TRADE DESK INC/THE -CLASS A,1480671,04-24-2024
21,RXRX,RECURSION PHARMACEUTICALS-A,14875206,04-24-2024
22,DNA,GINKGO BIOWORKS HOLDINGS INC,119810619,04-24-2024
23,EXAS,EXACT SCIENCES CORP,1595336,04-24-2024
24,PINS,PINTEREST INC- CLASS A,2870511,04-24-2024
25,TER,TERADYNE INC,868419,04-24-2024
26,VCYT,VERACYTE INC,4018463,04-24-2024
27,MRNA,MODERNA INC,722392,04-24-2024
28,SOFI,SOFI TECHNOLOGIES INC,9593558,04-24-2024
29,ACHR,ARCHER AVIATION INC-A,16829618,04-24-2024
30,PACB,PACIFIC BIOSCIENCES OF CALIF,19720977,04-24-2024
31,VERV,VERVE THERAPEUTICS INC,2835803,04-24-2024
32,CERS,CERUS CORP,11614056,04-24-2024
33,NTRA,NATERA INC,183524,04-24-2024
34,PRME,PRIME MEDICINE INC,2541030,04-24-2024
36,TWOU,2U INC,4539738,04-24-2024
