,Ticker,Name,Shares,Date
0,COIN,COINBASE GLOBAL INC -CLASS A,4856303,02-16-2024
1,TSLA,TESLA INC,3442490,02-16-2024
2,ROKU,ROKU INC,6576367,02-16-2024
3,PATH,UIPATH INC - CLASS A,20529624,02-16-2024
4,CRSP,CRISPR THERAPEUTICS AG,6125804,02-16-2024
5,SQ,BLOCK INC,7186739,02-16-2024
6,ZM,ZOOM VIDEO COMMUNICATIONS-A,6274477,02-16-2024
7,RBLX,ROBLOX CORP -CLASS A,8039302,02-16-2024
8,U,UNITY SOFTWARE INC,8580866,02-16-2024
9,HOOD,ROBINHOOD MARKETS INC - A,20367177,02-16-2024
10,DKNG UW,DRAFTKINGS INC-CL A,5928663,02-16-2024
11,TDOC,TELADOC HEALTH INC,11665627,02-16-2024
12,SHOP,SHOPIFY INC - CLASS A,2978695,02-16-2024
13,PLTR,PALANTIR TECHNOLOGIES INC-A,9540700,02-16-2024
14,NTLA,INTELLIA THERAPEUTICS INC,7836153,02-16-2024
15,BEAM,BEAM THERAPEUTICS INC,5941557,02-16-2024
16,DNA,GINKGO BIOWORKS HOLDINGS INC,123431876,02-16-2024
17,PD,PAGERDUTY INC,7422284,02-16-2024
18,TXG,10X GENOMICS INC-CLASS A,3661317,02-16-2024
19,TWLO,TWILIO INC - A,2846601,02-16-2024
20,RXRX,RECURSION PHARMACEUTICALS-A,13652223,02-16-2024
21,TWST,TWIST BIOSCIENCE CORP,3552860,02-16-2024
22,PACB,PACIFIC BIOSCIENCES OF CALIF,19188220,02-16-2024
23,EXAS,EXACT SCIENCES CORP,1935365,02-16-2024
24,TTD,TRADE DESK INC/THE -CLASS A,1504541,02-16-2024
25,PINS,PINTEREST INC- CLASS A,2885350,02-16-2024
26,VCYT,VERACYTE INC,4010347,02-16-2024
27,META,META PLATFORMS INC-CLASS A,197118,02-16-2024
28,ACHR,ARCHER AVIATION INC-A,15240257,02-16-2024
29,TER,TERADYNE INC,799092,02-16-2024
30,VERV,VERVE THERAPEUTICS INC,3083161,02-16-2024
31,CERS,CERUS CORP,12626866,02-16-2024
32,PRME,PRIME MEDICINE INC,2762715,02-16-2024
33,SOFI,SOFI TECHNOLOGIES INC,2500154,02-16-2024
34,TWOU,2U INC,6153936,02-16-2024
36,NVTA,INVITAE CORP,738,02-16-2024
