,Ticker,Name,Shares,Date
0,COIN,COINBASE GLOBAL INC -CLASS A,6380563,12-11-2023
1,ROKU,ROKU INC,6836095,12-11-2023
2,PATH,UIPATH INC - CLASS A,26580869,12-11-2023
3,TSLA,TESLA INC,2604092,12-11-2023
4,ZM,ZOOM VIDEO COMMUNICATIONS-A,8167875,12-11-2023
5,SQ,BLOCK INC,7584323,12-11-2023
6,CRSP,CRISPR THERAPEUTICS AG,5604037,12-11-2023
7,RBLX,ROBLOX CORP -CLASS A,8484046,12-11-2023
8,TWLO,TWILIO INC - A,4786520,12-11-2023
9,U,UNITY SOFTWARE INC,8410625,12-11-2023
10,DKNG UW,DRAFTKINGS INC-CL A,7627736,12-11-2023
11,SHOP,SHOPIFY INC - CLASS A,3575366,12-11-2023
12,HOOD,ROBINHOOD MARKETS INC - A,21069045,12-11-2023
13,TDOC,TELADOC HEALTH INC,12310878,12-11-2023
14,NTLA,INTELLIA THERAPEUTICS INC,7816001,12-11-2023
15,PD,PAGERDUTY INC,8987563,12-11-2023
16,EXAS,EXACT SCIENCES CORP,2991362,12-11-2023
17,DNA,GINKGO BIOWORKS HOLDINGS INC,125051540,12-11-2023
18,BEAM,BEAM THERAPEUTICS INC,6238392,12-11-2023
19,PACB,PACIFIC BIOSCIENCES OF CALIF,18966170,12-11-2023
20,PLTR,PALANTIR TECHNOLOGIES INC-A,7767253,12-11-2023
21,TXG,10X GENOMICS INC-CLASS A,2609540,12-11-2023
22,VCYT,VERACYTE INC,4232222,12-11-2023
23,TWST,TWIST BIOSCIENCE CORP,3629753,12-11-2023
24,ACHR,ARCHER AVIATION INC-A,13514964,12-11-2023
25,TTD,TRADE DESK INC/THE -CLASS A,1191258,12-11-2023
26,META,META PLATFORMS INC-CLASS A,207955,12-11-2023
27,RXRX,RECURSION PHARMACEUTICALS-A,8180652,12-11-2023
28,TER,TERADYNE INC,626488,12-11-2023
29,VERV,VERVE THERAPEUTICS INC,3209189,12-11-2023
30,CERS,CERUS CORP,12476903,12-11-2023
31,NVTA,INVITAE CORP,18871417,12-11-2023
32,TWOU,2U INC,6494494,12-11-2023
