,Ticker,Name,Shares,Date
0,TSLA,TESLA INC,4129696,04-09-2024
1,COIN,COINBASE GLOBAL INC -CLASS A,2780772,04-09-2024
2,ROKU,ROKU INC,9052003,04-09-2024
3,SQ,BLOCK INC,6327025,04-09-2024
4,PATH,UIPATH INC - CLASS A,19568364,04-09-2024
5,CRSP,CRISPR THERAPEUTICS AG,5737970,04-09-2024
6,RBLX,ROBLOX CORP -CLASS A,8311482,04-09-2024
7,ZM,ZOOM VIDEO COMMUNICATIONS-A,5013482,04-09-2024
8,HOOD,ROBINHOOD MARKETS INC - A,15909787,04-09-2024
9,U,UNITY SOFTWARE INC,9438711,04-09-2024
10,DKNG UW,DRAFTKINGS INC-CL A,4660172,04-09-2024
11,SHOP,SHOPIFY INC - CLASS A,2790016,04-09-2024
12,PLTR,PALANTIR TECHNOLOGIES INC-A,8936735,04-09-2024
13,NTLA,INTELLIA THERAPEUTICS INC,7623609,04-09-2024
14,PD,PAGERDUTY INC,7282384,04-09-2024
15,TXG,10X GENOMICS INC-CLASS A,4429686,04-09-2024
16,BEAM,BEAM THERAPEUTICS INC,5565423,04-09-2024
17,TDOC,TELADOC HEALTH INC,9724536,04-09-2024
18,DNA,GINKGO BIOWORKS HOLDINGS INC,122012319,04-09-2024
19,META,META PLATFORMS INC-CLASS A,260832,04-09-2024
20,RXRX,RECURSION PHARMACEUTICALS-A,14723890,04-09-2024
21,TTD,TRADE DESK INC/THE -CLASS A,1507896,04-09-2024
22,TWST,TWIST BIOSCIENCE CORP,3809318,04-09-2024
23,EXAS,EXACT SCIENCES CORP,1624651,04-09-2024
24,PINS,PINTEREST INC- CLASS A,2923303,04-09-2024
25,TER,TERADYNE INC,884369,04-09-2024
26,VCYT,VERACYTE INC,4092328,04-09-2024
27,MRNA,MODERNA INC,735676,04-09-2024
28,SOFI,SOFI TECHNOLOGIES INC,9769888,04-09-2024
29,ACHR,ARCHER AVIATION INC-A,17138923,04-09-2024
30,PACB,PACIFIC BIOSCIENCES OF CALIF,19546020,04-09-2024
31,VERV,VERVE THERAPEUTICS INC,2887943,04-09-2024
32,CERS,CERUS CORP,11827503,04-09-2024
33,NTRA,NATERA INC,186907,04-09-2024
34,PRME,PRIME MEDICINE INC,2587784,04-09-2024
36,TWOU,2U INC,5763777,04-09-2024
37,TWLO,TWILIO INC - A,456,04-09-2024
