,Ticker,Name,Shares,Date
0,COIN,COINBASE GLOBAL INC -CLASS A,4354886,02-23-2024
1,TSLA,TESLA INC,3406540,02-23-2024
2,CRSP,CRISPR THERAPEUTICS AG,6061816,02-23-2024
3,ROKU,ROKU INC,8080757,02-23-2024
4,SQ,BLOCK INC,7111656,02-23-2024
5,PATH,UIPATH INC - CLASS A,20315185,02-23-2024
6,ZM,ZOOM VIDEO COMMUNICATIONS-A,5605339,02-23-2024
7,RBLX,ROBLOX CORP -CLASS A,7955311,02-23-2024
8,HOOD,ROBINHOOD MARKETS INC - A,20154437,02-23-2024
9,U,UNITY SOFTWARE INC,8698666,02-23-2024
10,DKNG UW,DRAFTKINGS INC-CL A,5866737,02-23-2024
11,PLTR,PALANTIR TECHNOLOGIES INC-A,9441034,02-23-2024
12,SHOP,SHOPIFY INC - CLASS A,2947585,02-23-2024
13,NTLA,INTELLIA THERAPEUTICS INC,7754303,02-23-2024
14,RXRX,RECURSION PHARMACEUTICALS-A,13509614,02-23-2024
15,BEAM,BEAM THERAPEUTICS INC,5879495,02-23-2024
16,TXG,10X GENOMICS INC-CLASS A,3830422,02-23-2024
17,PD,PAGERDUTY INC,7344752,02-23-2024
18,TDOC,TELADOC HEALTH INC,11185481,02-23-2024
19,DNA,GINKGO BIOWORKS HOLDINGS INC,122142555,02-23-2024
20,TWST,TWIST BIOSCIENCE CORP,3515732,02-23-2024
21,TWLO,TWILIO INC - A,2386650,02-23-2024
22,TTD,TRADE DESK INC/THE -CLASS A,1488832,02-23-2024
23,EXAS,EXACT SCIENCES CORP,1915135,02-23-2024
24,PINS,PINTEREST INC- CLASS A,2855192,02-23-2024
25,PACB,PACIFIC BIOSCIENCES OF CALIF,19179813,02-23-2024
26,VCYT,VERACYTE INC,3968458,02-23-2024
27,META,META PLATFORMS INC-CLASS A,195067,02-23-2024
28,TER,TERADYNE INC,790739,02-23-2024
29,ACHR,ARCHER AVIATION INC-A,15561652,02-23-2024
30,VERV,VERVE THERAPEUTICS INC,3050962,02-23-2024
31,SOFI,SOFI TECHNOLOGIES INC,4888385,02-23-2024
32,CERS,CERUS CORP,12494956,02-23-2024
33,PRME,PRIME MEDICINE INC,2733849,02-23-2024
34,TWOU,2U INC,6089575,02-23-2024
35,NVTAQ,INVITAE CORP,590,02-23-2024
