,Ticker,Name,Shares,Date
0,COIN,COINBASE GLOBAL INC -CLASS A,5290546,02-09-2024
1,TSLA,TESLA INC,3416279,02-09-2024
2,ROKU,ROKU INC,6748152,02-09-2024
3,PATH,UIPATH INC - CLASS A,21065947,02-09-2024
4,SQ,BLOCK INC,7374468,02-09-2024
5,ZM,ZOOM VIDEO COMMUNICATIONS-A,7059010,02-09-2024
6,CRSP,CRISPR THERAPEUTICS AG,6050216,02-09-2024
7,RBLX,ROBLOX CORP -CLASS A,8249301,02-09-2024
8,SHOP,SHOPIFY INC - CLASS A,3199777,02-09-2024
9,U,UNITY SOFTWARE INC,8419304,02-09-2024
10,DKNG UW,DRAFTKINGS INC-CL A,6141688,02-09-2024
11,TWLO,TWILIO INC - A,3547598,02-09-2024
12,TDOC,TELADOC HEALTH INC,11970410,02-09-2024
13,PLTR,PALANTIR TECHNOLOGIES INC-A,9789920,02-09-2024
14,HOOD,ROBINHOOD MARKETS INC - A,20862277,02-09-2024
15,NTLA,INTELLIA THERAPEUTICS INC,7935476,02-09-2024
16,PD,PAGERDUTY INC,7616169,02-09-2024
17,BEAM,BEAM THERAPEUTICS INC,6076316,02-09-2024
18,TXG,10X GENOMICS INC-CLASS A,3490068,02-09-2024
19,DNA,GINKGO BIOWORKS HOLDINGS INC,126656216,02-09-2024
20,EXAS,EXACT SCIENCES CORP,2209231,02-09-2024
21,TWST,TWIST BIOSCIENCE CORP,3645680,02-09-2024
22,RXRX,RECURSION PHARMACEUTICALS-A,13425158,02-09-2024
23,PACB,PACIFIC BIOSCIENCES OF CALIF,19536124,02-09-2024
24,TTD,TRADE DESK INC/THE -CLASS A,1543794,02-09-2024
25,VCYT,VERACYTE INC,4115122,02-09-2024
26,META,META PLATFORMS INC-CLASS A,202248,02-09-2024
27,TER,TERADYNE INC,819972,02-09-2024
28,ACHR,ARCHER AVIATION INC-A,13441601,02-09-2024
29,PINS,PINTEREST INC- CLASS A,1599267,02-09-2024
30,VERV,VERVE THERAPEUTICS INC,3132002,02-09-2024
31,CERS,CERUS CORP,12956853,02-09-2024
33,TWOU,2U INC,6314802,02-09-2024
34,NVTA,INVITAE CORP,33748,02-09-2024
