,Ticker,Name,Shares,Date
0,COIN,COINBASE GLOBAL INC -CLASS A,5315894,01-30-2024
1,ROKU,ROKU INC,6780488,01-30-2024
2,TSLA,TESLA INC,3219350,01-30-2024
3,ZM,ZOOM VIDEO COMMUNICATIONS-A,8351045,01-30-2024
4,PATH,UIPATH INC - CLASS A,21910492,01-30-2024
5,SQ,BLOCK INC,7409808,01-30-2024
6,CRSP,CRISPR THERAPEUTICS AG,6079208,01-30-2024
7,RBLX,ROBLOX CORP -CLASS A,8288833,01-30-2024
8,TWLO,TWILIO INC - A,4081098,01-30-2024
9,U,UNITY SOFTWARE INC,8459696,01-30-2024
10,SHOP,SHOPIFY INC - CLASS A,3493127,01-30-2024
11,DKNG UW,DRAFTKINGS INC-CL A,6578421,01-30-2024
12,TDOC,TELADOC HEALTH INC,12027735,01-30-2024
13,HOOD,ROBINHOOD MARKETS INC - A,20248593,01-30-2024
14,NTLA,INTELLIA THERAPEUTICS INC,7636168,01-30-2024
15,PD,PAGERDUTY INC,7652665,01-30-2024
16,BEAM,BEAM THERAPEUTICS INC,6094847,01-30-2024
17,DNA,GINKGO BIOWORKS HOLDINGS INC,124868936,01-30-2024
18,EXAS,EXACT SCIENCES CORP,2333072,01-30-2024
19,TXG,10X GENOMICS INC-CLASS A,3306336,01-30-2024
20,PLTR,PALANTIR TECHNOLOGIES INC-A,8340160,01-30-2024
21,RXRX,RECURSION PHARMACEUTICALS-A,13079801,01-30-2024
22,PACB,PACIFIC BIOSCIENCES OF CALIF,18799654,01-30-2024
23,TWST,TWIST BIOSCIENCE CORP,3546250,01-30-2024
24,VCYT,VERACYTE INC,4134826,01-30-2024
25,TTD,TRADE DESK INC/THE -CLASS A,1551203,01-30-2024
26,META,META PLATFORMS INC-CLASS A,203215,01-30-2024
27,ACHR,ARCHER AVIATION INC-A,13204039,01-30-2024
28,TER,TERADYNE INC,612080,01-30-2024
29,VERV,VERVE THERAPEUTICS INC,3135328,01-30-2024
30,CERS,CERUS CORP,12586019,01-30-2024
31,PINS,PINTEREST INC- CLASS A,574494,01-30-2024
33,NVTA,INVITAE CORP,18437258,01-30-2024
34,TWOU,2U INC,6345055,01-30-2024
