,Ticker,Name,Shares,Date
0,COIN,COINBASE GLOBAL INC -CLASS A,6337105,12-18-2023
1,PATH,UIPATH INC - CLASS A,27410973,12-18-2023
2,TSLA,TESLA INC,2723856,12-18-2023
3,ROKU,ROKU INC,7094724,12-18-2023
4,ZM,ZOOM VIDEO COMMUNICATIONS-A,8673329,12-18-2023
5,SQ,BLOCK INC,7933345,12-18-2023
6,RBLX,ROBLOX CORP -CLASS A,8874464,12-18-2023
7,TWLO,TWILIO INC - A,5006772,12-18-2023
8,CRSP,CRISPR THERAPEUTICS AG,6073415,12-18-2023
9,U,UNITY SOFTWARE INC,8797665,12-18-2023
10,SHOP,SHOPIFY INC - CLASS A,3739844,12-18-2023
11,DKNG UW,DRAFTKINGS INC-CL A,7978752,12-18-2023
12,TDOC,TELADOC HEALTH INC,12877406,12-18-2023
13,HOOD,ROBINHOOD MARKETS INC - A,22038604,12-18-2023
14,NTLA,INTELLIA THERAPEUTICS INC,8175609,12-18-2023
15,PD,PAGERDUTY INC,9401147,12-18-2023
16,DNA,GINKGO BIOWORKS HOLDINGS INC,130806051,12-18-2023
17,EXAS,EXACT SCIENCES CORP,3128980,12-18-2023
18,PACB,PACIFIC BIOSCIENCES OF CALIF,19838935,12-18-2023
19,BEAM,BEAM THERAPEUTICS INC,6525478,12-18-2023
20,PLTR,PALANTIR TECHNOLOGIES INC-A,8124649,12-18-2023
21,TXG,10X GENOMICS INC-CLASS A,2749485,12-18-2023
22,TWST,TWIST BIOSCIENCE CORP,3796759,12-18-2023
23,VCYT,VERACYTE INC,4427009,12-18-2023
24,TTD,TRADE DESK INC/THE -CLASS A,1394931,12-18-2023
25,RXRX,RECURSION PHARMACEUTICALS-A,9968848,12-18-2023
26,ACHR,ARCHER AVIATION INC-A,14136950,12-18-2023
27,META,META PLATFORMS INC-CLASS A,217593,12-18-2023
28,TER,TERADYNE INC,655244,12-18-2023
29,VERV,VERVE THERAPEUTICS INC,3356892,12-18-2023
31,CERS,CERUS CORP,13051145,12-18-2023
32,PINS,PINTEREST INC- CLASS A,453551,12-18-2023
33,NVTA,INVITAE CORP,19740053,12-18-2023
34,TWOU,2U INC,6793569,12-18-2023
