,Ticker,Name,Shares,Date
0,TSLA,TESLA INC,520309,04-09-2024
1,KTOS,KRATOS DEFENSE & SECURITY,4480385,04-09-2024
2,TER,TERADYNE INC,660180,04-09-2024
3,PATH,UIPATH INC - CLASS A,3014930,04-09-2024
4,TRMB,TRIMBLE INC,1013227,04-09-2024
5,IRDM,IRIDIUM COMMUNICATIONS INC,1930770,04-09-2024
6,AVAV,AEROVIRONMENT INC,309034,04-09-2024
7,KMTUY,KOMATSU LTD -SPONS ADR,1154506,04-09-2024
8,DE,DEERE & CO,79186,04-09-2024
9,ACHR,ARCHER AVIATION INC-A,7067646,04-09-2024
10,TSM,TAIWAN SEMICONDUCTOR-SP ADR,159339,04-09-2024
11,BLDE,BLADE AIR MOBILITY INC,4711099,04-09-2024
12,U,UNITY SOFTWARE INC,662617,04-09-2024
13,RKLB,ROCKET LAB USA INC,4556058,04-09-2024
14,NVDA,NVIDIA CORP,19688,04-09-2024
15,GOOG,ALPHABET INC-CL C,108337,04-09-2024
16,AMD,ADVANCED MICRO DEVICES,98148,04-09-2024
17,CAT,CATERPILLAR INC,41124,04-09-2024
18,SNPS,SYNOPSYS INC,25816,04-09-2024
19,ISRG,INTUITIVE SURGICAL INC,36870,04-09-2024
20,MGA,MAGNA INTERNATIONAL INC,271877,04-09-2024
21,ESLT,ELBIT SYSTEMS LTD,68459,04-09-2024
22,QCOM,QUALCOMM INC,76722,04-09-2024
23,JOBY,JOBY AVIATION INC,2305443,04-09-2024
24,CCJ,CAMECO CORP,233009,04-09-2024
25,ANSS,ANSYS INC,32998,04-09-2024
26,TDY,TELEDYNE TECHNOLOGIES INC,26766,04-09-2024
27,LMT,LOCKHEED MARTIN CORP,19988,04-09-2024
28,BYDDY,BYD CO LTD-UNSPONSORED ADR,155798,04-09-2024
29,MKFG,MARKFORGED HOLDING CORP,10260816,04-09-2024
30,DDD,3D SYSTEMS CORP,1598420,04-09-2024
31,MTLS,MATERIALISE NV-ADR,862401,04-09-2024
32,VUZI,VUZIX CORP,2152693,04-09-2024
33,VLD,VELO3D INC,6880960,04-09-2024
35,TWOU,2U INC,595265,04-09-2024
