,Ticker,Name,Shares,Date
0,TSLA,TESLA INC,527633,12-18-2023
1,PATH,UIPATH INC - CLASS A,4547212,12-18-2023
2,KTOS,KRATOS DEFENSE & SECURITY,4628028,12-18-2023
3,TRMB,TRIMBLE INC,1376240,12-18-2023
4,TER,TERADYNE INC,649284,12-18-2023
5,IRDM,IRIDIUM COMMUNICATIONS INC,1702479,12-18-2023
6,ACHR,ARCHER AVIATION INC-A,7692612,12-18-2023
7,AVAV,AEROVIRONMENT INC,329797,12-18-2023
8,DE,DEERE & CO,90256,12-18-2023
9,KMTUY,KOMATSU LTD -SPONS ADR,1315873,12-18-2023
10,NVDA,NVIDIA CORP,51747,12-18-2023
11,GOOG,ALPHABET INC-CL C,171229,12-18-2023
12,U,UNITY SOFTWARE INC,530521,12-18-2023
13,TSM,TAIWAN SEMICONDUCTOR-SP ADR,191006,12-18-2023
14,CAT,CATERPILLAR INC,66224,12-18-2023
15,MGA,MAGNA INTERNATIONAL INC,309877,12-18-2023
16,SNPS,SYNOPSYS INC,29416,12-18-2023
17,ESLT,ELBIT SYSTEMS LTD,78044,12-18-2023
18,BLDE,BLADE AIR MOBILITY INC,4934958,12-18-2023
19,JOBY,JOBY AVIATION INC,2281464,12-18-2023
20,AMD,ADVANCED MICRO DEVICES,111873,12-18-2023
21,CCJ,CAMECO CORP,323219,12-18-2023
22,RKLB,ROCKET LAB USA INC,3110957,12-18-2023
23,ISRG,INTUITIVE SURGICAL INC,42017,12-18-2023
24,TDY,TELEDYNE TECHNOLOGIES INC,30501,12-18-2023
25,ANSS,ANSYS INC,42143,12-18-2023
26,DDD,3D SYSTEMS CORP,1821833,12-18-2023
27,LMT,LOCKHEED MARTIN CORP,22778,12-18-2023
28,BYDDY,BYD CO LTD-UNSPONSORED ADR,177578,12-18-2023
29,MKFG,MARKFORGED HOLDING CORP,11694917,12-18-2023
30,MTLS,MATERIALISE NV-ADR,982954,12-18-2023
31,SSYS,STRATASYS LTD,495084,12-18-2023
32,VUZI,VUZIX CORP,2453591,12-18-2023
33,VLD,VELO3D INC,7842736,12-18-2023
34,TWOU,2U INC,678528,12-18-2023
