,Ticker,Name,Shares,Date
0,TSLA,TESLA INC,523319,01-04-2024
1,PATH,UIPATH INC - CLASS A,4510039,01-04-2024
2,KTOS,KRATOS DEFENSE & SECURITY,4590194,01-04-2024
3,TRMB,TRIMBLE INC,1364990,01-04-2024
4,TER,TERADYNE INC,652764,01-04-2024
5,IRDM,IRIDIUM COMMUNICATIONS INC,1688562,01-04-2024
6,ACHR,ARCHER AVIATION INC-A,7629726,01-04-2024
7,AVAV,AEROVIRONMENT INC,327100,01-04-2024
8,DE,DEERE & CO,89518,01-04-2024
9,KMTUY,KOMATSU LTD -SPONS ADR,1305115,01-04-2024
10,NVDA,NVIDIA CORP,51324,01-04-2024
11,GOOG,ALPHABET INC-CL C,169828,01-04-2024
12,U,UNITY SOFTWARE INC,526183,01-04-2024
13,TSM,TAIWAN SEMICONDUCTOR-SP ADR,189443,01-04-2024
14,CAT,CATERPILLAR INC,65684,01-04-2024
15,RKLB,ROCKET LAB USA INC,3483938,01-04-2024
16,MGA,MAGNA INTERNATIONAL INC,307345,01-04-2024
17,ESLT,ELBIT SYSTEMS LTD,77405,01-04-2024
18,BLDE,BLADE AIR MOBILITY INC,4894614,01-04-2024
19,AMD,ADVANCED MICRO DEVICES,110958,01-04-2024
20,SNPS,SYNOPSYS INC,29176,01-04-2024
21,ANSS,ANSYS INC,41798,01-04-2024
22,JOBY,JOBY AVIATION INC,2262812,01-04-2024
23,ISRG,INTUITIVE SURGICAL INC,41675,01-04-2024
24,TDY,TELEDYNE TECHNOLOGIES INC,30252,01-04-2024
25,CCJ,CAMECO CORP,320576,01-04-2024
26,LMT,LOCKHEED MARTIN CORP,22592,01-04-2024
27,DDD,3D SYSTEMS CORP,1806938,01-04-2024
28,BYDDY,BYD CO LTD-UNSPONSORED ADR,176126,01-04-2024
29,MKFG,MARKFORGED HOLDING CORP,11599312,01-04-2024
30,MTLS,MATERIALISE NV-ADR,974917,01-04-2024
31,VUZI,VUZIX CORP,2433532,01-04-2024
33,VLD,VELO3D INC,7778620,01-04-2024
34,SSYS,STRATASYS LTD,66488,01-04-2024
35,TWOU,2U INC,672977,01-04-2024
