,Ticker,Name,Shares,Date
0,TSLA,TESLA INC,521360,05-29-2024
1,TER,TERADYNE INC,625329,05-29-2024
2,KTOS,KRATOS DEFENSE & SECURITY,3854772,05-29-2024
3,IRDM,IRIDIUM COMMUNICATIONS INC,1888457,05-29-2024
4,PATH,UIPATH INC - CLASS A,2855749,05-29-2024
5,TRMB,TRIMBLE INC,911430,05-29-2024
6,AVAV,AEROVIRONMENT INC,235818,05-29-2024
7,KMTUY,KOMATSU LTD -SPONS ADR,1093544,05-29-2024
8,DE,DEERE & CO,75004,05-29-2024
9,TSM,TAIWAN SEMICONDUCTOR-SP ADR,155317,05-29-2024
10,ACHR,ARCHER AVIATION INC-A,6694487,05-29-2024
11,NVDA,NVIDIA CORP,18651,05-29-2024
12,RKLB,ROCKET LAB USA INC,4801779,05-29-2024
13,AMD,ADVANCED MICRO DEVICES,107719,05-29-2024
14,GOOG,ALPHABET INC-CL C,102617,05-29-2024
15,QCOM,QUALCOMM INC,76916,05-29-2024
16,BLDE,BLADE AIR MOBILITY INC,4655701,05-29-2024
17,SNPS,SYNOPSYS INC,24456,05-29-2024
18,ISRG,INTUITIVE SURGICAL INC,34915,05-29-2024
19,CCJ,CAMECO CORP,244531,05-29-2024
20,ESLT,ELBIT SYSTEMS LTD,64838,05-29-2024
21,MGA,MAGNA INTERNATIONAL INC,257520,05-29-2024
22,TDY,TELEDYNE TECHNOLOGIES INC,27559,05-29-2024
23,JOBY,JOBY AVIATION INC,2183716,05-29-2024
24,BYDDY,BYD CO LTD-UNSPONSORED ADR,200716,05-29-2024
25,U,UNITY SOFTWARE INC,544454,05-29-2024
26,ANSS,ANSYS INC,31253,05-29-2024
27,LMT,LOCKHEED MARTIN CORP,20040,05-29-2024
28,CAT,CATERPILLAR INC,25728,05-29-2024
29,PLTR,PALANTIR TECHNOLOGIES INC-A,417420,05-29-2024
30,DDD,3D SYSTEMS CORP,1529758,05-29-2024
31,MTLS,MATERIALISE NV-ADR,816859,05-29-2024
32,MKFG,MARKFORGED HOLDING CORP,9730924,05-29-2024
33,VUZI,VUZIX CORP,2039021,05-29-2024
34,VLD,VELO3D INC,5618946,05-29-2024
