,Ticker,Name,Shares,Date
0,TSLA,TESLA INC,495208,03-05-2024
1,PATH,UIPATH INC - CLASS A,3425895,03-05-2024
2,KTOS,KRATOS DEFENSE & SECURITY,4397124,03-05-2024
3,TRMB,TRIMBLE INC,1252486,03-05-2024
4,TER,TERADYNE INC,622890,03-05-2024
5,IRDM,IRIDIUM COMMUNICATIONS INC,1820001,03-05-2024
6,AVAV,AEROVIRONMENT INC,300130,03-05-2024
7,KMTUY,KOMATSU LTD -SPONS ADR,1197538,03-05-2024
8,ACHR,ARCHER AVIATION INC-A,7331049,03-05-2024
9,DE,DEERE & CO,82138,03-05-2024
10,NVDA,NVIDIA CORP,28887,03-05-2024
11,TSM,TAIWAN SEMICONDUCTOR-SP ADR,165279,03-05-2024
12,RKLB,ROCKET LAB USA INC,4725858,03-05-2024
13,AMD,ADVANCED MICRO DEVICES,101808,03-05-2024
14,BLDE,BLADE AIR MOBILITY INC,4886682,03-05-2024
15,U,UNITY SOFTWARE INC,636438,03-05-2024
16,CAT,CATERPILLAR INC,48838,03-05-2024
17,SNPS,SYNOPSYS INC,26776,03-05-2024
18,ESLT,ELBIT SYSTEMS LTD,71015,03-05-2024
19,ISRG,INTUITIVE SURGICAL INC,38239,03-05-2024
20,MGA,MAGNA INTERNATIONAL INC,282014,03-05-2024
21,GOOG,ALPHABET INC-CL C,112369,03-05-2024
22,QCOM,QUALCOMM INC,79578,03-05-2024
23,JOBY,JOBY AVIATION INC,2391366,03-05-2024
24,TDY,TELEDYNE TECHNOLOGIES INC,27762,03-05-2024
25,ANSS,ANSYS INC,34223,03-05-2024
26,CCJ,CAMECO CORP,241697,03-05-2024
27,LMT,LOCKHEED MARTIN CORP,20732,03-05-2024
28,BYDDY,BYD CO LTD-UNSPONSORED ADR,161606,03-05-2024
29,MKFG,MARKFORGED HOLDING CORP,10643231,03-05-2024
30,DDD,3D SYSTEMS CORP,1657995,03-05-2024
31,MTLS,MATERIALISE NV-ADR,894545,03-05-2024
32,VUZI,VUZIX CORP,2232929,03-05-2024
33,VLD,VELO3D INC,7137422,03-05-2024
35,TWOU,2U INC,617470,03-05-2024
36,SSYS,STRATASYS LTD,5608,03-05-2024
