,Ticker,Name,Shares,Date
0,TSLA,TESLA INC,508592,02-09-2024
1,PATH,UIPATH INC - CLASS A,3736183,02-09-2024
2,KTOS,KRATOS DEFENSE & SECURITY,4401028,02-09-2024
3,TRMB,TRIMBLE INC,1308739,02-09-2024
4,TER,TERADYNE INC,650865,02-09-2024
5,IRDM,IRIDIUM COMMUNICATIONS INC,1802844,02-09-2024
6,AVAV,AEROVIRONMENT INC,313615,02-09-2024
7,ACHR,ARCHER AVIATION INC-A,7349733,02-09-2024
8,KMTUY,KOMATSU LTD -SPONS ADR,1251328,02-09-2024
9,DE,DEERE & CO,85828,02-09-2024
10,NVDA,NVIDIA CORP,45958,02-09-2024
11,TSM,TAIWAN SEMICONDUCTOR-SP ADR,181638,02-09-2024
12,GOOG,ALPHABET INC-CL C,147500,02-09-2024
13,RKLB,ROCKET LAB USA INC,4408238,02-09-2024
14,AMD,ADVANCED MICRO DEVICES,106383,02-09-2024
15,U,UNITY SOFTWARE INC,530369,02-09-2024
16,MGA,MAGNA INTERNATIONAL INC,294678,02-09-2024
17,CAT,CATERPILLAR INC,51028,02-09-2024
18,SNPS,SYNOPSYS INC,27976,02-09-2024
19,ISRG,INTUITIVE SURGICAL INC,39963,02-09-2024
20,ESLT,ELBIT SYSTEMS LTD,74210,02-09-2024
21,BLDE,BLADE AIR MOBILITY INC,4692895,02-09-2024
22,CCJ,CAMECO CORP,307361,02-09-2024
23,ANSS,ANSYS INC,37538,02-09-2024
24,JOBY,JOBY AVIATION INC,2169550,02-09-2024
25,TDY,TELEDYNE TECHNOLOGIES INC,29007,02-09-2024
26,LMT,LOCKHEED MARTIN CORP,21662,02-09-2024
27,DDD,3D SYSTEMS CORP,1732468,02-09-2024
28,BYDDY,BYD CO LTD-UNSPONSORED ADR,168866,02-09-2024
29,MKFG,MARKFORGED HOLDING CORP,11121282,02-09-2024
30,QCOM,QUALCOMM INC,34837,02-09-2024
31,MTLS,MATERIALISE NV-ADR,934729,02-09-2024
33,VUZI,VUZIX CORP,2333233,02-09-2024
34,VLD,VELO3D INC,7458030,02-09-2024
35,TWOU,2U INC,645229,02-09-2024
36,SSYS,STRATASYS LTD,5863,02-09-2024
