,Ticker,Name,Shares,Date
0,TSLA,TESLA INC,508555,02-23-2024
1,PATH,UIPATH INC - CLASS A,3622962,02-23-2024
2,KTOS,KRATOS DEFENSE & SECURITY,4214372,02-23-2024
3,TRMB,TRIMBLE INC,1286236,02-23-2024
4,TER,TERADYNE INC,639675,02-23-2024
5,IRDM,IRIDIUM COMMUNICATIONS INC,1869042,02-23-2024
6,AVAV,AEROVIRONMENT INC,308221,02-23-2024
7,ACHR,ARCHER AVIATION INC-A,7528606,02-23-2024
8,KMTUY,KOMATSU LTD -SPONS ADR,1229812,02-23-2024
9,DE,DEERE & CO,84352,02-23-2024
10,NVDA,NVIDIA CORP,32073,02-23-2024
11,TSM,TAIWAN SEMICONDUCTOR-SP ADR,178515,02-23-2024
12,RKLB,ROCKET LAB USA INC,4853215,02-23-2024
13,U,UNITY SOFTWARE INC,611853,02-23-2024
14,AMD,ADVANCED MICRO DEVICES,104553,02-23-2024
15,GOOG,ALPHABET INC-CL C,115400,02-23-2024
16,CAT,CATERPILLAR INC,50152,02-23-2024
17,SNPS,SYNOPSYS INC,27496,02-23-2024
18,MGA,MAGNA INTERNATIONAL INC,289611,02-23-2024
19,BLDE,BLADE AIR MOBILITY INC,4865697,02-23-2024
20,ESLT,ELBIT SYSTEMS LTD,72932,02-23-2024
21,ISRG,INTUITIVE SURGICAL INC,39273,02-23-2024
22,JOBY,JOBY AVIATION INC,2455813,02-23-2024
23,QCOM,QUALCOMM INC,81720,02-23-2024
24,ANSS,ANSYS INC,36890,02-23-2024
25,TDY,TELEDYNE TECHNOLOGIES INC,28509,02-23-2024
26,CCJ,CAMECO CORP,248213,02-23-2024
27,LMT,LOCKHEED MARTIN CORP,21290,02-23-2024
28,DDD,3D SYSTEMS CORP,1702678,02-23-2024
29,BYDDY,BYD CO LTD-UNSPONSORED ADR,165962,02-23-2024
30,MKFG,MARKFORGED HOLDING CORP,10930056,02-23-2024
31,MTLS,MATERIALISE NV-ADR,918655,02-23-2024
33,VUZI,VUZIX CORP,2293111,02-23-2024
34,VLD,VELO3D INC,7329789,02-23-2024
35,TWOU,2U INC,634126,02-23-2024
36,SSYS,STRATASYS LTD,5761,02-23-2024
