,Ticker,Name,Shares,Date
1,COIN,COINBASE GLOBAL INC -CLASS A,625350,04-24-2024
2,ROKU,ROKU INC,2080461,04-24-2024
3,SQ,BLOCK INC,1691917,04-24-2024
4,TSLA,TESLA INC,732459,04-24-2024
5,RBLX,ROBLOX CORP -CLASS A,2042337,04-24-2024
6,HOOD,ROBINHOOD MARKETS INC - A,3693416,04-24-2024
7,U,UNITY SOFTWARE INC,2484711,04-24-2024
8,PATH,UIPATH INC - CLASS A,2729988,04-24-2024
9,META,META PLATFORMS INC-CLASS A,93706,04-24-2024
10,DKNG UW,DRAFTKINGS INC-CL A,1105200,04-24-2024
11,ZM,ZOOM VIDEO COMMUNICATIONS-A,607218,04-24-2024
12,PLTR,PALANTIR TECHNOLOGIES INC-A,1615612,04-24-2024
13,GENI,GENIUS SPORTS LTD,6860797,04-24-2024
14,NET,CLOUDFLARE INC - CLASS A,380053,04-24-2024
15,SPOT,SPOTIFY TECHNOLOGY SA,102482,04-24-2024
16,TTD,TRADE DESK INC/THE -CLASS A,355995,04-24-2024
17,SHOP,SHOPIFY INC - CLASS A,387729,04-24-2024
18,PD,PAGERDUTY INC,1239658,04-24-2024
19,CRWD,CROWDSTRIKE HOLDINGS INC - A,80204,04-24-2024
20,PSTG,PURE STORAGE INC - CLASS A,425841,04-24-2024
21,TDOC,TELADOC HEALTH INC,1506165,04-24-2024
22,KIND,NEXTDOOR HOLDINGS INC,9438451,04-24-2024
23,PINS,PINTEREST INC- CLASS A,611322,04-24-2024
24,ADYEY,ADYEN NV-UNSPON ADR,1258227,04-24-2024
25,TOST,TOAST INC-CLASS A,690232,04-24-2024
26,MELI,MERCADOLIBRE INC,11253,04-24-2024
27,MSFT,MICROSOFT CORP,37281,04-24-2024
28,NVDA,NVIDIA CORP,17928,04-24-2024
29,NU UN,NU HOLDINGS LTD/CAYMAN ISL-A,1326503,04-24-2024
30,AMD,ADVANCED MICRO DEVICES,88279,04-24-2024
31,VCYT,VERACYTE INC,629867,04-24-2024
32,NOW,SERVICENOW INC,15228,04-24-2024
33,TSM,TAIWAN SEMICONDUCTOR-SP ADR,82328,04-24-2024
34,QCOM,QUALCOMM INC,53149,04-24-2024
35,DDOG,DATADOG INC - CLASS A,67119,04-24-2024
36,BITO,PROSHARES BITCOIN STRAT ETF,237983,04-24-2024
37,EETH,PROSHARES ETHER STRAT ETF,83663,04-24-2024
38,VUZI,VUZIX CORP,2951016,04-24-2024
39,ARKA,ARK 21SHRS ACTBITC FUT STRGY,17506,04-24-2024
40,ARKZ,ARK 21 SHARES ACT ETH F S,22406,04-24-2024
41,RDDT,REDDIT INC-CL A,5796,04-24-2024
42,TWOU,2U INC,950825,04-24-2024
