,Ticker,Name,Shares,Date
0,COIN,COINBASE GLOBAL INC -CLASS A,904702,03-05-2024
2,SQ,BLOCK INC,1806835,03-05-2024
3,ROKU,ROKU INC,1814253,03-05-2024
4,TSLA,TESLA INC,487454,03-05-2024
5,HOOD,ROBINHOOD MARKETS INC - A,5086960,03-05-2024
6,DKNG UW,DRAFTKINGS INC-CL A,1529761,03-05-2024
7,PATH,UIPATH INC - CLASS A,2783654,03-05-2024
8,RBLX,ROBLOX CORP -CLASS A,1581605,03-05-2024
9,U,UNITY SOFTWARE INC,2185638,03-05-2024
10,ZM,ZOOM VIDEO COMMUNICATIONS-A,829309,03-05-2024
11,GENI,GENIUS SPORTS LTD,6592020,03-05-2024
12,PLTR,PALANTIR TECHNOLOGIES INC-A,1694817,03-05-2024
13,NET,CLOUDFLARE INC - CLASS A,398692,03-05-2024
14,META,META PLATFORMS INC-CLASS A,72004,03-05-2024
15,CRWD,CROWDSTRIKE HOLDINGS INC - A,105070,03-05-2024
16,SHOP,SHOPIFY INC - CLASS A,406747,03-05-2024
17,PD,PAGERDUTY INC,1219774,03-05-2024
18,SPOT,SPOTIFY TECHNOLOGY SA,107502,03-05-2024
19,TTD,TRADE DESK INC/THE -CLASS A,319877,03-05-2024
20,PSTG,PURE STORAGE INC - CLASS A,446721,03-05-2024
21,KIND,NEXTDOOR HOLDINGS INC,9901146,03-05-2024
22,PINS,PINTEREST INC- CLASS A,641301,03-05-2024
23,ADYEY,ADYEN NV-UNSPON ADR,1485202,03-05-2024
24,MELI,MERCADOLIBRE INC,14276,03-05-2024
25,TDOC,TELADOC HEALTH INC,1407848,03-05-2024
26,TWLO,TWILIO INC - A,342810,03-05-2024
27,AMD,ADVANCED MICRO DEVICES,92617,03-05-2024
28,NVDA,NVIDIA CORP,20954,03-05-2024
29,TOST,TOAST INC-CLASS A,724072,03-05-2024
30,MSFT,MICROSOFT CORP,39108,03-05-2024
31,VCYT,VERACYTE INC,660747,03-05-2024
32,NU UN,NU HOLDINGS LTD/CAYMAN ISL-A,1329372,03-05-2024
33,TSM,TAIWAN SEMICONDUCTOR-SP ADR,86368,03-05-2024
34,QCOM,QUALCOMM INC,55754,03-05-2024
35,BITO,PROSHARES BITCOIN STRAT ETF,279934,03-05-2024
37,NOW,SERVICENOW INC,10056,03-05-2024
38,VUZI,VUZIX CORP,3095692,03-05-2024
39,ARKA,ARK 21SHRS ACTBITC FUT STRGY,18366,03-05-2024
40,TWOU,2U INC,1158730,03-05-2024
