,Ticker,Name,Shares,Date
0,ROKU,ROKU INC,1439793,02-07-2024
1,COIN,COINBASE GLOBAL INC -CLASS A,1038056,02-07-2024
2,SQ,BLOCK INC,1840612,02-07-2024
4,TSLA,TESLA INC,473087,02-07-2024
5,ZM,ZOOM VIDEO COMMUNICATIONS-A,1082974,02-07-2024
6,HOOD,ROBINHOOD MARKETS INC - A,6353153,02-07-2024
7,DKNG UW,DRAFTKINGS INC-CL A,1607151,02-07-2024
8,PATH,UIPATH INC - CLASS A,2835690,02-07-2024
9,RBLX,ROBLOX CORP -CLASS A,1611173,02-07-2024
10,U,UNITY SOFTWARE INC,1942001,02-07-2024
11,GENI,GENIUS SPORTS LTD,6615622,02-07-2024
12,TWLO,TWILIO INC - A,576350,02-07-2024
13,SHOP,SHOPIFY INC - CLASS A,482186,02-07-2024
14,PLTR,PALANTIR TECHNOLOGIES INC-A,1726497,02-07-2024
15,TDOC,TELADOC HEALTH INC,1717691,02-07-2024
16,NET,CLOUDFLARE INC - CLASS A,412129,02-07-2024
17,META,META PLATFORMS INC-CLASS A,73348,02-07-2024
18,CRWD,CROWDSTRIKE HOLDINGS INC - A,107038,02-07-2024
19,PD,PAGERDUTY INC,1242575,02-07-2024
20,SPOT,SPOTIFY TECHNOLOGY SA,109510,02-07-2024
21,TTD,TRADE DESK INC/THE -CLASS A,325861,02-07-2024
22,MELI,MERCADOLIBRE INC,11954,02-07-2024
23,ADYEY,ADYEN NV-UNSPON ADR,1512967,02-07-2024
24,PSTG,PURE STORAGE INC - CLASS A,455073,02-07-2024
25,NVDA,NVIDIA CORP,26449,02-07-2024
26,VCYT,VERACYTE INC,673099,02-07-2024
27,KIND,NEXTDOOR HOLDINGS INC,10086232,02-07-2024
28,MSFT,MICROSOFT CORP,39835,02-07-2024
29,AMD,ADVANCED MICRO DEVICES,94353,02-07-2024
30,TOST,TOAST INC-CLASS A,737608,02-07-2024
31,NU UN,NU HOLDINGS LTD/CAYMAN ISL-A,1354223,02-07-2024
32,QCOM,QUALCOMM INC,56795,02-07-2024
33,PINS,PINTEREST INC- CLASS A,176739,02-07-2024
34,TSM,TAIWAN SEMICONDUCTOR-SP ADR,55967,02-07-2024
35,BITO,PROSHARES BITCOIN STRAT ETF,285167,02-07-2024
36,VUZI,VUZIX CORP,3153569,02-07-2024
38,TWOU,2U INC,1180426,02-07-2024
39,ARKA,ARK 21SHRS ACTBITC FUT STRGY,18710,02-07-2024
