,Ticker,Name,Shares,Date
1,COIN,COINBASE GLOBAL INC -CLASS A,531301,06-13-2024
2,TSLA,TESLA INC,682189,06-13-2024
3,ROKU,ROKU INC,2072312,06-13-2024
4,SQ,BLOCK INC,1524558,06-13-2024
5,RBLX,ROBLOX CORP -CLASS A,2295044,06-13-2024
6,HOOD,ROBINHOOD MARKETS INC - A,3087745,06-13-2024
7,META,META PLATFORMS INC-CLASS A,101807,06-13-2024
8,PLTR,PALANTIR TECHNOLOGIES INC-A,1707438,06-13-2024
9,U,UNITY SOFTWARE INC,2082319,06-13-2024
10,DKNG UW,DRAFTKINGS INC-CL A,947094,06-13-2024
11,PATH,UIPATH INC - CLASS A,2900402,06-13-2024
12,GENI,GENIUS SPORTS LTD,6389931,06-13-2024
13,SHOP,SHOPIFY INC - CLASS A,514585,06-13-2024
14,TTD,TRADE DESK INC/THE -CLASS A,331553,06-13-2024
15,NET,CLOUDFLARE INC - CLASS A,402490,06-13-2024
16,SPOT,SPOTIFY TECHNOLOGY SA,95454,06-13-2024
17,PD,PAGERDUTY INC,1427065,06-13-2024
18,CRWD,CROWDSTRIKE HOLDINGS INC - A,74701,06-13-2024
19,PSTG,PURE STORAGE INC - CLASS A,396609,06-13-2024
20,PINS,PINTEREST INC- CLASS A,569362,06-13-2024
21,KIND,NEXTDOOR HOLDINGS INC,8790674,06-13-2024
22,NVDA,NVIDIA CORP,166961,06-13-2024
23,MELI,MERCADOLIBRE INC,10484,06-13-2024
24,AMD,ADVANCED MICRO DEVICES,99268,06-13-2024
25,ADYEY,ADYEN NV-UNSPON ADR,1171868,06-13-2024
26,MSFT,MICROSOFT CORP,34718,06-13-2024
27,TOST,TOAST INC-CLASS A,642856,06-13-2024
28,TSM,TAIWAN SEMICONDUCTOR-SP ADR,76672,06-13-2024
29,VCYT,VERACYTE INC,586635,06-13-2024
30,NU UN,NU HOLDINGS LTD/CAYMAN ISL-A,987568,06-13-2024
31,QCOM,QUALCOMM INC,49502,06-13-2024
32,DDOG,DATADOG INC - CLASS A,89065,06-13-2024
33,AMZN,AMAZON.COM INC,52949,06-13-2024
34,ZM,ZOOM VIDEO COMMUNICATIONS-A,130624,06-13-2024
35,RBRK,RUBRIK INC-A,201186,06-13-2024
36,EETH,PROSHARES ETHER STRAT ETF,77923,06-13-2024
37,RDDT,REDDIT INC-CL A,71485,06-13-2024
38,VUZI,VUZIX CORP,2748458,06-13-2024
40,ARKZ,ARK 21 SHARES ACT ETH F S,20866,06-13-2024
41,TDOC,TELADOC HEALTH INC,54244,06-13-2024
