,Ticker,Name,Shares,Date
1,COIN,COINBASE GLOBAL INC -CLASS A,548077,05-29-2024
2,TSLA,TESLA INC,703733,05-29-2024
3,ROKU,ROKU INC,2137759,05-29-2024
4,SQ,BLOCK INC,1572704,05-29-2024
5,RBLX,ROBLOX CORP -CLASS A,2359574,05-29-2024
6,HOOD,ROBINHOOD MARKETS INC - A,3548570,05-29-2024
7,PATH,UIPATH INC - CLASS A,2743627,05-29-2024
8,META,META PLATFORMS INC-CLASS A,105023,05-29-2024
9,U,UNITY SOFTWARE INC,2148083,05-29-2024
10,PLTR,PALANTIR TECHNOLOGIES INC-A,1761361,05-29-2024
11,DKNG UW,DRAFTKINGS INC-CL A,977007,05-29-2024
12,GENI,GENIUS SPORTS LTD,6591733,05-29-2024
13,TTD,TRADE DESK INC/THE -CLASS A,342027,05-29-2024
14,SHOP,SHOPIFY INC - CLASS A,530835,05-29-2024
15,SPOT,SPOTIFY TECHNOLOGY SA,98466,05-29-2024
16,NET,CLOUDFLARE INC - CLASS A,415200,05-29-2024
17,CRWD,CROWDSTRIKE HOLDINGS INC - A,77059,05-29-2024
18,PSTG,PURE STORAGE INC - CLASS A,409137,05-29-2024
19,PINS,PINTEREST INC- CLASS A,587344,05-29-2024
20,KIND,NEXTDOOR HOLDINGS INC,9068292,05-29-2024
21,PD,PAGERDUTY INC,1191035,05-29-2024
22,NVDA,NVIDIA CORP,17224,05-29-2024
23,MELI,MERCADOLIBRE INC,10814,05-29-2024
24,ZM,ZOOM VIDEO COMMUNICATIONS-A,287516,05-29-2024
25,TOST,TOAST INC-CLASS A,663160,05-29-2024
26,AMD,ADVANCED MICRO DEVICES,92675,05-29-2024
27,ADYEY,ADYEN NV-UNSPON ADR,1208878,05-29-2024
28,MSFT,MICROSOFT CORP,35816,05-29-2024
29,VCYT,VERACYTE INC,605163,05-29-2024
30,TSM,TAIWAN SEMICONDUCTOR-SP ADR,79096,05-29-2024
31,NU UN,NU HOLDINGS LTD/CAYMAN ISL-A,1018756,05-29-2024
32,DDOG,DATADOG INC - CLASS A,91879,05-29-2024
33,QCOM,QUALCOMM INC,51062,05-29-2024
34,NOW,SERVICENOW INC,14636,05-29-2024
35,EETH,PROSHARES ETHER STRAT ETF,80383,05-29-2024
36,TDOC,TELADOC HEALTH INC,428848,05-29-2024
37,VUZI,VUZIX CORP,2835267,05-29-2024
38,RDDT,REDDIT INC-CL A,73741,05-29-2024
39,ARKZ,ARK 21 SHARES ACT ETH F S,21526,05-29-2024
40,RBRK,RUBRIK INC-A,14408,05-29-2024
42,ARKA,ARK 21SHRS ACTBITC FUT STRGY,98,05-29-2024
