,Ticker,Name,Shares,Date
0,COIN,COINBASE GLOBAL INC -CLASS A,1101830,01-04-2024
1,ROKU,ROKU INC,1542271,01-04-2024
2,SQ,BLOCK INC,1916606,01-04-2024
3,ZM,ZOOM VIDEO COMMUNICATIONS-A,1325284,01-04-2024
4,BITO,PROSHARES BITCOIN STRAT ETF,4209652,01-04-2024
5,TSLA,TESLA INC,353914,01-04-2024
6,PATH,UIPATH INC - CLASS A,3706729,01-04-2024
7,HOOD,ROBINHOOD MARKETS INC - A,6529110,01-04-2024
8,U,UNITY SOFTWARE INC,1975435,01-04-2024
9,RBLX,ROBLOX CORP -CLASS A,1677698,01-04-2024
10,TWLO,TWILIO INC - A,877279,01-04-2024
11,DKNG UW,DRAFTKINGS INC-CL A,1806450,01-04-2024
12,SHOP,SHOPIFY INC - CLASS A,625181,01-04-2024
13,TDOC,TELADOC HEALTH INC,1788611,01-04-2024
14,GENI,GENIUS SPORTS LTD,6731112,01-04-2024
15,NET,CLOUDFLARE INC - CLASS A,429142,01-04-2024
16,PD,PAGERDUTY INC,1480724,01-04-2024
17,CRWD,CROWDSTRIKE HOLDINGS INC - A,111462,01-04-2024
18,AMD,ADVANCED MICRO DEVICES,194304,01-04-2024
19,TTD,TRADE DESK INC/THE -CLASS A,339324,01-04-2024
20,PLTR,PALANTIR TECHNOLOGIES INC-A,1338176,01-04-2024
21,ADYEY,ADYEN NV-UNSPON ADR,1575439,01-04-2024
22,META,META PLATFORMS INC-CLASS A,55192,01-04-2024
23,SPOT,SPOTIFY TECHNOLOGY SA,99771,01-04-2024
24,MELI,MERCADOLIBRE INC,12440,01-04-2024
25,VCYT,VERACYTE INC,700891,01-04-2024
26,KIND,NEXTDOOR HOLDINGS INC,10502657,01-04-2024
27,PSTG,PURE STORAGE INC - CLASS A,473865,01-04-2024
28,MSFT,MICROSOFT CORP,45666,01-04-2024
29,NVDA,NVIDIA CORP,31649,01-04-2024
30,NU UN,NU HOLDINGS LTD/CAYMAN ISL-A,1410144,01-04-2024
31,TOST,TOAST INC-CLASS A,440560,01-04-2024
32,VUZI,VUZIX CORP,3283776,01-04-2024
33,TSM,TAIWAN SEMICONDUCTOR-SP ADR,58279,01-04-2024
34,PINS,PINTEREST INC- CLASS A,122499,01-04-2024
36,TWOU,2U INC,1229193,01-04-2024
37,ARKA,ARK 21SHRS ACTBITC FUT STRGY,19484,01-04-2024
