,Ticker,Name,Shares,Date
0,COIN,COINBASE GLOBAL INC -CLASS A,950610,02-23-2024
2,SQ,BLOCK INC,1827945,02-23-2024
3,ROKU,ROKU INC,1752096,02-23-2024
4,TSLA,TESLA INC,493149,02-23-2024
5,HOOD,ROBINHOOD MARKETS INC - A,5713285,02-23-2024
6,RBLX,ROBLOX CORP -CLASS A,1600084,02-23-2024
7,PATH,UIPATH INC - CLASS A,2816175,02-23-2024
8,U,UNITY SOFTWARE INC,2049999,02-23-2024
9,DKNG UW,DRAFTKINGS INC-CL A,1547635,02-23-2024
10,ZM,ZOOM VIDEO COMMUNICATIONS-A,838999,02-23-2024
11,GENI,GENIUS SPORTS LTD,6669034,02-23-2024
12,PLTR,PALANTIR TECHNOLOGIES INC-A,1714617,02-23-2024
13,NET,CLOUDFLARE INC - CLASS A,403352,02-23-2024
14,META,META PLATFORMS INC-CLASS A,72844,02-23-2024
15,CRWD,CROWDSTRIKE HOLDINGS INC - A,106300,02-23-2024
16,SHOP,SHOPIFY INC - CLASS A,411497,02-23-2024
17,PD,PAGERDUTY INC,1234024,02-23-2024
18,TTD,TRADE DESK INC/THE -CLASS A,323616,02-23-2024
19,SPOT,SPOTIFY TECHNOLOGY SA,108757,02-23-2024
20,TDOC,TELADOC HEALTH INC,1632316,02-23-2024
21,ADYEY,ADYEN NV-UNSPON ADR,1502553,02-23-2024
22,PINS,PINTEREST INC- CLASS A,648795,02-23-2024
23,MELI,MERCADOLIBRE INC,11873,02-23-2024
24,TWLO,TWILIO INC - A,377947,02-23-2024
25,PSTG,PURE STORAGE INC - CLASS A,451941,02-23-2024
26,KIND,NEXTDOOR HOLDINGS INC,10016824,02-23-2024
27,AMD,ADVANCED MICRO DEVICES,93702,02-23-2024
28,NVDA,NVIDIA CORP,21199,02-23-2024
29,MSFT,MICROSOFT CORP,39563,02-23-2024
30,VCYT,VERACYTE INC,668467,02-23-2024
31,TOST,TOAST INC-CLASS A,732532,02-23-2024
32,NU UN,NU HOLDINGS LTD/CAYMAN ISL-A,1344903,02-23-2024
33,QCOM,QUALCOMM INC,56404,02-23-2024
34,NOW,SERVICENOW INC,10176,02-23-2024
35,TSM,TAIWAN SEMICONDUCTOR-SP ADR,55579,02-23-2024
36,BITO,PROSHARES BITCOIN STRAT ETF,283204,02-23-2024
37,VUZI,VUZIX CORP,3131865,02-23-2024
39,ARKA,ARK 21SHRS ACTBITC FUT STRGY,18581,02-23-2024
40,TWOU,2U INC,1172289,02-23-2024
