,Ticker,Name,Shares,Date
0,COIN,COINBASE GLOBAL INC -CLASS A,809247,03-21-2024
2,SQ,BLOCK INC,1725097,03-21-2024
3,ROKU,ROKU INC,1898233,03-21-2024
4,TSLA,TESLA INC,531951,03-21-2024
5,HOOD,ROBINHOOD MARKETS INC - A,4542690,03-21-2024
6,DKNG UW,DRAFTKINGS INC-CL A,1486863,03-21-2024
7,PATH,UIPATH INC - CLASS A,2783519,03-21-2024
8,U,UNITY SOFTWARE INC,2185635,03-21-2024
9,RBLX,ROBLOX CORP -CLASS A,1537254,03-21-2024
10,ZM,ZOOM VIDEO COMMUNICATIONS-A,806053,03-21-2024
11,GENI,GENIUS SPORTS LTD,6995337,03-21-2024
12,PLTR,PALANTIR TECHNOLOGIES INC-A,1647297,03-21-2024
13,NET,CLOUDFLARE INC - CLASS A,387508,03-21-2024
14,META,META PLATFORMS INC-CLASS A,69988,03-21-2024
15,SHOP,SHOPIFY INC - CLASS A,395336,03-21-2024
16,TTD,TRADE DESK INC/THE -CLASS A,362978,03-21-2024
17,PD,PAGERDUTY INC,1243263,03-21-2024
18,SPOT,SPOTIFY TECHNOLOGY SA,104490,03-21-2024
19,CRWD,CROWDSTRIKE HOLDINGS INC - A,81779,03-21-2024
20,ADYEY,ADYEN NV-UNSPON ADR,1443554,03-21-2024
21,PSTG,PURE STORAGE INC - CLASS A,434193,03-21-2024
22,PINS,PINTEREST INC- CLASS A,623314,03-21-2024
23,MELI,MERCADOLIBRE INC,13880,03-21-2024
24,TDOC,TELADOC HEALTH INC,1368368,03-21-2024
25,KIND,NEXTDOOR HOLDINGS INC,9623535,03-21-2024
26,NU UN,NU HOLDINGS LTD/CAYMAN ISL-A,1665947,03-21-2024
27,NVDA,NVIDIA CORP,20366,03-21-2024
28,TOST,TOAST INC-CLASS A,703768,03-21-2024
29,AMD,ADVANCED MICRO DEVICES,90014,03-21-2024
30,MSFT,MICROSOFT CORP,38009,03-21-2024
31,VCYT,VERACYTE INC,642219,03-21-2024
32,TWLO,TWILIO INC - A,210669,03-21-2024
33,NOW,SERVICENOW INC,15524,03-21-2024
34,TSM,TAIWAN SEMICONDUCTOR-SP ADR,83944,03-21-2024
35,QCOM,QUALCOMM INC,54194,03-21-2024
36,BITO,PROSHARES BITCOIN STRAT ETF,272084,03-21-2024
37,VUZI,VUZIX CORP,3008878,03-21-2024
39,ARKA,ARK 21SHRS ACTBITC FUT STRGY,17850,03-21-2024
40,TWOU,2U INC,1126213,03-21-2024
