,Ticker,Name,Shares,Date
0,COIN,COINBASE GLOBAL INC -CLASS A,1008978,02-16-2024
1,ROKU,ROKU INC,1443095,02-16-2024
3,SQ,BLOCK INC,1844833,02-16-2024
4,TSLA,TESLA INC,497705,02-16-2024
5,HOOD,ROBINHOOD MARKETS INC - A,6272135,02-16-2024
6,PATH,UIPATH INC - CLASS A,2842194,02-16-2024
7,RBLX,ROBLOX CORP -CLASS A,1614868,02-16-2024
8,U,UNITY SOFTWARE INC,2023260,02-16-2024
9,DKNG UW,DRAFTKINGS INC-CL A,1561934,02-16-2024
10,ZM,ZOOM VIDEO COMMUNICATIONS-A,962658,02-16-2024
11,GENI,GENIUS SPORTS LTD,6730647,02-16-2024
12,PLTR,PALANTIR TECHNOLOGIES INC-A,1730457,02-16-2024
13,NET,CLOUDFLARE INC - CLASS A,407080,02-16-2024
14,TDOC,TELADOC HEALTH INC,1721631,02-16-2024
15,META,META PLATFORMS INC-CLASS A,73516,02-16-2024
16,CRWD,CROWDSTRIKE HOLDINGS INC - A,107284,02-16-2024
17,SHOP,SHOPIFY INC - CLASS A,415301,02-16-2024
18,PD,PAGERDUTY INC,1245425,02-16-2024
19,TWLO,TWILIO INC - A,447351,02-16-2024
20,SPOT,SPOTIFY TECHNOLOGY SA,109761,02-16-2024
21,TTD,TRADE DESK INC/THE -CLASS A,326608,02-16-2024
22,ADYEY,ADYEN NV-UNSPON ADR,1516437,02-16-2024
23,PINS,PINTEREST INC- CLASS A,654791,02-16-2024
24,MELI,MERCADOLIBRE INC,11981,02-16-2024
25,PSTG,PURE STORAGE INC - CLASS A,456117,02-16-2024
26,NVDA,NVIDIA CORP,26510,02-16-2024
27,KIND,NEXTDOOR HOLDINGS INC,10109365,02-16-2024
28,VCYT,VERACYTE INC,674643,02-16-2024
29,AMD,ADVANCED MICRO DEVICES,94570,02-16-2024
30,MSFT,MICROSOFT CORP,39927,02-16-2024
31,NU UN,NU HOLDINGS LTD/CAYMAN ISL-A,1357330,02-16-2024
32,TOST,TOAST INC-CLASS A,739300,02-16-2024
33,QCOM,QUALCOMM INC,56925,02-16-2024
34,TSM,TAIWAN SEMICONDUCTOR-SP ADR,56095,02-16-2024
35,BITO,PROSHARES BITCOIN STRAT ETF,285821,02-16-2024
37,VUZI,VUZIX CORP,3160802,02-16-2024
38,ARKA,ARK 21SHRS ACTBITC FUT STRGY,18753,02-16-2024
39,TWOU,2U INC,1183135,02-16-2024
