,Ticker,Name,Shares,Date
1,COIN,COINBASE GLOBAL INC -CLASS A,662484,04-09-2024
2,SQ,BLOCK INC,1733391,04-09-2024
3,ROKU,ROKU INC,2060503,04-09-2024
4,TSLA,TESLA INC,689035,04-09-2024
5,RBLX,ROBLOX CORP -CLASS A,1995143,04-09-2024
6,HOOD,ROBINHOOD MARKETS INC - A,3783950,04-09-2024
7,U,UNITY SOFTWARE INC,2545615,04-09-2024
8,PATH,UIPATH INC - CLASS A,2796905,04-09-2024
9,DKNG UW,DRAFTKINGS INC-CL A,1269102,04-09-2024
10,META,META PLATFORMS INC-CLASS A,96006,04-09-2024
11,ZM,ZOOM VIDEO COMMUNICATIONS-A,745645,04-09-2024
12,GENI,GENIUS SPORTS LTD,7028974,04-09-2024
13,PLTR,PALANTIR TECHNOLOGIES INC-A,1655216,04-09-2024
14,NET,CLOUDFLARE INC - CLASS A,389372,04-09-2024
15,SPOT,SPOTIFY TECHNOLOGY SA,104992,04-09-2024
16,TTD,TRADE DESK INC/THE -CLASS A,364724,04-09-2024
17,SHOP,SHOPIFY INC - CLASS A,397238,04-09-2024
18,PD,PAGERDUTY INC,1270048,04-09-2024
19,CRWD,CROWDSTRIKE HOLDINGS INC - A,82173,04-09-2024
20,PSTG,PURE STORAGE INC - CLASS A,436281,04-09-2024
21,PINS,PINTEREST INC- CLASS A,626312,04-09-2024
22,ADYEY,ADYEN NV-UNSPON ADR,1289071,04-09-2024
23,MELI,MERCADOLIBRE INC,13946,04-09-2024
24,KIND,NEXTDOOR HOLDINGS INC,9669809,04-09-2024
25,TDOC,TELADOC HEALTH INC,1390921,04-09-2024
26,NU UN,NU HOLDINGS LTD/CAYMAN ISL-A,1660130,04-09-2024
27,NVDA,NVIDIA CORP,20464,04-09-2024
28,TOST,TOAST INC-CLASS A,707152,04-09-2024
29,MSFT,MICROSOFT CORP,38191,04-09-2024
30,AMD,ADVANCED MICRO DEVICES,90448,04-09-2024
31,VCYT,VERACYTE INC,645307,04-09-2024
32,NOW,SERVICENOW INC,15598,04-09-2024
33,TSM,TAIWAN SEMICONDUCTOR-SP ADR,84348,04-09-2024
34,QCOM,QUALCOMM INC,54453,04-09-2024
35,DDOG,DATADOG INC - CLASS A,68768,04-09-2024
36,BITO,PROSHARES BITCOIN STRAT ETF,273392,04-09-2024
37,VUZI,VUZIX CORP,3023357,04-09-2024
38,ARKA,ARK 21SHRS ACTBITC FUT STRGY,17936,04-09-2024
40,TWOU,2U INC,1131636,04-09-2024
41,RDDT,REDDIT INC-CL A,5941,04-09-2024
42,TWLO,TWILIO INC - A,700,04-09-2024
