,Ticker,Name,Shares,Date
0,ROKU,ROKU INC,1453005,01-26-2024
1,COIN,COINBASE GLOBAL INC -CLASS A,1047580,01-26-2024
2,SQ,BLOCK INC,1857500,01-26-2024
4,ZM,ZOOM VIDEO COMMUNICATIONS-A,1284416,01-26-2024
5,TSLA,TESLA INC,407716,01-26-2024
6,HOOD,ROBINHOOD MARKETS INC - A,6304410,01-26-2024
7,RBLX,ROBLOX CORP -CLASS A,1625957,01-26-2024
8,PATH,UIPATH INC - CLASS A,2925188,01-26-2024
9,DKNG UW,DRAFTKINGS INC-CL A,1672342,01-26-2024
10,U,UNITY SOFTWARE INC,1959820,01-26-2024
11,TWLO,TWILIO INC - A,745398,01-26-2024
12,SHOP,SHOPIFY INC - CLASS A,563867,01-26-2024
13,GENI,GENIUS SPORTS LTD,6523534,01-26-2024
14,TDOC,TELADOC HEALTH INC,1733451,01-26-2024
15,NET,CLOUDFLARE INC - CLASS A,415910,01-26-2024
16,PD,PAGERDUTY INC,1344966,01-26-2024
17,CRWD,CROWDSTRIKE HOLDINGS INC - A,108022,01-26-2024
18,META,META PLATFORMS INC-CLASS A,74020,01-26-2024
19,PLTR,PALANTIR TECHNOLOGIES INC-A,1445834,01-26-2024
20,TTD,TRADE DESK INC/THE -CLASS A,328853,01-26-2024
21,MELI,MERCADOLIBRE INC,12062,01-26-2024
22,SPOT,SPOTIFY TECHNOLOGY SA,96691,01-26-2024
23,PSTG,PURE STORAGE INC - CLASS A,459249,01-26-2024
24,ADYEY,ADYEN NV-UNSPON ADR,1526851,01-26-2024
25,VCYT,VERACYTE INC,679275,01-26-2024
26,AMD,ADVANCED MICRO DEVICES,95221,01-26-2024
27,NVDA,NVIDIA CORP,26693,01-26-2024
28,MSFT,MICROSOFT CORP,40199,01-26-2024
29,KIND,NEXTDOOR HOLDINGS INC,10178775,01-26-2024
30,NU UN,NU HOLDINGS LTD/CAYMAN ISL-A,1366651,01-26-2024
31,TOST,TOAST INC-CLASS A,636470,01-26-2024
32,QCOM,QUALCOMM INC,57317,01-26-2024
33,BITO,PROSHARES BITCOIN STRAT ETF,366128,01-26-2024
34,TSM,TAIWAN SEMICONDUCTOR-SP ADR,56483,01-26-2024
35,VUZI,VUZIX CORP,3182505,01-26-2024
36,PINS,PINTEREST INC- CLASS A,118719,01-26-2024
38,TWOU,2U INC,1191262,01-26-2024
39,ARKA,ARK 21SHRS ACTBITC FUT STRGY,18882,01-26-2024
