,Ticker,Name,Shares,Date
0,COIN,COINBASE GLOBAL INC -CLASS A,1337691,12-11-2023
1,ROKU,ROKU INC,1500035,12-11-2023
2,GBTC,GRAYSCALE BITCOIN TRUST BTC,3869234,12-11-2023
3,SQ,BLOCK INC,1565665,12-11-2023
4,PATH,UIPATH INC - CLASS A,3881482,12-11-2023
5,ZM,ZOOM VIDEO COMMUNICATIONS-A,1207579,12-11-2023
6,TSLA,TESLA INC,310928,12-11-2023
7,HOOD,ROBINHOOD MARKETS INC - A,6325653,12-11-2023
8,RBLX,ROBLOX CORP -CLASS A,1737990,12-11-2023
9,U,UNITY SOFTWARE INC,2030741,12-11-2023
10,TWLO,TWILIO INC - A,909249,12-11-2023
11,DKNG UW,DRAFTKINGS INC-CL A,1743998,12-11-2023
12,SHOP,SHOPIFY INC - CLASS A,647803,12-11-2023
13,PD,PAGERDUTY INC,1626089,12-11-2023
14,TDOC,TELADOC HEALTH INC,1849119,12-11-2023
15,GENI,GENIUS SPORTS LTD,6498416,12-11-2023
16,NET,CLOUDFLARE INC - CLASS A,443123,12-11-2023
17,CRWD,CROWDSTRIKE HOLDINGS INC - A,115261,12-11-2023
18,AMD,ADVANCED MICRO DEVICES,202122,12-11-2023
19,PLTR,PALANTIR TECHNOLOGIES INC-A,1387777,12-11-2023
20,ADYEY,ADYEN NV-UNSPON ADR,1647225,12-11-2023
21,TTD,TRADE DESK INC/THE -CLASS A,275302,12-11-2023
22,MELI,MERCADOLIBRE INC,12010,12-11-2023
23,VCYT,VERACYTE INC,721979,12-11-2023
24,NVDA,NVIDIA CORP,30546,12-11-2023
25,KIND,NEXTDOOR HOLDINGS INC,8665580,12-11-2023
26,META,META PLATFORMS INC-CLASS A,43080,12-11-2023
27,SPOT,SPOTIFY TECHNOLOGY SA,72100,12-11-2023
28,MSFT,MICROSOFT CORP,35284,12-11-2023
29,PSTG,PURE STORAGE INC - CLASS A,391265,12-11-2023
30,NU UN,NU HOLDINGS LTD/CAYMAN ISL-A,1361399,12-11-2023
31,VUZI,VUZIX CORP,3170248,12-11-2023
32,TOST,TOAST INC-CLASS A,251353,12-11-2023
33,TSM,TAIWAN SEMICONDUCTOR-SP ADR,32470,12-11-2023
34,TWOU,2U INC,1186702,12-11-2023
