,Ticker,Name,Shares,Date
0,COIN,COINBASE GLOBAL INC -CLASS A,1282442,12-18-2023
1,ROKU,ROKU INC,1470077,12-18-2023
2,GBTC,GRAYSCALE BITCOIN TRUST BTC,3438322,12-18-2023
3,SQ,BLOCK INC,1575898,12-18-2023
4,PATH,UIPATH INC - CLASS A,3901880,12-18-2023
5,ZM,ZOOM VIDEO COMMUNICATIONS-A,1239110,12-18-2023
6,U,UNITY SOFTWARE INC,2047593,12-18-2023
7,TSLA,TESLA INC,312959,12-18-2023
8,RBLX,ROBLOX CORP -CLASS A,1749351,12-18-2023
9,HOOD,ROBINHOOD MARKETS INC - A,6366997,12-18-2023
10,TWLO,TWILIO INC - A,915192,12-18-2023
11,DKNG UW,DRAFTKINGS INC-CL A,1755398,12-18-2023
12,SHOP,SHOPIFY INC - CLASS A,652036,12-18-2023
13,GENI,GENIUS SPORTS LTD,6540891,12-18-2023
14,TDOC,TELADOC HEALTH INC,1861206,12-18-2023
15,PD,PAGERDUTY INC,1636718,12-18-2023
16,NET,CLOUDFLARE INC - CLASS A,446021,12-18-2023
17,CRWD,CROWDSTRIKE HOLDINGS INC - A,116014,12-18-2023
18,AMD,ADVANCED MICRO DEVICES,203440,12-18-2023
19,PLTR,PALANTIR TECHNOLOGIES INC-A,1396849,12-18-2023
20,ADYEY,ADYEN NV-UNSPON ADR,1657992,12-18-2023
21,TTD,TRADE DESK INC/THE -CLASS A,283270,12-18-2023
22,VCYT,VERACYTE INC,726698,12-18-2023
23,KIND,NEXTDOOR HOLDINGS INC,10205862,12-18-2023
24,MELI,MERCADOLIBRE INC,12088,12-18-2023
25,SPOT,SPOTIFY TECHNOLOGY SA,96951,12-18-2023
26,META,META PLATFORMS INC-CLASS A,53640,12-18-2023
27,PSTG,PURE STORAGE INC - CLASS A,460471,12-18-2023
28,MSFT,MICROSOFT CORP,44382,12-18-2023
29,NVDA,NVIDIA CORP,30747,12-18-2023
30,NU UN,NU HOLDINGS LTD/CAYMAN ISL-A,1370298,12-18-2023
31,VUZI,VUZIX CORP,3190975,12-18-2023
32,TOST,TOAST INC-CLASS A,428110,12-18-2023
33,TSM,TAIWAN SEMICONDUCTOR-SP ADR,56617,12-18-2023
35,PINS,PINTEREST INC- CLASS A,85508,12-18-2023
36,TWOU,2U INC,1194463,12-18-2023
