,Ticker,Name,Shares,Date
0,COIN,COINBASE GLOBAL INC -CLASS A,1038056,02-09-2024
1,ROKU,ROKU INC,1439793,02-09-2024
2,SQ,BLOCK INC,1840612,02-09-2024
4,TSLA,TESLA INC,473087,02-09-2024
5,RBLX,ROBLOX CORP -CLASS A,1611173,02-09-2024
6,HOOD,ROBINHOOD MARKETS INC - A,6370728,02-09-2024
7,PATH,UIPATH INC - CLASS A,2835690,02-09-2024
8,DKNG UW,DRAFTKINGS INC-CL A,1570256,02-09-2024
9,ZM,ZOOM VIDEO COMMUNICATIONS-A,1024204,02-09-2024
10,U,UNITY SOFTWARE INC,1942001,02-09-2024
11,GENI,GENIUS SPORTS LTD,6658511,02-09-2024
12,PLTR,PALANTIR TECHNOLOGIES INC-A,1726497,02-09-2024
13,SHOP,SHOPIFY INC - CLASS A,461620,02-09-2024
14,TWLO,TWILIO INC - A,564317,02-09-2024
15,NET,CLOUDFLARE INC - CLASS A,412129,02-09-2024
16,TDOC,TELADOC HEALTH INC,1717691,02-09-2024
17,CRWD,CROWDSTRIKE HOLDINGS INC - A,107038,02-09-2024
18,META,META PLATFORMS INC-CLASS A,73348,02-09-2024
19,PD,PAGERDUTY INC,1242575,02-09-2024
20,SPOT,SPOTIFY TECHNOLOGY SA,109510,02-09-2024
21,ADYEY,ADYEN NV-UNSPON ADR,1512967,02-09-2024
22,TTD,TRADE DESK INC/THE -CLASS A,325861,02-09-2024
23,MELI,MERCADOLIBRE INC,11954,02-09-2024
24,PSTG,PURE STORAGE INC - CLASS A,455073,02-09-2024
25,NVDA,NVIDIA CORP,26449,02-09-2024
26,KIND,NEXTDOOR HOLDINGS INC,10086232,02-09-2024
27,VCYT,VERACYTE INC,673099,02-09-2024
28,MSFT,MICROSOFT CORP,39835,02-09-2024
29,AMD,ADVANCED MICRO DEVICES,94353,02-09-2024
30,TOST,TOAST INC-CLASS A,737608,02-09-2024
31,PINS,PINTEREST INC- CLASS A,336565,02-09-2024
32,NU UN,NU HOLDINGS LTD/CAYMAN ISL-A,1354223,02-09-2024
33,QCOM,QUALCOMM INC,56795,02-09-2024
34,TSM,TAIWAN SEMICONDUCTOR-SP ADR,55967,02-09-2024
35,BITO,PROSHARES BITCOIN STRAT ETF,285167,02-09-2024
36,VUZI,VUZIX CORP,3153569,02-09-2024
37,TWOU,2U INC,1180426,02-09-2024
38,ARKA,ARK 21SHRS ACTBITC FUT STRGY,18710,02-09-2024
