,Ticker,Name,Shares,Date
0,COIN,COINBASE GLOBAL INC -CLASS A,675498,03-27-2024
2,SQ,BLOCK INC,1720950,03-27-2024
3,ROKU,ROKU INC,1961440,03-27-2024
4,TSLA,TESLA INC,581126,03-27-2024
5,HOOD,ROBINHOOD MARKETS INC - A,4112470,03-27-2024
6,RBLX,ROBLOX CORP -CLASS A,1905956,03-27-2024
7,DKNG UW,DRAFTKINGS INC-CL A,1409663,03-27-2024
8,U,UNITY SOFTWARE INC,2527340,03-27-2024
9,PATH,UIPATH INC - CLASS A,2776828,03-27-2024
10,ZM,ZOOM VIDEO COMMUNICATIONS-A,740293,03-27-2024
11,META,META PLATFORMS INC-CLASS A,95316,03-27-2024
12,PLTR,PALANTIR TECHNOLOGIES INC-A,1643337,03-27-2024
13,GENI,GENIUS SPORTS LTD,6978522,03-27-2024
14,NET,CLOUDFLARE INC - CLASS A,386576,03-27-2024
15,TTD,TRADE DESK INC/THE -CLASS A,362105,03-27-2024
16,SHOP,SHOPIFY INC - CLASS A,394385,03-27-2024
17,PD,PAGERDUTY INC,1260931,03-27-2024
18,SPOT,SPOTIFY TECHNOLOGY SA,104239,03-27-2024
19,CRWD,CROWDSTRIKE HOLDINGS INC - A,81582,03-27-2024
20,ADYEY,ADYEN NV-UNSPON ADR,1440084,03-27-2024
21,PSTG,PURE STORAGE INC - CLASS A,433149,03-27-2024
22,PINS,PINTEREST INC- CLASS A,621815,03-27-2024
23,KIND,NEXTDOOR HOLDINGS INC,9600402,03-27-2024
24,MELI,MERCADOLIBRE INC,13847,03-27-2024
25,TDOC,TELADOC HEALTH INC,1365078,03-27-2024
26,NU UN,NU HOLDINGS LTD/CAYMAN ISL-A,1661942,03-27-2024
27,NVDA,NVIDIA CORP,20317,03-27-2024
28,TOST,TOAST INC-CLASS A,702076,03-27-2024
29,MSFT,MICROSOFT CORP,37918,03-27-2024
30,AMD,ADVANCED MICRO DEVICES,89797,03-27-2024
31,VCYT,VERACYTE INC,640675,03-27-2024
32,TWLO,TWILIO INC - A,210162,03-27-2024
33,NOW,SERVICENOW INC,15487,03-27-2024
34,TSM,TAIWAN SEMICONDUCTOR-SP ADR,83742,03-27-2024
35,QCOM,QUALCOMM INC,54064,03-27-2024
36,BITO,PROSHARES BITCOIN STRAT ETF,271430,03-27-2024
37,VUZI,VUZIX CORP,3001645,03-27-2024
39,ARKA,ARK 21SHRS ACTBITC FUT STRGY,17807,03-27-2024
40,RDDT,REDDIT INC-CL A,5899,03-27-2024
41,TWOU,2U INC,1123505,03-27-2024
