,Ticker,Name,Shares,Date
0,COIN,COINBASE GLOBAL INC -CLASS A,822864,03-15-2024
2,SQ,BLOCK INC,1785726,03-15-2024
3,ROKU,ROKU INC,1925099,03-15-2024
4,TSLA,TESLA INC,540904,03-15-2024
5,HOOD,ROBINHOOD MARKETS INC - A,4691640,03-15-2024
6,PATH,UIPATH INC - CLASS A,2830362,03-15-2024
7,DKNG UW,DRAFTKINGS INC-CL A,1511887,03-15-2024
8,RBLX,ROBLOX CORP -CLASS A,1563126,03-15-2024
9,U,UNITY SOFTWARE INC,2160103,03-15-2024
10,ZM,ZOOM VIDEO COMMUNICATIONS-A,819619,03-15-2024
11,GENI,GENIUS SPORTS LTD,7055197,03-15-2024
12,PLTR,PALANTIR TECHNOLOGIES INC-A,1675017,03-15-2024
13,NET,CLOUDFLARE INC - CLASS A,394032,03-15-2024
14,META,META PLATFORMS INC-CLASS A,71164,03-15-2024
15,SHOP,SHOPIFY INC - CLASS A,401993,03-15-2024
16,TTD,TRADE DESK INC/THE -CLASS A,369089,03-15-2024
17,PD,PAGERDUTY INC,1205524,03-15-2024
18,SPOT,SPOTIFY TECHNOLOGY SA,106247,03-15-2024
19,CRWD,CROWDSTRIKE HOLDINGS INC - A,83158,03-15-2024
20,ADYEY,ADYEN NV-UNSPON ADR,1467850,03-15-2024
21,PSTG,PURE STORAGE INC - CLASS A,441501,03-15-2024
22,MELI,MERCADOLIBRE INC,14111,03-15-2024
23,KIND,NEXTDOOR HOLDINGS INC,9785474,03-15-2024
24,PINS,PINTEREST INC- CLASS A,633807,03-15-2024
25,TDOC,TELADOC HEALTH INC,1391398,03-15-2024
26,NU UN,NU HOLDINGS LTD/CAYMAN ISL-A,1693982,03-15-2024
27,NVDA,NVIDIA CORP,20709,03-15-2024
28,TOST,TOAST INC-CLASS A,715612,03-15-2024
29,AMD,ADVANCED MICRO DEVICES,91533,03-15-2024
30,MSFT,MICROSOFT CORP,38653,03-15-2024
31,TWLO,TWILIO INC - A,260846,03-15-2024
32,VCYT,VERACYTE INC,653027,03-15-2024
33,NOW,SERVICENOW INC,15783,03-15-2024
34,TSM,TAIWAN SEMICONDUCTOR-SP ADR,85358,03-15-2024
35,QCOM,QUALCOMM INC,55104,03-15-2024
36,BITO,PROSHARES BITCOIN STRAT ETF,276662,03-15-2024
37,VUZI,VUZIX CORP,3059521,03-15-2024
39,ARKA,ARK 21SHRS ACTBITC FUT STRGY,18151,03-15-2024
40,TWOU,2U INC,1145177,03-15-2024
