,Ticker,Name,Shares,Date
0,TRMB,TRIMBLE INC,441921,08-04-2023
1,IRDM,IRIDIUM COMMUNICATIONS INC,415182,08-04-2023
2,KTOS,KRATOS DEFENSE & SECURITY,1383391,08-04-2023
3,AVAV,AEROVIRONMENT INC,197496,08-04-2023
4,PRNT,THE 3D PRINTING ETF,670384,08-04-2023
5,6301,KOMATSU LTD,471288,08-04-2023
6,LHX,L3HARRIS TECHNOLOGIES INC,69100,08-04-2023
7,TER,TERADYNE INC,108188,08-04-2023
8,ACHR,ARCHER AVIATION INC-A,1893042,08-04-2023
9,PATH,UIPATH INC - CLASS A,642542,08-04-2023
10,JOBY,JOBY AVIATION INC,1232162,08-04-2023
11,DE,DEERE & CO,20633,08-04-2023
12,DSY FP,DASSAULT SYSTEMES SE,208939,08-04-2023
13,RKLB,ROCKET LAB USA INC,1015303,08-04-2023
14,AMZN,AMAZON.COM INC,55166,08-04-2023
15,BLDE,BLADE AIR MOBILITY INC,1720137,08-04-2023
16,2618,JD LOGISTICS INC,3729526,08-04-2023
17,HO,THALES SA,41492,08-04-2023
18,MKFG,MARKFORGED HOLDING CORP,2814073,08-04-2023
19,GOOG,ALPHABET INC-CL C,42382,08-04-2023
20,GRMN UN,GARMIN LTD,50924,08-04-2023
21,ESLT,ELBIT SYSTEMS LTD,24131,08-04-2023
22,U,UNITY SOFTWARE INC,122836,08-04-2023
23,VLD,VELO3D INC,2032409,08-04-2023
24,HON,HONEYWELL INTERNATIONAL INC,21408,08-04-2023
25,SNPS,SYNOPSYS INC,9004,08-04-2023
26,DDD,3D SYSTEMS CORP,477714,08-04-2023
27,HEI,HEICO CORP,19981,08-04-2023
28,AIR,AIRBUS SE,24331,08-04-2023
29,SPR,SPIRIT AEROSYSTEMS HOLD-CL A,152727,08-04-2023
30,MYNA,MYNARIC AG NA O.N.,607573,08-04-2023
31,ANSS,ANSYS INC,10230,08-04-2023
32,LMT,LOCKHEED MARTIN CORP,6936,08-04-2023
33,TDY,TELEDYNE TECHNOLOGIES INC,7812,08-04-2023
34,SSYS,STRATASYS LTD,34109,08-04-2023
