,Ticker,Name,Shares,Date
0,KTOS,KRATOS DEFENSE & SECURITY,1202218,04-09-2024
1,AVAV,AEROVIRONMENT INC,141350,04-09-2024
2,TRMB,TRIMBLE INC,297653,04-09-2024
3,IRDM,IRIDIUM COMMUNICATIONS INC,638447,04-09-2024
4,TER,TERADYNE INC,119475,04-09-2024
5,LHX,L3HARRIS TECHNOLOGIES INC,59380,04-09-2024
6,PRNT,THE 3D PRINTING ETF,536452,04-09-2024
7,6301,KOMATSU LTD,397188,04-09-2024
8,AMZN,AMAZON.COM INC,47397,04-09-2024
9,ACHR,ARCHER AVIATION INC-A,1922862,04-09-2024
10,PATH,UIPATH INC - CLASS A,373516,04-09-2024
11,DSY FP,DASSAULT SYSTEMES SE,174292,04-09-2024
12,DE,DEERE & CO,17717,04-09-2024
13,GRMN UN,GARMIN LTD,43749,04-09-2024
14,HO,THALES SA,35660,04-09-2024
15,BLDE,BLADE AIR MOBILITY INC,1478227,04-09-2024
16,RKLB,ROCKET LAB USA INC,1410263,04-09-2024
17,JOBY,JOBY AVIATION INC,1058871,04-09-2024
18,GOOG,ALPHABET INC-CL C,31335,04-09-2024
19,ESLT,ELBIT SYSTEMS LTD,19543,04-09-2024
20,AIR,AIRBUS SE,20915,04-09-2024
21,SNPS,SYNOPSYS INC,6474,04-09-2024
22,U,UNITY SOFTWARE INC,141578,04-09-2024
23,HON,HONEYWELL INTERNATIONAL INC,18384,04-09-2024
24,HEI,HEICO CORP,17173,04-09-2024
25,2618,JD LOGISTICS INC,3033854,04-09-2024
26,ANSS,ANSYS INC,8704,04-09-2024
27,TDY,TELEDYNE TECHNOLOGIES INC,6732,04-09-2024
28,LMT,LOCKHEED MARTIN CORP,5964,04-09-2024
29,MYNA,MYNARIC AG NA O.N.,522104,04-09-2024
30,PLTR,PALANTIR TECHNOLOGIES INC-A,96497,04-09-2024
31,MKFG,MARKFORGED HOLDING CORP,2833716,04-09-2024
32,DDD,3D SYSTEMS CORP,272878,04-09-2024
33,VLD,VELO3D INC,2278506,04-09-2024
