,Ticker,Name,Shares,Date
0,KTOS,KRATOS DEFENSE & SECURITY,1179734,12-08-2023
1,AVAV,AEROVIRONMENT INC,171538,12-08-2023
2,TRMB,TRIMBLE INC,442111,12-08-2023
3,IRDM,IRIDIUM COMMUNICATIONS INC,478611,12-08-2023
4,PATH,UIPATH INC - CLASS A,581581,12-08-2023
5,LHX,L3HARRIS TECHNOLOGIES INC,65500,12-08-2023
6,PRNT,THE 3D PRINTING ETF,591727,12-08-2023
7,ACHR,ARCHER AVIATION INC-A,2020502,12-08-2023
8,6301,KOMATSU LTD,437988,12-08-2023
9,TER,TERADYNE INC,105743,12-08-2023
10,DSY FP,DASSAULT SYSTEMES SE,198045,12-08-2023
11,AMZN,AMAZON.COM INC,52286,12-08-2023
12,JOBY,JOBY AVIATION INC,1167962,12-08-2023
13,DE,DEERE & CO,19553,12-08-2023
14,GRMN UN,GARMIN LTD,48264,12-08-2023
15,HO,THALES SA,39332,12-08-2023
16,RKLB,ROCKET LAB USA INC,1161759,12-08-2023
17,GOOG,ALPHABET INC-CL C,38002,12-08-2023
18,BLDE,BLADE AIR MOBILITY INC,1630523,12-08-2023
19,ESLT,ELBIT SYSTEMS LTD,21549,12-08-2023
20,SNPS,SYNOPSYS INC,7668,12-08-2023
21,HON,HONEYWELL INTERNATIONAL INC,20288,12-08-2023
22,2618,JD LOGISTICS INC,3346654,12-08-2023
23,U,UNITY SOFTWARE INC,123598,12-08-2023
24,AIR,AIRBUS SE,23057,12-08-2023
25,HEI,HEICO CORP,18941,12-08-2023
26,ANSS,ANSYS INC,11536,12-08-2023
27,TDY,TELEDYNE TECHNOLOGIES INC,7412,12-08-2023
28,LMT,LOCKHEED MARTIN CORP,6576,12-08-2023
29,MYNA,MYNARIC AG NA O.N.,575905,12-08-2023
30,MKFG,MARKFORGED HOLDING CORP,3125697,12-08-2023
31,VLD,VELO3D INC,2513297,12-08-2023
32,SPR,SPIRIT AEROSYSTEMS HOLD-CL A,69722,12-08-2023
33,DDD,3D SYSTEMS CORP,301002,12-08-2023
35,SSYS,STRATASYS LTD,11032,12-08-2023
