,Ticker,Name,Shares,Date
0,TRMB,TRIMBLE INC,425101,02-07-2024
1,AVAV,AEROVIRONMENT INC,164944,02-07-2024
2,KTOS,KRATOS DEFENSE & SECURITY,1134348,02-07-2024
3,IRDM,IRIDIUM COMMUNICATIONS INC,533787,02-07-2024
4,LHX,L3HARRIS TECHNOLOGIES INC,62980,02-07-2024
5,PRNT,THE 3D PRINTING ETF,568963,02-07-2024
6,6301,KOMATSU LTD,421188,02-07-2024
7,PATH,UIPATH INC - CLASS A,462862,02-07-2024
8,TER,TERADYNE INC,108413,02-07-2024
9,ACHR,ARCHER AVIATION INC-A,1942781,02-07-2024
10,DSY FP,DASSAULT SYSTEMES SE,190426,02-07-2024
11,AMZN,AMAZON.COM INC,50270,02-07-2024
12,DE,DEERE & CO,18797,02-07-2024
13,JOBY,JOBY AVIATION INC,1123034,02-07-2024
14,RKLB,ROCKET LAB USA INC,1361748,02-07-2024
15,GRMN UN,GARMIN LTD,46402,02-07-2024
16,HO,THALES SA,37820,02-07-2024
17,GOOG,ALPHABET INC-CL C,36546,02-07-2024
18,BLDE,BLADE AIR MOBILITY INC,1567803,02-07-2024
19,ESLT,ELBIT SYSTEMS LTD,20723,02-07-2024
20,U,UNITY SOFTWARE INC,126127,02-07-2024
21,SNPS,SYNOPSYS INC,7374,02-07-2024
22,HON,HONEYWELL INTERNATIONAL INC,19504,02-07-2024
23,AIR,AIRBUS SE,22175,02-07-2024
24,ANSS,ANSYS INC,10412,02-07-2024
25,HEI,HEICO CORP,18213,02-07-2024
26,TDY,TELEDYNE TECHNOLOGIES INC,7132,02-07-2024
27,MYNA,MYNARIC AG NA O.N.,553743,02-07-2024
28,2618,JD LOGISTICS INC,3217854,02-07-2024
29,LMT,LOCKHEED MARTIN CORP,6324,02-07-2024
30,MKFG,MARKFORGED HOLDING CORP,3005458,02-07-2024
31,DDD,3D SYSTEMS CORP,289422,02-07-2024
32,VLD,VELO3D INC,2416618,02-07-2024
34,SSYS,STRATASYS LTD,790,02-07-2024
