,Ticker,Name,Shares,Date
0,TRMB,TRIMBLE INC,419026,02-23-2024
1,KTOS,KRATOS DEFENSE & SECURITY,1087942,02-23-2024
2,AVAV,AEROVIRONMENT INC,162589,02-23-2024
3,IRDM,IRIDIUM COMMUNICATIONS INC,544476,02-23-2024
4,LHX,L3HARRIS TECHNOLOGIES INC,62080,02-23-2024
5,PRNT,THE 3D PRINTING ETF,560828,02-23-2024
6,6301,KOMATSU LTD,415188,02-23-2024
7,TER,TERADYNE INC,106863,02-23-2024
8,PATH,UIPATH INC - CLASS A,435914,02-23-2024
9,ACHR,ARCHER AVIATION INC-A,2010233,02-23-2024
10,DSY FP,DASSAULT SYSTEMES SE,187706,02-23-2024
11,AMZN,AMAZON.COM INC,49550,02-23-2024
12,DE,DEERE & CO,18527,02-23-2024
13,GRMN UN,GARMIN LTD,45737,02-23-2024
14,JOBY,JOBY AVIATION INC,1106984,02-23-2024
15,RKLB,ROCKET LAB USA INC,1342288,02-23-2024
16,HO,THALES SA,37280,02-23-2024
17,GOOG,ALPHABET INC-CL C,36026,02-23-2024
18,BLDE,BLADE AIR MOBILITY INC,1545398,02-23-2024
19,ESLT,ELBIT SYSTEMS LTD,20428,02-23-2024
20,SNPS,SYNOPSYS INC,7269,02-23-2024
21,U,UNITY SOFTWARE INC,124322,02-23-2024
22,HON,HONEYWELL INTERNATIONAL INC,19224,02-23-2024
23,HEI,HEICO CORP,17953,02-23-2024
24,ANSS,ANSYS INC,10262,02-23-2024
25,AIR,AIRBUS SE,21860,02-23-2024
26,2618,JD LOGISTICS INC,3171854,02-23-2024
27,TDY,TELEDYNE TECHNOLOGIES INC,7032,02-23-2024
28,LMT,LOCKHEED MARTIN CORP,6234,02-23-2024
29,MYNA,MYNARIC AG NA O.N.,545828,02-23-2024
30,MKFG,MARKFORGED HOLDING CORP,2962508,02-23-2024
31,DDD,3D SYSTEMS CORP,285282,02-23-2024
32,VLD,VELO3D INC,2382078,02-23-2024
34,SSYS,STRATASYS LTD,775,02-23-2024
