,Ticker,Name,Shares,Date
0,AVAV,AEROVIRONMENT INC,111098,06-13-2024
1,KTOS,KRATOS DEFENSE & SECURITY,1065131,06-13-2024
2,IRDM,IRIDIUM COMMUNICATIONS INC,715444,06-13-2024
3,TER,TERADYNE INC,114045,06-13-2024
4,TRMB,TRIMBLE INC,284123,06-13-2024
5,LHX,L3HARRIS TECHNOLOGIES INC,56680,06-13-2024
6,6301,KOMATSU LTD,379188,06-13-2024
7,AMZN,AMAZON.COM INC,45237,06-13-2024
8,RKLB,ROCKET LAB USA INC,1578372,06-13-2024
9,ACHR,ARCHER AVIATION INC-A,2161634,06-13-2024
10,PRNT,THE 3D PRINTING ETF,326416,06-13-2024
11,DSY FP,DASSAULT SYSTEMES SE,166372,06-13-2024
12,GRMN UN,GARMIN LTD,38822,06-13-2024
13,DE,DEERE & CO,16907,06-13-2024
14,HO,THALES SA,34040,06-13-2024
15,BLDE,BLADE AIR MOBILITY INC,2007609,06-13-2024
16,GOOG,ALPHABET INC-CL C,29910,06-13-2024
17,JOBY,JOBY AVIATION INC,1010732,06-13-2024
18,PATH,UIPATH INC - CLASS A,365399,06-13-2024
19,PLTR,PALANTIR TECHNOLOGIES INC-A,180324,06-13-2024
20,HEI,HEICO CORP,16393,06-13-2024
21,HON,HONEYWELL INTERNATIONAL INC,17544,06-13-2024
22,SNPS,SYNOPSYS INC,6176,06-13-2024
23,ESLT,ELBIT SYSTEMS LTD,18658,06-13-2024
24,LMT,LOCKHEED MARTIN CORP,7162,06-13-2024
25,TDY,TELEDYNE TECHNOLOGIES INC,8091,06-13-2024
26,AIR,AIRBUS SE,19968,06-13-2024
27,2618,JD LOGISTICS INC,2895854,06-13-2024
28,ANSS,ANSYS INC,8314,06-13-2024
29,MYNA,MYNARIC AG NA O.N.,498356,06-13-2024
30,U,UNITY SOFTWARE INC,111462,06-13-2024
31,MKFG,MARKFORGED HOLDING CORP,2773809,06-13-2024
32,DDD,3D SYSTEMS CORP,305094,06-13-2024
34,VLD,VELO3D INC,1842254,06-13-2024
