,Ticker,Name,Shares,Date
0,KTOS,KRATOS DEFENSE & SECURITY,1105527,05-29-2024
1,AVAV,AEROVIRONMENT INC,118455,05-29-2024
2,IRDM,IRIDIUM COMMUNICATIONS INC,719988,05-29-2024
3,TER,TERADYNE INC,114769,05-29-2024
4,TRMB,TRIMBLE INC,285927,05-29-2024
5,LHX,L3HARRIS TECHNOLOGIES INC,57040,05-29-2024
6,6301,KOMATSU LTD,381588,05-29-2024
7,AMZN,AMAZON.COM INC,45525,05-29-2024
8,DSY FP,DASSAULT SYSTEMES SE,167428,05-29-2024
9,ACHR,ARCHER AVIATION INC-A,2175360,05-29-2024
10,PRNT,THE 3D PRINTING ETF,328488,05-29-2024
11,GRMN UN,GARMIN LTD,41523,05-29-2024
12,RKLB,ROCKET LAB USA INC,1503119,05-29-2024
13,PATH,UIPATH INC - CLASS A,347798,05-29-2024
14,BLDE,BLADE AIR MOBILITY INC,2020357,05-29-2024
15,DE,DEERE & CO,17015,05-29-2024
16,HO,THALES SA,34256,05-29-2024
17,GOOG,ALPHABET INC-CL C,30100,05-29-2024
18,JOBY,JOBY AVIATION INC,1017150,05-29-2024
19,SNPS,SYNOPSYS INC,6214,05-29-2024
20,ESLT,ELBIT SYSTEMS LTD,18776,05-29-2024
21,HEI,HEICO CORP,16497,05-29-2024
22,HON,HONEYWELL INTERNATIONAL INC,17656,05-29-2024
23,AIR,AIRBUS SE,20096,05-29-2024
24,2618,JD LOGISTICS INC,2914254,05-29-2024
25,PLTR,PALANTIR TECHNOLOGIES INC-A,156067,05-29-2024
26,ANSS,ANSYS INC,8366,05-29-2024
27,LMT,LOCKHEED MARTIN CORP,5730,05-29-2024
28,TDY,TELEDYNE TECHNOLOGIES INC,6472,05-29-2024
29,MYNA,MYNARIC AG NA O.N.,501522,05-29-2024
30,U,UNITY SOFTWARE INC,112170,05-29-2024
31,MKFG,MARKFORGED HOLDING CORP,2726580,05-29-2024
33,DDD,3D SYSTEMS CORP,267381,05-29-2024
34,VLD,VELO3D INC,1927584,05-29-2024
