,Ticker,Name,Shares,Date
0,AVAV,AEROVIRONMENT INC,142206,03-27-2024
1,KTOS,KRATOS DEFENSE & SECURITY,1138462,03-27-2024
2,TRMB,TRIMBLE INC,299457,03-27-2024
3,IRDM,IRIDIUM COMMUNICATIONS INC,641003,03-27-2024
4,TER,TERADYNE INC,120199,03-27-2024
5,LHX,L3HARRIS TECHNOLOGIES INC,59740,03-27-2024
6,PRNT,THE 3D PRINTING ETF,539704,03-27-2024
7,6301,KOMATSU LTD,399588,03-27-2024
8,ACHR,ARCHER AVIATION INC-A,1934520,03-27-2024
9,PATH,UIPATH INC - CLASS A,387274,03-27-2024
10,AMZN,AMAZON.COM INC,47685,03-27-2024
11,DSY FP,DASSAULT SYSTEMES SE,175350,03-27-2024
12,DE,DEERE & CO,17825,03-27-2024
13,GRMN UN,GARMIN LTD,44015,03-27-2024
14,HO,THALES SA,35876,03-27-2024
15,JOBY,JOBY AVIATION INC,1065291,03-27-2024
16,GOOG,ALPHABET INC-CL C,34672,03-27-2024
17,RKLB,ROCKET LAB USA INC,1291729,03-27-2024
18,ESLT,ELBIT SYSTEMS LTD,19661,03-27-2024
19,BLDE,BLADE AIR MOBILITY INC,1487189,03-27-2024
20,AIR,AIRBUS SE,21041,03-27-2024
21,U,UNITY SOFTWARE INC,142438,03-27-2024
22,SNPS,SYNOPSYS INC,6514,03-27-2024
23,HON,HONEYWELL INTERNATIONAL INC,18496,03-27-2024
24,HEI,HEICO CORP,17277,03-27-2024
25,2618,JD LOGISTICS INC,3052254,03-27-2024
26,ANSS,ANSYS INC,8756,03-27-2024
27,TDY,TELEDYNE TECHNOLOGIES INC,6772,03-27-2024
28,LMT,LOCKHEED MARTIN CORP,6000,03-27-2024
29,MYNA,MYNARIC AG NA O.N.,525272,03-27-2024
30,PLTR,PALANTIR TECHNOLOGIES INC-A,97083,03-27-2024
31,MKFG,MARKFORGED HOLDING CORP,2850898,03-27-2024
32,VLD,VELO3D INC,2292322,03-27-2024
33,DDD,3D SYSTEMS CORP,274534,03-27-2024
