,Ticker,Name,Shares,Date
0,EXPE,EXPEDIA GROUP INC,39977,12-15-2023
1,UBER,UBER TECHNOLOGIES INC,91740,12-15-2023
2,LYFT,LYFT INC,326936,12-15-2023
3,TRIP,TRIPADVISOR INC,254886,12-15-2023
4,ABNB,AIRBNB INC,32938,12-15-2023
5,BKNG,BOOKING HOLDINGS INC,1400,12-15-2023
6,TRN LN,TRAINLINE PLC,1306689,12-15-2023
7,MMYT,MAKEMYTRIP LIMITED MAURITIUS SHS,97112,12-15-2023
8,DESP,DESPEGAR COM CORP,461499,12-15-2023
9,SDR AU,SITEMINDER LTD,1234171,12-15-2023
10,EDR SM,EDREAMS ODIGEO,537649,12-15-2023
11,CTD AU,CORPORATE TRAVEL,319001,12-15-2023
12,AMS SM,AMADEUS IT GROUP,56062,12-15-2023
13,WEB AU,WEBJET LTD,849941,12-15-2023
14,039130 KS,HANA TOUR SERVICE,91356,12-15-2023
15,696 HK,TRAVELSKY TECHNOLO,2148011,12-15-2023
16,GBTG,GLOBAL BUSINESS TRAVEL GROUP COM CL A,561358,12-15-2023
17,SABR,SABRE CORP,770265,12-15-2023
18,TCOM,TRIP.COM GROUP,97978,12-15-2023
19,780 HK,TONGCHENG TRAVEL,1717920,12-15-2023
20,CVCB3 BZ,CVC BRASIL OP AG V,3615721,12-15-2023
21,OTB LN,ON THE BEACH GROUP,1281942,12-15-2023
22,ACSO LN,ACCESSO TECHNOLOGY,348365,12-15-2023
23,SKO NZ,SERKO LIMITED,808475,12-15-2023
24,BLDE,BLADE AIR MOBILITY INC,531036,12-15-2023
25,HSW LN,HOSTELWORLD GROUP,926568,12-15-2023
26,6191 JP,AIRTRIP CORP,83738,12-15-2023
27,MOND,MONDEE HOLDINGS INC,273652,12-15-2023
28,LMN SW,LASTMINUTE.COM,23078,12-15-2023
29,TOUR,TUNIU CORP,626869,12-15-2023
30,6030 JP,ADVENTURE INC,12526,12-15-2023
31,3926 JP,OPEN DOOR INC,78019,12-15-2023
32,TRVG,TRIVAGO N V,121145,12-15-2023
33,Cash&Other,Cash & Other,1874488,12-15-2023
