,Ticker,Name,Shares,Date
0,BKNG,BOOKING HOLDINGS INC,3036,03-07-2023
1,GBTG,GLOBAL BUSINESS TRAVEL GROUP COM CL A,1078305,03-07-2023
2,ABNB,AIRBNB INC,61692,03-07-2023
3,AMS SM,AMADEUS IT GROUP,114442,03-07-2023
4,UBER,UBER TECHNOLOGIES INC,220447,03-07-2023
5,SDR AU,SITEMINDER LTD,2601370,03-07-2023
6,TCOM,TRIP.COM GROUP,174251,03-07-2023
7,WEB AU,WEBJET LTD,1291537,03-07-2023
8,CTD AU,CORPORATE TRAVEL,498649,03-07-2023
9,696 HK,TRAVELSKY TECHNOLO,2748022,03-07-2023
10,780 HK,TONGCHENG TRAVEL,2686652,03-07-2023
11,TRIP,TRIPADVISOR INC,269316,03-07-2023
12,EXPE,EXPEDIA GROUP INC,52428,03-07-2023
13,LYFT,LYFT INC,495830,03-07-2023
14,MMYT,MAKEMYTRIP LIMITED MAURITIUS SHS,186476,03-07-2023
15,SABR,SABRE CORP,924006,03-07-2023
16,TRVG,TRIVAGO N V,2803347,03-07-2023
17,EDR SM,EDREAMS ODIGEO,712289,03-07-2023
18,ACSO LN,ACCESSO TECHNOLOGY,442000,03-07-2023
19,DESP,DESPEGAR COM CORP,716739,03-07-2023
20,OTB LN,ON THE BEACH GROUP,1878746,03-07-2023
21,TRN LN,TRAINLINE PLC,1195650,03-07-2023
22,6030 JP,ADVENTURE INC,50670,03-07-2023
23,039130 KS,HANA TOUR SERVICE,71003,03-07-2023
24,BLDE,BLADE AIR MOBILITY INC,749704,03-07-2023
25,MOND,MONDEE HOLDINGS INC,247987,03-07-2023
26,6191 JP,AIRTRIP CORP,126446,03-07-2023
27,3926 JP,OPEN DOOR INC,187138,03-07-2023
28,7048 JP,VELTRA CORP,360665,03-07-2023
29,2477 JP,TEMAIRAZU INC,47131,03-07-2023
30,YTRA,YATRA ONLINE INC,440627,03-07-2023
31,CVCB3 BZ,CVC BRASIL OP AG V,1206473,03-07-2023
32,Cash&Other,Cash & Other,776009,03-07-2023
