,Ticker,Name,Shares,Date
0,SABR,SABRE CORP,1078551,01-06-2024
1,BKNG,BOOKING HOLDINGS INC,1371,01-06-2024
2,ABNB,AIRBNB INC,33902,01-06-2024
3,EXPE,EXPEDIA GROUP INC,31452,01-06-2024
4,DESP,DESPEGAR COM CORP,477103,01-06-2024
5,TRIP,TRIPADVISOR INC,213532,01-06-2024
6,UBER,UBER TECHNOLOGIES INC,75970,01-06-2024
7,WEB AU,WEBJET LTD,873493,01-06-2024
8,LYFT,LYFT INC,324576,01-06-2024
9,TRN LN,TRAINLINE PLC,1054506,01-06-2024
10,TCOM,TRIP.COM GROUP,108223,01-06-2024
11,EDR SM,EDREAMS ODIGEO,515420,01-06-2024
12,SDR AU,SITEMINDER LTD,1180332,01-06-2024
13,CTD AU,CORPORATE TRAVEL,318698,01-06-2024
14,MMYT,MAKEMYTRIP LIMITED MAURITIUS SHS,90156,01-06-2024
15,780 HK,TONGCHENG TRAVEL,2067874,01-06-2024
16,AMS SM,AMADEUS IT GROUP,55547,01-06-2024
17,696 HK,TRAVELSKY TECHNOLO,2256149,01-06-2024
18,039130 KS,HANA TOUR SERVICE,90964,01-06-2024
19,GBTG,GLOBAL BUSINESS TRAVEL GROUP COM CL A,612104,01-06-2024
20,OTB LN,ON THE BEACH GROUP,1569479,01-06-2024
21,ACSO LN,ACCESSO TECHNOLOGY,386997,01-06-2024
22,CVCB3 BZ,CVC BRASIL OP AG V,4046373,01-06-2024
23,SKO NZ,SERKO LIMITED,963179,01-06-2024
24,BLDE,BLADE AIR MOBILITY INC,678212,01-06-2024
25,HSW LN,HOSTELWORLD GROUP,1040613,01-06-2024
26,6191 JP,AIRTRIP CORP,106609,01-06-2024
27,MOND,MONDEE HOLDINGS INC,341589,01-06-2024
28,6030 JP,ADVENTURE INC,15936,01-06-2024
29,3926 JP,OPEN DOOR INC,82632,01-06-2024
30,TRVG,TRIVAGO N V,154720,01-06-2024
31,Cash&Other,Cash & Other,554972,01-06-2024
