,Ticker,Name,Shares,Date
0,EXPE,EXPEDIA GROUP INC,43032,12-01-2023
1,UBER,UBER TECHNOLOGIES INC,98753,12-01-2023
2,TRN LN,TRAINLINE PLC,1406618,12-01-2023
3,TRIP,TRIPADVISOR INC,274378,12-01-2023
4,BKNG,BOOKING HOLDINGS INC,1515,12-01-2023
5,ABNB,AIRBNB INC,35454,12-01-2023
6,MMYT,MAKEMYTRIP LIMITED MAURITIUS SHS,104536,12-01-2023
7,EDR SM,EDREAMS ODIGEO,578763,12-01-2023
8,SDR AU,SITEMINDER LTD,1328556,12-01-2023
9,039130 KS,HANA TOUR SERVICE,98342,12-01-2023
10,AMS SM,AMADEUS IT GROUP,60346,12-01-2023
11,LYFT,LYFT INC,351940,12-01-2023
12,CTD AU,CORPORATE TRAVEL,343397,12-01-2023
13,WEB AU,WEBJET LTD,914941,12-01-2023
14,DESP,DESPEGAR COM CORP,496791,12-01-2023
15,696 HK,TRAVELSKY TECHNOLO,2312307,12-01-2023
16,TCOM,TRIP.COM GROUP,105467,12-01-2023
17,GBTG,GLOBAL BUSINESS TRAVEL GROUP COM CL A,550464,12-01-2023
18,780 HK,TONGCHENG TRAVEL,1849377,12-01-2023
19,SABR,SABRE CORP,829173,12-01-2023
20,CVCB3 BZ,CVC BRASIL OP AG V,3891975,12-01-2023
21,ACSO LN,ACCESSO TECHNOLOGY,331559,12-01-2023
22,SKO NZ,SERKO LIMITED,835020,12-01-2023
23,OTB LN,ON THE BEACH GROUP,1379984,12-01-2023
24,BLDE,BLADE AIR MOBILITY INC,571647,12-01-2023
25,HSW LN,HOSTELWORLD GROUP,876324,12-01-2023
26,LMN SW,LASTMINUTE.COM,49346,12-01-2023
27,TOUR,TUNIU CORP,1069808,12-01-2023
28,6191 JP,AIRTRIP CORP,90098,12-01-2023
29,MOND,MONDEE HOLDINGS INC,294578,12-01-2023
30,6030 JP,ADVENTURE INC,13450,12-01-2023
31,3926 JP,OPEN DOOR INC,84011,12-01-2023
32,TRVG,TRIVAGO N V,130407,12-01-2023
33,Cash&Other,Cash & Other,770492,12-01-2023
