,Ticker,Name,Shares,Date
0,LYFT,LYFT INC,322811,12-28-2023
1,SABR,SABRE CORP,1075557,12-28-2023
2,BKNG,BOOKING HOLDINGS INC,1364,12-28-2023
3,EXPE,EXPEDIA GROUP INC,31207,12-28-2023
4,UBER,UBER TECHNOLOGIES INC,75418,12-28-2023
5,ABNB,AIRBNB INC,33730,12-28-2023
6,TRIP,TRIPADVISOR INC,212010,12-28-2023
7,DESP,DESPEGAR COM CORP,474681,12-28-2023
8,WEB AU,WEBJET LTD,869013,12-28-2023
9,TRN LN,TRAINLINE PLC,1046548,12-28-2023
10,CTD AU,CORPORATE TRAVEL,316982,12-28-2023
11,MMYT,MAKEMYTRIP LIMITED MAURITIUS SHS,89609,12-28-2023
12,SDR AU,SITEMINDER LTD,1173500,12-28-2023
13,GBTG,GLOBAL BUSINESS TRAVEL GROUP COM CL A,609275,12-28-2023
14,EDR SM,EDREAMS ODIGEO,512450,12-28-2023
15,AMS SM,AMADEUS IT GROUP,55243,12-28-2023
16,780 HK,TONGCHENG TRAVEL,2059943,12-28-2023
17,696 HK,TRAVELSKY TECHNOLO,2245007,12-28-2023
18,TCOM,TRIP.COM GROUP,107735,12-28-2023
19,039130 KS,HANA TOUR SERVICE,90964,12-28-2023
20,OTB LN,ON THE BEACH GROUP,1563658,12-28-2023
21,CVCB3 BZ,CVC BRASIL OP AG V,4029533,12-28-2023
22,ACSO LN,ACCESSO TECHNOLOGY,385269,12-28-2023
23,SKO NZ,SERKO LIMITED,959581,12-28-2023
24,BLDE,BLADE AIR MOBILITY INC,675906,12-28-2023
25,HSW LN,HOSTELWORLD GROUP,1036058,12-28-2023
26,6191 JP,AIRTRIP CORP,106609,12-28-2023
27,MOND,MONDEE HOLDINGS INC,341589,12-28-2023
28,6030 JP,ADVENTURE INC,15936,12-28-2023
29,3926 JP,OPEN DOOR INC,82632,12-28-2023
30,TRVG,TRIVAGO N V,154720,12-28-2023
31,TOUR,TUNIU CORP,101303,12-28-2023
32,Cash&Other,Cash & Other,1015150,12-28-2023
