,Ticker,Name,Shares,Date
0,TE FP,TECHNIP ENERGIES,5471,03-07-2023
1,CGCBV FH,CARGOTEC OYJ,2039,03-07-2023
2,ALFA SS,ALFA LAVAL AB,2932,03-07-2023
3,NEX FP,NEXANS SA,985,03-07-2023
4,WRT1V FH,WARTSILA OYJ ABP,9833,03-07-2023
5,CWR LN,CERES POWER HLDGS,18198,03-07-2023
6,NETI,ENETI INC,9266,03-07-2023
7,GTLS,CHART INDS INC,638,03-07-2023
8,PCELL SS,POWERCELL SWEDEN,6852,03-07-2023
9,VPK NA,KONINKLIJKE VOPAK,2887,03-07-2023
10,YAR NO,YARA INTERNATIONAL,1894,03-07-2023
11,KOG NO,KONGSBERG GRUPPEN,2123,03-07-2023
12,NEL NO,NEL ASA,55185,03-07-2023
13,GTT FP,GTT,780,03-07-2023
14,ITM LN,ITM POWER,68962,03-07-2023
15,BLDP,BALLARD PWR SYS INC NEW,14608,03-07-2023
16,OCI NA,OCI N.V.,2121,03-07-2023
17,AKH NO,AKER HORIZONS ASA,62449,03-07-2023
18,NFE,NEW FORTRESS ENERGY INC,1814,03-07-2023
19,FREY,FREYR BATTERY,7207,03-07-2023
20,RR/ LN,ROLLS ROYCE HLDGS,17846,03-07-2023
21,MEOH,METHANEX CORP,523,03-07-2023
22,HEX NO,HEXAGON COMPOSITES,6620,03-07-2023
23,MTRX,MATRIX SVC CO,3447,03-07-2023
24,VALMT FH,VALMET OYJ,736,03-07-2023
25,ENR GR,SIEMENS ENERGY AG,1124,03-07-2023
26,CADLR NO,CADELER AS,4971,03-07-2023
27,AKSO NO,AKER SOLUTIONS ASA,5260,03-07-2023
28,BAB LN,BABCOCK INTL GROUP,5567,03-07-2023
29,VWS DC,VESTAS WIND SYSTEM,738,03-07-2023
30,BE,BLOOM ENERGY CORP,940,03-07-2023
31,BVI FP,BUREAU VERITAS,745,03-07-2023
32,AKZA NA,AKZO NOBEL NV,283,03-07-2023
33,CMI,CUMMINS INC,81,03-07-2023
34,HHFA GR,HAMBURGER HAFEN,1585,03-07-2023
35,INT,WORLD FUEL SVCS CORP,741,03-07-2023
36,MCPHY FP,MCPHY ENERGY,1366,03-07-2023
37,ORSTED DC,ORSTED A/S,212,03-07-2023
38,WAWI NO,WALLENIUS WILH ASA,2165,03-07-2023
39,QFUEL NO,QUANTAFUEL ASA,29149,03-07-2023
40,ADN,ADVENT TECHNOLOGIES HOLDNG INC COM CL A,9451,03-07-2023
41,GLDD,GREAT LAKES DREDGE & DOCK CORP COM,2755,03-07-2023
42,Cash&Other,Cash & Other,13091,03-07-2023
