,Ticker,Name,Shares,Date
0,WRT1V FH,WARTSILA OYJ ABP,9020,05-17-2023
1,VPK NA,KONINKLIJKE VOPAK,2761,05-17-2023
2,ALFA SS,ALFA LAVAL AB,2658,05-17-2023
3,CGCBV FH,CARGOTEC OYJ,1716,05-17-2023
4,TE FP,TECHNIP ENERGIES,4302,05-17-2023
5,KOG NO,KONGSBERG GRUPPEN,2116,05-17-2023
6,GTT FP,GTT,820,05-17-2023
7,NEL NO,NEL ASA,59391,05-17-2023
8,FREY,FREYR BATTERY,10300,05-17-2023
9,NEX FP,NEXANS SA,898,05-17-2023
10,YAR NO,YARA INTERNATIONAL,1866,05-17-2023
11,GTLS,CHART INDS INC,643,05-17-2023
12,CWR LN,CERES POWER HLDGS,17261,05-17-2023
13,NFE,NEW FORTRESS ENERGY INC,2571,05-17-2023
14,NETI,ENETI INC,8269,05-17-2023
15,BLDP,BALLARD PWR SYS INC NEW,16071,05-17-2023
16,ITM LN,ITM POWER,75963,05-17-2023
17,AKH NO,AKER HORIZONS ASA,83148,05-17-2023
18,OCI NA,OCI N.V.,2652,05-17-2023
19,PCELL SS,POWERCELL SWEDEN,6963,05-17-2023
20,ENR GR,SIEMENS ENERGY AG,1065,05-17-2023
21,AKZA NA,AKZO NOBEL NV,301,05-17-2023
22,GLDD,GREAT LAKES DREDGE & DOCK CORP COM,3960,05-17-2023
23,ORSTED DC,ORSTED A/S,255,05-17-2023
24,VWS DC,VESTAS WIND SYSTEM,757,05-17-2023
25,RR/ LN,ROLLS ROYCE HLDGS,12431,05-17-2023
26,BAB LN,BABCOCK INTL GROUP,5677,05-17-2023
27,CADLR NO,CADELER AS,4856,05-17-2023
28,VALMT FH,VALMET OYJ,658,05-17-2023
29,BVI FP,BUREAU VERITAS,767,05-17-2023
30,MTRX,MATRIX SVC CO,3306,05-17-2023
31,CMI,CUMMINS INC,87,05-17-2023
32,INT,WORLD FUEL SVCS CORP,795,05-17-2023
33,AKSO NO,AKER SOLUTIONS ASA,5197,05-17-2023
34,MCPHY FP,MCPHY ENERGY,1568,05-17-2023
35,MEOH,METHANEX CORP,403,05-17-2023
36,WAWI NO,WALLENIUS WILH ASA,2619,05-17-2023
37,HEX NO,HEXAGON COMPOSITES,5957,05-17-2023
38,BE,BLOOM ENERGY CORP,1016,05-17-2023
39,ADN,ADVENT TECHNOLOGIES HOLDNG INC COM CL A,12800,05-17-2023
40,Cash&Other,Cash & Other,48301,05-17-2023
