,Ticker,Name,Shares,Date
0,CRWD,CROWDSTRIKE HO-A,184022,12-21-2023
1,ZS,ZSCALER INC,211321,12-21-2023
2,S,SENTINELONE INC -CLASS A,1664704,12-21-2023
3,GEN,GEN DIGITAL INC,1959185,12-21-2023
4,PANW,PALO ALTO NETWORKS INC,134352,12-21-2023
5,4704 JP,TREND MICRO INC,660194,12-21-2023
6,CHKP,CHECK POINT SOFTWARE TECH,246275,12-21-2023
7,FTNT,FORTINET INC,583956,12-21-2023
8,VRNS,VARONIS SYSTEMS INC,756455,12-21-2023
9,QLYS,QUALYS INC,165146,12-21-2023
10,OKTA,OKTA INC,370911,12-21-2023
11,TENB,TENABLE HOLDINGS INC,713833,12-21-2023
12,RPD,RAPID7 INC,535012,12-21-2023
13,CYBR,CYBERARK SOFTWAR,145363,12-21-2023
14,ATEN,A10 NETWORKS INC,2318088,12-21-2023
15,RDWR,RADWARE LTD,1575587,12-21-2023
16,DARK LN,DARKTRACE PLC,5847686,12-21-2023
17,BB,BLACKBERRY LTD,6796986,12-21-2023
18,053800 KS,AHNLAB INC,352043,12-21-2023
19,2326 JP,DIGITAL ARTS INC,494066,12-21-2023
20,OSPN,ONESPAN INC,1390486,12-21-2023
21,4475 JP,HENNGE KK,1130432,12-21-2023
22,TLS,TELOS CORPORATION,2418561,12-21-2023
23,ARQQ,ARQIT QUANTUM INC,3458216,12-21-2023
