,Ticker,Name,Shares,Date
0,CRWD,CROWDSTRIKE HO-A,193407,02-05-2024
1,ZS,ZSCALER INC,222163,02-05-2024
2,PANW,PALO ALTO NETWORKS INC,140512,02-05-2024
3,S,SENTINELONE INC -CLASS A,1740684,02-05-2024
4,GEN,GEN DIGITAL INC,2059492,02-05-2024
5,CHKP,CHECK POINT SOFTWARE TECH,257495,02-05-2024
6,FTNT,FORTINET INC,610566,02-05-2024
7,4704 JP,TREND MICRO INC,690324,02-05-2024
8,VRNS,VARONIS SYSTEMS INC,790985,02-05-2024
9,CYBR,CYBERARK SOFTWAR,151963,02-05-2024
10,TENB,TENABLE HOLDINGS INC,746383,02-05-2024
11,OKTA,OKTA INC,387841,02-05-2024
12,ATEN,A10 NETWORKS INC,2423868,02-05-2024
13,RPD,RAPID7 INC,559422,02-05-2024
14,RDWR,RADWARE LTD,1647507,02-05-2024
15,QLYS,QUALYS INC,172726,02-05-2024
16,DARK LN,DARKTRACE PLC,6114226,02-05-2024
17,053800 KS,AHNLAB INC,371753,02-05-2024
18,BB,BLACKBERRY LTD,7107286,02-05-2024
19,2326 JP,DIGITAL ARTS INC,516606,02-05-2024
20,OSPN,ONESPAN INC,1454046,02-05-2024
21,4475 JP,HENNGE KK,1182112,02-05-2024
22,TLS,TELOS CORPORATION,2529181,02-05-2024
24,ARQQ,ARQIT QUANTUM INC,3623266,02-05-2024
