,Ticker,Name,Shares,Date
0,CRWD,CROWDSTRIKE HO-A,181970,12-08-2023
1,GEN,GEN DIGITAL INC,1937315,12-08-2023
2,ZS,ZSCALER INC,208972,12-08-2023
3,PANW,PALO ALTO NETWORKS INC,132840,12-08-2023
4,S,SENTINELONE INC -CLASS A,1646101,12-08-2023
5,4704 JP,TREND MICRO INC,652823,12-08-2023
6,CHKP,CHECK POINT SOFTWARE TECH,243521,12-08-2023
7,VRNS,VARONIS SYSTEMS INC,748004,12-08-2023
8,QLYS,QUALYS INC,163310,12-08-2023
9,FTNT,FORTINET INC,577422,12-08-2023
10,RPD,RAPID7 INC,529045,12-08-2023
11,ATEN,A10 NETWORKS INC,2292195,12-08-2023
12,TENB,TENABLE HOLDINGS INC,705868,12-08-2023
13,CYBR,CYBERARK SOFTWAR,143743,12-08-2023
14,BB,BLACKBERRY LTD,6721035,12-08-2023
15,DARK LN,DARKTRACE PLC,5782454,12-08-2023
16,OKTA,OKTA INC,366780,12-08-2023
17,RDWR,RADWARE LTD,1557983,12-08-2023
18,053800 KS,AHNLAB INC,348101,12-08-2023
19,2326 JP,DIGITAL ARTS INC,488558,12-08-2023
20,OSPN,ONESPAN INC,1374934,12-08-2023
21,TLS,TELOS CORPORATION,2391480,12-08-2023
22,4475 JP,HENNGE KK,1117796,12-08-2023
23,ARQQ,ARQIT QUANTUM INC,3417824,12-08-2023
