,Ticker,Name,Shares,Date
0,CRWD,CROWDSTRIKE HO-A,206372,05-09-2024
1,DARK LN,DARKTRACE PLC,6555394,05-09-2024
2,GEN,GEN DIGITAL INC,2197538,05-09-2024
3,PANW,PALO ALTO NETWORKS INC,150735,05-09-2024
4,CHKP,CHECK POINT SOFTWARE TECH,276240,05-09-2024
5,OKTA,OKTA INC,416222,05-09-2024
6,ZS,ZSCALER INC,237055,05-09-2024
7,ATEN,A10 NETWORKS INC,2600965,05-09-2024
8,S,SENTINELONE INC -CLASS A,1867902,05-09-2024
9,VRNS,VARONIS SYSTEMS INC,848792,05-09-2024
10,FTNT,FORTINET INC,655138,05-09-2024
11,CYBR,CYBERARK SOFTWAR,163079,05-09-2024
12,4704 JP,TREND MICRO INC,740192,05-09-2024
13,TENB,TENABLE HOLDINGS INC,800951,05-09-2024
14,RDWR,RADWARE LTD,1768278,05-09-2024
15,QLYS,QUALYS INC,185345,05-09-2024
16,BB,BLACKBERRY LTD,7627713,05-09-2024
17,RPD,RAPID7 INC,600304,05-09-2024
18,OSPN,ONESPAN INC,1562246,05-09-2024
19,053800 KS,AHNLAB INC,394675,05-09-2024
20,2326 JP,DIGITAL ARTS INC,553916,05-09-2024
21,TLS,TELOS CORPORATION,2719095,05-09-2024
22,4475 JP,HENNGE KK,1270052,05-09-2024
24,NQM4 Index,NASDAQ 100 E-MINI JUN24,6,05-09-2024
25,ARQQ,ARQIT QUANTUM INC,4057176,05-09-2024
26,ESM4 INDEX,S&P500 EMINI FUT JUN24,3,05-09-2024
