,Ticker,Name,Shares,Date
0,CRWD,CROWDSTRIKE HO-A,199655,03-20-2024
1,GEN,GEN DIGITAL INC,2125257,03-20-2024
2,ZS,ZSCALER INC,229305,03-20-2024
3,CHKP,CHECK POINT SOFTWARE TECH,266267,03-20-2024
4,FTNT,FORTINET INC,631378,03-20-2024
5,OKTA,OKTA INC,401085,03-20-2024
6,S,SENTINELONE INC -CLASS A,1800110,03-20-2024
7,CYBR,CYBERARK SOFTWAR,157123,03-20-2024
8,PANW,PALO ALTO NETWORKS INC,145328,03-20-2024
9,VRNS,VARONIS SYSTEMS INC,817989,03-20-2024
10,TENB,TENABLE HOLDINGS INC,771839,03-20-2024
11,DARK LN,DARKTRACE PLC,6322690,03-20-2024
12,4704 JP,TREND MICRO INC,713888,03-20-2024
13,ATEN,A10 NETWORKS INC,2506600,03-20-2024
14,RDWR,RADWARE LTD,1703751,03-20-2024
15,QLYS,QUALYS INC,178660,03-20-2024
16,RPD,RAPID7 INC,578514,03-20-2024
17,BB,BLACKBERRY LTD,7349978,03-20-2024
18,053800 KS,AHNLAB INC,380659,03-20-2024
19,OSPN,ONESPAN INC,1503754,03-20-2024
20,2326 JP,DIGITAL ARTS INC,534236,03-20-2024
21,TLS,TELOS CORPORATION,2615697,03-20-2024
22,4475 JP,HENNGE KK,1222532,03-20-2024
23,ARQQ,ARQIT QUANTUM INC,3752352,03-20-2024
