,Ticker,Name,Shares,Date
0,CRWD,CROWDSTRIKE HO-A,197375,02-28-2024
1,ZS,ZSCALER INC,226665,02-28-2024
2,S,SENTINELONE INC -CLASS A,1779380,02-28-2024
3,PANW,PALO ALTO NETWORKS INC,143648,02-28-2024
4,GEN,GEN DIGITAL INC,2100867,02-28-2024
5,FTNT,FORTINET INC,624118,02-28-2024
6,CHKP,CHECK POINT SOFTWARE TECH,263207,02-28-2024
7,VRNS,VARONIS SYSTEMS INC,808569,02-28-2024
8,CYBR,CYBERARK SOFTWAR,155323,02-28-2024
9,TENB,TENABLE HOLDINGS INC,762959,02-28-2024
10,4704 JP,TREND MICRO INC,705668,02-28-2024
11,OKTA,OKTA INC,396465,02-28-2024
12,ATEN,A10 NETWORKS INC,2477740,02-28-2024
13,RPD,RAPID7 INC,571854,02-28-2024
14,RDWR,RADWARE LTD,1684131,02-28-2024
15,QLYS,QUALYS INC,176590,02-28-2024
16,DARK LN,DARKTRACE PLC,6249970,02-28-2024
17,053800 KS,AHNLAB INC,376279,02-28-2024
18,BB,BLACKBERRY LTD,7265318,02-28-2024
19,2326 JP,DIGITAL ARTS INC,528086,02-28-2024
20,OSPN,ONESPAN INC,1486414,02-28-2024
21,4475 JP,HENNGE KK,1208432,02-28-2024
22,TLS,TELOS CORPORATION,2585517,02-28-2024
24,ARQQ,ARQIT QUANTUM INC,3707322,02-28-2024
