,Ticker,Name,Shares,Date
0,CRWD,CROWDSTRIKE HO-A,153324,05-10-2024
1,OKTA,OKTA INC,487432,05-10-2024
2,CHKP,CHECK POINT SOFTWARE TECH,311367,05-10-2024
3,PANW,PALO ALTO NETWORKS INC,157592,05-10-2024
4,ZS,ZSCALER INC,263877,05-10-2024
5,GEN,GEN DIGITAL INC,1773630,05-10-2024
6,FTNT,FORTINET INC,713805,05-10-2024
7,RDWR,RADWARE LTD,1928618,05-10-2024
8,ATEN,A10 NETWORKS INC,2276911,05-10-2024
9,VRNS,VARONIS SYSTEMS INC,789886,05-10-2024
10,CYBR,CYBERARK SOFTWAR,149461,05-10-2024
11,DARK LN,DARKTRACE PLC,4651659,05-10-2024
12,BB,BLACKBERRY LTD,11953785,05-10-2024
13,TENB,TENABLE HOLDINGS INC,772065,05-10-2024
14,S,SENTINELONE INC -CLASS A,1623491,05-10-2024
15,4704 JP,TREND MICRO INC,684592,05-10-2024
16,QLYS,QUALYS INC,210271,05-10-2024
17,RPD,RAPID7 INC,780874,05-10-2024
18,053800 KS,AHNLAB INC,451110,05-10-2024
19,OSPN,ONESPAN INC,1746690,05-10-2024
20,2326 JP,DIGITAL ARTS INC,649116,05-10-2024
21,TLS,TELOS CORPORATION,3383435,05-10-2024
22,4475 JP,HENNGE KK,1492652,05-10-2024
25,NQM4 Index,NASDAQ 100 E-MINI JUN24,6,05-10-2024
26,ESM4 INDEX,S&P500 EMINI FUT JUN24,3,05-10-2024
