,Ticker,Name,Shares,Date
0,CRWD,CROWDSTRIKE HO-A,197731,04-01-2024
1,GEN,GEN DIGITAL INC,2104463,04-01-2024
2,ZS,ZSCALER INC,226969,04-01-2024
3,CHKP,CHECK POINT SOFTWARE TECH,264635,04-01-2024
4,FTNT,FORTINET INC,627506,04-01-2024
5,CYBR,CYBERARK SOFTWAR,156163,04-01-2024
6,OKTA,OKTA INC,398621,04-01-2024
7,S,SENTINELONE INC -CLASS A,1789054,04-01-2024
8,PANW,PALO ALTO NETWORKS INC,144432,04-01-2024
9,VRNS,VARONIS SYSTEMS INC,812965,04-01-2024
10,TENB,TENABLE HOLDINGS INC,767103,04-01-2024
11,4704 JP,TREND MICRO INC,709504,04-01-2024
12,DARK LN,DARKTRACE PLC,6283906,04-01-2024
13,ATEN,A10 NETWORKS INC,2491208,04-01-2024
14,RDWR,RADWARE LTD,1693287,04-01-2024
15,QLYS,QUALYS INC,177556,04-01-2024
16,RPD,RAPID7 INC,574962,04-01-2024
17,BB,BLACKBERRY LTD,7304826,04-01-2024
18,053800 KS,AHNLAB INC,378323,04-01-2024
19,OSPN,ONESPAN INC,1494506,04-01-2024
20,2326 JP,DIGITAL ARTS INC,530956,04-01-2024
21,TLS,TELOS CORPORATION,2599601,04-01-2024
22,4475 JP,HENNGE KK,1215012,04-01-2024
24,ARQQ,ARQIT QUANTUM INC,3728336,04-01-2024
25,NQM4 Index,NASDAQ 100 E-MINI JUN24,6,04-01-2024
26,ESM4 INDEX,S&P500 EMINI FUT JUN24,3,04-01-2024
