,Ticker,Name,Shares,Date
0,CRWD,CROWDSTRIKE HO-A,198415,04-05-2024
1,GEN,GEN DIGITAL INC,2111780,04-05-2024
2,FTNT,FORTINET INC,629684,04-05-2024
3,CHKP,CHECK POINT SOFTWARE TECH,265553,04-05-2024
4,ZS,ZSCALER INC,227761,04-05-2024
5,OKTA,OKTA INC,400007,04-05-2024
6,S,SENTINELONE INC -CLASS A,1795273,04-05-2024
7,CYBR,CYBERARK SOFTWAR,156703,04-05-2024
8,VRNS,VARONIS SYSTEMS INC,815791,04-05-2024
9,PANW,PALO ALTO NETWORKS INC,144936,04-05-2024
10,TENB,TENABLE HOLDINGS INC,769767,04-05-2024
11,4704 JP,TREND MICRO INC,711970,04-05-2024
12,DARK LN,DARKTRACE PLC,6305722,04-05-2024
13,ATEN,A10 NETWORKS INC,2499866,04-05-2024
14,RDWR,RADWARE LTD,1699173,04-05-2024
15,QLYS,QUALYS INC,178177,04-05-2024
16,RPD,RAPID7 INC,576960,04-05-2024
17,BB,BLACKBERRY LTD,7330224,04-05-2024
18,053800 KS,AHNLAB INC,379637,04-05-2024
19,OSPN,ONESPAN INC,1499708,04-05-2024
20,2326 JP,DIGITAL ARTS INC,532801,04-05-2024
21,TLS,TELOS CORPORATION,2608655,04-05-2024
22,4475 JP,HENNGE KK,1219242,04-05-2024
24,NQM4 Index,NASDAQ 100 E-MINI JUN24,6,04-05-2024
25,ARQQ,ARQIT QUANTUM INC,3741845,04-05-2024
26,ESM4 INDEX,S&P500 EMINI FUT JUN24,3,04-05-2024
