,Ticker,Name,Shares,Date
0,GEN,GEN DIGITAL INC,1953515,11-22-2023
1,ZS,ZSCALER INC,210712,11-22-2023
2,CRWD,CROWDSTRIKE HO-A,183490,11-22-2023
3,PANW,PALO ALTO NETWORKS INC,133960,11-22-2023
4,CHKP,CHECK POINT SOFTWARE TECH,245561,11-22-2023
5,4704 JP,TREND MICRO INC,658283,11-22-2023
6,FTNT,FORTINET INC,582262,11-22-2023
7,VRNS,VARONIS SYSTEMS INC,754264,11-22-2023
8,QLYS,QUALYS INC,164670,11-22-2023
9,S,SENTINELONE INC -CLASS A,1659881,11-22-2023
10,TENB,TENABLE HOLDINGS INC,711768,11-22-2023
11,ATEN,A10 NETWORKS INC,2311375,11-22-2023
12,CYBR,CYBERARK SOFTWAR,144943,11-22-2023
13,RPD,RAPID7 INC,533465,11-22-2023
14,OKTA,OKTA INC,369840,11-22-2023
15,DARK LN,DARKTRACE PLC,5830774,11-22-2023
16,BB,BLACKBERRY LTD,6777295,11-22-2023
17,RDWR,RADWARE LTD,1571023,11-22-2023
18,053800 KS,AHNLAB INC,351021,11-22-2023
19,2326 JP,DIGITAL ARTS INC,492638,11-22-2023
20,OSPN,ONESPAN INC,1386454,11-22-2023
21,4475 JP,HENNGE KK,1127156,11-22-2023
22,TLS,TELOS CORPORATION,2411540,11-22-2023
23,ARQQ,ARQIT QUANTUM INC,3447744,11-22-2023
