,Ticker,Name,Shares,Date
0,CRWD,CROWDSTRIKE HO-A,153468,06-12-2024
1,PANW,PALO ALTO NETWORKS INC,157742,06-12-2024
2,ZS,ZSCALER INC,264126,06-12-2024
3,CHKP,CHECK POINT SOFTWARE TECH,311663,06-12-2024
4,GEN,GEN DIGITAL INC,1775310,06-12-2024
5,OKTA,OKTA INC,487895,06-12-2024
6,FTNT,FORTINET INC,714481,06-12-2024
7,CYBR,CYBERARK SOFTWAR,149603,06-12-2024
8,RDWR,RADWARE LTD,1930368,06-12-2024
9,DARK LN,DARKTRACE PLC,4656065,06-12-2024
10,VRNS,VARONIS SYSTEMS INC,790603,06-12-2024
11,BB,BLACKBERRY LTD,11964628,06-12-2024
12,TENB,TENABLE HOLDINGS INC,772763,06-12-2024
13,ATEN,A10 NETWORKS INC,2278977,06-12-2024
14,4704 JP,TREND MICRO INC,685280,06-12-2024
15,RPD,RAPID7 INC,781581,06-12-2024
16,QLYS,QUALYS INC,210470,06-12-2024
17,S,SENTINELONE INC -CLASS A,1624965,06-12-2024
18,OSPN,ONESPAN INC,1748274,06-12-2024
19,053800 KS,AHNLAB INC,461989,06-12-2024
20,2326 JP,DIGITAL ARTS INC,648156,06-12-2024
21,TLS,TELOS CORPORATION,3386505,06-12-2024
22,4475 JP,HENNGE KK,1490444,06-12-2024
24,NQM4 Index,NASDAQ 100 E-MINI JUN24,6,06-12-2024
25,ESM4 INDEX,S&P500 EMINI FUT JUN24,3,06-12-2024
