,Ticker,Name,Shares,Date
0,CRWD,CROWDSTRIKE HO-A,183110,12-19-2023
1,ZS,ZSCALER INC,210277,12-19-2023
2,S,SENTINELONE INC -CLASS A,1656436,12-19-2023
3,GEN,GEN DIGITAL INC,1949465,12-19-2023
4,PANW,PALO ALTO NETWORKS INC,133680,12-19-2023
5,4704 JP,TREND MICRO INC,656918,12-19-2023
6,CHKP,CHECK POINT SOFTWARE TECH,245051,12-19-2023
7,VRNS,VARONIS SYSTEMS INC,752699,12-19-2023
8,QLYS,QUALYS INC,164330,12-19-2023
9,FTNT,FORTINET INC,581052,12-19-2023
10,TENB,TENABLE HOLDINGS INC,710293,12-19-2023
11,OKTA,OKTA INC,369075,12-19-2023
12,RPD,RAPID7 INC,532360,12-19-2023
13,CYBR,CYBERARK SOFTWAR,144643,12-19-2023
14,ATEN,A10 NETWORKS INC,2306580,12-19-2023
15,BB,BLACKBERRY LTD,6763230,12-19-2023
16,DARK LN,DARKTRACE PLC,5818694,12-19-2023
17,RDWR,RADWARE LTD,1567763,12-19-2023
18,053800 KS,AHNLAB INC,350291,12-19-2023
19,2326 JP,DIGITAL ARTS INC,491618,12-19-2023
20,OSPN,ONESPAN INC,1383574,12-19-2023
21,TLS,TELOS CORPORATION,2406525,12-19-2023
22,4475 JP,HENNGE KK,1124816,12-19-2023
23,ARQQ,ARQIT QUANTUM INC,3440264,12-19-2023
