,Ticker,Name,Shares,Date
0,CRWD,CROWDSTRIKE HO-A,206372,04-29-2024
1,DARK LN,DARKTRACE PLC,6555394,04-29-2024
2,GEN,GEN DIGITAL INC,2197538,04-29-2024
3,PANW,PALO ALTO NETWORKS INC,150735,04-29-2024
4,ZS,ZSCALER INC,237055,04-29-2024
5,FTNT,FORTINET INC,655138,04-29-2024
6,CHKP,CHECK POINT SOFTWARE TECH,276240,04-29-2024
7,S,SENTINELONE INC -CLASS A,1867902,04-29-2024
8,CYBR,CYBERARK SOFTWAR,163079,04-29-2024
9,OKTA,OKTA INC,416222,04-29-2024
10,VRNS,VARONIS SYSTEMS INC,848792,04-29-2024
11,4704 JP,TREND MICRO INC,740192,04-29-2024
12,TENB,TENABLE HOLDINGS INC,800951,04-29-2024
13,ATEN,A10 NETWORKS INC,2600965,04-29-2024
14,QLYS,QUALYS INC,185345,04-29-2024
15,RDWR,RADWARE LTD,1768278,04-29-2024
16,RPD,RAPID7 INC,600304,04-29-2024
17,BB,BLACKBERRY LTD,7627713,04-29-2024
18,053800 KS,AHNLAB INC,394675,04-29-2024
19,OSPN,ONESPAN INC,1562246,04-29-2024
20,2326 JP,DIGITAL ARTS INC,553916,04-29-2024
21,TLS,TELOS CORPORATION,2719095,04-29-2024
22,4475 JP,HENNGE KK,1270052,04-29-2024
24,NQM4 Index,NASDAQ 100 E-MINI JUN24,6,04-29-2024
25,ARQQ,ARQIT QUANTUM INC,4057176,04-29-2024
26,ESM4 INDEX,S&P500 EMINI FUT JUN24,3,04-29-2024
