,Ticker,Name,Shares,Date
0,FTNT,FORTINET INC,900969,02-14-2023
1,RPD,RAPID7 INC,1028134,02-14-2023
2,VRNS,VARONIS SYSTEMS INC,1825869,02-14-2023
3,OKTA,OKTA INC,618822,02-14-2023
4,PANW,PALO ALTO NETWORKS INC,276554,02-14-2023
5,ZS,ZSCALER INC,315990,02-14-2023
6,CHKP,CHECK POINT SOFTWARE TECH,331763,02-14-2023
7,GEN,GEN DIGITAL INC,1908508,02-14-2023
8,TENB,TENABLE HOLDINGS INC,858818,02-14-2023
9,CRWD,CROWDSTRIKE HO-A,292373,02-14-2023
10,QLYS,QUALYS INC,276134,02-14-2023
11,CYBR,CYBERARK SOFTWAR,206297,02-14-2023
12,BB,BLACKBERRY LTD,7262438,02-14-2023
13,4704 JP,TREND MICRO INC,627875,02-14-2023
14,RDWR,RADWARE LTD,1281412,02-14-2023
15,ATEN,A10 NETWORKS INC,1782909,02-14-2023
16,S,SENTINELONE INC -CLASS A,1551610,02-14-2023
17,DARK LN,DARKTRACE PLC,8092951,02-14-2023
18,053800 KS,AHNLAB INC,285143,02-14-2023
19,2326 JP,DIGITAL ARTS INC,406449,02-14-2023
20,OSPN,ONESPAN INC,1120541,02-14-2023
21,ARQQ,ARQIT QUANTUM INC,3445913,02-14-2023
22,TLS,TELOS CORPORATION,1940585,02-14-2023
