,Ticker,Name,Shares,Date
0,CRWD,CROWDSTRIKE HO-A,184782,01-03-2024
1,ZS,ZSCALER INC,212191,01-03-2024
2,GEN,GEN DIGITAL INC,1967285,01-03-2024
3,S,SENTINELONE INC -CLASS A,1671584,01-03-2024
4,PANW,PALO ALTO NETWORKS INC,134912,01-03-2024
5,CHKP,CHECK POINT SOFTWARE TECH,247295,01-03-2024
6,4704 JP,TREND MICRO INC,662924,01-03-2024
7,FTNT,FORTINET INC,586366,01-03-2024
8,VRNS,VARONIS SYSTEMS INC,759585,01-03-2024
9,CYBR,CYBERARK SOFTWAR,145963,01-03-2024
10,OKTA,OKTA INC,372441,01-03-2024
11,TENB,TENABLE HOLDINGS INC,716783,01-03-2024
12,QLYS,QUALYS INC,165826,01-03-2024
13,ATEN,A10 NETWORKS INC,2327668,01-03-2024
14,RPD,RAPID7 INC,537222,01-03-2024
15,RDWR,RADWARE LTD,1582107,01-03-2024
16,DARK LN,DARKTRACE PLC,5871826,01-03-2024
17,BB,BLACKBERRY LTD,6825086,01-03-2024
18,053800 KS,AHNLAB INC,353503,01-03-2024
19,2326 JP,DIGITAL ARTS INC,496106,01-03-2024
20,OSPN,ONESPAN INC,1396246,01-03-2024
21,4475 JP,HENNGE KK,1135112,01-03-2024
22,TLS,TELOS CORPORATION,2428581,01-03-2024
25,ARQQ,ARQIT QUANTUM INC,3473166,01-03-2024
