,Ticker,Name,Shares,Date
0,ZS,ZSCALER INC,390824,08-03-2023
1,CRWD,CROWDSTRIKE HO-A,290698,08-03-2023
2,PANW,PALO ALTO NETWORKS INC,191330,08-03-2023
3,FTNT,FORTINET INC,560206,08-03-2023
4,CHKP,CHECK POINT SOFTWARE TECH,289467,08-03-2023
5,TENB,TENABLE HOLDINGS INC,738791,08-03-2023
6,VRNS,VARONIS SYSTEMS INC,1145008,08-03-2023
7,OKTA,OKTA INC,471648,08-03-2023
8,QLYS,QUALYS INC,237567,08-03-2023
9,CYBR,CYBERARK SOFTWAR,204284,08-03-2023
10,DARK LN,DARKTRACE PLC,7008482,08-03-2023
11,GEN,GEN DIGITAL INC,1561829,08-03-2023
12,ATEN,A10 NETWORKS INC,1837878,08-03-2023
13,BB,BLACKBERRY LTD,5880968,08-03-2023
14,S,SENTINELONE INC -CLASS A,1622145,08-03-2023
15,RPD,RAPID7 INC,563492,08-03-2023
16,RDWR,RADWARE LTD,1418236,08-03-2023
17,4704 JP,TREND MICRO INC,516551,08-03-2023
18,OSPN,ONESPAN INC,1414846,08-03-2023
19,053800 KS,AHNLAB INC,353855,08-03-2023
20,2326 JP,DIGITAL ARTS INC,487331,08-03-2023
21,TLS,TELOS CORPORATION,1057270,08-03-2023
22,ARQQ,ARQIT QUANTUM INC,1531802,08-03-2023
