,Ticker,Name,Shares,Date
0,Identifier,Security Name,Shares / Quantity,08-03-2023
1,PANW,"Palo Alto Networks, Inc.",1372876,08-03-2023
2,FTNT,"Fortinet, Inc.",4287398,08-03-2023
3,AVGO,Broadcom Inc.,362587,08-03-2023
4,CSCO,"Cisco Systems, Inc.",5898084,08-03-2023
5,INFY,Infosys Limited (ADR),18385013,08-03-2023
6,LDOS,"Leidos Holdings, Inc.",1876492,08-03-2023
7,SAIC,Science Applications International Corporation,1504975,08-03-2023
8,BAH,Booz Allen Hamilton Holding Corporation,1456345,08-03-2023
9,ZS,"Zscaler, Inc.",1081182,08-03-2023
10,FFIV,F5 Inc.,992536,08-03-2023
11,GEN,Gen Digital Inc.,8351139,08-03-2023
12,CHKP,Check Point Software Technologies Ltd.,1173615,08-03-2023
13,SPLK,Splunk Inc.,1475263,08-03-2023
14,HO.FP,Thales S.A.,1054464,08-03-2023
15,TENB,"Tenable Holdings, Inc.",3193241,08-03-2023
16,CYBR,CyberArk Software Ltd.,946676,08-03-2023
17,AKAM,"Akamai Technologies, Inc.",1590089,08-03-2023
18,QLYS,"Qualys, Inc.",1061776,08-03-2023
19,CRWD,"CrowdStrike Holdings, Inc. (Class A)",914748,08-03-2023
20,OTEX.CN,Open Text Corporation,3527800,08-03-2023
21,4704.JP,Trend Micro Incorporated,3082173,08-03-2023
22,NET,"Cloudflare, Inc. (Class A)",2117973,08-03-2023
23,JNPR,"Juniper Networks, Inc.",4823150,08-03-2023
24,VRSN,"VeriSign, Inc.",655917,08-03-2023
25,OKTA,"Okta, Inc.",1611433,08-03-2023
26,S,"SentinelOne, Inc. (Class A)",6851213,08-03-2023
27,VRNS,"Varonis Systems, Inc.",3299165,08-03-2023
28,RPD,"Rapid7, Inc.",1814846,08-03-2023
29,DARK.LN,Darktrace Plc,14360181,08-03-2023
30,NTCT,"NetScout Systems, Inc.",1981351,08-03-2023
31,ATEN,"A10 Networks, Inc.",1937280,08-03-2023
32,RDWR,Radware Ltd.,1048501,08-03-2023
33,NCC.LN,NCC Group Plc,10841991,08-03-2023
34,OSPN,OneSpan Inc.,994641,08-03-2023
35,053800.KS,"AhnLab, Inc.",256579,08-03-2023
36,$USD,US Dollar,5194946,08-03-2023
