,Ticker,Name,Shares,Date
0,MSTR,MICROSTRATEGY INC-CL A,584,05-01-2024
1,CVLT,COMMVAULT SYSTEMS INC,4096,05-01-2024
2,NTNX,NUTANIX INC - A,6880,05-01-2024
3,ZBRA,ZEBRA TECHNOLOGIES CORP-CL A,1278,05-01-2024
4,CFLT,CONFLUENT INC-CLASS A,13494,05-01-2024
5,INFA,INFORMATICA INC - CLASS A,12068,05-01-2024
6,NICE,NICE LTD - SPON ADR,1599,05-01-2024
7,TYL,TYLER TECHNOLOGIES INC,744,05-01-2024
8,PLTR,PALANTIR TECHNOLOGIES INC-A,15198,05-01-2024
9,DDOG,DATADOG INC - CLASS A,2598,05-01-2024
10,ESTC,ELASTIC NV,2797,05-01-2024
11,MDB,MONGODB INC,709,05-01-2024
12,SNOW,SNOWFLAKE INC-CLASS A,1656,05-01-2024
13,DT,DYNATRACE INC,5621,05-01-2024
14,IDCC,INTERDIGITAL INC,2479,05-01-2024
15,TDC,TERADATA CORP,6456,05-01-2024
16,FIVN,FIVE9 INC,3871,05-01-2024
17,BRZE,BRAZE INC-A,5472,05-01-2024
18,VRNT,VERINT SYSTEMS INC,6159,05-01-2024
19,VU,VUSIONGROUP,912,05-01-2024
20,ENGH,ENGHOUSE SYSTEMS LTD,4232,05-01-2024
21,PWSC,POWERSCHOOL HOLDINGS INC-A,5438,05-01-2024
22,BASE,COUCHBASE INC,3141,05-01-2024
23,AVPT,AVEPOINT INC,9551,05-01-2024
24,GENI,GENIUS SPORTS LTD,12202,05-01-2024
25,SWI,SOLARWINDS CORP,4190,05-01-2024
26,TXT,TEXT SA,1672,05-01-2024
27,--,NET OTHER ASSETS (LIABILITIES),18189,05-01-2024
