,Ticker,Name,Shares,Date
0,INFA,INFORMATICA INC - CLASS A,6968,12-21-2023
1,MSTR,MICROSTRATEGY INC-CL A,337,12-21-2023
2,ZBRA,ZEBRA TECHNOLOGIES CORP-CL A,737,12-21-2023
3,CFLT,CONFLUENT INC-CLASS A,7792,12-21-2023
4,SNOW,SNOWFLAKE INC-CLASS A,957,12-21-2023
5,CVLT,COMMVAULT SYSTEMS INC,2365,12-21-2023
6,NICE,NICE LTD - SPON ADR,931,12-21-2023
7,NTNX,NUTANIX INC - A,3972,12-21-2023
8,DDOG,DATADOG INC - CLASS A,1500,12-21-2023
9,ESTC,ELASTIC NV,1614,12-21-2023
10,DT,DYNATRACE INC,3245,12-21-2023
11,SPLK,SPLUNK INC,1175,12-21-2023
12,TYL,TYLER TECHNOLOGIES INC,430,12-21-2023
13,FIVN,FIVE9 INC,2235,12-21-2023
14,BRZE,BRAZE INC-A,3160,12-21-2023
15,MDB,MONGODB INC,409,12-21-2023
16,TDC,TERADATA CORP,3728,12-21-2023
17,AYX,ALTERYX INC - CLASS A,3450,12-21-2023
18,IDCC,INTERDIGITAL INC,1431,12-21-2023
19,PLTR,PALANTIR TECHNOLOGIES INC-A,8776,12-21-2023
20,VRNT,VERINT SYSTEMS INC,3556,12-21-2023
21,SESL,SES IMAGOTAG,526,12-21-2023
22,PWSC,POWERSCHOOL HOLDINGS INC-A,3140,12-21-2023
23,ENGH,ENGHOUSE SYSTEMS LTD,2444,12-21-2023
24,AVPT,AVEPOINT INC,5515,12-21-2023
25,GENI,GENIUS SPORTS LTD,7045,12-21-2023
26,BASE,COUCHBASE INC,1813,12-21-2023
27,TXT,TEXT SA,966,12-21-2023
28,SWI,SOLARWINDS CORP,2419,12-21-2023
29,--,NET OTHER ASSETS (LIABILITIES),9077,12-21-2023
