,Ticker,Name,Shares,Date
0,MSTR,MICROSTRATEGY INC-CL A,584,06-12-2024
1,CVLT,COMMVAULT SYSTEMS INC,4096,06-12-2024
2,ZBRA,ZEBRA TECHNOLOGIES CORP-CL A,1278,06-12-2024
3,CFLT,CONFLUENT INC-CLASS A,13494,06-12-2024
4,NTNX,NUTANIX INC - A,6880,06-12-2024
5,PLTR,PALANTIR TECHNOLOGIES INC-A,15198,06-12-2024
6,INFA,INFORMATICA INC - CLASS A,12068,06-12-2024
7,TYL,TYLER TECHNOLOGIES INC,744,06-12-2024
8,ESTC,ELASTIC NV,2797,06-12-2024
9,DDOG,DATADOG INC - CLASS A,2598,06-12-2024
10,IDCC,INTERDIGITAL INC,2479,06-12-2024
11,NICE,NICE LTD - SPON ADR,1599,06-12-2024
12,DT,DYNATRACE INC,5621,06-12-2024
13,VRNT,VERINT SYSTEMS INC,6159,06-12-2024
14,TDC,TERADATA CORP,6456,06-12-2024
15,SNOW,SNOWFLAKE INC-CLASS A,1656,06-12-2024
16,BRZE,BRAZE INC-A,5472,06-12-2024
17,FIVN,FIVE9 INC,3871,06-12-2024
18,MDB,MONGODB INC,709,06-12-2024
19,VU,VUSIONGROUP,912,06-12-2024
20,PWSC,POWERSCHOOL HOLDINGS INC-A,5438,06-12-2024
21,ENGH,ENGHOUSE SYSTEMS LTD,4232,06-12-2024
22,AVPT,AVEPOINT INC,9551,06-12-2024
23,GENI,GENIUS SPORTS LTD,12202,06-12-2024
24,BASE,COUCHBASE INC,3141,06-12-2024
25,SWI,SOLARWINDS CORP,4190,06-12-2024
26,TXT,TEXT SA,1672,06-12-2024
27,--,NET OTHER ASSETS (LIABILITIES),14355,06-12-2024
