,Ticker,Name,Shares,Date
0,CFLT,CONFLUENT INC-CLASS A,9350,02-16-2024
1,INFA,INFORMATICA INC - CLASS A,8361,02-16-2024
2,MSTR,MICROSTRATEGY INC-CL A,404,02-16-2024
3,NTNX,NUTANIX INC - A,4766,02-16-2024
4,CVLT,COMMVAULT SYSTEMS INC,2838,02-16-2024
5,SNOW,SNOWFLAKE INC-CLASS A,1148,02-16-2024
6,PLTR,PALANTIR TECHNOLOGIES INC-A,10531,02-16-2024
7,ESTC,ELASTIC NV,1937,02-16-2024
8,NICE,NICE LTD - SPON ADR,1117,02-16-2024
9,ZBRA,ZEBRA TECHNOLOGIES CORP-CL A,884,02-16-2024
10,DDOG,DATADOG INC - CLASS A,1800,02-16-2024
11,MDB,MONGODB INC,491,02-16-2024
12,TYL,TYLER TECHNOLOGIES INC,516,02-16-2024
13,BRZE,BRAZE INC-A,3792,02-16-2024
14,SPLK,SPLUNK INC,1410,02-16-2024
15,IDCC,INTERDIGITAL INC,1717,02-16-2024
16,DT,DYNATRACE INC,3894,02-16-2024
17,AYX,ALTERYX INC - CLASS A,4140,02-16-2024
18,FIVN,FIVE9 INC,2682,02-16-2024
19,TDC,TERADATA CORP,4473,02-16-2024
20,VRNT,VERINT SYSTEMS INC,4267,02-16-2024
21,VU,VUSIONGROUP,631,02-16-2024
22,PWSC,POWERSCHOOL HOLDINGS INC-A,3768,02-16-2024
23,ENGH,ENGHOUSE SYSTEMS LTD,2933,02-16-2024
24,GENI,GENIUS SPORTS LTD,8454,02-16-2024
25,BASE,COUCHBASE INC,2175,02-16-2024
26,AVPT,AVEPOINT INC,6618,02-16-2024
27,SWI,SOLARWINDS CORP,2903,02-16-2024
28,TXT,TEXT SA,1159,02-16-2024
29,--,NET OTHER ASSETS (LIABILITIES),8082,02-16-2024
