,Ticker,Name,Shares,Date
0,MSTR,MICROSTRATEGY INC-CL A,337,12-29-2023
1,ZBRA,ZEBRA TECHNOLOGIES CORP-CL A,737,12-29-2023
2,INFA,INFORMATICA INC - CLASS A,6968,12-29-2023
3,SNOW,SNOWFLAKE INC-CLASS A,957,12-29-2023
4,NTNX,NUTANIX INC - A,3972,12-29-2023
5,CVLT,COMMVAULT SYSTEMS INC,2365,12-29-2023
6,NICE,NICE LTD - SPON ADR,931,12-29-2023
7,CFLT,CONFLUENT INC-CLASS A,7792,12-29-2023
8,DDOG,DATADOG INC - CLASS A,1500,12-29-2023
9,ESTC,ELASTIC NV,1614,12-29-2023
10,TYL,TYLER TECHNOLOGIES INC,430,12-29-2023
11,--,SPLUNK INC,1175,12-29-2023
12,DT,DYNATRACE INC,3245,12-29-2023
13,FIVN,FIVE9 INC,2235,12-29-2023
14,BRZE,BRAZE INC-A,3160,12-29-2023
15,MDB,MONGODB INC,409,12-29-2023
16,AYX,ALTERYX INC - CLASS A,3450,12-29-2023
17,TDC,TERADATA CORP,3728,12-29-2023
18,IDCC,INTERDIGITAL INC,1431,12-29-2023
19,PLTR,PALANTIR TECHNOLOGIES INC-A,8776,12-29-2023
20,VRNT,VERINT SYSTEMS INC,3556,12-29-2023
21,SESL,SES IMAGOTAG,526,12-29-2023
22,PWSC,POWERSCHOOL HOLDINGS INC-A,3140,12-29-2023
23,ENGH,ENGHOUSE SYSTEMS LTD,2444,12-29-2023
24,AVPT,AVEPOINT INC,5515,12-29-2023
25,GENI,GENIUS SPORTS LTD,7045,12-29-2023
26,BASE,COUCHBASE INC,1813,12-29-2023
27,SWI,SOLARWINDS CORP,2419,12-29-2023
28,TXT,TEXT SA,966,12-29-2023
29,--,NET OTHER ASSETS (LIABILITIES),8358,12-29-2023
