,Ticker,Name,Shares,Date
0,NTNX,NUTANIX INC - A,4766,01-25-2024
1,INFA,INFORMATICA INC - CLASS A,8361,01-25-2024
2,NICE,NICE LTD - SPON ADR,1117,01-25-2024
3,SNOW,SNOWFLAKE INC-CLASS A,1148,01-25-2024
4,ESTC,ELASTIC NV,1937,01-25-2024
5,ZBRA,ZEBRA TECHNOLOGIES CORP-CL A,884,01-25-2024
6,CVLT,COMMVAULT SYSTEMS INC,2838,01-25-2024
7,DT,DYNATRACE INC,3894,01-25-2024
8,TYL,TYLER TECHNOLOGIES INC,516,01-25-2024
9,DDOG,DATADOG INC - CLASS A,1800,01-25-2024
10,SPLK,SPLUNK INC,1410,01-25-2024
11,TDC,TERADATA CORP,4473,01-25-2024
12,CFLT,CONFLUENT INC-CLASS A,9350,01-25-2024
13,BRZE,BRAZE INC-A,3792,01-25-2024
14,FIVN,FIVE9 INC,2682,01-25-2024
15,MDB,MONGODB INC,491,01-25-2024
16,AYX,ALTERYX INC - CLASS A,4140,01-25-2024
17,MSTR,MICROSTRATEGY INC-CL A,404,01-25-2024
18,IDCC,INTERDIGITAL INC,1717,01-25-2024
19,PLTR,PALANTIR TECHNOLOGIES INC-A,10531,01-25-2024
20,VRNT,VERINT SYSTEMS INC,4267,01-25-2024
21,VU,VUSIONGROUP,631,01-25-2024
22,PWSC,POWERSCHOOL HOLDINGS INC-A,3768,01-25-2024
23,ENGH,ENGHOUSE SYSTEMS LTD,2933,01-25-2024
24,GENI,GENIUS SPORTS LTD,8454,01-25-2024
25,BASE,COUCHBASE INC,2175,01-25-2024
26,AVPT,AVEPOINT INC,6618,01-25-2024
27,SWI,SOLARWINDS CORP,2903,01-25-2024
28,TXT,TEXT SA,1159,01-25-2024
29,--,NET OTHER ASSETS (LIABILITIES),9754,01-25-2024
