,Ticker,Name,Shares,Date
0,SPLK,SPLUNK INC,1620,11-27-2023
1,MSTR,MICROSTRATEGY INC-CL A,491,11-27-2023
2,NTNX,NUTANIX INC - A,5456,11-27-2023
3,PLTR,PALANTIR TECHNOLOGIES INC-A,11479,11-27-2023
4,DDOG,DATADOG INC - CLASS A,1687,11-27-2023
5,MDB,MONGODB INC,443,11-27-2023
6,ESTC,ELASTIC NV,2306,11-27-2023
7,FIVN,FIVE9 INC,2371,11-27-2023
8,TYL,TYLER TECHNOLOGIES INC,419,11-27-2023
9,DT,DYNATRACE INC,3167,11-27-2023
10,SNOW,SNOWFLAKE INC-CLASS A,951,11-27-2023
11,TDC,TERADATA CORP,3425,11-27-2023
12,NICE,NICE LTD - SPON ADR,803,11-27-2023
13,CVLT,COMMVAULT SYSTEMS INC,1932,11-27-2023
14,ZBRA,ZEBRA TECHNOLOGIES CORP-CL A,600,11-27-2023
15,INFA,INFORMATICA INC - CLASS A,4984,11-27-2023
16,BRZE,BRAZE INC-A,2248,11-27-2023
17,IDCC,INTERDIGITAL INC,1170,11-27-2023
18,AYX,ALTERYX INC - CLASS A,2666,11-27-2023
19,CFLT,CONFLUENT INC-CLASS A,4823,11-27-2023
20,VRNT,VERINT SYSTEMS INC,2808,11-27-2023
21,NTCT,NETSCOUT SYSTEMS INC,3024,11-27-2023
22,PWSC,POWERSCHOOL HOLDINGS INC-A,2310,11-27-2023
23,ENGH,ENGHOUSE SYSTEMS LTD,1924,11-27-2023
24,SESL,SES IMAGOTAG,415,11-27-2023
25,AVPT,AVEPOINT INC,5049,11-27-2023
26,YEXT,YEXT INC,4432,11-27-2023
27,GENI,GENIUS SPORTS LTD,5054,11-27-2023
28,BASE,COUCHBASE INC,1334,11-27-2023
29,TXT,TEXT SA,764,11-27-2023
30,DOMO,DOMO INC - CLASS B,1300,11-27-2023
31,--,NET OTHER ASSETS (LIABILITIES),-633,11-27-2023
