,Ticker,Name,Shares,Date
0,MSTR,MICROSTRATEGY INC-CL A,438,03-20-2024
1,NTNX,NUTANIX INC - A,5160,03-20-2024
2,CFLT,CONFLUENT INC-CLASS A,10120,03-20-2024
3,INFA,INFORMATICA INC - CLASS A,9050,03-20-2024
4,CVLT,COMMVAULT SYSTEMS INC,3072,03-20-2024
5,NICE,NICE LTD - SPON ADR,1201,03-20-2024
6,PLTR,PALANTIR TECHNOLOGIES INC-A,11398,03-20-2024
7,ZBRA,ZEBRA TECHNOLOGIES CORP-CL A,958,03-20-2024
8,DDOG,DATADOG INC - CLASS A,1948,03-20-2024
9,TYL,TYLER TECHNOLOGIES INC,558,03-20-2024
10,ESTC,ELASTIC NV,2097,03-20-2024
11,BRZE,BRAZE INC-A,4104,03-20-2024
12,SNOW,SNOWFLAKE INC-CLASS A,1242,03-20-2024
13,DT,DYNATRACE INC,4215,03-20-2024
14,IDCC,INTERDIGITAL INC,1859,03-20-2024
15,MDB,MONGODB INC,531,03-20-2024
16,TDC,TERADATA CORP,4842,03-20-2024
17,FIVN,FIVE9 INC,2903,03-20-2024
18,VRNT,VERINT SYSTEMS INC,4619,03-20-2024
19,VU,VUSIONGROUP,684,03-20-2024
20,PWSC,POWERSCHOOL HOLDINGS INC-A,4078,03-20-2024
21,ENGH,ENGHOUSE SYSTEMS LTD,3174,03-20-2024
22,BASE,COUCHBASE INC,2355,03-20-2024
23,AVPT,AVEPOINT INC,7163,03-20-2024
24,GENI,GENIUS SPORTS LTD,9150,03-20-2024
25,SWI,SOLARWINDS CORP,3142,03-20-2024
26,TXT,TEXT SA,1254,03-20-2024
27,--,NET OTHER ASSETS (LIABILITIES),13374,03-20-2024
