,Ticker,Name,Shares,Date
0,MSTR,MICROSTRATEGY INC-CL A,438,04-17-2024
1,INFA,INFORMATICA INC - CLASS A,9050,04-17-2024
2,NTNX,NUTANIX INC - A,5160,04-17-2024
3,CVLT,COMMVAULT SYSTEMS INC,3072,04-17-2024
4,CFLT,CONFLUENT INC-CLASS A,10120,04-17-2024
5,NICE,NICE LTD - SPON ADR,1201,04-17-2024
6,ZBRA,ZEBRA TECHNOLOGIES CORP-CL A,958,04-17-2024
7,PLTR,PALANTIR TECHNOLOGIES INC-A,11398,04-17-2024
8,DDOG,DATADOG INC - CLASS A,1948,04-17-2024
9,TYL,TYLER TECHNOLOGIES INC,558,04-17-2024
10,ESTC,ELASTIC NV,2097,04-17-2024
11,DT,DYNATRACE INC,4215,04-17-2024
12,SNOW,SNOWFLAKE INC-CLASS A,1242,04-17-2024
13,MDB,MONGODB INC,531,04-17-2024
14,IDCC,INTERDIGITAL INC,1859,04-17-2024
15,TDC,TERADATA CORP,4842,04-17-2024
16,--,FIVE9 INC,2903,04-17-2024
17,BRZE,BRAZE INC-A,4104,04-17-2024
18,VRNT,VERINT SYSTEMS INC,4619,04-17-2024
19,VU,VUSIONGROUP,684,04-17-2024
20,PWSC,POWERSCHOOL HOLDINGS INC-A,4078,04-17-2024
21,ENGH,ENGHOUSE SYSTEMS LTD,3174,04-17-2024
22,BASE,COUCHBASE INC,2355,04-17-2024
23,AVPT,AVEPOINT INC,7163,04-17-2024
24,GENI,GENIUS SPORTS LTD,9150,04-17-2024
25,SWI,SOLARWINDS CORP,3142,04-17-2024
26,TXT,TEXT SA,1254,04-17-2024
27,--,NET OTHER ASSETS (LIABILITIES),15089,04-17-2024
