,Ticker,Name,Shares,Date
0,MSTR,MICROSTRATEGY INC-CL A,420,03-15-2024
1,NTNX,NUTANIX INC - A,4944,03-15-2024
2,CFLT,CONFLUENT INC-CLASS A,9698,03-15-2024
3,INFA,INFORMATICA INC - CLASS A,8672,03-15-2024
4,CVLT,COMMVAULT SYSTEMS INC,2944,03-15-2024
5,NICE,NICE LTD - SPON ADR,1140,03-15-2024
6,ZBRA,ZEBRA TECHNOLOGIES CORP-CL A,918,03-15-2024
7,PLTR,PALANTIR TECHNOLOGIES INC-A,10923,03-15-2024
8,SPLK,SPLUNK INC,1463,03-15-2024
9,DDOG,DATADOG INC - CLASS A,1867,03-15-2024
10,TYL,TYLER TECHNOLOGIES INC,535,03-15-2024
11,ESTC,ELASTIC NV,2009,03-15-2024
12,BRZE,BRAZE INC-A,3933,03-15-2024
13,SNOW,SNOWFLAKE INC-CLASS A,1191,03-15-2024
14,DT,DYNATRACE INC,4039,03-15-2024
15,IDCC,INTERDIGITAL INC,1782,03-15-2024
16,MDB,MONGODB INC,509,03-15-2024
17,TDC,TERADATA CORP,4640,03-15-2024
18,FIVN,FIVE9 INC,2782,03-15-2024
19,VRNT,VERINT SYSTEMS INC,4426,03-15-2024
20,VU,VUSIONGROUP,655,03-15-2024
21,PWSC,POWERSCHOOL HOLDINGS INC-A,3908,03-15-2024
22,ENGH,ENGHOUSE SYSTEMS LTD,3042,03-15-2024
23,BASE,COUCHBASE INC,2256,03-15-2024
24,AVPT,AVEPOINT INC,6864,03-15-2024
25,GENI,GENIUS SPORTS LTD,8769,03-15-2024
26,SWI,SOLARWINDS CORP,3011,03-15-2024
27,TXT,TEXT SA,1202,03-15-2024
28,--,NET OTHER ASSETS (LIABILITIES),10423,03-15-2024
