,Ticker,Name,Shares,Date
0,PLTR,PALANTIR TECHNOLOGIES INC-A,10847,08-03-2023
1,NEWR,NEW RELIC INC,2243,08-03-2023
2,FIVN,FIVE9 INC,2240,08-03-2023
3,MSTR,MICROSTRATEGY INC-CL A,464,08-03-2023
4,TDC,TERADATA CORP,3237,08-03-2023
5,DDOG,DATADOG INC - CLASS A,1595,08-03-2023
6,MDB,MONGODB INC,419,08-03-2023
7,CFLT,CONFLUENT INC-CLASS A,4557,08-03-2023
8,NICE,NICE LTD - SPON ADR,752,08-03-2023
9,SPLK,SPLUNK INC,1531,08-03-2023
10,TYL,TYLER TECHNOLOGIES INC,396,08-03-2023
11,NTNX,NUTANIX INC - A,5155,08-03-2023
12,SNOW,SNOWFLAKE INC-CLASS A,899,08-03-2023
13,DT,DYNATRACE INC,2993,08-03-2023
14,ZBRA,ZEBRA TECHNOLOGIES CORP-CL A,566,08-03-2023
15,ESTC,ELASTIC NV,2179,08-03-2023
16,CVLT,COMMVAULT SYSTEMS INC,1825,08-03-2023
17,INFA,INFORMATICA INC - CLASS A,4710,08-03-2023
18,IDCC,INTERDIGITAL INC,1106,08-03-2023
19,VRNT,VERINT SYSTEMS INC,2639,08-03-2023
20,AYX,ALTERYX INC - CLASS A,2519,08-03-2023
21,BRZE,BRAZE INC-A,2125,08-03-2023
22,NTCT,NETSCOUT SYSTEMS INC,2852,08-03-2023
23,PWSC,POWERSCHOOL HOLDINGS INC-A,2206,08-03-2023
24,SESL,SES IMAGOTAG,392,08-03-2023
25,YEXT,YEXT INC,4188,08-03-2023
26,ENGH,ENGHOUSE SYSTEMS LTD,1818,08-03-2023
27,GENI,GENIUS SPORTS LTD,4776,08-03-2023
28,AVPT,AVEPOINT INC,4771,08-03-2023
29,LVC,LIVECHAT SOFTWARE SA,722,08-03-2023
30,BASE,COUCHBASE INC,1261,08-03-2023
31,DOMO,DOMO INC - CLASS B,1203,08-03-2023
32,--,NET OTHER ASSETS (LIABILITIES),3618,08-03-2023
