,Ticker,Name,Shares,Date
0,TDS,TELEPHONE & DATA SYS INC,65664,11-29-2023
1,NVDA,NVIDIA CORPORATION,2424,11-29-2023
2,ADBE,ADOBE INC,1747,11-29-2023
3,LII,LENNOX INTL INC,2692,11-29-2023
4,SPLK,SPLUNK INC,7023,11-29-2023
5,WSM,WILLIAMS SONOMA INC,5612,11-29-2023
6,AKAM,AKAMAI TECHNOLOGIES INC,8599,11-29-2023
7,DLR,DIGITAL RLTY TR INC,6952,11-29-2023
8,NOW,SERVICENOW INC,1449,11-29-2023
9,TOL,TOLL BROTHERS INC,11261,11-29-2023
10,WMS,ADVANCED DRAIN SYS INC DEL,8010,11-29-2023
11,EXPE,EXPEDIA GROUP INC,6939,11-29-2023
12,NFLX,NETFLIX INC,1949,11-29-2023
13,CHS,CHICOS FAS INC,122425,11-29-2023
14,INTC,INTEL CORP,20769,11-29-2023
15,MORN,MORNINGSTAR INC,3325,11-29-2023
16,VECO,VEECO INSTRS INC DEL,31866,11-29-2023
17,CBOE,CBOE GLOBAL MKTS INC,5042,11-29-2023
18,CPRT,COPART INC,17906,11-29-2023
19,IONS,IONIS PHARMACEUTICALS INC,18840,11-29-2023
20,ARES,ARES MANAGEMENT CORPORATION,8158,11-29-2023
21,IT,GARTNER INC,2067,11-29-2023
22,KBH,KB HOME,16887,11-29-2023
23,RMBS,RAMBUS INC DEL,13136,11-29-2023
24,TTWO,TAKE-TWO INTERACTIVE SOFTWARE COM,5644,11-29-2023
25,AJG,GALLAGHER ARTHUR J & CO,3532,11-29-2023
26,ANET,ARISTA NETWORKS INC,4011,11-29-2023
27,BR,BROADRIDGE FINL SOLUTIONS INC COM,4623,11-29-2023
28,CDNS,CADENCE DESIGN SYSTEM INC,3205,11-29-2023
29,CMG,CHIPOTLE MEXICAN GRILL INC,394,11-29-2023
30,FNF,FIDELITY NATIONAL FINANCIAL IN FNF GROUP COM,19598,11-29-2023
31,GEN,GEN DIGITAL INC,39796,11-29-2023
32,INTU,INTUIT,1514,11-29-2023
33,MU,MICRON TECHNOLOGY INC,11187,11-29-2023
34,WELL,WELLTOWER INC,9539,11-29-2023
35,ALL,ALLSTATE CORP,6148,11-29-2023
36,AMD,ADVANCED MICRO DEVICES INC,6870,11-29-2023
37,ERIE,ERIE INDTY CO,2927,11-29-2023
38,ROST,ROSS STORES INC,6371,11-29-2023
39,VRSK,VERISK ANALYTICS INC,3517,11-29-2023
40,WLDN,WILLDAN GROUP INC,43107,11-29-2023
41,AMAT,APPLIED MATLS INC,5500,11-29-2023
42,BMI,BADGER METER INC,5540,11-29-2023
43,HUBB,HUBBELL INC,2782,11-29-2023
44,IBM,INTERNATIONAL BUSINESS MACHS COM,5268,11-29-2023
45,IRM,IRON MTN INC DEL,12918,11-29-2023
46,LEN,LENNAR CORP,6450,11-29-2023
47,RGA,REINSURANCE GRP OF AMERICA INC COM NEW,5131,11-29-2023
48,SIRI,SIRIUS XM HOLDINGS INC,171634,11-29-2023
49,BCO,BRINKS CO,10149,11-29-2023
50,BKNG,BOOKING HOLDINGS INC,254,11-29-2023
51,CTAS,CINTAS CORP,1463,11-29-2023
52,HLT,HILTON WORLDWIDE HLDGS INC,4790,11-29-2023
53,ITRI,ITRON INC,12143,11-29-2023
54,MMC,MARSH & MCLENNAN COS INC,4064,11-29-2023
55,NYT,NEW YORK TIMES CO,17384,11-29-2023
56,OSIS,OSI SYSTEMS INC,6578,11-29-2023
57,PDCO,PATTERSON COS INC,25619,11-29-2023
58,PRU,PRUDENTIAL FINL INC,8381,11-29-2023
59,SPGI,S&P Global Inc,1960,11-29-2023
60,TSLA,TESLA INC,3246,11-29-2023
61,AAPL,APPLE INC,4095,11-29-2023
62,AMAL,AMALGAMATED FINANCIAL CORP,38516,11-29-2023
63,FFIV,F5 INC,4622,11-29-2023
64,MSM,MSC INDL DIRECT INC,8110,11-29-2023
65,ORI,OLD REP INTL CORP,27329,11-29-2023
66,TDC,TERADATA CORP DEL,16716,11-29-2023
67,CME,CME GROUP INC,3544,11-29-2023
68,EA,ELECTRONIC ARTS INC,5602,11-29-2023
69,ECL,ECOLAB INC,4085,11-29-2023
70,FLEX,FLEX LTD,29263,11-29-2023
71,MNTK,MONTAUK RENEWABLES INC,85558,11-29-2023
72,ODFL,OLD DOMINION FREIGHT LINE INC COM,1979,11-29-2023
73,PGR,PROGRESSIVE CORP,4712,11-29-2023
74,PKG,PACKAGING CORP AMER,4911,11-29-2023
75,WAB,WABTEC,6685,11-29-2023
76,ALLY,ALLY FINL INC,27057,11-29-2023
77,CI,THE CIGNA GROUP,2652,11-29-2023
78,CRM,SALESFORCE INC,3370,11-29-2023
79,EQIX,EQUINIX INC,944,11-29-2023
80,FI,FISERV INC,5957,11-29-2023
81,HIG,HARTFORD FINL SVCS GROUP INC COM,9744,11-29-2023
82,MA,MASTERCARD INCORPORATED,1857,11-29-2023
83,V,VISA INC,2999,11-29-2023
84,WTM,WHITE MTNS INS GROUP LTD,489,11-29-2023
85,AOS,SMITH A O CORP,9828,11-29-2023
86,BOH,BANK HAWAII CORP,13212,11-29-2023
87,CHD,CHURCH & DWIGHT CO INC,7662,11-29-2023
88,CNA,CNA FINL CORP,17635,11-29-2023
89,FDS,FACTSET RESH SYS INC,1628,11-29-2023
90,ICE,INTERCONTINENTAL EXCHANGE INC COM,6490,11-29-2023
91,OLED,UNIVERSAL DISPLAY CORP,4354,11-29-2023
92,RL,RALPH LAUREN CORP,5823,11-29-2023
93,UNM,UNUM GROUP,17300,11-29-2023
94,VRTX,VERTEX PHARMACEUTICALS INC,2137,11-29-2023
95,FAF,FIRST AMERN FINL CORP,12250,11-29-2023
96,HRI,HERC HLDGS INC,5958,11-29-2023
97,HUM,HUMANA INC,1391,11-29-2023
98,IQV,IQVIA HLDGS INC,3385,11-29-2023
99,PAG,PENSKE AUTOMOTIVE GRP INC,4796,11-29-2023
100,PBI,PITNEY BOWES INC,178298,11-29-2023
101,SCHW,SCHWAB CHARLES CORP,12978,11-29-2023
102,VTR,VENTAS INC,15754,11-29-2023
103,AVB,AVALONBAY CMNTYS INC,4059,11-29-2023
104,AVT,AVNET INC,15034,11-29-2023
105,FULT,FULTON FINL CORP PA,49626,11-29-2023
106,GHC,GRAHAM HLDGS CO,1137,11-29-2023
107,JBHT,HUNT J B TRANS SVCS INC,3856,11-29-2023
108,MAT,MATTEL INC,36575,11-29-2023
109,STE,STERIS PLC,3539,11-29-2023
110,AMT,AMERICAN TOWER CORP,3355,11-29-2023
111,AXP,AMERICAN EXPRESS CO,4104,11-29-2023
112,DLB,DOLBY LABORATORIES INC,7920,11-29-2023
113,DRI,DARDEN RESTAURANTS INC,4393,11-29-2023
114,H,HYATT HOTELS CORP,6040,11-29-2023
115,INGR,INGREDION INC,6688,11-29-2023
116,LOW,LOWES COS INC,3404,11-29-2023
117,NDAQ,NASDAQ INC,12391,11-29-2023
118,PVH,PVH CORPORATION,7557,11-29-2023
119,REG,REGENCY CTRS CORP,11168,11-29-2023
120,SPB,SPECTRUM BRANDS HLDGS INC NEW COM,10246,11-29-2023
121,TMUS,T-MOBILE US INC,4649,11-29-2023
122,VRSN,VERISIGN INC,3186,11-29-2023
123,ADSK,AUTODESK INC,3235,11-29-2023
124,ASB,ASSOCIATED BANC CORP,38137,11-29-2023
125,CBT,CABOT CORP,8857,11-29-2023
126,GO,GROCERY OUTLET HLDG CORP,23827,11-29-2023
127,HPQ,HP INC,23225,11-29-2023
128,PFG,PRINCIPAL FINANCIAL GROUP INC COM,9174,11-29-2023
129,QCOM,QUALCOMM INC,5330,11-29-2023
130,TPX,TEMPUR SEALY INTERNATIONAL INC,17148,11-29-2023
131,VSH,VISHAY INTERTECHNOLOGY INC,29922,11-29-2023
132,VZ,VERIZON COMMUNICATIONS INC,17790,11-29-2023
133,WCC,WESCO INTL INC,4371,11-29-2023
134,AAON,AAON INC,10464,11-29-2023
135,AGIO,AGIOS PHARMACEUTICALS INC,29314,11-29-2023
136,ARW,ARROW ELECTRS INC,5392,11-29-2023
137,BC,BRUNSWICK CORP,8299,11-29-2023
138,BDX,BECTON DICKINSON & CO,2734,11-29-2023
139,DXCM,DEXCOM INC,5796,11-29-2023
140,LSTR,LANDSTAR SYS INC,3770,11-29-2023
141,PSMT,PRICESMART INC,9459,11-29-2023
142,THG,HANOVER INS GROUP INC,5294,11-29-2023
143,ADI,ANALOG DEVICES INC,3437,11-29-2023
144,AMG,AFFILIATED MANAGERS GROUP INC COM,4729,11-29-2023
145,COTY,COTY INC,55832,11-29-2023
146,EBAY,EBAY INC.,15296,11-29-2023
147,IDXX,IDEXX LABS INC,1346,11-29-2023
148,MRK,MERCK & CO INC,6389,11-29-2023
149,SBAC,SBA COMMUNICATIONS CORP NEW,2600,11-29-2023
150,TRIP,TRIPADVISOR INC,33904,11-29-2023
151,VRE,VERIS RESIDENTIAL INC,46090,11-29-2023
152,A,AGILENT TECHNOLOGIES INC,4881,11-29-2023
153,AWK,AMERICAN WTR WKS CO INC NEW,4647,11-29-2023
154,AWR,AMER STATES WTR CO,7654,11-29-2023
155,BAX,BAXTER INTL INC,16765,11-29-2023
156,BEN,FRANKLIN RESOURCES INC,25412,11-29-2023
157,CSCO,CISCO SYS INC,13014,11-29-2023
158,DXC,DXC TECHNOLOGY CO,26343,11-29-2023
159,ENR,ENERGIZER HLDGS INC NEW,19640,11-29-2023
160,KMB,KIMBERLY-CLARK CORP,5081,11-29-2023
161,KR,KROGER CO,13810,11-29-2023
162,LAZ,LAZARD LTD,21377,11-29-2023
163,MAN,MANPOWERGROUP INC WIS,8277,11-29-2023
164,PLD,PROLOGIS INC.,5450,11-29-2023
165,QRVO,QORVO INC,6629,11-29-2023
166,TGNA,TEGNA INC,40183,11-29-2023
167,XRX,XEROX HOLDINGS CORP,44761,11-29-2023
168,ZM,ZOOM VIDEO COMMUNICATIONS INC CL A,9119,11-29-2023
169,CWT,CALIFORNIA WTR SVC GROUP,11690,11-29-2023
170,DE,DEERE & CO,1638,11-29-2023
171,DFS,DISCOVER FINL SVCS,6922,11-29-2023
172,DOX,AMDOCS LTD,7079,11-29-2023
173,LAND,GLADSTONE LD CORP,41120,11-29-2023
174,NTRS,NORTHERN TR CORP,7747,11-29-2023
175,SCI,SERVICE CORP INTL,9850,11-29-2023
176,WAFD,WAFD INC,22647,11-29-2023
177,WAT,WATERS CORP,2175,11-29-2023
178,CPT,CAMDEN PPTY TR,6512,11-29-2023
179,FWONK,LIBERTY MEDIA CORP DEL,8998,11-29-2023
180,HAS,HASBRO INC,12886,11-29-2023
181,HASI,HANNON ARMSTRONG SUST INFR CAP COM,24146,11-29-2023
182,HOLX,HOLOGIC INC,8344,11-29-2023
183,IVZ,INVESCO LTD,42705,11-29-2023
184,PSA,PUBLIC STORAGE,2262,11-29-2023
185,SABR,SABRE CORP,156955,11-29-2023
186,TER,TERADYNE INC,6272,11-29-2023
187,TFX,TELEFLEX INCORPORATED,2667,11-29-2023
188,TRMB,TRIMBLE INC,12845,11-29-2023
189,TSCO,TRACTOR SUPPLY CO,2884,11-29-2023
190,OMC,OMNICOM GROUP INC,7221,11-29-2023
191,ON,ON SEMICONDUCTOR CORP,8180,11-29-2023
192,TECH,BIO-TECHNE CORP,9097,11-29-2023
193,UDR,UDR INC,16648,11-29-2023
194,ALNY,ALNYLAM PHARMACEUTICALS INC,3361,11-29-2023
195,AMN,AMN HEALTHCARE SVCS INC,8116,11-29-2023
196,ASYS,AMTECH SYS INC,70580,11-29-2023
197,CFFN,CAPITOL FED FINL INC,103249,11-29-2023
198,EPC,EDGEWELL PERS CARE CO,15958,11-29-2023
199,EW,EDWARDS LIFESCIENCES CORP,8139,11-29-2023
200,GLW,CORNING INC,19452,11-29-2023
201,GPC,GENUINE PARTS CO,4060,11-29-2023
202,IPG,INTERPUBLIC GROUP COS INC,18304,11-29-2023
203,JNPR,JUNIPER NETWORKS INC,19768,11-29-2023
204,LKQ,LKQ CORP,12002,11-29-2023
205,MYGN,MYRIAD GENETICS INC,28986,11-29-2023
206,XRAY,DENTSPLY SIRONA INC,17234,11-29-2023
207,MBI,MBIA INC,72715,11-29-2023
208,ORA,ORMAT TECHNOLOGIES INC,7970,11-29-2023
209,UPS,UNITED PARCEL SERVICE INC,3545,11-29-2023
210,WLY,WILEY JOHN & SONS INC,17616,11-29-2023
211,ATNI,ATN INTL INC,16599,11-29-2023
212,BDC,BELDEN INC,7766,11-29-2023
213,PYPL,PAYPAL HLDGS INC,8867,11-29-2023
214,VFC,V F CORP,30037,11-29-2023
215,PFE,PFIZER INC,16915,11-29-2023
216,TPR,TAPESTRY INC,15814,11-29-2023
217,VIAV,VIAVI SOLUTIONS INC,62173,11-29-2023
218,ZBRA,ZEBRA TECHNOLOGIES CORPORATION CL A,2117,11-29-2023
219,AVNS,AVANOS MED INC,22641,11-29-2023
220,FSLR,FIRST SOLAR INC,3096,11-29-2023
221,MTD,METTLER TOLEDO INTERNATIONAL COM,440,11-29-2023
222,NOVA,SUNNOVA ENERGY INTL INC.,43107,11-29-2023
223,QS,QUANTUMSCAPE CORP,82315,11-29-2023
224,RMD,RESMED INC,3091,11-29-2023
225,ARRY,ARRAY TECHNOLOGIES INC,30774,11-29-2023
226,BE,BLOOM ENERGY CORP,33785,11-29-2023
227,RVTY,REVVITY INC,5059,11-29-2023
228,ALGN,ALIGN TECHNOLOGY INC,2015,11-29-2023
229,BIO,BIO RAD LABS INC,1406,11-29-2023
230,LTHM,LIVENT CORP,31001,11-29-2023
231,PARA,PARAMOUNT GLOBAL,30324,11-29-2023
232,STKL,SUNOPTA INC,87875,11-29-2023
233,FL,FOOT LOCKER INC,17504,11-29-2023
234,SHLS,SHOALS TECHNOLOGIES GROUP INC CL A,29545,11-29-2023
235,AMRC,AMERESCO INC,13680,11-29-2023
236,MD,PEDIATRIX MEDICAL GROUP INC,45160,11-29-2023
237,MKTX,MARKETAXESS HLDGS INC,1731,11-29-2023
238,RUN,SUNRUN INC,33416,11-29-2023
239,SATS,ECHOSTAR CORP,36815,11-29-2023
240,DDD,3-D SYS CORP DEL,62811,11-29-2023
241,EL,LAUDER ESTEE COS INC,2747,11-29-2023
242,ENPH,ENPHASE ENERGY INC,3202,11-29-2023
243,STEM,STEM INC,118754,11-29-2023
244,AAP,ADVANCE AUTO PARTS INC,5618,11-29-2023
245,FCEL,FUELCELL ENERGY INC,236259,11-29-2023
246,BLNK,BLINK CHARGING CO,77843,11-29-2023
247,ILMN,ILLUMINA INC,2895,11-29-2023
248,BEEM,BEAM GLOBAL,42322,11-29-2023
249,DISH,DISH NETWORK CORPORATION,72169,11-29-2023
250,EVGO,EVGO INC,86436,11-29-2023
251,PLUG,PLUG POWER INC,57452,11-29-2023
252,SPWR,SUNPOWER CORP,48652,11-29-2023
253,BW,BABCOCK & WILCOX ENTERPRISES I COM,111112,11-29-2023
254,CHPT,CHARGEPOINT HOLDINGS INC,64311,11-29-2023
255,TPIC,TPI COMPOSITES INC,51597,11-29-2023
256,BATRK,ATLANTA BRAVES HLDGS INC,261,11-29-2023
257,LLYVK,LIBERTY MEDIA CORP DEL,385,11-29-2023
258,Cash&Other,Cash & Other,1251126,11-29-2023
