,Ticker,Name,Shares,Date
0,NVDA,NVIDIA CORPORATION,2393,01-10-2024
1,LII,LENNOX INTL INC,2661,01-10-2024
2,TDS,TELEPHONE & DATA SYS INC,65247,01-10-2024
3,TOL,TOLL BROTHERS INC,11112,01-10-2024
4,WSM,WILLIAMS SONOMA INC,5538,01-10-2024
5,SPLK,SPLUNK INC,6930,01-10-2024
6,EXPE,EXPEDIA GROUP INC,6848,01-10-2024
7,KBH,KB HOME,16664,01-10-2024
8,WMS,ADVANCED DRAIN SYS INC DEL,7911,01-10-2024
9,ADBE,ADOBE INC,1724,01-10-2024
10,AMD,ADVANCED MICRO DEVICES INC,6779,01-10-2024
11,NOW,SERVICENOW INC,1430,01-10-2024
12,AKAM,AKAMAI TECHNOLOGIES INC,8486,01-10-2024
13,INTC,INTEL CORP,20495,01-10-2024
14,IONS,IONIS PHARMACEUTICALS INC,18591,01-10-2024
15,AMAL,AMALGAMATED FINANCIAL CORP,38007,01-10-2024
16,ANET,ARISTA NETWORKS INC,3958,01-10-2024
17,ERIE,ERIE INDTY CO,2888,01-10-2024
18,FNF,FIDELITY NATIONAL FINANCIAL IN FNF GROUP COM,19476,01-10-2024
19,ARES,ARES MANAGEMENT CORPORATION,8088,01-10-2024
20,LEN,LENNAR CORP,6364,01-10-2024
21,MBI,MBIA INC,164490,01-10-2024
22,NFLX,NETFLIX INC,1923,01-10-2024
23,ALL,ALLSTATE CORP,6094,01-10-2024
24,ALLY,ALLY FINL INC,26699,01-10-2024
25,BOH,BANK HAWAII CORP,13152,01-10-2024
26,BR,BROADRIDGE FINL SOLUTIONS INC COM,4575,01-10-2024
27,DLR,DIGITAL RLTY TR INC,6903,01-10-2024
28,MU,MICRON TECHNOLOGY INC,11049,01-10-2024
29,SIRI,SIRIUS XM HOLDINGS INC,169367,01-10-2024
30,HUBB,HUBBELL INC,2753,01-10-2024
31,INTU,INTUIT,1494,01-10-2024
32,IT,GARTNER INC,2040,01-10-2024
33,MORN,MORNINGSTAR INC,3281,01-10-2024
34,PVH,PVH CORPORATION,7459,01-10-2024
35,VECO,VEECO INSTRS INC DEL,31446,01-10-2024
36,BKNG,BOOKING HOLDINGS INC,251,01-10-2024
37,CBOE,CBOE GLOBAL MKTS INC,4986,01-10-2024
38,GEN,GEN DIGITAL INC,39270,01-10-2024
39,TTWO,TAKE-TWO INTERACTIVE SOFTWARE COM,5570,01-10-2024
40,VRTX,VERTEX PHARMACEUTICALS INC,2109,01-10-2024
41,CMG,CHIPOTLE MEXICAN GRILL INC,389,01-10-2024
42,CRM,SALESFORCE INC,3326,01-10-2024
43,HLT,HILTON WORLDWIDE HLDGS INC,4726,01-10-2024
44,IRM,IRON MTN INC DEL,12833,01-10-2024
45,RMBS,RAMBUS INC DEL,12962,01-10-2024
46,ROST,ROSS STORES INC,6298,01-10-2024
47,SCHW,SCHWAB CHARLES CORP,12807,01-10-2024
48,CTAS,CINTAS CORP,1444,01-10-2024
49,ITRI,ITRON INC,11983,01-10-2024
50,PRU,PRUDENTIAL FINL INC,8270,01-10-2024
51,TPX,TEMPUR SEALY INTERNATIONAL INC,16921,01-10-2024
52,WELL,WELLTOWER INC,9413,01-10-2024
53,AMAT,APPLIED MATLS INC,5436,01-10-2024
54,BCO,BRINKS CO,10015,01-10-2024
55,BMI,BADGER METER INC,5474,01-10-2024
56,CDNS,CADENCE DESIGN SYSTEM INC,3163,01-10-2024
57,CI,THE CIGNA GROUP,2626,01-10-2024
58,CPRT,COPART INC,17669,01-10-2024
59,HRI,HERC HLDGS INC,5901,01-10-2024
60,IBM,INTERNATIONAL BUSINESS MACHS COM,5199,01-10-2024
61,RGA,REINSURANCE GRP OF AMERICA INC COM NEW,5064,01-10-2024
62,RL,RALPH LAUREN CORP,5767,01-10-2024
63,SPGI,S&P Global Inc,1937,01-10-2024
64,WAB,WABTEC,6597,01-10-2024
65,WLDN,WILLDAN GROUP INC,42538,01-10-2024
66,ASB,ASSOCIATED BANC CORP,37962,01-10-2024
67,ICE,INTERCONTINENTAL EXCHANGE INC COM,6421,01-10-2024
68,NYT,NEW YORK TIMES CO,17182,01-10-2024
69,OSIS,OSI SYSTEMS INC,6491,01-10-2024
70,PKG,PACKAGING CORP AMER,4872,01-10-2024
71,SPB,SPECTRUM BRANDS HLDGS INC NEW COM,10155,01-10-2024
72,VRSK,VERISK ANALYTICS INC,3474,01-10-2024
73,AJG,GALLAGHER ARTHUR J & CO,3491,01-10-2024
74,ECL,ECOLAB INC,4039,01-10-2024
75,FFIV,F5 INC,4561,01-10-2024
76,FI,FISERV INC,5878,01-10-2024
77,FULT,FULTON FINL CORP PA,49317,01-10-2024
78,HIG,HARTFORD FINL SVCS GROUP INC COM,9657,01-10-2024
79,LAZ,LAZARD INC,21094,01-10-2024
80,ORI,OLD REP INTL CORP,27127,01-10-2024
81,AOS,SMITH A O CORP,9698,01-10-2024
82,H,HYATT HOTELS CORP,5960,01-10-2024
83,MA,MASTERCARD INCORPORATED,1832,01-10-2024
84,MMC,MARSH & MCLENNAN COS INC,4010,01-10-2024
85,PGR,PROGRESSIVE CORP,4649,01-10-2024
86,STE,STERIS PLC,3492,01-10-2024
87,UNM,UNUM GROUP,17072,01-10-2024
88,V,VISA INC,2959,01-10-2024
89,AAON,AAON INC,10335,01-10-2024
90,AAPL,APPLE INC,4041,01-10-2024
91,ADSK,AUTODESK INC,3192,01-10-2024
92,AXP,AMERICAN EXPRESS CO,4049,01-10-2024
93,DFS,DISCOVER FINL SVCS,6831,01-10-2024
94,EA,ELECTRONIC ARTS INC,5534,01-10-2024
95,FAF,FIRST AMERN FINL CORP,12161,01-10-2024
96,IVZ,INVESCO LTD,42141,01-10-2024
97,MRK,MERCK & CO INC,6336,01-10-2024
98,ODFL,OLD DOMINION FREIGHT LINE INC COM,1954,01-10-2024
99,OLED,UNIVERSAL DISPLAY CORP,4303,01-10-2024
100,PBI,PITNEY BOWES INC,175944,01-10-2024
101,PDCO,PATTERSON COS INC,25281,01-10-2024
102,TMUS,T-MOBILE US INC,4601,01-10-2024
103,TSLA,TESLA INC,3203,01-10-2024
104,VTR,VENTAS INC,15642,01-10-2024
105,WCC,WESCO INTL INC,4320,01-10-2024
106,AVB,AVALONBAY CMNTYS INC,4030,01-10-2024
107,BC,BRUNSWICK CORP,8189,01-10-2024
108,BEN,FRANKLIN RESOURCES INC,25261,01-10-2024
109,CNA,CNA FINL CORP,17402,01-10-2024
110,DXCM,DEXCOM INC,5719,01-10-2024
111,EQIX,EQUINIX INC,931,01-10-2024
112,FDS,FACTSET RESH SYS INC,1609,01-10-2024
113,GHC,GRAHAM HLDGS CO,1122,01-10-2024
114,IDXX,IDEXX LABS INC,1329,01-10-2024
115,IQV,IQVIA HLDGS INC,3341,01-10-2024
116,LOW,LOWES COS INC,3359,01-10-2024
117,MSM,MSC INDL DIRECT INC,8003,01-10-2024
118,QCOM,QUALCOMM INC,5283,01-10-2024
119,CHD,CHURCH & DWIGHT CO INC,7561,01-10-2024
120,JBHT,HUNT J B TRANS SVCS INC,3805,01-10-2024
121,JNPR,JUNIPER NETWORKS INC,19615,01-10-2024
122,PAG,PENSKE AUTOMOTIVE GRP INC,4732,01-10-2024
123,PFG,PRINCIPAL FINANCIAL GROUP INC COM,9110,01-10-2024
124,PLD,PROLOGIS INC.,5402,01-10-2024
125,REG,REGENCY CTRS CORP,11101,01-10-2024
126,TDC,TERADATA CORP DEL,16496,01-10-2024
127,WTM,WHITE MTNS INS GROUP LTD,482,01-10-2024
128,XRX,XEROX HOLDINGS CORP,44581,01-10-2024
129,AGIO,AGIOS PHARMACEUTICALS INC,28927,01-10-2024
130,AMG,AFFILIATED MANAGERS GROUP INC COM,4666,01-10-2024
131,AMT,AMERICAN TOWER CORP,3329,01-10-2024
132,AVT,AVNET INC,14904,01-10-2024
133,CME,CME GROUP INC,3571,01-10-2024
134,DRI,DARDEN RESTAURANTS INC,4335,01-10-2024
135,HPQ,HP INC,23065,01-10-2024
136,INGR,INGREDION INC,6633,01-10-2024
137,LSTR,LANDSTAR SYS INC,3747,01-10-2024
138,QS,QUANTUMSCAPE CORP,81228,01-10-2024
139,VRE,VERIS RESIDENTIAL INC,45588,01-10-2024
140,WAFD,WAFD INC,22494,01-10-2024
141,BAX,BAXTER INTL INC,16637,01-10-2024
142,FLEX,FLEX LTD,28876,01-10-2024
143,MNTK,MONTAUK RENEWABLES INC,84428,01-10-2024
144,NDAQ,NASDAQ INC,12261,01-10-2024
145,PSMT,PRICESMART INC,9334,01-10-2024
146,QRVO,QORVO INC,6542,01-10-2024
147,SABR,SABRE CORP,154882,01-10-2024
148,VZ,VERIZON COMMUNICATIONS INC,17555,01-10-2024
149,ALNY,ALNYLAM PHARMACEUTICALS INC,3317,01-10-2024
150,CBT,CABOT CORP,8771,01-10-2024
151,COTY,COTY INC,55095,01-10-2024
152,DLB,DOLBY LABORATORIES INC,7834,01-10-2024
153,MAT,MATTEL INC,36092,01-10-2024
154,PSA,PUBLIC STORAGE,2249,01-10-2024
155,TRIP,TRIPADVISOR INC,33456,01-10-2024
156,VSH,VISHAY INTERTECHNOLOGY INC,29615,01-10-2024
157,ADI,ANALOG DEVICES INC,3403,01-10-2024
158,BDX,BECTON DICKINSON & CO,2705,01-10-2024
159,CSCO,CISCO SYS INC,12842,01-10-2024
160,NTRS,NORTHERN TR CORP,7695,01-10-2024
161,SCI,SERVICE CORP INTL,9750,01-10-2024
162,TECH,BIO-TECHNE CORP,8977,01-10-2024
163,TER,TERADYNE INC,6195,01-10-2024
164,TFX,TELEFLEX INCORPORATED,2631,01-10-2024
165,THG,HANOVER INS GROUP INC,5249,01-10-2024
166,TRMB,TRIMBLE INC,12675,01-10-2024
167,WAT,WATERS CORP,2146,01-10-2024
168,A,AGILENT TECHNOLOGIES INC,4822,01-10-2024
169,AMN,AMN HEALTHCARE SVCS INC,8009,01-10-2024
170,ATNI,ATN INTL INC,16449,01-10-2024
171,CPT,CAMDEN PPTY TR,6473,01-10-2024
172,DE,DEERE & CO,1621,01-10-2024
173,DOX,AMDOCS LTD,7021,01-10-2024
174,EBAY,EBAY INC.,15160,01-10-2024
175,GO,GROCERY OUTLET HLDG CORP,23512,01-10-2024
176,HAS,HASBRO INC,12716,01-10-2024
177,HUM,HUMANA INC,1374,01-10-2024
178,KMB,KIMBERLY-CLARK CORP,5048,01-10-2024
179,KR,KROGER CO,13627,01-10-2024
180,MAN,MANPOWERGROUP INC WIS,8281,01-10-2024
181,OMC,OMNICOM GROUP INC,7166,01-10-2024
182,ON,ON SEMICONDUCTOR CORP,8071,01-10-2024
183,SBAC,SBA COMMUNICATIONS CORP NEW,2565,01-10-2024
184,TGNA,TEGNA INC,39865,01-10-2024
185,TSCO,TRACTOR SUPPLY CO,2857,01-10-2024
186,UDR,UDR INC,16428,01-10-2024
187,VRSN,VERISIGN INC,3144,01-10-2024
188,XRAY,DENTSPLY SIRONA INC,17053,01-10-2024
189,ARW,ARROW ELECTRS INC,5321,01-10-2024
190,AWK,AMERICAN WTR WKS CO INC NEW,4585,01-10-2024
191,CFFN,CAPITOL FED FINL INC,101885,01-10-2024
192,ENR,ENERGIZER HLDGS INC NEW,19512,01-10-2024
193,EW,EDWARDS LIFESCIENCES CORP,8031,01-10-2024
194,VIAV,VIAVI SOLUTIONS INC,61352,01-10-2024
195,ZM,ZOOM VIDEO COMMUNICATIONS INC CL A,8998,01-10-2024
196,AWR,AMER STATES WTR CO,7552,01-10-2024
197,DXC,DXC TECHNOLOGY CO,25996,01-10-2024
198,GLW,CORNING INC,19195,01-10-2024
199,HASI,HANNON ARMSTRONG SUST INFR CAP COM,24061,01-10-2024
200,HOLX,HOLOGIC INC,8234,01-10-2024
201,IPG,INTERPUBLIC GROUP COS INC,18191,01-10-2024
202,TPR,TAPESTRY INC,15724,01-10-2024
203,CWT,CALIFORNIA WTR SVC GROUP,11536,01-10-2024
204,EPC,EDGEWELL PERS CARE CO,15794,01-10-2024
205,LAND,GLADSTONE LD CORP,40667,01-10-2024
206,ORA,ORMAT TECHNOLOGIES INC,7865,01-10-2024
207,ALGN,ALIGN TECHNOLOGY INC,1989,01-10-2024
208,BDC,BELDEN INC,7667,01-10-2024
209,FWONK,LIBERTY MEDIA CORP DEL,8879,01-10-2024
210,GPC,GENUINE PARTS CO,4027,01-10-2024
211,LKQ,LKQ CORP,11843,01-10-2024
212,NOVA,SUNNOVA ENERGY INTL INC.,42538,01-10-2024
213,RVTY,REVVITY INC,4992,01-10-2024
214,UPS,UNITED PARCEL SERVICE INC,3498,01-10-2024
215,PYPL,PAYPAL HLDGS INC,8750,01-10-2024
216,RMD,RESMED INC,3051,01-10-2024
217,RUN,SUNRUN INC,32975,01-10-2024
218,WLY,WILEY JOHN & SONS INC,17512,01-10-2024
219,ZBRA,ZEBRA TECHNOLOGIES CORPORATION CL A,2089,01-10-2024
220,FL,FOOT LOCKER INC,17273,01-10-2024
221,MYGN,MYRIAD GENETICS INC,28603,01-10-2024
222,FSLR,FIRST SOLAR INC,3055,01-10-2024
223,MTD,METTLER TOLEDO INTERNATIONAL COM,434,01-10-2024
224,VFC,V F CORP,29744,01-10-2024
225,ALTM,ARCADIUM LITHIUM PLC,73601,01-10-2024
226,PFE,PFIZER INC,16691,01-10-2024
227,ARRY,ARRAY TECHNOLOGIES INC,30368,01-10-2024
228,MKTX,MARKETAXESS HLDGS INC,1708,01-10-2024
229,SATS,ECHOSTAR CORP,36328,01-10-2024
230,STKL,SUNOPTA INC,86230,01-10-2024
231,BE,BLOOM ENERGY CORP,33339,01-10-2024
232,AVNS,AVANOS MED INC,22342,01-10-2024
233,BIO,BIO RAD LABS INC,1387,01-10-2024
234,MD,PEDIATRIX MEDICAL GROUP INC,44564,01-10-2024
235,PARA,PARAMOUNT GLOBAL,29990,01-10-2024
236,STEM,STEM INC,117186,01-10-2024
237,SHLS,SHOALS TECHNOLOGIES GROUP INC CL A,29155,01-10-2024
238,ILMN,ILLUMINA INC,2857,01-10-2024
239,AMRC,AMERESCO INC,13500,01-10-2024
240,EL,LAUDER ESTEE COS INC,2720,01-10-2024
241,ENPH,ENPHASE ENERGY INC,3160,01-10-2024
242,DDD,3-D SYS CORP DEL,61982,01-10-2024
243,AAP,ADVANCE AUTO PARTS INC,5544,01-10-2024
244,FCEL,FUELCELL ENERGY INC,233139,01-10-2024
245,ASYS,AMTECH SYS INC,69648,01-10-2024
246,BEEM,BEAM GLOBAL,41763,01-10-2024
247,EVGO,EVGO INC,85295,01-10-2024
248,PLUG,PLUG POWER INC,56693,01-10-2024
249,BLNK,BLINK CHARGING CO,76815,01-10-2024
250,NXT,NEXTRACKER INC,5029,01-10-2024
251,SPWR,SUNPOWER CORP,48009,01-10-2024
252,TPIC,TPI COMPOSITES INC,50915,01-10-2024
253,BW,BABCOCK & WILCOX ENTERPRISES I COM,109645,01-10-2024
254,CHPT,CHARGEPOINT HOLDINGS INC,63462,01-10-2024
255,BATRK,ATLANTA BRAVES HLDGS INC,257,01-10-2024
256,LLYVK,LIBERTY MEDIA CORP DEL,380,01-10-2024
257,Cash&Other,Cash & Other,810965,01-10-2024
