,Ticker,Name,Shares,Date
0,FSLR,FIRST SOLAR INC,8619,03-07-2023
1,ARRY,ARRAY TECHNOLOGIES INC,64048,03-07-2023
2,LW,LAMB WESTON HLDGS INC,12130,03-07-2023
3,SHLS,SHOALS TECHNOLOGIES GROUP INC CL A,42361,03-07-2023
4,PAG,PENSKE AUTOMOTIVE GRP INC,7779,03-07-2023
5,TPX,TEMPUR SEALY INTERNATIONAL INC,26047,03-07-2023
6,FL,FOOT LOCKER INC,25067,03-07-2023
7,AN,AUTONATION INC,7248,03-07-2023
8,GPC,GENUINE PARTS CO,5796,03-07-2023
9,HRB,BLOCK H & R INC,28128,03-07-2023
10,RMBS,RAMBUS INC DEL,22634,03-07-2023
11,MRK,MERCK & CO INC,8937,03-07-2023
12,GPI,GROUP 1 AUTOMOTIVE INC,4319,03-07-2023
13,GWW,GRAINGER W W INC,1409,03-07-2023
14,IBKR,INTERACTIVE BROKERS GROUP INC COM CL A,10985,03-07-2023
15,URI,UNITED RENTALS INC,2031,03-07-2023
16,TJX,TJX COS INC NEW,12032,03-07-2023
17,WCC,WESCO INTL INC,5545,03-07-2023
18,AMAL,AMALGAMATED FINANCIAL CORP,40518,03-07-2023
19,LKQ,LKQ CORP,16056,03-07-2023
20,NATI,NATIONAL INSTRS CORP,18069,03-07-2023
21,AXTA,AXALTA COATING SYS LTD,29366,03-07-2023
22,NSP,INSPERITY INC,7260,03-07-2023
23,ROST,ROSS STORES INC,8033,03-07-2023
24,WTS,WATTS WATER TECHNOLOGIES INC CL A,5193,03-07-2023
25,ALNY,ALNYLAM PHARMACEUTICALS INC,4419,03-07-2023
26,DHI,D R HORTON INC,9749,03-07-2023
27,ON,ON SEMICONDUCTOR CORP,11529,03-07-2023
28,XYL,XYLEM INC,8523,03-07-2023
29,BMI,BADGER METER INC,7273,03-07-2023
30,CDNS,CADENCE DESIGN SYSTEM INC,4388,03-07-2023
31,GL,GLOBE LIFE INC,7195,03-07-2023
32,LSTR,LANDSTAR SYS INC,4803,03-07-2023
33,NVR,NVR INC,161,03-07-2023
34,ODFL,OLD DOMINION FREIGHT LINE INC COM,2422,03-07-2023
35,TPR,TAPESTRY INC,19761,03-07-2023
36,FISV,FISERV INC,7118,03-07-2023
37,IT,GARTNER INC,2426,03-07-2023
38,ITW,ILLINOIS TOOL WKS INC,3478,03-07-2023
39,ADI,ANALOG DEVICES INC,4411,03-07-2023
40,AMG,AFFILIATED MANAGERS GROUP INC COM,5121,03-07-2023
41,BLD,TOPBUILD CORP,3979,03-07-2023
42,CDW,CDW CORP,4059,03-07-2023
43,CPRT,COPART INC,11505,03-07-2023
44,VOYA,VOYA FINANCIAL INC,10950,03-07-2023
45,BKNG,BOOKING HOLDINGS INC,306,03-07-2023
46,ENPH,ENPHASE ENERGY INC,3577,03-07-2023
47,FTV,FORTIVE CORP,11874,03-07-2023
48,IPGP,IPG PHOTONICS CORP,6576,03-07-2023
49,MSI,MOTOROLA SOLUTIONS INC,3001,03-07-2023
50,ROK,ROCKWELL AUTOMATION INC,2602,03-07-2023
51,TMUS,T-MOBILE US INC,5622,03-07-2023
52,VRTX,VERTEX PHARMACEUTICALS INC,2765,03-07-2023
53,WAB,WABTEC,7531,03-07-2023
54,HIG,HARTFORD FINL SVCS GROUP INC COM,10170,03-07-2023
55,LFUS,LITTELFUSE INC,2908,03-07-2023
56,MKTX,MARKETAXESS HLDGS INC,2132,03-07-2023
57,MSCI,MSCI INC,1442,03-07-2023
58,MTD,METTLER TOLEDO INTERNATIONAL COM,524,03-07-2023
59,ORA,ORMAT TECHNOLOGIES INC,8847,03-07-2023
60,WAFD,WASHINGTON FED INC,22324,03-07-2023
61,AOS,SMITH A O CORP,11416,03-07-2023
62,ARES,ARES MANAGEMENT CORPORATION,9040,03-07-2023
63,BEN,FRANKLIN RESOURCES INC,26299,03-07-2023
64,CTAS,CINTAS CORP,1705,03-07-2023
65,DLB,DOLBY LABORATORIES INC,9294,03-07-2023
66,FWONK,LIBERTY MEDIA CORP DEL,10335,03-07-2023
67,ITRI,ITRON INC,13701,03-07-2023
68,PVH,PVH CORPORATION,9433,03-07-2023
69,ANET,ARISTA NETWORKS INC,5193,03-07-2023
70,AVY,AVERY DENNISON CORP,4184,03-07-2023
71,CRMT,AMERICAS CAR-MART INC,8959,03-07-2023
72,DE,DEERE & CO,1746,03-07-2023
73,DFS,DISCOVER FINL SVCS,6628,03-07-2023
74,DGX,QUEST DIAGNOSTICS INC,5312,03-07-2023
75,FCPT,FOUR CORNERS PPTY TR INC,27178,03-07-2023
76,IPG,INTERPUBLIC GROUP COS INC,20762,03-07-2023
77,KLAC,KLA CORP,1985,03-07-2023
78,MA,MASTERCARD INCORPORATED,2024,03-07-2023
79,RL,RALPH LAUREN CORP,6438,03-07-2023
80,SCI,SERVICE CORP INTL,11057,03-07-2023
81,SSB,SOUTHSTATE CORPORATION,8959,03-07-2023
82,V,VISA INC,3267,03-07-2023
83,WAT,WATERS CORP,2324,03-07-2023
84,ATNI,ATN INTL INC,18201,03-07-2023
85,ATR,APTARGROUP INC,6189,03-07-2023
86,AVGO,BROADCOM INC,1164,03-07-2023
87,KEYS,KEYSIGHT TECHNOLOGIES INC,4569,03-07-2023
88,LII,LENNOX INTL INC,2818,03-07-2023
89,LOW,LOWES COS INC,3606,03-07-2023
90,MAR,MARRIOTT INTL INC NEW,4124,03-07-2023
91,MET,METLIFE INC,10430,03-07-2023
92,MSM,MSC INDL DIRECT INC,8639,03-07-2023
93,ROL,ROLLINS INC,20720,03-07-2023
94,WRB,BERKLEY W R CORP,10932,03-07-2023
95,APOG,APOGEE ENTERPRISES INC,15380,03-07-2023
96,AWR,AMER STATES WTR CO,8186,03-07-2023
97,GNTX,GENTEX CORP,24903,03-07-2023
98,HLT,HILTON WORLDWIDE HLDGS INC,4768,03-07-2023
99,RSG,REPUBLIC SVCS INC,5474,03-07-2023
100,TSCO,TRACTOR SUPPLY CO,3122,03-07-2023
101,VMC,VULCAN MATLS CO,3947,03-07-2023
102,WCN,WASTE CONNECTIONS INC,5187,03-07-2023
103,ADSK,AUTODESK INC,3367,03-07-2023
104,ANSS,ANSYS INC,2271,03-07-2023
105,AXP,AMERICAN EXPRESS CO,3879,03-07-2023
106,BMY,BRISTOL-MYERS SQUIBB CO,9985,03-07-2023
107,CBSH,COMMERCE BANCSHARES INC,10671,03-07-2023
108,CFR,CULLEN FROST BANKERS INC,5282,03-07-2023
109,CMG,CHIPOTLE MEXICAN GRILL INC,455,03-07-2023
110,IQV,IQVIA HLDGS INC,3121,03-07-2023
111,TXN,TEXAS INSTRS INC,3992,03-07-2023
112,WM,WASTE MGMT INC DEL,4591,03-07-2023
113,BBY,BEST BUY INC,8138,03-07-2023
114,BR,BROADRIDGE FINL SOLUTIONS INC COM,4680,03-07-2023
115,CWT,CALIFORNIA WTR SVC GROUP,12290,03-07-2023
116,EL,LAUDER ESTEE COS INC,2664,03-07-2023
117,JBHT,HUNT J B TRANS SVCS INC,3611,03-07-2023
118,SYY,SYSCO CORP,8917,03-07-2023
119,AMAT,APPLIED MATLS INC,5505,03-07-2023
120,CINF,CINCINNATI FINL CORP,5380,03-07-2023
121,CNNE,CANNAE HLDGS INC,30176,03-07-2023
122,CWEN/A,CLEARWAY ENERGY INC,22157,03-07-2023
123,FAST,FASTENAL CO,12309,03-07-2023
124,FHN,FIRST HORIZON CORPORATION,31146,03-07-2023
125,HPE,HEWLETT PACKARD ENTERPRISE CO COM,43917,03-07-2023
126,HSIC,HENRY SCHEIN INC,8278,03-07-2023
127,LRCX,LAM RESEARCH CORP,1353,03-07-2023
128,PKG,PACKAGING CORP AMER,4709,03-07-2023
129,POWI,POWER INTEGRATIONS INC,7825,03-07-2023
130,REG,REGENCY CTRS CORP,10318,03-07-2023
131,RMD,RESMED INC,2988,03-07-2023
132,SCHW,SCHWAB CHARLES CORP,8615,03-07-2023
133,ZTS,ZOETIS INC,3842,03-07-2023
134,AAPL,APPLE INC,4145,03-07-2023
135,BIO,BIO RAD LABS INC,1281,03-07-2023
136,BOH,BANK HAWAII CORP,8762,03-07-2023
137,CSCO,CISCO SYS INC,13110,03-07-2023
138,DXCM,DEXCOM INC,5643,03-07-2023
139,FTNT,FORTINET INC,10560,03-07-2023
140,HRI,HERC HLDGS INC,4363,03-07-2023
141,IDXX,IDEXX LABS INC,1318,03-07-2023
142,PSMT,PRICESMART INC,9195,03-07-2023
143,UPS,UNITED PARCEL SERVICE INC,3426,03-07-2023
144,VRSK,VERISK ANALYTICS INC,3375,03-07-2023
145,VRSN,VERISIGN INC,3244,03-07-2023
146,AMN,AMN HEALTHCARE SVCS INC,6918,03-07-2023
147,AWK,AMERICAN WTR WKS CO INC NEW,4400,03-07-2023
148,CRM,SALESFORCE INC,3398,03-07-2023
149,DHR,DANAHER CORPORATION,2463,03-07-2023
150,INTU,INTUIT,1504,03-07-2023
151,JNPR,JUNIPER NETWORKS INC,19707,03-07-2023
152,NVDA,NVIDIA CORPORATION,2646,03-07-2023
153,PDCO,PATTERSON COS INC,22706,03-07-2023
154,TER,TERADYNE INC,6120,03-07-2023
155,TFSL,TFS FINL CORP,45332,03-07-2023
156,UHAL/B,U HAUL HOLDING COMPANY,10901,03-07-2023
157,AGIO,AGIOS PHARMACEUTICALS INC,24797,03-07-2023
158,AWI,ARMSTRONG WORLD INDS INC NEW COM,8067,03-07-2023
159,CHD,CHURCH & DWIGHT CO INC,7310,03-07-2023
160,CIEN,CIENA CORP,11904,03-07-2023
161,COO,COOPER COS INC,1727,03-07-2023
162,FBIN,FORTUNE BRANDS INNOVATIONS INC COM,9804,03-07-2023
163,GPN,GLOBAL PMTS INC,5299,03-07-2023
164,JKHY,HENRY JACK & ASSOC INC,3681,03-07-2023
165,KIM,KIMCO RLTY CORP,29831,03-07-2023
166,MOH,MOLINA HEALTHCARE INC,2163,03-07-2023
167,MSFT,MICROSOFT CORP,2353,03-07-2023
168,NFLX,NETFLIX INC,1925,03-07-2023
169,NTRS,NORTHERN TR CORP,6298,03-07-2023
170,NYCB,NEW YORK CMNTY BANCORP INC,69922,03-07-2023
171,NYT,NEW YORK TIMES CO,15813,03-07-2023
172,OLED,UNIVERSAL DISPLAY CORP,4347,03-07-2023
173,PAYC,PAYCOM SOFTWARE INC,2084,03-07-2023
174,PAYX,PAYCHEX INC,5362,03-07-2023
175,TFC,TRUIST FINANCIAL CORP,13021,03-07-2023
176,WLY,WILEY JOHN & SONS INC,13829,03-07-2023
177,WSM,WILLIAMS SONOMA INC,5040,03-07-2023
178,AEO,AMERICAN EAGLE OUTFITTERS INC COM,43437,03-07-2023
179,NOVA,SUNNOVA ENERGY INTL INC.,31302,03-07-2023
180,NOW,SERVICENOW INC,1296,03-07-2023
181,PBI,PITNEY BOWES INC,142771,03-07-2023
182,PFE,PFIZER INC,14182,03-07-2023
183,PSA,PUBLIC STORAGE,1925,03-07-2023
184,QCOM,QUALCOMM INC,4780,03-07-2023
185,QRVO,QORVO INC,5815,03-07-2023
186,RUN,SUNRUN INC,23767,03-07-2023
187,CFFN,CAPITOL FED FINL INC,70327,03-07-2023
188,EBAY,EBAY INC.,12735,03-07-2023
189,MBI,MBIA INC,46903,03-07-2023
190,NTAP,NETAPP INC,8791,03-07-2023
191,PLD,PROLOGIS INC.,4532,03-07-2023
192,STEM,STEM INC,65561,03-07-2023
193,TREX,TREX CO INC,11047,03-07-2023
194,WDAY,WORKDAY INC,3012,03-07-2023
195,WMS,ADVANCED DRAIN SYS INC DEL,6088,03-07-2023
196,WST,WEST PHARMACEUTICAL SVSC INC COM,1759,03-07-2023
197,ADBE,ADOBE SYSTEMS INCORPORATED,1583,03-07-2023
198,ALGN,ALIGN TECHNOLOGY INC,1654,03-07-2023
199,STE,STERIS PLC,3000,03-07-2023
200,TGNA,TEGNA INC,32533,03-07-2023
201,TROW,PRICE T ROWE GROUP INC,4867,03-07-2023
202,UDR,UDR INC,12741,03-07-2023
203,VZ,VERIZON COMMUNICATIONS INC,14461,03-07-2023
204,WDC,WESTERN DIGITAL CORP.,14539,03-07-2023
205,AMD,ADVANCED MICRO DEVICES INC,6601,03-07-2023
206,DIS,DISNEY WALT CO,5262,03-07-2023
207,MKC,MCCORMICK & CO INC,7280,03-07-2023
208,MU,MICRON TECHNOLOGY INC,9292,03-07-2023
209,SBAC,SBA COMMUNICATIONS CORP NEW,2107,03-07-2023
210,SPWR,SUNPOWER CORP,33604,03-07-2023
211,TRMB,TRIMBLE INC,10005,03-07-2023
212,ZBRA,ZEBRA TECHNOLOGIES CORPORATION CL A,1745,03-07-2023
213,ALLY,ALLY FINL INC,16919,03-07-2023
214,AVB,AVALONBAY CMNTYS INC,2939,03-07-2023
215,CIA,CITIZENS INC,170243,03-07-2023
216,CPT,CAMDEN PPTY TR,4407,03-07-2023
217,MSEX,MIDDLESEX WTR CO,6911,03-07-2023
218,RHI,ROBERT HALF INTL INC,6392,03-07-2023
219,TECH,BIO-TECHNE CORP,6679,03-07-2023
220,TYL,TYLER TECHNOLOGIES INC,1622,03-07-2023
221,FFIV,F5 INC,3453,03-07-2023
222,GOOGL,ALPHABET INC,5190,03-07-2023
223,AAP,ADVANCE AUTO PARTS INC,3545,03-07-2023
224,DDD,3-D SYS CORP DEL,43274,03-07-2023
225,EW,EDWARDS LIFESCIENCES CORP,6131,03-07-2023
226,HAS,HASBRO INC,8981,03-07-2023
227,HASI,HANNON ARMSTRONG SUST INFR CAP COM,15529,03-07-2023
228,MLKN,MILLERKNOLL INC,21218,03-07-2023
229,PYPL,PAYPAL HLDGS INC,6241,03-07-2023
230,SCS,STEELCASE INC,61600,03-07-2023
231,TFX,TELEFLEX INCORPORATED,2039,03-07-2023
232,FIS,FIDELITY NATL INFORMATION SVCS COM,7272,03-07-2023
233,LBRDK,LIBERTY BROADBAND CORP,5333,03-07-2023
234,AKAM,AKAMAI TECHNOLOGIES INC,6046,03-07-2023
235,ILMN,ILLUMINA INC,2064,03-07-2023
236,LYV,LIVE NATION ENTERTAINMENT INC COM,6135,03-07-2023
237,NCR,NCR CORP NEW,17961,03-07-2023
238,ZM,ZOOM VIDEO COMMUNICATIONS INC CL A,6156,03-07-2023
239,AMRC,AMERESCO INC,9079,03-07-2023
240,FCEL,FUELCELL ENERGY INC,125318,03-07-2023
241,HYLN,HYLIION HOLDINGS CORP,162941,03-07-2023
242,AMZN,AMAZON COM INC,4428,03-07-2023
243,EXPE,EXPEDIA GROUP INC,3689,03-07-2023
244,CHPT,CHARGEPOINT HOLDINGS INC,36308,03-07-2023
245,IAC,IAC INC,7197,03-07-2023
246,INTC,INTEL CORP,14887,03-07-2023
247,TSLA,TESLA INC,2010,03-07-2023
248,HAIN,HAIN CELESTIAL GROUP INC,20983,03-07-2023
249,SIVB,SVB FINANCIAL GROUP,1290,03-07-2023
250,EVA,ENVIVA INC,9388,03-07-2023
251,EVGO,EVGO INC,56129,03-07-2023
252,LAND,GLADSTONE LD CORP,20072,03-07-2023
253,EOSE,EOS ENERGY ENTERPRISES INC,172688,03-07-2023
254,PLUG,PLUG POWER INC,25229,03-07-2023
255,FOSL,FOSSIL GROUP INC,74878,03-07-2023
256,PTRA,PROTERRA INC,95988,03-07-2023
257,QS,QUANTUMSCAPE CORP,36108,03-07-2023
258,SPRU,SPRUCE POWER HOLDING CORP,362732,03-07-2023
259,VFC,V F CORP,13051,03-07-2023
260,HBI,HANESBRANDS INC,50197,03-07-2023
261,BYND,BEYOND MEAT INC,14942,03-07-2023
262,BLNK,BLINK CHARGING CO,27280,03-07-2023
263,TDOC,TELADOC HEALTH INC,10007,03-07-2023
264,VLTA,VOLTA INC,236668,03-07-2023
265,HYZN,HYZON MOTORS INC,112964,03-07-2023
266,MVST,MICROVAST HOLDINGS INC,107737,03-07-2023
267,MBC,MASTERBRAND INC,9804,03-07-2023
268,UHAL,U HAUL HOLDING COMPANY,1211,03-07-2023
269,ZEV,LIGHTNING EMOTORS INC,126638,03-07-2023
270,FUV,ARCIMOTO INC,5460,03-07-2023
271,Cash&Other,Cash & Other,1105839,03-07-2023
