,Ticker,Name,Shares,Date
0,CMG,CHIPOTLE MEXICAN GRILL INC,397,05-17-2023
1,ITRI,ITRON INC,12252,05-17-2023
2,AJG,GALLAGHER ARTHUR J & CO,3551,05-17-2023
3,AMN,AMN HEALTHCARE SVCS INC,8189,05-17-2023
4,HAS,HASBRO INC,12654,05-17-2023
5,KBH,KB HOME,16908,05-17-2023
6,LTHM,LIVENT CORP,31280,05-17-2023
7,OSIS,OSI SYSTEMS INC,6637,05-17-2023
8,VRSK,VERISK ANALYTICS INC,3541,05-17-2023
9,WLDN,WILLDAN GROUP INC,43495,05-17-2023
10,AGIO,AGIOS PHARMACEUTICALS INC,29577,05-17-2023
11,AKAM,AKAMAI TECHNOLOGIES INC,8676,05-17-2023
12,BMI,BADGER METER INC,5577,05-17-2023
13,HUBB,HUBBELL INC,2792,05-17-2023
14,LII,LENNOX INTL INC,2703,05-17-2023
15,NATI,NATIONAL INSTRS CORP,12962,05-17-2023
16,RGA,REINSURANCE GRP OF AMERICA INC COM NEW,5117,05-17-2023
17,UNM,UNUM GROUP,17173,05-17-2023
18,VRE,VERIS RESIDENTIAL INC,46406,05-17-2023
19,CHD,CHURCH & DWIGHT CO INC,7685,05-17-2023
20,LEN,LENNAR CORP,6464,05-17-2023
21,MMC,MARSH & MCLENNAN COS INC,4078,05-17-2023
22,MRK,MERCK & CO INC,6385,05-17-2023
23,MSM,MSC INDL DIRECT INC,8087,05-17-2023
24,STE,STERIS PLC,3552,05-17-2023
25,TDC,TERADATA CORP DEL,16867,05-17-2023
26,TECH,BIO-TECHNE CORP,9157,05-17-2023
27,TOL,TOLL BROTHERS INC,11317,05-17-2023
28,VRTX,VERTEX PHARMACEUTICALS INC,2156,05-17-2023
29,WELL,WELLTOWER INC,9476,05-17-2023
30,BAX,BAXTER INTL INC,16750,05-17-2023
31,CPRT,COPART INC,9032,05-17-2023
32,EW,EDWARDS LIFESCIENCES CORP,8211,05-17-2023
33,GO,GROCERY OUTLET HLDG CORP,24040,05-17-2023
34,HUM,HUMANA INC,1399,05-17-2023
35,INGR,INGREDION INC,6678,05-17-2023
36,KMB,KIMBERLY-CLARK CORP,5061,05-17-2023
37,MU,MICRON TECHNOLOGY INC,11259,05-17-2023
38,SPB,SPECTRUM BRANDS HLDGS INC NEW COM,10259,05-17-2023
39,VECO,VEECO INSTRS INC DEL,32152,05-17-2023
40,VRSN,VERISIGN INC,3215,05-17-2023
41,VSH,VISHAY INTERTECHNOLOGY INC,30035,05-17-2023
42,AAPL,APPLE INC,4119,05-17-2023
43,ALL,ALLSTATE CORP,6131,05-17-2023
44,AMD,ADVANCED MICRO DEVICES INC,6931,05-17-2023
45,AVB,AVALONBAY CMNTYS INC,4042,05-17-2023
46,BR,BROADRIDGE FINL SOLUTIONS INC COM,4635,05-17-2023
47,EA,ELECTRONIC ARTS INC,5640,05-17-2023
48,ECL,ECOLAB INC,4104,05-17-2023
49,EPC,EDGEWELL PERS CARE CO,16015,05-17-2023
50,FISV,FISERV INC,6010,05-17-2023
51,ICE,INTERCONTINENTAL EXCHANGE INC COM,6514,05-17-2023
52,MA,MASTERCARD INCORPORATED,1869,05-17-2023
53,NVDA,NVIDIA CORPORATION,2445,05-17-2023
54,RMD,RESMED INC,3102,05-17-2023
55,SHLS,SHOALS TECHNOLOGIES GROUP INC CL A,29811,05-17-2023
56,SPGI,S&P Global Inc,1970,05-17-2023
57,TTWO,TAKE-TWO INTERACTIVE SOFTWARE COM,5694,05-17-2023
58,VTR,VENTAS INC,15672,05-17-2023
59,ARRY,ARRAY TECHNOLOGIES INC,31050,05-17-2023
60,AWR,AMER STATES WTR CO,7643,05-17-2023
61,BDX,BECTON DICKINSON & CO,2744,05-17-2023
62,CBOE,CBOE GLOBAL MKTS INC,5061,05-17-2023
63,CNA,CNA FINL CORP,17406,05-17-2023
64,CPT,CAMDEN PPTY TR,6480,05-17-2023
65,CRM,SALESFORCE INC,3401,05-17-2023
66,CTAS,CINTAS CORP,1468,05-17-2023
67,DXCM,DEXCOM INC,5848,05-17-2023
68,ENR,ENERGIZER HLDGS INC NEW,19578,05-17-2023
69,FLEX,FLEX LTD,29526,05-17-2023
70,HLT,HILTON WORLDWIDE HLDGS INC,4822,05-17-2023
71,HOLX,HOLOGIC INC,8418,05-17-2023
72,HPQ,HP INC,23148,05-17-2023
73,IONS,IONIS PHARMACEUTICALS INC,19009,05-17-2023
74,IRM,IRON MTN INC DEL,12840,05-17-2023
75,MAT,MATTEL INC,36903,05-17-2023
76,NOW,SERVICENOW INC,1461,05-17-2023
77,ON,ON SEMICONDUCTOR CORP,8253,05-17-2023
78,ORI,OLD REP INTL CORP,27208,05-17-2023
79,RMBS,RAMBUS INC DEL,13253,05-17-2023
80,V,VISA INC,3013,05-17-2023
81,WMS,ADVANCED DRAIN SYS INC DEL,8067,05-17-2023
82,WTM,WHITE MTNS INS GROUP LTD,493,05-17-2023
83,XRAY,DENTSPLY SIRONA INC,17296,05-17-2023
84,ALLY,ALLY FINL INC,26652,05-17-2023
85,AMAT,APPLIED MATLS INC,5531,05-17-2023
86,AMG,AFFILIATED MANAGERS GROUP INC COM,4770,05-17-2023
87,AWK,AMERICAN WTR WKS CO INC NEW,4638,05-17-2023
88,BKNG,BOOKING HOLDINGS INC,255,05-17-2023
89,CI,THE CIGNA GROUP,2659,05-17-2023
90,DRI,DARDEN RESTAURANTS INC,4378,05-17-2023
91,EQIX,EQUINIX INC,941,05-17-2023
92,ERIE,ERIE INDTY CO,2933,05-17-2023
93,FAF,FIRST AMERN FINL CORP,12206,05-17-2023
94,FL,FOOT LOCKER INC,17237,05-17-2023
95,FWONK,LIBERTY MEDIA CORP DEL,9079,05-17-2023
96,GPC,GENUINE PARTS CO,4060,05-17-2023
97,H,HYATT HOTELS CORP,6077,05-17-2023
98,HIG,HARTFORD FINL SVCS GROUP INC COM,9748,05-17-2023
99,IDXX,IDEXX LABS INC,1358,05-17-2023
100,IT,GARTNER INC,2085,05-17-2023
101,KR,KROGER CO,13761,05-17-2023
102,LOW,LOWES COS INC,3397,05-17-2023
103,NDAQ,NASDAQ INC,12426,05-17-2023
104,ORA,ORMAT TECHNOLOGIES INC,8014,05-17-2023
105,PDCO,PATTERSON COS INC,25379,05-17-2023
106,PSMT,PRICESMART INC,9504,05-17-2023
107,STKL,SUNOPTA INC,88665,05-17-2023
108,TMUS,T-MOBILE US INC,4690,05-17-2023
109,UDR,UDR INC,16546,05-17-2023
110,VMW,VMWARE INC,5442,05-17-2023
111,AAP,ADVANCE AUTO PARTS INC,5635,05-17-2023
112,AOS,SMITH A O CORP,9824,05-17-2023
113,APD,AIR PRODS & CHEMS INC,2365,05-17-2023
114,ARES,ARES MANAGEMENT CORPORATION,8142,05-17-2023
115,BCO,BRINKS CO,10170,05-17-2023
116,BDC,BELDEN INC,7830,05-17-2023
117,CDNS,CADENCE DESIGN SYSTEM INC,3233,05-17-2023
118,CWT,CALIFORNIA WTR SVC GROUP,11673,05-17-2023
119,DFS,DISCOVER FINL SVCS,6874,05-17-2023
120,DLB,DOLBY LABORATORIES INC,7953,05-17-2023
121,DOX,AMDOCS LTD,7075,05-17-2023
122,EBAY,EBAY INC.,15312,05-17-2023
123,FNF,FIDELITY NATIONAL FINANCIAL IN FNF GROUP COM,19450,05-17-2023
124,FSLR,FIRST SOLAR INC,3123,05-17-2023
125,GHC,GRAHAM HLDGS CO,1139,05-17-2023
126,IPG,INTERPUBLIC GROUP COS INC,18243,05-17-2023
127,IQV,IQVIA HLDGS INC,3416,05-17-2023
128,JBHT,HUNT J B TRANS SVCS INC,3871,05-17-2023
129,LKQ,LKQ CORP,11970,05-17-2023
130,LSTR,LANDSTAR SYS INC,3789,05-17-2023
131,NFLX,NETFLIX INC,1966,05-17-2023
132,NOVA,SUNNOVA ENERGY INTL INC.,43495,05-17-2023
133,OLED,UNIVERSAL DISPLAY CORP,4379,05-17-2023
134,OMC,OMNICOM GROUP INC,7201,05-17-2023
135,PAG,PENSKE AUTOMOTIVE GRP INC,4790,05-17-2023
136,PLD,PROLOGIS INC.,5445,05-17-2023
137,ROST,ROSS STORES INC,6401,05-17-2023
138,TFX,TELEFLEX INCORPORATED,2682,05-17-2023
139,TPR,TAPESTRY INC,15759,05-17-2023
140,TPX,TEMPUR SEALY INTERNATIONAL INC,17204,05-17-2023
141,TSCO,TRACTOR SUPPLY CO,2890,05-17-2023
142,AAON,AAON INC,7026,05-17-2023
143,ALNY,ALNYLAM PHARMACEUTICALS INC,3391,05-17-2023
144,AMT,AMERICAN TOWER CORP,3342,05-17-2023
145,ARW,ARROW ELECTRS INC,5441,05-17-2023
146,BW,BABCOCK & WILCOX ENTERPRISES I COM,112111,05-17-2023
147,CME,CME GROUP INC,3547,05-17-2023
148,DLR,DIGITAL RLTY TR INC,6910,05-17-2023
149,EXPE,EXPEDIA GROUP INC,7001,05-17-2023
150,FDS,FACTSET RESH SYS INC,1637,05-17-2023
151,FFIV,F5 INC,4663,05-17-2023
152,IBM,INTERNATIONAL BUSINESS MACHS COM,5182,05-17-2023
153,INTU,INTUIT,1523,05-17-2023
154,MORN,MORNINGSTAR INC,3346,05-17-2023
155,PRU,PRUDENTIAL FINL INC,8210,05-17-2023
156,PSA,PUBLIC STORAGE,2249,05-17-2023
157,PVH,PVH CORPORATION,7620,05-17-2023
158,REG,REGENCY CTRS CORP,11105,05-17-2023
159,RL,RALPH LAUREN CORP,5823,05-17-2023
160,SCHW,SCHWAB CHARLES CORP,12970,05-17-2023
161,SCI,SERVICE CORP INTL,9878,05-17-2023
162,TGNA,TEGNA INC,40176,05-17-2023
163,WAB,WABTEC,6722,05-17-2023
164,A,AGILENT TECHNOLOGIES INC,4911,05-17-2023
165,ADI,ANALOG DEVICES INC,3444,05-17-2023
166,ADSK,AUTODESK INC,3264,05-17-2023
167,AVT,AVNET INC,15031,05-17-2023
168,BC,BRUNSWICK CORP,8284,05-17-2023
169,CHS,CHICOS FAS INC,123526,05-17-2023
170,COTY,COTY INC,56334,05-17-2023
171,IVZ,INVESCO LTD,41426,05-17-2023
172,MD,PEDIATRIX MEDICAL GROUP INC,45566,05-17-2023
173,NYT,NEW YORK TIMES CO,17473,05-17-2023
174,PFE,PFIZER INC,16651,05-17-2023
175,PGR,PROGRESSIVE CORP,4748,05-17-2023
176,PKG,PACKAGING CORP AMER,4893,05-17-2023
177,SPLK,SPLUNK INC,7086,05-17-2023
178,THG,HANOVER INS GROUP INC,5286,05-17-2023
179,VZ,VERIZON COMMUNICATIONS INC,17469,05-17-2023
180,WLY,WILEY JOHN & SONS INC,17523,05-17-2023
181,WSM,WILLIAMS SONOMA INC,5584,05-17-2023
182,XRX,XEROX HOLDINGS CORP,44116,05-17-2023
183,ADBE,ADOBE SYSTEMS INCORPORATED,1762,05-17-2023
184,ASYS,AMTECH SYS INC,71215,05-17-2023
185,ATNI,ATN INTL INC,16603,05-17-2023
186,AXP,AMERICAN EXPRESS CO,4118,05-17-2023
187,BEN,FRANKLIN RESOURCES INC,25218,05-17-2023
188,CBT,CABOT CORP,8864,05-17-2023
189,CSCO,CISCO SYS INC,12996,05-17-2023
190,DXC,DXC TECHNOLOGY CO,26580,05-17-2023
191,GEN,GEN DIGITAL INC,39592,05-17-2023
192,INTC,INTEL CORP,20795,05-17-2023
193,LAND,GLADSTONE LD CORP,40805,05-17-2023
194,MTD,METTLER TOLEDO INTERNATIONAL COM,443,05-17-2023
195,PFG,PRINCIPAL FINANCIAL GROUP INC COM,9141,05-17-2023
196,QRVO,QORVO INC,6689,05-17-2023
197,SBAC,SBA COMMUNICATIONS CORP NEW,2602,05-17-2023
198,SIRI,SIRIUS XM HOLDINGS INC,171132,05-17-2023
199,TRMB,TRIMBLE INC,12960,05-17-2023
200,VFC,V F CORP,29655,05-17-2023
201,ZM,ZOOM VIDEO COMMUNICATIONS INC CL A,9201,05-17-2023
202,ALGN,ALIGN TECHNOLOGY INC,2032,05-17-2023
203,AMRC,AMERESCO INC,13802,05-17-2023
204,DE,DEERE & CO,1645,05-17-2023
205,GLW,CORNING INC,19257,05-17-2023
206,HASI,HANNON ARMSTRONG SUST INFR CAP COM,23755,05-17-2023
207,HRI,HERC HLDGS INC,5964,05-17-2023
208,ILMN,ILLUMINA INC,2921,05-17-2023
209,ODFL,OLD DOMINION FREIGHT LINE INC COM,1993,05-17-2023
210,SATS,ECHOSTAR CORP,37146,05-17-2023
211,TER,TERADYNE INC,6318,05-17-2023
212,UPS,UNITED PARCEL SERVICE INC,3502,05-17-2023
213,WAT,WATERS CORP,2194,05-17-2023
214,JNPR,JUNIPER NETWORKS INC,19738,05-17-2023
215,LAZ,LAZARD LTD,20519,05-17-2023
216,MAN,MANPOWERGROUP INC WIS,8232,05-17-2023
217,MBI,MBIA INC,73368,05-17-2023
218,RVTY,REVVITY INC,5097,05-17-2023
219,VIAV,VIAVI SOLUTIONS INC,62732,05-17-2023
220,WAFD,WASHINGTON FED INC,22556,05-17-2023
221,ZBRA,ZEBRA TECHNOLOGIES CORPORATION CL A,2136,05-17-2023
222,ANET,ARISTA NETWORKS INC,4047,05-17-2023
223,BLNK,BLINK CHARGING CO,78543,05-17-2023
224,CFFN,CAPITOL FED FINL INC,100950,05-17-2023
225,QCOM,QUALCOMM INC,5325,05-17-2023
226,WCC,WESCO INTL INC,4396,05-17-2023
227,AMAL,AMALGAMATED FINANCIAL CORP,38405,05-17-2023
228,ASB,ASSOCIATED BANC CORP,37786,05-17-2023
229,BIO,BIO RAD LABS INC,1417,05-17-2023
230,EL,LAUDER ESTEE COS INC,2756,05-17-2023
231,FCEL,FUELCELL ENERGY INC,238384,05-17-2023
232,MYGN,MYRIAD GENETICS INC,29246,05-17-2023
233,NTRS,NORTHERN TR CORP,7709,05-17-2023
234,PYPL,PAYPAL HLDGS INC,8946,05-17-2023
235,TPIC,TPI COMPOSITES INC,52060,05-17-2023
236,TRIP,TRIPADVISOR INC,34209,05-17-2023
237,TSLA,TESLA INC,3275,05-17-2023
238,AVNS,AVANOS MED INC,22844,05-17-2023
239,CHPT,CHARGEPOINT HOLDINGS INC,64890,05-17-2023
240,DDD,3-D SYS CORP DEL,63377,05-17-2023
241,ENPH,ENPHASE ENERGY INC,3230,05-17-2023
242,FULT,FULTON FINL CORP PA,49159,05-17-2023
243,MNTK,MONTAUK RENEWABLES INC,86327,05-17-2023
244,PBI,PITNEY BOWES INC,174652,05-17-2023
245,RUN,SUNRUN INC,33716,05-17-2023
246,EVGO,EVGO INC,87213,05-17-2023
247,MKTX,MARKETAXESS HLDGS INC,1736,05-17-2023
248,SABR,SABRE CORP,158367,05-17-2023
249,SPWR,SUNPOWER CORP,49088,05-17-2023
250,QS,QUANTUMSCAPE CORP,83055,05-17-2023
251,STEM,STEM INC,119823,05-17-2023
252,DISH,DISH NETWORK CORPORATION,72818,05-17-2023
253,BEEM,BEAM GLOBAL,42702,05-17-2023
254,BOH,BANK HAWAII CORP,13044,05-17-2023
255,PARA,PARAMOUNT GLOBAL,30452,05-17-2023
256,TDS,TELEPHONE & DATA SYS INC,64642,05-17-2023
257,BE,BLOOM ENERGY CORP,34089,05-17-2023
258,PLUG,PLUG POWER INC,57968,05-17-2023
259,Cash&Other,Cash & Other,993026,05-17-2023
