,Ticker,Name,Shares,Date
0,NVDA,NVIDIA CORPORATION,2321,01-26-2024
1,TDS,TELEPHONE & DATA SYS INC,63271,01-26-2024
2,AMD,ADVANCED MICRO DEVICES INC,6575,01-26-2024
3,LII,LENNOX INTL INC,2581,01-26-2024
4,WSM,WILLIAMS SONOMA INC,5372,01-26-2024
5,NOW,SERVICENOW INC,1388,01-26-2024
6,TOL,TOLL BROTHERS INC,10776,01-26-2024
7,ADBE,ADOBE INC,1672,01-26-2024
8,NFLX,NETFLIX INC,1865,01-26-2024
9,AKAM,AKAMAI TECHNOLOGIES INC,8230,01-26-2024
10,MBI,MBIA INC,159506,01-26-2024
11,SPLK,SPLUNK INC,6720,01-26-2024
12,ANET,ARISTA NETWORKS INC,3840,01-26-2024
13,EXPE,EXPEDIA GROUP INC,6642,01-26-2024
14,VECO,VEECO INSTRS INC DEL,30494,01-26-2024
15,WMS,ADVANCED DRAIN SYS INC DEL,7673,01-26-2024
16,INTC,INTEL CORP,19875,01-26-2024
17,KBH,KB HOME,16160,01-26-2024
18,ALLY,ALLY FINL INC,25891,01-26-2024
19,DLR,DIGITAL RLTY TR INC,6695,01-26-2024
20,IBM,INTERNATIONAL BUSINESS MACHS COM,5043,01-26-2024
21,MU,MICRON TECHNOLOGY INC,10715,01-26-2024
22,ALL,ALLSTATE CORP,5910,01-26-2024
23,AMAL,AMALGAMATED FINANCIAL CORP,36857,01-26-2024
24,ARES,ARES MANAGEMENT CORPORATION,7844,01-26-2024
25,ERIE,ERIE INDTY CO,2802,01-26-2024
26,FNF,FIDELITY NATIONAL FINANCIAL IN FNF GROUP COM,18886,01-26-2024
27,INTU,INTUIT,1450,01-26-2024
28,IONS,IONIS PHARMACEUTICALS INC,18029,01-26-2024
29,BR,BROADRIDGE FINL SOLUTIONS INC COM,4437,01-26-2024
30,CBOE,CBOE GLOBAL MKTS INC,4836,01-26-2024
31,IT,GARTNER INC,1980,01-26-2024
32,LEN,LENNAR CORP,6172,01-26-2024
33,RMBS,RAMBUS INC DEL,12570,01-26-2024
34,AMAT,APPLIED MATLS INC,5272,01-26-2024
35,CDNS,CADENCE DESIGN SYSTEM INC,3069,01-26-2024
36,CRM,SALESFORCE INC,3226,01-26-2024
37,GEN,GEN DIGITAL INC,38080,01-26-2024
38,TTWO,TAKE-TWO INTERACTIVE SOFTWARE COM,5402,01-26-2024
39,CMG,CHIPOTLE MEXICAN GRILL INC,379,01-26-2024
40,HLT,HILTON WORLDWIDE HLDGS INC,4584,01-26-2024
41,HUBB,HUBBELL INC,2671,01-26-2024
42,MORN,MORNINGSTAR INC,3183,01-26-2024
43,SIRI,SIRIUS XM HOLDINGS INC,164235,01-26-2024
44,VRTX,VERTEX PHARMACEUTICALS INC,2047,01-26-2024
45,BKNG,BOOKING HOLDINGS INC,245,01-26-2024
46,HRI,HERC HLDGS INC,5723,01-26-2024
47,ITRI,ITRON INC,11621,01-26-2024
48,PVH,PVH CORPORATION,7233,01-26-2024
49,ROST,ROSS STORES INC,6108,01-26-2024
50,IRM,IRON MTN INC DEL,12445,01-26-2024
51,OSIS,OSI SYSTEMS INC,6295,01-26-2024
52,PRU,PRUDENTIAL FINL INC,8020,01-26-2024
53,SPGI,S&P Global Inc,1879,01-26-2024
54,BOH,BANK HAWAII CORP,12754,01-26-2024
55,CPRT,COPART INC,17135,01-26-2024
56,CTAS,CINTAS CORP,1402,01-26-2024
57,RGA,REINSURANCE GRP OF AMERICA INC COM NEW,4912,01-26-2024
58,TPX,TEMPUR SEALY INTERNATIONAL INC,16409,01-26-2024
59,WAB,WABTEC,6399,01-26-2024
60,WLDN,WILLDAN GROUP INC,41250,01-26-2024
61,AJG,GALLAGHER ARTHUR J & CO,3387,01-26-2024
62,ASB,ASSOCIATED BANC CORP,36812,01-26-2024
63,BMI,BADGER METER INC,5310,01-26-2024
64,FFIV,F5 INC,4423,01-26-2024
65,GHC,GRAHAM HLDGS CO,1088,01-26-2024
66,HIG,HARTFORD FINL SVCS GROUP INC COM,9365,01-26-2024
67,LAZ,LAZARD INC,20456,01-26-2024
68,NYT,NEW YORK TIMES CO,16662,01-26-2024
69,PKG,PACKAGING CORP AMER,4726,01-26-2024
70,VRSK,VERISK ANALYTICS INC,3370,01-26-2024
71,BCO,BRINKS CO,9713,01-26-2024
72,FI,FISERV INC,5700,01-26-2024
73,ICE,INTERCONTINENTAL EXCHANGE INC COM,6227,01-26-2024
74,PGR,PROGRESSIVE CORP,4509,01-26-2024
75,QCOM,QUALCOMM INC,5123,01-26-2024
76,RL,RALPH LAUREN CORP,5593,01-26-2024
77,SCHW,SCHWAB CHARLES CORP,12419,01-26-2024
78,WELL,WELLTOWER INC,9129,01-26-2024
79,ADSK,AUTODESK INC,3096,01-26-2024
80,ECL,ECOLAB INC,3917,01-26-2024
81,FULT,FULTON FINL CORP PA,47823,01-26-2024
82,MA,MASTERCARD INCORPORATED,1778,01-26-2024
83,SPB,SPECTRUM BRANDS HLDGS INC NEW COM,9849,01-26-2024
84,UNM,UNUM GROUP,16556,01-26-2024
85,V,VISA INC,2871,01-26-2024
86,XRX,XEROX HOLDINGS CORP,43231,01-26-2024
87,AAPL,APPLE INC,3919,01-26-2024
88,AOS,SMITH A O CORP,9406,01-26-2024
89,CI,THE CIGNA GROUP,2548,01-26-2024
90,H,HYATT HOTELS CORP,5780,01-26-2024
91,JBHT,HUNT J B TRANS SVCS INC,3691,01-26-2024
92,TDC,TERADATA CORP DEL,15998,01-26-2024
93,AXP,AMERICAN EXPRESS CO,3927,01-26-2024
94,CNA,CNA FINL CORP,16876,01-26-2024
95,EA,ELECTRONIC ARTS INC,5368,01-26-2024
96,EQIX,EQUINIX INC,903,01-26-2024
97,FDS,FACTSET RESH SYS INC,1561,01-26-2024
98,MMC,MARSH & MCLENNAN COS INC,3890,01-26-2024
99,MRK,MERCK & CO INC,6144,01-26-2024
100,MSM,MSC INDL DIRECT INC,7761,01-26-2024
101,ODFL,OLD DOMINION FREIGHT LINE INC COM,1896,01-26-2024
102,OLED,UNIVERSAL DISPLAY CORP,4173,01-26-2024
103,PBI,PITNEY BOWES INC,170614,01-26-2024
104,PDCO,PATTERSON COS INC,24515,01-26-2024
105,WTM,WHITE MTNS INS GROUP LTD,468,01-26-2024
106,CHD,CHURCH & DWIGHT CO INC,7333,01-26-2024
107,ORI,OLD REP INTL CORP,26305,01-26-2024
108,STE,STERIS PLC,3388,01-26-2024
109,TMUS,T-MOBILE US INC,4463,01-26-2024
110,VTR,VENTAS INC,15168,01-26-2024
111,VZ,VERIZON COMMUNICATIONS INC,17024,01-26-2024
112,WCC,WESCO INTL INC,4190,01-26-2024
113,AAON,AAON INC,10023,01-26-2024
114,CME,CME GROUP INC,3463,01-26-2024
115,DXCM,DEXCOM INC,5547,01-26-2024
116,FAF,FIRST AMERN FINL CORP,11793,01-26-2024
117,JNPR,JUNIPER NETWORKS INC,19021,01-26-2024
118,LSTR,LANDSTAR SYS INC,3635,01-26-2024
119,PAG,PENSKE AUTOMOTIVE GRP INC,4590,01-26-2024
120,PFG,PRINCIPAL FINANCIAL GROUP INC COM,8834,01-26-2024
121,TRIP,TRIPADVISOR INC,32444,01-26-2024
122,AMG,AFFILIATED MANAGERS GROUP INC COM,4526,01-26-2024
123,AVB,AVALONBAY CMNTYS INC,3908,01-26-2024
124,AVT,AVNET INC,14454,01-26-2024
125,DFS,DISCOVER FINL SVCS,6625,01-26-2024
126,DRI,DARDEN RESTAURANTS INC,4205,01-26-2024
127,INGR,INGREDION INC,6433,01-26-2024
128,IQV,IQVIA HLDGS INC,3241,01-26-2024
129,LOW,LOWES COS INC,3259,01-26-2024
130,NDAQ,NASDAQ INC,11891,01-26-2024
131,PSMT,PRICESMART INC,9052,01-26-2024
132,REG,REGENCY CTRS CORP,10765,01-26-2024
133,VRE,VERIS RESIDENTIAL INC,44208,01-26-2024
134,BEN,FRANKLIN RESOURCES INC,24497,01-26-2024
135,HPQ,HP INC,22367,01-26-2024
136,IDXX,IDEXX LABS INC,1289,01-26-2024
137,QRVO,QORVO INC,6344,01-26-2024
138,SABR,SABRE CORP,150190,01-26-2024
139,THG,HANOVER INS GROUP INC,5091,01-26-2024
140,ADI,ANALOG DEVICES INC,3301,01-26-2024
141,AGIO,AGIOS PHARMACEUTICALS INC,28051,01-26-2024
142,AMT,AMERICAN TOWER CORP,3229,01-26-2024
143,BC,BRUNSWICK CORP,7941,01-26-2024
144,CSCO,CISCO SYS INC,12454,01-26-2024
145,FLEX,FLEX LTD,28002,01-26-2024
146,IVZ,INVESCO LTD,40865,01-26-2024
147,PLD,PROLOGIS INC.,5240,01-26-2024
148,SCI,SERVICE CORP INTL,9456,01-26-2024
149,TER,TERADYNE INC,6009,01-26-2024
150,WAFD,WAFD INC,21814,01-26-2024
151,WAT,WATERS CORP,2082,01-26-2024
152,BAX,BAXTER INTL INC,16133,01-26-2024
153,CFFN,CAPITOL FED FINL INC,98799,01-26-2024
154,COTY,COTY INC,53427,01-26-2024
155,DLB,DOLBY LABORATORIES INC,7598,01-26-2024
156,DOX,AMDOCS LTD,6809,01-26-2024
157,MAT,MATTEL INC,35000,01-26-2024
158,OMC,OMNICOM GROUP INC,6950,01-26-2024
159,PSA,PUBLIC STORAGE,2181,01-26-2024
160,TRMB,TRIMBLE INC,12291,01-26-2024
161,VSH,VISHAY INTERTECHNOLOGY INC,28719,01-26-2024
162,BDX,BECTON DICKINSON & CO,2624,01-26-2024
163,CBT,CABOT CORP,8507,01-26-2024
164,DE,DEERE & CO,1573,01-26-2024
165,EBAY,EBAY INC.,14702,01-26-2024
166,ENR,ENERGIZER HLDGS INC NEW,18922,01-26-2024
167,HAS,HASBRO INC,12332,01-26-2024
168,KR,KROGER CO,13215,01-26-2024
169,MNTK,MONTAUK RENEWABLES INC,81870,01-26-2024
170,MYGN,MYRIAD GENETICS INC,27737,01-26-2024
171,TECH,BIO-TECHNE CORP,8705,01-26-2024
172,TFX,TELEFLEX INCORPORATED,2553,01-26-2024
173,TGNA,TEGNA INC,38657,01-26-2024
174,TSCO,TRACTOR SUPPLY CO,2771,01-26-2024
175,VRSN,VERISIGN INC,3050,01-26-2024
176,A,AGILENT TECHNOLOGIES INC,4676,01-26-2024
177,ARW,ARROW ELECTRS INC,5161,01-26-2024
178,ATNI,ATN INTL INC,15951,01-26-2024
179,CPT,CAMDEN PPTY TR,6277,01-26-2024
180,MAN,MANPOWERGROUP INC WIS,8031,01-26-2024
181,NTRS,NORTHERN TR CORP,7463,01-26-2024
182,VIAV,VIAVI SOLUTIONS INC,59494,01-26-2024
183,WLY,WILEY JOHN & SONS INC,16982,01-26-2024
184,ALNY,ALNYLAM PHARMACEUTICALS INC,3217,01-26-2024
185,AMN,AMN HEALTHCARE SVCS INC,7767,01-26-2024
186,DXC,DXC TECHNOLOGY CO,25210,01-26-2024
187,EPC,EDGEWELL PERS CARE CO,15316,01-26-2024
188,FWONK,LIBERTY MEDIA CORP DEL,8611,01-26-2024
189,GO,GROCERY OUTLET HLDG CORP,22800,01-26-2024
190,HOLX,HOLOGIC INC,7986,01-26-2024
191,IPG,INTERPUBLIC GROUP COS INC,17641,01-26-2024
192,KMB,KIMBERLY-CLARK CORP,4896,01-26-2024
193,SBAC,SBA COMMUNICATIONS CORP NEW,2489,01-26-2024
194,TPR,TAPESTRY INC,15248,01-26-2024
195,UDR,UDR INC,15932,01-26-2024
196,XRAY,DENTSPLY SIRONA INC,16537,01-26-2024
197,ZM,ZOOM VIDEO COMMUNICATIONS INC CL A,8726,01-26-2024
198,EW,EDWARDS LIFESCIENCES CORP,7789,01-26-2024
199,GLW,CORNING INC,18615,01-26-2024
200,ON,ON SEMICONDUCTOR CORP,7827,01-26-2024
201,TSLA,TESLA INC,3107,01-26-2024
202,AWK,AMERICAN WTR WKS CO INC NEW,4447,01-26-2024
203,AWR,AMER STATES WTR CO,7324,01-26-2024
204,BDC,BELDEN INC,7435,01-26-2024
205,GPC,GENUINE PARTS CO,3905,01-26-2024
206,HASI,HANNON ARMSTRONG SUST INFR CAP COM,23333,01-26-2024
207,LAND,GLADSTONE LD CORP,39435,01-26-2024
208,LKQ,LKQ CORP,11485,01-26-2024
209,RMD,RESMED INC,2959,01-26-2024
210,UPS,UNITED PARCEL SERVICE INC,3392,01-26-2024
211,QS,QUANTUMSCAPE CORP,78768,01-26-2024
212,RVTY,REVVITY INC,4842,01-26-2024
213,ALGN,ALIGN TECHNOLOGY INC,1929,01-26-2024
214,CWT,CALIFORNIA WTR SVC GROUP,11188,01-26-2024
215,MTD,METTLER TOLEDO INTERNATIONAL COM,422,01-26-2024
216,ORA,ORMAT TECHNOLOGIES INC,7627,01-26-2024
217,PYPL,PAYPAL HLDGS INC,8486,01-26-2024
218,ZBRA,ZEBRA TECHNOLOGIES CORPORATION CL A,2027,01-26-2024
219,SATS,ECHOSTAR CORP,35228,01-26-2024
220,STKL,SUNOPTA INC,83618,01-26-2024
221,VFC,V F CORP,28844,01-26-2024
222,FL,FOOT LOCKER INC,16751,01-26-2024
223,HUM,HUMANA INC,1334,01-26-2024
224,MKTX,MARKETAXESS HLDGS INC,1658,01-26-2024
225,RUN,SUNRUN INC,31977,01-26-2024
226,FSLR,FIRST SOLAR INC,2963,01-26-2024
227,NOVA,SUNNOVA ENERGY INTL INC.,41250,01-26-2024
228,PFE,PFIZER INC,16187,01-26-2024
229,AVNS,AVANOS MED INC,21666,01-26-2024
230,BIO,BIO RAD LABS INC,1345,01-26-2024
231,MD,PEDIATRIX MEDICAL GROUP INC,43214,01-26-2024
232,BE,BLOOM ENERGY CORP,32329,01-26-2024
233,PARA,PARAMOUNT GLOBAL,29082,01-26-2024
234,ARRY,ARRAY TECHNOLOGIES INC,29448,01-26-2024
235,ILMN,ILLUMINA INC,2771,01-26-2024
236,SHLS,SHOALS TECHNOLOGIES GROUP INC CL A,28273,01-26-2024
237,STEM,STEM INC,113636,01-26-2024
238,AAP,ADVANCE AUTO PARTS INC,5376,01-26-2024
239,ALTM,ARCADIUM LITHIUM PLC,71371,01-26-2024
240,EL,LAUDER ESTEE COS INC,2638,01-26-2024
241,ENPH,ENPHASE ENERGY INC,3066,01-26-2024
242,AMRC,AMERESCO INC,13092,01-26-2024
243,ASYS,AMTECH SYS INC,67538,01-26-2024
244,DDD,3-D SYS CORP DEL,60104,01-26-2024
245,FCEL,FUELCELL ENERGY INC,226075,01-26-2024
246,BEEM,BEAM GLOBAL,40499,01-26-2024
247,EVGO,EVGO INC,82711,01-26-2024
248,NXT,NEXTRACKER INC,4877,01-26-2024
249,PLUG,PLUG POWER INC,54976,01-26-2024
250,BLNK,BLINK CHARGING CO,74489,01-26-2024
251,SPWR,SUNPOWER CORP,46555,01-26-2024
252,BW,BABCOCK & WILCOX ENTERPRISES I COM,106323,01-26-2024
253,TPIC,TPI COMPOSITES INC,49373,01-26-2024
254,CHPT,CHARGEPOINT HOLDINGS INC,61540,01-26-2024
255,BATRK,ATLANTA BRAVES HLDGS INC,251,01-26-2024
256,LLYVK,LIBERTY MEDIA CORP DEL,370,01-26-2024
257,Cash&Other,Cash & Other,758168,01-26-2024
