,Ticker,Name,Shares,Date
0,LII,LENNOX INTL INC,2652,12-15-2023
1,TDS,TELEPHONE & DATA SYS INC,64684,12-15-2023
2,NVDA,NVIDIA CORPORATION,2388,12-15-2023
3,TOL,TOLL BROTHERS INC,11093,12-15-2023
4,WSM,WILLIAMS SONOMA INC,5529,12-15-2023
5,WMS,ADVANCED DRAIN SYS INC DEL,7891,12-15-2023
6,KBH,KB HOME,16635,12-15-2023
7,SPLK,SPLUNK INC,6919,12-15-2023
8,ADBE,ADOBE INC,1721,12-15-2023
9,AKAM,AKAMAI TECHNOLOGIES INC,8471,12-15-2023
10,EXPE,EXPEDIA GROUP INC,6836,12-15-2023
11,MBI,MBIA INC,71630,12-15-2023
12,AMAL,AMALGAMATED FINANCIAL CORP,37942,12-15-2023
13,LEN,LENNAR CORP,6354,12-15-2023
14,BOH,BANK HAWAII CORP,13015,12-15-2023
15,NOW,SERVICENOW INC,1428,12-15-2023
16,VECO,VEECO INSTRS INC DEL,31391,12-15-2023
17,SIRI,SIRIUS XM HOLDINGS INC,169073,12-15-2023
18,AMD,ADVANCED MICRO DEVICES INC,6768,12-15-2023
19,FNF,FIDELITY NATIONAL FINANCIAL IN FNF GROUP COM,19306,12-15-2023
20,MORN,MORNINGSTAR INC,3276,12-15-2023
21,ALLY,ALLY FINL INC,26654,12-15-2023
22,ANET,ARISTA NETWORKS INC,3952,12-15-2023
23,ARES,ARES MANAGEMENT CORPORATION,8037,12-15-2023
24,CHS,CHICOS FAS INC,120598,12-15-2023
25,DLR,DIGITAL RLTY TR INC,6849,12-15-2023
26,ERIE,ERIE INDTY CO,2884,12-15-2023
27,INTC,INTEL CORP,20460,12-15-2023
28,IONS,IONIS PHARMACEUTICALS INC,18559,12-15-2023
29,IT,GARTNER INC,2037,12-15-2023
30,ITRI,ITRON INC,11962,12-15-2023
31,TTWO,TAKE-TWO INTERACTIVE SOFTWARE COM,5560,12-15-2023
32,GEN,GEN DIGITAL INC,39203,12-15-2023
33,HUBB,HUBBELL INC,2741,12-15-2023
34,INTU,INTUIT,1492,12-15-2023
35,MU,MICRON TECHNOLOGY INC,11021,12-15-2023
36,NFLX,NETFLIX INC,1920,12-15-2023
37,RMBS,RAMBUS INC DEL,12940,12-15-2023
38,SCHW,SCHWAB CHARLES CORP,12785,12-15-2023
39,WLDN,WILLDAN GROUP INC,42464,12-15-2023
40,AMAT,APPLIED MATLS INC,5418,12-15-2023
41,BCO,BRINKS CO,9998,12-15-2023
42,BR,BROADRIDGE FINL SOLUTIONS INC COM,4554,12-15-2023
43,CMG,CHIPOTLE MEXICAN GRILL INC,389,12-15-2023
44,BKNG,BOOKING HOLDINGS INC,251,12-15-2023
45,BMI,BADGER METER INC,5458,12-15-2023
46,CBOE,CBOE GLOBAL MKTS INC,4967,12-15-2023
47,CPRT,COPART INC,17639,12-15-2023
48,HRI,HERC HLDGS INC,5870,12-15-2023
49,IRM,IRON MTN INC DEL,12726,12-15-2023
50,PRU,PRUDENTIAL FINL INC,8256,12-15-2023
51,PVH,PVH CORPORATION,7445,12-15-2023
52,VRTX,VERTEX PHARMACEUTICALS INC,2106,12-15-2023
53,WELL,WELLTOWER INC,9397,12-15-2023
54,ALL,ALLSTATE CORP,6057,12-15-2023
55,CDNS,CADENCE DESIGN SYSTEM INC,3158,12-15-2023
56,CRM,SALESFORCE INC,3320,12-15-2023
57,IBM,INTERNATIONAL BUSINESS MACHS COM,5190,12-15-2023
58,OSIS,OSI SYSTEMS INC,6480,12-15-2023
59,ROST,ROSS STORES INC,6276,12-15-2023
60,SPGI,S&P Global Inc,1931,12-15-2023
61,TPX,TEMPUR SEALY INTERNATIONAL INC,16893,12-15-2023
62,FLEX,FLEX LTD,28827,12-15-2023
63,HLT,HILTON WORLDWIDE HLDGS INC,4719,12-15-2023
64,ASB,ASSOCIATED BANC CORP,37568,12-15-2023
65,CTAS,CINTAS CORP,1442,12-15-2023
66,FFIV,F5 INC,4554,12-15-2023
67,FULT,FULTON FINL CORP PA,48886,12-15-2023
68,MSM,MSC INDL DIRECT INC,7989,12-15-2023
69,PKG,PACKAGING CORP AMER,4838,12-15-2023
70,RGA,REINSURANCE GRP OF AMERICA INC COM NEW,5055,12-15-2023
71,RL,RALPH LAUREN CORP,5737,12-15-2023
72,TSLA,TESLA INC,3198,12-15-2023
73,VRSK,VERISK ANALYTICS INC,3465,12-15-2023
74,WAB,WABTEC,6586,12-15-2023
75,AAPL,APPLE INC,4034,12-15-2023
76,AJG,GALLAGHER ARTHUR J & CO,3480,12-15-2023
77,ECL,ECOLAB INC,4025,12-15-2023
78,FI,FISERV INC,5869,12-15-2023
79,ICE,INTERCONTINENTAL EXCHANGE INC COM,6394,12-15-2023
80,NYT,NEW YORK TIMES CO,17125,12-15-2023
81,OLED,UNIVERSAL DISPLAY CORP,4290,12-15-2023
82,ORI,OLD REP INTL CORP,26922,12-15-2023
83,SPB,SPECTRUM BRANDS HLDGS INC NEW COM,10094,12-15-2023
84,VTR,VENTAS INC,15519,12-15-2023
85,ADSK,AUTODESK INC,3187,12-15-2023
86,AOS,SMITH A O CORP,9682,12-15-2023
87,AVB,AVALONBAY CMNTYS INC,3999,12-15-2023
88,BC,BRUNSWICK CORP,8176,12-15-2023
89,CI,THE CIGNA GROUP,2613,12-15-2023
90,EA,ELECTRONIC ARTS INC,5519,12-15-2023
91,FAF,FIRST AMERN FINL CORP,12068,12-15-2023
92,H,HYATT HOTELS CORP,5950,12-15-2023
93,HIG,HARTFORD FINL SVCS GROUP INC COM,9599,12-15-2023
94,IQV,IQVIA HLDGS INC,3335,12-15-2023
95,JBHT,HUNT J B TRANS SVCS INC,3799,12-15-2023
96,MA,MASTERCARD INCORPORATED,1830,12-15-2023
97,MMC,MARSH & MCLENNAN COS INC,4004,12-15-2023
98,PAG,PENSKE AUTOMOTIVE GRP INC,4725,12-15-2023
99,PBI,PITNEY BOWES INC,175637,12-15-2023
100,V,VISA INC,2955,12-15-2023
101,WCC,WESCO INTL INC,4306,12-15-2023
102,XRX,XEROX HOLDINGS CORP,44093,12-15-2023
103,EQIX,EQUINIX INC,930,12-15-2023
104,GHC,GRAHAM HLDGS CO,1121,12-15-2023
105,LOW,LOWES COS INC,3354,12-15-2023
106,MNTK,MONTAUK RENEWABLES INC,84282,12-15-2023
107,ODFL,OLD DOMINION FREIGHT LINE INC COM,1950,12-15-2023
108,REG,REGENCY CTRS CORP,11002,12-15-2023
109,UNM,UNUM GROUP,17042,12-15-2023
110,AAON,AAON INC,10308,12-15-2023
111,AVT,AVNET INC,14810,12-15-2023
112,BEN,FRANKLIN RESOURCES INC,25033,12-15-2023
113,CME,CME GROUP INC,3492,12-15-2023
114,DFS,DISCOVER FINL SVCS,6819,12-15-2023
115,FDS,FACTSET RESH SYS INC,1604,12-15-2023
116,IDXX,IDEXX LABS INC,1326,12-15-2023
117,IVZ,INVESCO LTD,42068,12-15-2023
118,LAZ,LAZARD LTD,21058,12-15-2023
119,PLD,PROLOGIS INC.,5369,12-15-2023
120,QCOM,QUALCOMM INC,5251,12-15-2023
121,QRVO,QORVO INC,6531,12-15-2023
122,STE,STERIS PLC,3487,12-15-2023
123,AMG,AFFILIATED MANAGERS GROUP INC COM,4659,12-15-2023
124,AXP,AMERICAN EXPRESS CO,4043,12-15-2023
125,CBT,CABOT CORP,8725,12-15-2023
126,CNA,CNA FINL CORP,17372,12-15-2023
127,HPQ,HP INC,22879,12-15-2023
128,INGR,INGREDION INC,6589,12-15-2023
129,PFG,PRINCIPAL FINANCIAL GROUP INC COM,9038,12-15-2023
130,PGR,PROGRESSIVE CORP,4642,12-15-2023
131,TMUS,T-MOBILE US INC,4580,12-15-2023
132,VSH,VISHAY INTERTECHNOLOGY INC,29476,12-15-2023
133,WAFD,WAFD INC,22309,12-15-2023
134,AMT,AMERICAN TOWER CORP,3305,12-15-2023
135,CHD,CHURCH & DWIGHT CO INC,7548,12-15-2023
136,COTY,COTY INC,54999,12-15-2023
137,DLB,DOLBY LABORATORIES INC,7802,12-15-2023
138,DRI,DARDEN RESTAURANTS INC,4328,12-15-2023
139,DXCM,DEXCOM INC,5710,12-15-2023
140,HASI,HANNON ARMSTRONG SUST INFR CAP COM,23786,12-15-2023
141,LSTR,LANDSTAR SYS INC,3714,12-15-2023
142,ON,ON SEMICONDUCTOR CORP,8058,12-15-2023
143,PDCO,PATTERSON COS INC,25237,12-15-2023
144,TDC,TERADATA CORP DEL,16467,12-15-2023
145,VRE,VERIS RESIDENTIAL INC,45403,12-15-2023
146,WTM,WHITE MTNS INS GROUP LTD,482,12-15-2023
147,ADI,ANALOG DEVICES INC,3386,12-15-2023
148,AGIO,AGIOS PHARMACEUTICALS INC,28877,12-15-2023
149,GO,GROCERY OUTLET HLDG CORP,23472,12-15-2023
150,MAT,MATTEL INC,36030,12-15-2023
151,NDAQ,NASDAQ INC,12207,12-15-2023
152,PSMT,PRICESMART INC,9318,12-15-2023
153,SABR,SABRE CORP,154613,12-15-2023
154,TECH,BIO-TECHNE CORP,8962,12-15-2023
155,TFX,TELEFLEX INCORPORATED,2628,12-15-2023
156,WAT,WATERS CORP,2143,12-15-2023
157,A,AGILENT TECHNOLOGIES INC,4809,12-15-2023
158,ARW,ARROW ELECTRS INC,5312,12-15-2023
159,CFFN,CAPITOL FED FINL INC,101708,12-15-2023
160,MRK,MERCK & CO INC,6294,12-15-2023
161,NTRS,NORTHERN TR CORP,7632,12-15-2023
162,SCI,SERVICE CORP INTL,9703,12-15-2023
163,TRMB,TRIMBLE INC,12654,12-15-2023
164,VRSN,VERISIGN INC,3139,12-15-2023
165,VZ,VERIZON COMMUNICATIONS INC,17525,12-15-2023
166,BAX,BAXTER INTL INC,16515,12-15-2023
167,BDX,BECTON DICKINSON & CO,2694,12-15-2023
168,CPT,CAMDEN PPTY TR,6415,12-15-2023
169,DXC,DXC TECHNOLOGY CO,25950,12-15-2023
170,EBAY,EBAY INC.,15068,12-15-2023
171,HAS,HASBRO INC,12694,12-15-2023
172,HUM,HUMANA INC,1371,12-15-2023
173,MAN,MANPOWERGROUP INC WIS,8154,12-15-2023
174,PSA,PUBLIC STORAGE,2229,12-15-2023
175,SBAC,SBA COMMUNICATIONS CORP NEW,2562,12-15-2023
176,TER,TERADYNE INC,6179,12-15-2023
177,THG,HANOVER INS GROUP INC,5215,12-15-2023
178,TRIP,TRIPADVISOR INC,33398,12-15-2023
179,TSCO,TRACTOR SUPPLY CO,2841,12-15-2023
180,ZM,ZOOM VIDEO COMMUNICATIONS INC CL A,8983,12-15-2023
181,ALNY,ALNYLAM PHARMACEUTICALS INC,3311,12-15-2023
182,AWR,AMER STATES WTR CO,7540,12-15-2023
183,CSCO,CISCO SYS INC,12820,12-15-2023
184,CWT,CALIFORNIA WTR SVC GROUP,11516,12-15-2023
185,DE,DEERE & CO,1614,12-15-2023
186,ENR,ENERGIZER HLDGS INC NEW,19347,12-15-2023
187,EW,EDWARDS LIFESCIENCES CORP,8018,12-15-2023
188,QS,QUANTUMSCAPE CORP,81087,12-15-2023
189,UDR,UDR INC,16400,12-15-2023
190,AWK,AMERICAN WTR WKS CO INC NEW,4578,12-15-2023
191,DOX,AMDOCS LTD,6974,12-15-2023
192,KMB,KIMBERLY-CLARK CORP,5006,12-15-2023
193,MYGN,MYRIAD GENETICS INC,28554,12-15-2023
194,OMC,OMNICOM GROUP INC,7114,12-15-2023
195,TGNA,TEGNA INC,39584,12-15-2023
196,VFC,V F CORP,29589,12-15-2023
197,ARRY,ARRAY TECHNOLOGIES INC,30315,12-15-2023
198,BDC,BELDEN INC,7651,12-15-2023
199,EPC,EDGEWELL PERS CARE CO,15720,12-15-2023
200,GLW,CORNING INC,19162,12-15-2023
201,HOLX,HOLOGIC INC,8220,12-15-2023
202,IPG,INTERPUBLIC GROUP COS INC,18031,12-15-2023
203,KR,KROGER CO,13604,12-15-2023
204,LAND,GLADSTONE LD CORP,40507,12-15-2023
205,NOVA,SUNNOVA ENERGY INTL INC.,42464,12-15-2023
206,ORA,ORMAT TECHNOLOGIES INC,7852,12-15-2023
207,RUN,SUNRUN INC,32918,12-15-2023
208,VIAV,VIAVI SOLUTIONS INC,61246,12-15-2023
209,XRAY,DENTSPLY SIRONA INC,16977,12-15-2023
210,AMN,AMN HEALTHCARE SVCS INC,7995,12-15-2023
211,FWONK,LIBERTY MEDIA CORP DEL,8864,12-15-2023
212,JNPR,JUNIPER NETWORKS INC,19473,12-15-2023
213,TPR,TAPESTRY INC,15578,12-15-2023
214,UPS,UNITED PARCEL SERVICE INC,3493,12-15-2023
215,WLY,WILEY JOHN & SONS INC,17354,12-15-2023
216,ZBRA,ZEBRA TECHNOLOGIES CORPORATION CL A,2086,12-15-2023
217,ATNI,ATN INTL INC,16352,12-15-2023
218,GPC,GENUINE PARTS CO,4000,12-15-2023
219,LKQ,LKQ CORP,11823,12-15-2023
220,FL,FOOT LOCKER INC,17243,12-15-2023
221,LTHM,LIVENT CORP,30539,12-15-2023
222,MTD,METTLER TOLEDO INTERNATIONAL COM,434,12-15-2023
223,PYPL,PAYPAL HLDGS INC,8735,12-15-2023
224,RMD,RESMED INC,3045,12-15-2023
225,ALGN,ALIGN TECHNOLOGY INC,1985,12-15-2023
226,AMRC,AMERESCO INC,13476,12-15-2023
227,AVNS,AVANOS MED INC,22304,12-15-2023
228,PARA,PARAMOUNT GLOBAL,29872,12-15-2023
229,RVTY,REVVITY INC,4984,12-15-2023
230,SATS,ECHOSTAR CORP,36266,12-15-2023
231,BE,BLOOM ENERGY CORP,33281,12-15-2023
232,FSLR,FIRST SOLAR INC,3050,12-15-2023
233,MKTX,MARKETAXESS HLDGS INC,1706,12-15-2023
234,STEM,STEM INC,116982,12-15-2023
235,SHLS,SHOALS TECHNOLOGIES GROUP INC CL A,29105,12-15-2023
236,BIO,BIO RAD LABS INC,1386,12-15-2023
237,PFE,PFIZER INC,16663,12-15-2023
238,STKL,SUNOPTA INC,86564,12-15-2023
239,MD,PEDIATRIX MEDICAL GROUP INC,44486,12-15-2023
240,DDD,3-D SYS CORP DEL,61874,12-15-2023
241,EL,LAUDER ESTEE COS INC,2706,12-15-2023
242,ENPH,ENPHASE ENERGY INC,3155,12-15-2023
243,FCEL,FUELCELL ENERGY INC,232733,12-15-2023
244,ILMN,ILLUMINA INC,2852,12-15-2023
245,AAP,ADVANCE AUTO PARTS INC,5535,12-15-2023
246,DISH,DISH NETWORK CORPORATION,71092,12-15-2023
247,EVGO,EVGO INC,85146,12-15-2023
248,ASYS,AMTECH SYS INC,69527,12-15-2023
249,SPWR,SUNPOWER CORP,47926,12-15-2023
250,BEEM,BEAM GLOBAL,41691,12-15-2023
251,PLUG,PLUG POWER INC,56595,12-15-2023
252,BLNK,BLINK CHARGING CO,76682,12-15-2023
253,BW,BABCOCK & WILCOX ENTERPRISES I COM,109454,12-15-2023
254,CHPT,CHARGEPOINT HOLDINGS INC,63352,12-15-2023
255,TPIC,TPI COMPOSITES INC,50827,12-15-2023
256,BATRK,ATLANTA BRAVES HLDGS INC,258,12-15-2023
257,LLYVK,LIBERTY MEDIA CORP DEL,380,12-15-2023
258,Cash&Other,Cash & Other,1432084,12-15-2023
