,Ticker,Name,Shares,Date
0,TDS,TELEPHONE & DATA SYS INC,65247,01-05-2024
1,LII,LENNOX INTL INC,2661,01-05-2024
2,NVDA,NVIDIA CORPORATION,2393,01-05-2024
3,TOL,TOLL BROTHERS INC,11112,01-05-2024
4,WSM,WILLIAMS SONOMA INC,5538,01-05-2024
5,SPLK,SPLUNK INC,6930,01-05-2024
6,KBH,KB HOME,16664,01-05-2024
7,WMS,ADVANCED DRAIN SYS INC DEL,7911,01-05-2024
8,EXPE,EXPEDIA GROUP INC,6848,01-05-2024
9,ADBE,ADOBE INC,1724,01-05-2024
10,AKAM,AKAMAI TECHNOLOGIES INC,8486,01-05-2024
11,AMAL,AMALGAMATED FINANCIAL CORP,38007,01-05-2024
12,ERIE,ERIE INDTY CO,2888,01-05-2024
13,INTC,INTEL CORP,20495,01-05-2024
14,IONS,IONIS PHARMACEUTICALS INC,18591,01-05-2024
15,NOW,SERVICENOW INC,1430,01-05-2024
16,ARES,ARES MANAGEMENT CORPORATION,8088,01-05-2024
17,AMD,ADVANCED MICRO DEVICES INC,6779,01-05-2024
18,BOH,BANK HAWAII CORP,13152,01-05-2024
19,FNF,FIDELITY NATIONAL FINANCIAL IN FNF GROUP COM,19476,01-05-2024
20,LEN,LENNAR CORP,6364,01-05-2024
21,MBI,MBIA INC,164490,01-05-2024
22,SIRI,SIRIUS XM HOLDINGS INC,169367,01-05-2024
23,ALL,ALLSTATE CORP,6094,01-05-2024
24,ALLY,ALLY FINL INC,26699,01-05-2024
25,ANET,ARISTA NETWORKS INC,3958,01-05-2024
26,BR,BROADRIDGE FINL SOLUTIONS INC COM,4575,01-05-2024
27,DLR,DIGITAL RLTY TR INC,6903,01-05-2024
28,MU,MICRON TECHNOLOGY INC,11049,01-05-2024
29,NFLX,NETFLIX INC,1923,01-05-2024
30,VECO,VEECO INSTRS INC DEL,31446,01-05-2024
31,MORN,MORNINGSTAR INC,3281,01-05-2024
32,TTWO,TAKE-TWO INTERACTIVE SOFTWARE COM,5570,01-05-2024
33,CBOE,CBOE GLOBAL MKTS INC,4986,01-05-2024
34,GEN,GEN DIGITAL INC,39270,01-05-2024
35,HUBB,HUBBELL INC,2753,01-05-2024
36,INTU,INTUIT,1494,01-05-2024
37,IT,GARTNER INC,2040,01-05-2024
38,PVH,PVH CORPORATION,7459,01-05-2024
39,VRTX,VERTEX PHARMACEUTICALS INC,2109,01-05-2024
40,BKNG,BOOKING HOLDINGS INC,251,01-05-2024
41,CMG,CHIPOTLE MEXICAN GRILL INC,389,01-05-2024
42,IRM,IRON MTN INC DEL,12833,01-05-2024
43,ITRI,ITRON INC,11983,01-05-2024
44,PRU,PRUDENTIAL FINL INC,8270,01-05-2024
45,ROST,ROSS STORES INC,6298,01-05-2024
46,SCHW,SCHWAB CHARLES CORP,12807,01-05-2024
47,WLDN,WILLDAN GROUP INC,42538,01-05-2024
48,BCO,BRINKS CO,10015,01-05-2024
49,BMI,BADGER METER INC,5474,01-05-2024
50,CRM,SALESFORCE INC,3326,01-05-2024
51,CTAS,CINTAS CORP,1444,01-05-2024
52,HLT,HILTON WORLDWIDE HLDGS INC,4726,01-05-2024
53,HRI,HERC HLDGS INC,5901,01-05-2024
54,IBM,INTERNATIONAL BUSINESS MACHS COM,5199,01-05-2024
55,RGA,REINSURANCE GRP OF AMERICA INC COM NEW,5064,01-05-2024
56,SPGI,S&P Global Inc,1937,01-05-2024
57,WELL,WELLTOWER INC,9413,01-05-2024
58,AMAT,APPLIED MATLS INC,5436,01-05-2024
59,CPRT,COPART INC,17669,01-05-2024
60,OSIS,OSI SYSTEMS INC,6491,01-05-2024
61,RL,RALPH LAUREN CORP,5767,01-05-2024
62,RMBS,RAMBUS INC DEL,12962,01-05-2024
63,VRSK,VERISK ANALYTICS INC,3474,01-05-2024
64,WAB,WABTEC,6597,01-05-2024
65,ASB,ASSOCIATED BANC CORP,37962,01-05-2024
66,CDNS,CADENCE DESIGN SYSTEM INC,3163,01-05-2024
67,CI,THE CIGNA GROUP,2626,01-05-2024
68,ICE,INTERCONTINENTAL EXCHANGE INC COM,6421,01-05-2024
69,NYT,NEW YORK TIMES CO,17182,01-05-2024
70,ORI,OLD REP INTL CORP,27127,01-05-2024
71,PKG,PACKAGING CORP AMER,4872,01-05-2024
72,TPX,TEMPUR SEALY INTERNATIONAL INC,16921,01-05-2024
73,AJG,GALLAGHER ARTHUR J & CO,3491,01-05-2024
74,ECL,ECOLAB INC,4039,01-05-2024
75,FFIV,F5 INC,4561,01-05-2024
76,FI,FISERV INC,5878,01-05-2024
77,FULT,FULTON FINL CORP PA,49317,01-05-2024
78,HIG,HARTFORD FINL SVCS GROUP INC COM,9657,01-05-2024
79,LAZ,LAZARD INC,21094,01-05-2024
80,MSM,MSC INDL DIRECT INC,8003,01-05-2024
81,UNM,UNUM GROUP,17072,01-05-2024
82,AAON,AAON INC,10335,01-05-2024
83,AOS,SMITH A O CORP,9698,01-05-2024
84,GHC,GRAHAM HLDGS CO,1122,01-05-2024
85,MA,MASTERCARD INCORPORATED,1832,01-05-2024
86,MMC,MARSH & MCLENNAN COS INC,4010,01-05-2024
87,ODFL,OLD DOMINION FREIGHT LINE INC COM,1954,01-05-2024
88,PGR,PROGRESSIVE CORP,4649,01-05-2024
89,SPB,SPECTRUM BRANDS HLDGS INC NEW COM,10155,01-05-2024
90,TSLA,TESLA INC,3203,01-05-2024
91,V,VISA INC,2959,01-05-2024
92,VTR,VENTAS INC,15642,01-05-2024
93,AXP,AMERICAN EXPRESS CO,4049,01-05-2024
94,CNA,CNA FINL CORP,17402,01-05-2024
95,DFS,DISCOVER FINL SVCS,6831,01-05-2024
96,EA,ELECTRONIC ARTS INC,5534,01-05-2024
97,EQIX,EQUINIX INC,931,01-05-2024
98,FAF,FIRST AMERN FINL CORP,12161,01-05-2024
99,H,HYATT HOTELS CORP,5960,01-05-2024
100,MRK,MERCK & CO INC,6336,01-05-2024
101,OLED,UNIVERSAL DISPLAY CORP,4303,01-05-2024
102,QS,QUANTUMSCAPE CORP,81228,01-05-2024
103,STE,STERIS PLC,3492,01-05-2024
104,TMUS,T-MOBILE US INC,4601,01-05-2024
105,AAPL,APPLE INC,4041,01-05-2024
106,ADSK,AUTODESK INC,3192,01-05-2024
107,AVB,AVALONBAY CMNTYS INC,4030,01-05-2024
108,BC,BRUNSWICK CORP,8189,01-05-2024
109,CME,CME GROUP INC,3571,01-05-2024
110,FDS,FACTSET RESH SYS INC,1609,01-05-2024
111,IQV,IQVIA HLDGS INC,3341,01-05-2024
112,IVZ,INVESCO LTD,42141,01-05-2024
113,PBI,PITNEY BOWES INC,175944,01-05-2024
114,PDCO,PATTERSON COS INC,25281,01-05-2024
115,PFG,PRINCIPAL FINANCIAL GROUP INC COM,9110,01-05-2024
116,REG,REGENCY CTRS CORP,11101,01-05-2024
117,WCC,WESCO INTL INC,4320,01-05-2024
118,WTM,WHITE MTNS INS GROUP LTD,482,01-05-2024
119,XRX,XEROX HOLDINGS CORP,44581,01-05-2024
120,AMT,AMERICAN TOWER CORP,3329,01-05-2024
121,AVT,AVNET INC,14904,01-05-2024
122,BEN,FRANKLIN RESOURCES INC,25261,01-05-2024
123,CHD,CHURCH & DWIGHT CO INC,7561,01-05-2024
124,IDXX,IDEXX LABS INC,1329,01-05-2024
125,INGR,INGREDION INC,6633,01-05-2024
126,JBHT,HUNT J B TRANS SVCS INC,3805,01-05-2024
127,LOW,LOWES COS INC,3359,01-05-2024
128,MNTK,MONTAUK RENEWABLES INC,84428,01-05-2024
129,PAG,PENSKE AUTOMOTIVE GRP INC,4732,01-05-2024
130,QCOM,QUALCOMM INC,5283,01-05-2024
131,TRIP,TRIPADVISOR INC,33456,01-05-2024
132,AMG,AFFILIATED MANAGERS GROUP INC COM,4666,01-05-2024
133,DRI,DARDEN RESTAURANTS INC,4335,01-05-2024
134,DXCM,DEXCOM INC,5719,01-05-2024
135,LSTR,LANDSTAR SYS INC,3747,01-05-2024
136,NDAQ,NASDAQ INC,12261,01-05-2024
137,PLD,PROLOGIS INC.,5402,01-05-2024
138,TDC,TERADATA CORP DEL,16496,01-05-2024
139,VZ,VERIZON COMMUNICATIONS INC,17555,01-05-2024
140,WAFD,WAFD INC,22494,01-05-2024
141,AGIO,AGIOS PHARMACEUTICALS INC,28927,01-05-2024
142,CBT,CABOT CORP,8771,01-05-2024
143,FLEX,FLEX LTD,28876,01-05-2024
144,HPQ,HP INC,23065,01-05-2024
145,PSA,PUBLIC STORAGE,2249,01-05-2024
146,PSMT,PRICESMART INC,9334,01-05-2024
147,QRVO,QORVO INC,6542,01-05-2024
148,VRE,VERIS RESIDENTIAL INC,45588,01-05-2024
149,VSH,VISHAY INTERTECHNOLOGY INC,29615,01-05-2024
150,BDX,BECTON DICKINSON & CO,2705,01-05-2024
151,DLB,DOLBY LABORATORIES INC,7834,01-05-2024
152,MAT,MATTEL INC,36092,01-05-2024
153,SABR,SABRE CORP,154882,01-05-2024
154,SCI,SERVICE CORP INTL,9750,01-05-2024
155,WAT,WATERS CORP,2146,01-05-2024
156,ADI,ANALOG DEVICES INC,3403,01-05-2024
157,ALNY,ALNYLAM PHARMACEUTICALS INC,3317,01-05-2024
158,BAX,BAXTER INTL INC,16637,01-05-2024
159,COTY,COTY INC,55095,01-05-2024
160,CPT,CAMDEN PPTY TR,6473,01-05-2024
161,CSCO,CISCO SYS INC,12842,01-05-2024
162,DE,DEERE & CO,1621,01-05-2024
163,EBAY,EBAY INC.,15160,01-05-2024
164,GO,GROCERY OUTLET HLDG CORP,23512,01-05-2024
165,HUM,HUMANA INC,1374,01-05-2024
166,MAN,MANPOWERGROUP INC WIS,8281,01-05-2024
167,NTRS,NORTHERN TR CORP,7695,01-05-2024
168,SBAC,SBA COMMUNICATIONS CORP NEW,2565,01-05-2024
169,TECH,BIO-TECHNE CORP,8977,01-05-2024
170,TFX,TELEFLEX INCORPORATED,2631,01-05-2024
171,THG,HANOVER INS GROUP INC,5249,01-05-2024
172,TRMB,TRIMBLE INC,12675,01-05-2024
173,A,AGILENT TECHNOLOGIES INC,4822,01-05-2024
174,ARW,ARROW ELECTRS INC,5321,01-05-2024
175,ATNI,ATN INTL INC,16449,01-05-2024
176,CFFN,CAPITOL FED FINL INC,101885,01-05-2024
177,DOX,AMDOCS LTD,7021,01-05-2024
178,HASI,HANNON ARMSTRONG SUST INFR CAP COM,24061,01-05-2024
179,KMB,KIMBERLY-CLARK CORP,5048,01-05-2024
180,KR,KROGER CO,13627,01-05-2024
181,TER,TERADYNE INC,6195,01-05-2024
182,UDR,UDR INC,16428,01-05-2024
183,VRSN,VERISIGN INC,3144,01-05-2024
184,AWK,AMERICAN WTR WKS CO INC NEW,4585,01-05-2024
185,HAS,HASBRO INC,12716,01-05-2024
186,HOLX,HOLOGIC INC,8234,01-05-2024
187,OMC,OMNICOM GROUP INC,7166,01-05-2024
188,ON,ON SEMICONDUCTOR CORP,8071,01-05-2024
189,TGNA,TEGNA INC,39865,01-05-2024
190,TSCO,TRACTOR SUPPLY CO,2857,01-05-2024
191,XRAY,DENTSPLY SIRONA INC,17053,01-05-2024
192,ZM,ZOOM VIDEO COMMUNICATIONS INC CL A,8998,01-05-2024
193,AMN,AMN HEALTHCARE SVCS INC,8009,01-05-2024
194,AWR,AMER STATES WTR CO,7552,01-05-2024
195,ENR,ENERGIZER HLDGS INC NEW,19512,01-05-2024
196,EW,EDWARDS LIFESCIENCES CORP,8031,01-05-2024
197,GLW,CORNING INC,19195,01-05-2024
198,IPG,INTERPUBLIC GROUP COS INC,18191,01-05-2024
199,JNPR,JUNIPER NETWORKS INC,19615,01-05-2024
200,ORA,ORMAT TECHNOLOGIES INC,7865,01-05-2024
201,TPR,TAPESTRY INC,15724,01-05-2024
202,VIAV,VIAVI SOLUTIONS INC,61352,01-05-2024
203,BDC,BELDEN INC,7667,01-05-2024
204,CWT,CALIFORNIA WTR SVC GROUP,11536,01-05-2024
205,DXC,DXC TECHNOLOGY CO,25996,01-05-2024
206,EPC,EDGEWELL PERS CARE CO,15794,01-05-2024
207,LAND,GLADSTONE LD CORP,40667,01-05-2024
208,NOVA,SUNNOVA ENERGY INTL INC.,42538,01-05-2024
209,RUN,SUNRUN INC,32975,01-05-2024
210,FWONK,LIBERTY MEDIA CORP DEL,8879,01-05-2024
211,GPC,GENUINE PARTS CO,4027,01-05-2024
212,LKQ,LKQ CORP,11843,01-05-2024
213,UPS,UNITED PARCEL SERVICE INC,3498,01-05-2024
214,RVTY,REVVITY INC,4992,01-05-2024
215,WLY,WILEY JOHN & SONS INC,17512,01-05-2024
216,ZBRA,ZEBRA TECHNOLOGIES CORPORATION CL A,2089,01-05-2024
217,ALGN,ALIGN TECHNOLOGY INC,1989,01-05-2024
218,MYGN,MYRIAD GENETICS INC,28603,01-05-2024
219,PYPL,PAYPAL HLDGS INC,8750,01-05-2024
220,RMD,RESMED INC,3051,01-05-2024
221,ALTM,ARCADIUM LITHIUM PLC,73601,01-05-2024
222,FL,FOOT LOCKER INC,17273,01-05-2024
223,FSLR,FIRST SOLAR INC,3055,01-05-2024
224,MTD,METTLER TOLEDO INTERNATIONAL COM,434,01-05-2024
225,SATS,ECHOSTAR CORP,36328,01-05-2024
226,VFC,V F CORP,29744,01-05-2024
227,PFE,PFIZER INC,16691,01-05-2024
228,ARRY,ARRAY TECHNOLOGIES INC,30368,01-05-2024
229,BE,BLOOM ENERGY CORP,33339,01-05-2024
230,MKTX,MARKETAXESS HLDGS INC,1708,01-05-2024
231,STKL,SUNOPTA INC,86230,01-05-2024
232,BIO,BIO RAD LABS INC,1387,01-05-2024
233,PARA,PARAMOUNT GLOBAL,29990,01-05-2024
234,AVNS,AVANOS MED INC,22342,01-05-2024
235,MD,PEDIATRIX MEDICAL GROUP INC,44564,01-05-2024
236,SHLS,SHOALS TECHNOLOGIES GROUP INC CL A,29155,01-05-2024
237,STEM,STEM INC,117186,01-05-2024
238,AMRC,AMERESCO INC,13500,01-05-2024
239,EL,LAUDER ESTEE COS INC,2720,01-05-2024
240,ENPH,ENPHASE ENERGY INC,3160,01-05-2024
241,ILMN,ILLUMINA INC,2857,01-05-2024
242,DDD,3-D SYS CORP DEL,61982,01-05-2024
243,AAP,ADVANCE AUTO PARTS INC,5544,01-05-2024
244,FCEL,FUELCELL ENERGY INC,233139,01-05-2024
245,ASYS,AMTECH SYS INC,69648,01-05-2024
246,BEEM,BEAM GLOBAL,41763,01-05-2024
247,EVGO,EVGO INC,85295,01-05-2024
248,PLUG,PLUG POWER INC,56693,01-05-2024
249,BLNK,BLINK CHARGING CO,76815,01-05-2024
250,NXT,NEXTRACKER INC,5029,01-05-2024
251,SPWR,SUNPOWER CORP,48009,01-05-2024
252,TPIC,TPI COMPOSITES INC,50915,01-05-2024
253,BW,BABCOCK & WILCOX ENTERPRISES I COM,109645,01-05-2024
254,CHPT,CHARGEPOINT HOLDINGS INC,63462,01-05-2024
255,BATRK,ATLANTA BRAVES HLDGS INC,257,01-05-2024
256,LLYVK,LIBERTY MEDIA CORP DEL,380,01-05-2024
257,Cash&Other,Cash & Other,780715,01-05-2024
