,Ticker,Name,Shares,Date
0,TDS,TELEPHONE & DATA SYS INC,64684,12-14-2023
1,NVDA,NVIDIA CORPORATION,2388,12-14-2023
2,LII,LENNOX INTL INC,2652,12-14-2023
3,WSM,WILLIAMS SONOMA INC,5529,12-14-2023
4,ADBE,ADOBE INC,1721,12-14-2023
5,TOL,TOLL BROTHERS INC,11093,12-14-2023
6,SPLK,SPLUNK INC,6919,12-14-2023
7,NOW,SERVICENOW INC,1428,12-14-2023
8,WMS,ADVANCED DRAIN SYS INC DEL,7891,12-14-2023
9,AKAM,AKAMAI TECHNOLOGIES INC,8471,12-14-2023
10,EXPE,EXPEDIA GROUP INC,6836,12-14-2023
11,MBI,MBIA INC,71630,12-14-2023
12,AMAL,AMALGAMATED FINANCIAL CORP,37942,12-14-2023
13,IT,GARTNER INC,2037,12-14-2023
14,KBH,KB HOME,16635,12-14-2023
15,AMD,ADVANCED MICRO DEVICES INC,6768,12-14-2023
16,ERIE,ERIE INDTY CO,2884,12-14-2023
17,VECO,VEECO INSTRS INC DEL,31391,12-14-2023
18,ARES,ARES MANAGEMENT CORPORATION,8037,12-14-2023
19,BOH,BANK HAWAII CORP,13015,12-14-2023
20,CHS,CHICOS FAS INC,120598,12-14-2023
21,CMG,CHIPOTLE MEXICAN GRILL INC,389,12-14-2023
22,DLR,DIGITAL RLTY TR INC,6849,12-14-2023
23,FNF,FIDELITY NATIONAL FINANCIAL IN FNF GROUP COM,19306,12-14-2023
24,INTC,INTEL CORP,20460,12-14-2023
25,INTU,INTUIT,1492,12-14-2023
26,IONS,IONIS PHARMACEUTICALS INC,18559,12-14-2023
27,LEN,LENNAR CORP,6354,12-14-2023
28,MORN,MORNINGSTAR INC,3276,12-14-2023
29,NFLX,NETFLIX INC,1920,12-14-2023
30,SIRI,SIRIUS XM HOLDINGS INC,169073,12-14-2023
31,ANET,ARISTA NETWORKS INC,3952,12-14-2023
32,TTWO,TAKE-TWO INTERACTIVE SOFTWARE COM,5560,12-14-2023
33,ALL,ALLSTATE CORP,6057,12-14-2023
34,BR,BROADRIDGE FINL SOLUTIONS INC COM,4554,12-14-2023
35,CBOE,CBOE GLOBAL MKTS INC,4967,12-14-2023
36,CPRT,COPART INC,17639,12-14-2023
37,GEN,GEN DIGITAL INC,39203,12-14-2023
38,ITRI,ITRON INC,11962,12-14-2023
39,MU,MICRON TECHNOLOGY INC,11021,12-14-2023
40,RMBS,RAMBUS INC DEL,12940,12-14-2023
41,WLDN,WILLDAN GROUP INC,42464,12-14-2023
42,ALLY,ALLY FINL INC,26654,12-14-2023
43,BCO,BRINKS CO,9998,12-14-2023
44,BKNG,BOOKING HOLDINGS INC,251,12-14-2023
45,CDNS,CADENCE DESIGN SYSTEM INC,3158,12-14-2023
46,HUBB,HUBBELL INC,2741,12-14-2023
47,PRU,PRUDENTIAL FINL INC,8256,12-14-2023
48,ROST,ROSS STORES INC,6276,12-14-2023
49,AJG,GALLAGHER ARTHUR J & CO,3480,12-14-2023
50,AMAT,APPLIED MATLS INC,5418,12-14-2023
51,BMI,BADGER METER INC,5458,12-14-2023
52,CRM,SALESFORCE INC,3320,12-14-2023
53,HLT,HILTON WORLDWIDE HLDGS INC,4719,12-14-2023
54,IBM,INTERNATIONAL BUSINESS MACHS COM,5190,12-14-2023
55,IRM,IRON MTN INC DEL,12726,12-14-2023
56,PVH,PVH CORPORATION,7445,12-14-2023
57,RGA,REINSURANCE GRP OF AMERICA INC COM NEW,5055,12-14-2023
58,SCHW,SCHWAB CHARLES CORP,12785,12-14-2023
59,SPGI,S&P Global Inc,1931,12-14-2023
60,VRSK,VERISK ANALYTICS INC,3465,12-14-2023
61,VRTX,VERTEX PHARMACEUTICALS INC,2106,12-14-2023
62,WELL,WELLTOWER INC,9397,12-14-2023
63,CTAS,CINTAS CORP,1442,12-14-2023
64,OSIS,OSI SYSTEMS INC,6480,12-14-2023
65,TPX,TEMPUR SEALY INTERNATIONAL INC,16893,12-14-2023
66,MMC,MARSH & MCLENNAN COS INC,4004,12-14-2023
67,NYT,NEW YORK TIMES CO,17125,12-14-2023
68,PKG,PACKAGING CORP AMER,4838,12-14-2023
69,AAPL,APPLE INC,4034,12-14-2023
70,EA,ELECTRONIC ARTS INC,5519,12-14-2023
71,ECL,ECOLAB INC,4025,12-14-2023
72,FFIV,F5 INC,4554,12-14-2023
73,FI,FISERV INC,5869,12-14-2023
74,FULT,FULTON FINL CORP PA,48886,12-14-2023
75,HRI,HERC HLDGS INC,5870,12-14-2023
76,MSM,MSC INDL DIRECT INC,7989,12-14-2023
77,ORI,OLD REP INTL CORP,26922,12-14-2023
78,RL,RALPH LAUREN CORP,5737,12-14-2023
79,SPB,SPECTRUM BRANDS HLDGS INC NEW COM,10094,12-14-2023
80,WAB,WABTEC,6586,12-14-2023
81,AOS,SMITH A O CORP,9682,12-14-2023
82,CI,THE CIGNA GROUP,2613,12-14-2023
83,HIG,HARTFORD FINL SVCS GROUP INC COM,9599,12-14-2023
84,ICE,INTERCONTINENTAL EXCHANGE INC COM,6394,12-14-2023
85,MA,MASTERCARD INCORPORATED,1830,12-14-2023
86,OLED,UNIVERSAL DISPLAY CORP,4290,12-14-2023
87,V,VISA INC,2955,12-14-2023
88,ADSK,AUTODESK INC,3187,12-14-2023
89,ASB,ASSOCIATED BANC CORP,37568,12-14-2023
90,EQIX,EQUINIX INC,930,12-14-2023
91,FAF,FIRST AMERN FINL CORP,12068,12-14-2023
92,FLEX,FLEX LTD,28827,12-14-2023
93,H,HYATT HOTELS CORP,5950,12-14-2023
94,IQV,IQVIA HLDGS INC,3335,12-14-2023
95,ODFL,OLD DOMINION FREIGHT LINE INC COM,1950,12-14-2023
96,PBI,PITNEY BOWES INC,175637,12-14-2023
97,TSLA,TESLA INC,3198,12-14-2023
98,UNM,UNUM GROUP,17042,12-14-2023
99,VTR,VENTAS INC,15519,12-14-2023
100,AVB,AVALONBAY CMNTYS INC,3999,12-14-2023
101,CME,CME GROUP INC,3492,12-14-2023
102,CNA,CNA FINL CORP,17372,12-14-2023
103,FDS,FACTSET RESH SYS INC,1604,12-14-2023
104,GHC,GRAHAM HLDGS CO,1121,12-14-2023
105,IDXX,IDEXX LABS INC,1326,12-14-2023
106,JBHT,HUNT J B TRANS SVCS INC,3799,12-14-2023
107,MNTK,MONTAUK RENEWABLES INC,84282,12-14-2023
108,PAG,PENSKE AUTOMOTIVE GRP INC,4725,12-14-2023
109,PGR,PROGRESSIVE CORP,4642,12-14-2023
110,REG,REGENCY CTRS CORP,11002,12-14-2023
111,TMUS,T-MOBILE US INC,4580,12-14-2023
112,XRX,XEROX HOLDINGS CORP,44093,12-14-2023
113,AVT,AVNET INC,14810,12-14-2023
114,BC,BRUNSWICK CORP,8176,12-14-2023
115,CHD,CHURCH & DWIGHT CO INC,7548,12-14-2023
116,DFS,DISCOVER FINL SVCS,6819,12-14-2023
117,INGR,INGREDION INC,6589,12-14-2023
118,LOW,LOWES COS INC,3354,12-14-2023
119,QCOM,QUALCOMM INC,5251,12-14-2023
120,STE,STERIS PLC,3487,12-14-2023
121,WCC,WESCO INTL INC,4306,12-14-2023
122,WTM,WHITE MTNS INS GROUP LTD,482,12-14-2023
123,AAON,AAON INC,10308,12-14-2023
124,AMT,AMERICAN TOWER CORP,3305,12-14-2023
125,AXP,AMERICAN EXPRESS CO,4043,12-14-2023
126,CBT,CABOT CORP,8725,12-14-2023
127,DRI,DARDEN RESTAURANTS INC,4328,12-14-2023
128,DXCM,DEXCOM INC,5710,12-14-2023
129,LAZ,LAZARD LTD,21058,12-14-2023
130,PFG,PRINCIPAL FINANCIAL GROUP INC COM,9038,12-14-2023
131,PLD,PROLOGIS INC.,5369,12-14-2023
132,QRVO,QORVO INC,6531,12-14-2023
133,TDC,TERADATA CORP DEL,16467,12-14-2023
134,VRE,VERIS RESIDENTIAL INC,45403,12-14-2023
135,WAFD,WAFD INC,22309,12-14-2023
136,BEN,FRANKLIN RESOURCES INC,25033,12-14-2023
137,DLB,DOLBY LABORATORIES INC,7802,12-14-2023
138,GO,GROCERY OUTLET HLDG CORP,23472,12-14-2023
139,HPQ,HP INC,22879,12-14-2023
140,IVZ,INVESCO LTD,42068,12-14-2023
141,LSTR,LANDSTAR SYS INC,3714,12-14-2023
142,MAT,MATTEL INC,36030,12-14-2023
143,NDAQ,NASDAQ INC,12207,12-14-2023
144,PDCO,PATTERSON COS INC,25237,12-14-2023
145,PSMT,PRICESMART INC,9318,12-14-2023
146,VRSN,VERISIGN INC,3139,12-14-2023
147,VSH,VISHAY INTERTECHNOLOGY INC,29476,12-14-2023
148,AMG,AFFILIATED MANAGERS GROUP INC COM,4659,12-14-2023
149,COTY,COTY INC,54999,12-14-2023
150,HASI,HANNON ARMSTRONG SUST INFR CAP COM,23786,12-14-2023
151,HUM,HUMANA INC,1371,12-14-2023
152,MRK,MERCK & CO INC,6294,12-14-2023
153,SABR,SABRE CORP,154613,12-14-2023
154,TECH,BIO-TECHNE CORP,8962,12-14-2023
155,WAT,WATERS CORP,2143,12-14-2023
156,A,AGILENT TECHNOLOGIES INC,4809,12-14-2023
157,ADI,ANALOG DEVICES INC,3386,12-14-2023
158,AGIO,AGIOS PHARMACEUTICALS INC,28877,12-14-2023
159,ARW,ARROW ELECTRS INC,5312,12-14-2023
160,BDX,BECTON DICKINSON & CO,2694,12-14-2023
161,ON,ON SEMICONDUCTOR CORP,8058,12-14-2023
162,SCI,SERVICE CORP INTL,9703,12-14-2023
163,THG,HANOVER INS GROUP INC,5215,12-14-2023
164,VZ,VERIZON COMMUNICATIONS INC,17525,12-14-2023
165,ZM,ZOOM VIDEO COMMUNICATIONS INC CL A,8983,12-14-2023
166,AWR,AMER STATES WTR CO,7540,12-14-2023
167,CFFN,CAPITOL FED FINL INC,101708,12-14-2023
168,CPT,CAMDEN PPTY TR,6415,12-14-2023
169,CSCO,CISCO SYS INC,12820,12-14-2023
170,DXC,DXC TECHNOLOGY CO,25950,12-14-2023
171,EBAY,EBAY INC.,15068,12-14-2023
172,HAS,HASBRO INC,12694,12-14-2023
173,NTRS,NORTHERN TR CORP,7632,12-14-2023
174,PSA,PUBLIC STORAGE,2229,12-14-2023
175,SBAC,SBA COMMUNICATIONS CORP NEW,2562,12-14-2023
176,TFX,TELEFLEX INCORPORATED,2628,12-14-2023
177,TRMB,TRIMBLE INC,12654,12-14-2023
178,TSCO,TRACTOR SUPPLY CO,2841,12-14-2023
179,AWK,AMERICAN WTR WKS CO INC NEW,4578,12-14-2023
180,BAX,BAXTER INTL INC,16515,12-14-2023
181,CWT,CALIFORNIA WTR SVC GROUP,11516,12-14-2023
182,DE,DEERE & CO,1614,12-14-2023
183,DOX,AMDOCS LTD,6974,12-14-2023
184,ENR,ENERGIZER HLDGS INC NEW,19347,12-14-2023
185,KMB,KIMBERLY-CLARK CORP,5006,12-14-2023
186,KR,KROGER CO,13604,12-14-2023
187,MAN,MANPOWERGROUP INC WIS,8154,12-14-2023
188,TER,TERADYNE INC,6179,12-14-2023
189,UDR,UDR INC,16400,12-14-2023
190,ALNY,ALNYLAM PHARMACEUTICALS INC,3311,12-14-2023
191,EW,EDWARDS LIFESCIENCES CORP,8018,12-14-2023
192,LAND,GLADSTONE LD CORP,40507,12-14-2023
193,MYGN,MYRIAD GENETICS INC,28554,12-14-2023
194,OMC,OMNICOM GROUP INC,7114,12-14-2023
195,TGNA,TEGNA INC,39584,12-14-2023
196,TRIP,TRIPADVISOR INC,33398,12-14-2023
197,EPC,EDGEWELL PERS CARE CO,15720,12-14-2023
198,GLW,CORNING INC,19162,12-14-2023
199,HOLX,HOLOGIC INC,8220,12-14-2023
200,IPG,INTERPUBLIC GROUP COS INC,18031,12-14-2023
201,JNPR,JUNIPER NETWORKS INC,19473,12-14-2023
202,ORA,ORMAT TECHNOLOGIES INC,7852,12-14-2023
203,VIAV,VIAVI SOLUTIONS INC,61246,12-14-2023
204,AMN,AMN HEALTHCARE SVCS INC,7995,12-14-2023
205,ARRY,ARRAY TECHNOLOGIES INC,30315,12-14-2023
206,ATNI,ATN INTL INC,16352,12-14-2023
207,BDC,BELDEN INC,7651,12-14-2023
208,FWONK,LIBERTY MEDIA CORP DEL,8864,12-14-2023
209,GPC,GENUINE PARTS CO,4000,12-14-2023
210,QS,QUANTUMSCAPE CORP,81087,12-14-2023
211,VFC,V F CORP,29589,12-14-2023
212,WLY,WILEY JOHN & SONS INC,17354,12-14-2023
213,XRAY,DENTSPLY SIRONA INC,16977,12-14-2023
214,LKQ,LKQ CORP,11823,12-14-2023
215,PYPL,PAYPAL HLDGS INC,8735,12-14-2023
216,TPR,TAPESTRY INC,15578,12-14-2023
217,UPS,UNITED PARCEL SERVICE INC,3493,12-14-2023
218,RMD,RESMED INC,3045,12-14-2023
219,MTD,METTLER TOLEDO INTERNATIONAL COM,434,12-14-2023
220,NOVA,SUNNOVA ENERGY INTL INC.,42464,12-14-2023
221,ZBRA,ZEBRA TECHNOLOGIES CORPORATION CL A,2086,12-14-2023
222,AVNS,AVANOS MED INC,22304,12-14-2023
223,FL,FOOT LOCKER INC,17243,12-14-2023
224,LTHM,LIVENT CORP,30539,12-14-2023
225,RUN,SUNRUN INC,32918,12-14-2023
226,RVTY,REVVITY INC,4984,12-14-2023
227,MKTX,MARKETAXESS HLDGS INC,1706,12-14-2023
228,PARA,PARAMOUNT GLOBAL,29872,12-14-2023
229,SATS,ECHOSTAR CORP,36266,12-14-2023
230,ALGN,ALIGN TECHNOLOGY INC,1985,12-14-2023
231,AMRC,AMERESCO INC,13476,12-14-2023
232,BE,BLOOM ENERGY CORP,33281,12-14-2023
233,FSLR,FIRST SOLAR INC,3050,12-14-2023
234,PFE,PFIZER INC,16663,12-14-2023
235,STKL,SUNOPTA INC,86564,12-14-2023
236,BIO,BIO RAD LABS INC,1386,12-14-2023
237,MD,PEDIATRIX MEDICAL GROUP INC,44486,12-14-2023
238,SHLS,SHOALS TECHNOLOGIES GROUP INC CL A,29105,12-14-2023
239,ASYS,AMTECH SYS INC,69527,12-14-2023
240,STEM,STEM INC,116982,12-14-2023
241,DDD,3-D SYS CORP DEL,61874,12-14-2023
242,EL,LAUDER ESTEE COS INC,2706,12-14-2023
243,ILMN,ILLUMINA INC,2852,12-14-2023
244,AAP,ADVANCE AUTO PARTS INC,5535,12-14-2023
245,ENPH,ENPHASE ENERGY INC,3155,12-14-2023
246,DISH,DISH NETWORK CORPORATION,71092,12-14-2023
247,FCEL,FUELCELL ENERGY INC,232733,12-14-2023
248,EVGO,EVGO INC,85146,12-14-2023
249,BEEM,BEAM GLOBAL,41691,12-14-2023
250,PLUG,PLUG POWER INC,56595,12-14-2023
251,SPWR,SUNPOWER CORP,47926,12-14-2023
252,BLNK,BLINK CHARGING CO,76682,12-14-2023
253,BW,BABCOCK & WILCOX ENTERPRISES I COM,109454,12-14-2023
254,CHPT,CHARGEPOINT HOLDINGS INC,63352,12-14-2023
255,TPIC,TPI COMPOSITES INC,50827,12-14-2023
256,BATRK,ATLANTA BRAVES HLDGS INC,258,12-14-2023
257,LLYVK,LIBERTY MEDIA CORP DEL,380,12-14-2023
258,Cash&Other,Cash & Other,1418799,12-14-2023
