,Ticker,Name,Shares,Date
0,U,UNITY SOFTWARE INC,37824,12-28-2023
1,EMBRACB SS,EMBRACER GROUP AB,508271,12-28-2023
2,GME,GAMESTOP CORP NEW,76713,12-28-2023
3,ANSS,ANSYS INC,3805,12-28-2023
4,RBLX,ROBLOX CORP,28552,12-28-2023
5,112040 KS,WEMADE CO LTD,27081,12-28-2023
6,3293 TT,INTL GAME SYSTEM,52673,12-28-2023
7,CDR PW,CD PROJEKT SA,41006,12-28-2023
8,7974 JP,NINTENDO CO LTD,23931,12-28-2023
9,CRSR,CORSAIR GAMING INC,83171,12-28-2023
10,9766 JP,KONAMI GROUP CORP,22613,12-28-2023
11,9684 JP,SQUARE-ENIX HOLDIN,32232,12-28-2023
12,263750 KS,PEARLABYSS CORP,38400,12-28-2023
13,TTWO,TAKE-TWO INTERACTIVE SOFTWARE COM,7056,12-28-2023
14,EA,ELECTRONIC ARTS INC,8088,12-28-2023
15,KWS LN,KEYWORDS STUDIOS P,51650,12-28-2023
16,PLTK,PLAYTIKA HLDG CORP,128444,12-28-2023
17,293490 KS,KAKAO GAMES CORP,55087,12-28-2023
18,BILI,BILIBILI INC,98515,12-28-2023
19,251270 KS,NETMARBLE CORP,24437,12-28-2023
20,9697 JP,CAPCOM CO LTD,33196,12-28-2023
21,036570 KS,NCSOFT CORP,5540,12-28-2023
22,UBI FP,UBISOFT ENTERTAIN,39233,12-28-2023
23,259960 KS,KRAFTON INC,6815,12-28-2023
24,3659 JP,NEXON CO LTD,51724,12-28-2023
25,PDX SS,PARADOX INTERACTIV,20868,12-28-2023
26,AMD,ADVANCED MICRO DEVICES INC,2719,12-28-2023
27,ARM,ARM HOLDINGS PLC,5357,12-28-2023
28,INTC,INTEL CORP,7371,12-28-2023
29,VIV FP,VIVENDI SE,34836,12-28-2023
30,QCOM,QUALCOMM INC,2553,12-28-2023
31,META,META PLATFORMS INC,1007,12-28-2023
32,SONY,SONY GROUP CORP,3809,12-28-2023
33,GOOG,ALPHABET INC,2486,12-28-2023
34,NVDA,NVIDIA CORPORATION,704,12-28-2023
35,AMZN,AMAZON COM INC,2255,12-28-2023
36,AAPL,APPLE INC,1734,12-28-2023
37,MSFT,MICROSOFT CORP,870,12-28-2023
38,700 HK,TENCENT HLDGS LTD,7870,12-28-2023
39,7552 JP,HAPPINET CORP,13785,12-28-2023
40,PTC,PTC INC,1523,12-28-2023
41,SE,SEA LTD,6618,12-28-2023
42,APP,APPLOVIN CORP,6395,12-28-2023
43,LOGI,LOGITECH INTL S A,2752,12-28-2023
44,TSM,TAIWAN SEMICONDUCTOR MFG LTD SPONSORED ADS,2463,12-28-2023
45,WDC,WESTERN DIGITAL CORP.,4962,12-28-2023
46,MTGB SS,MODERN TIMES GROUP,29698,12-28-2023
47,NTES,NETEASE INC,2903,12-28-2023
48,ZD,ZIFF DAVIS INC,3756,12-28-2023
49,3765 JP,GUNGHO ONLINE ENTE,15499,12-28-2023
50,2121 JP,MIXI. INC,14697,12-28-2023
51,DLB,DOLBY LABORATORIES INC,2783,12-28-2023
52,MAT,MATTEL INC,12616,12-28-2023
53,YY,JOYY INC,6241,12-28-2023
54,4751 JP,CYBER AGENT,39709,12-28-2023
55,7832 JP,BANDAI NAMCO HLDGS,12070,12-28-2023
56,2660 HK,ZENGAME TECHNOLOGY,314590,12-28-2023
57,6460 JP,SEGA SAMMY HLDGS I,16542,12-28-2023
58,2432 JP,DENA CO LTD,23619,12-28-2023
59,3635 JP,KOEI TECMO HOLDING,19621,12-28-2023
60,LNW,LIGHT & WONDER INC,2711,12-28-2023
61,067160 KS,AFREECATV CO LTD,3141,12-28-2023
62,6820 HK,FRIENDTIMES INC,1385706,12-28-2023
63,3932 JP,AKATSUKI INC,10326,12-28-2023
64,6238 JP,FURYU CORPORATION,19378,12-28-2023
65,TM17 LN,TEAM17 GROUP PLC,77328,12-28-2023
66,SF SS,STILLFRONT GP AB,144798,12-28-2023
67,SUS SS,SURGICAL SCIENCE S,9933,12-28-2023
68,192080 KS,DOUBLEUGAMES CO,4661,12-28-2023
69,3632 JP,GREE INC,42031,12-28-2023
70,215000 KS,GOLFZON CO LTD,2349,12-28-2023
71,6610 HK,FLOWING CLOUD TECH,672919,12-28-2023
72,078340 KS,COM2US CORPORATION,4236,12-28-2023
73,095660 KS,NEOWIZ,7876,12-28-2023
74,181710 KS,NHN CORPORATION,8915,12-28-2023
75,3668 JP,COLOPL INC,39201,12-28-2023
76,HUYA,HUYA INC,47521,12-28-2023
77,194480 KS,DEVSISTERS,4276,12-28-2023
78,6180 TT,GAMANIA DIGITAL EN,65925,12-28-2023
79,225570 KS,NEXON GAMES CO LTD,13234,12-28-2023
80,5478 TT,SOFT-WORLD INTL CO,31843,12-28-2023
81,9990 HK,ARCHOSAUR GAMES IN,642019,12-28-2023
82,1119 HK,IDREAMSKY TECHNOLO,509457,12-28-2023
83,799 HK,IGG INC,381320,12-28-2023
84,302 HK,CMGE TECHNOLOGY GP,879971,12-28-2023
85,777 HK,NETDRAGON WEBSOFT,93628,12-28-2023
86,2400 HK,XD INC,99870,12-28-2023
87,VKCO LI,VK COMPANY LIMITED,21975,12-28-2023
88,Cash&Other,Cash & Other,192348,12-28-2023
