,Ticker,Name,Shares,Date
0,U,UNITY SOFTWARE INC,37824,01-05-2024
1,ANSS,ANSYS INC,3805,01-05-2024
2,EMBRACB SS,EMBRACER GROUP AB,508271,01-05-2024
3,GME,GAMESTOP CORP NEW,76713,01-05-2024
4,3293 TT,INTL GAME SYSTEM,52673,01-05-2024
5,RBLX,ROBLOX CORP,28552,01-05-2024
6,7974 JP,NINTENDO CO LTD,23931,01-05-2024
7,9684 JP,SQUARE-ENIX HOLDIN,32232,01-05-2024
8,9766 JP,KONAMI GROUP CORP,22613,01-05-2024
9,112040 KS,WEMADE CO LTD,27081,01-05-2024
10,CDR PW,CD PROJEKT SA,41006,01-05-2024
11,BILI,BILIBILI INC,98515,01-05-2024
12,CRSR,CORSAIR GAMING INC,83171,01-05-2024
13,TTWO,TAKE-TWO INTERACTIVE SOFTWARE COM,7056,01-05-2024
14,EA,ELECTRONIC ARTS INC,8088,01-05-2024
15,9697 JP,CAPCOM CO LTD,33196,01-05-2024
16,263750 KS,PEARLABYSS CORP,38400,01-05-2024
17,293490 KS,KAKAO GAMES CORP,55087,01-05-2024
18,259960 KS,KRAFTON INC,6815,01-05-2024
19,251270 KS,NETMARBLE CORP,24437,01-05-2024
20,PLTK,PLAYTIKA HLDG CORP,128444,01-05-2024
21,KWS LN,KEYWORDS STUDIOS P,51650,01-05-2024
22,UBI FP,UBISOFT ENTERTAIN,39233,01-05-2024
23,3659 JP,NEXON CO LTD,51724,01-05-2024
24,036570 KS,NCSOFT CORP,5540,01-05-2024
25,PDX SS,PARADOX INTERACTIV,20868,01-05-2024
26,AMD,ADVANCED MICRO DEVICES INC,2719,01-05-2024
27,VIV FP,VIVENDI SE,34836,01-05-2024
28,ARM,ARM HOLDINGS PLC,5357,01-05-2024
29,META,META PLATFORMS INC,1007,01-05-2024
30,QCOM,QUALCOMM INC,2553,01-05-2024
31,SONY,SONY GROUP CORP,3809,01-05-2024
32,GOOG,ALPHABET INC,2486,01-05-2024
33,INTC,INTEL CORP,7371,01-05-2024
34,NVDA,NVIDIA CORPORATION,704,01-05-2024
35,AMZN,AMAZON COM INC,2255,01-05-2024
36,MSFT,MICROSOFT CORP,870,01-05-2024
37,AAPL,APPLE INC,1734,01-05-2024
38,700 HK,TENCENT HLDGS LTD,7870,01-05-2024
39,NTES,NETEASE INC,2903,01-05-2024
40,7552 JP,HAPPINET CORP,13785,01-05-2024
41,3765 JP,GUNGHO ONLINE ENTE,15499,01-05-2024
42,LOGI,LOGITECH INTL S A,2752,01-05-2024
43,PTC,PTC INC,1523,01-05-2024
44,SE,SEA LTD,6618,01-05-2024
45,WDC,WESTERN DIGITAL CORP.,4962,01-05-2024
46,2121 JP,MIXI. INC,14697,01-05-2024
47,4751 JP,CYBER AGENT,39709,01-05-2024
48,APP,APPLOVIN CORP,6395,01-05-2024
49,TSM,TAIWAN SEMICONDUCTOR MFG LTD SPONSORED ADS,2463,01-05-2024
50,ZD,ZIFF DAVIS INC,3756,01-05-2024
51,7832 JP,BANDAI NAMCO HLDGS,12070,01-05-2024
52,6460 JP,SEGA SAMMY HLDGS I,16542,01-05-2024
53,DLB,DOLBY LABORATORIES INC,2783,01-05-2024
54,MTGB SS,MODERN TIMES GROUP,29698,01-05-2024
55,2432 JP,DENA CO LTD,23619,01-05-2024
56,MAT,MATTEL INC,12616,01-05-2024
57,3635 JP,KOEI TECMO HOLDING,19621,01-05-2024
58,6820 HK,FRIENDTIMES INC,1385706,01-05-2024
59,2660 HK,ZENGAME TECHNOLOGY,314590,01-05-2024
60,LNW,LIGHT & WONDER INC,2711,01-05-2024
61,YY,JOYY INC,6241,01-05-2024
62,067160 KS,AFREECATV CO LTD,3141,01-05-2024
63,TM17 LN,TEAM17 GROUP PLC,77328,01-05-2024
64,6238 JP,FURYU CORPORATION,19378,01-05-2024
65,3932 JP,AKATSUKI INC,10326,01-05-2024
66,192080 KS,DOUBLEUGAMES CO,4661,01-05-2024
67,3632 JP,GREE INC,42031,01-05-2024
68,SF SS,STILLFRONT GP AB,144798,01-05-2024
69,SUS SS,SURGICAL SCIENCE S,9933,01-05-2024
70,3668 JP,COLOPL INC,39201,01-05-2024
71,799 HK,IGG INC,381320,01-05-2024
72,9990 HK,ARCHOSAUR GAMES IN,642019,01-05-2024
73,HUYA,HUYA INC,47521,01-05-2024
74,5478 TT,SOFT-WORLD INTL CO,31843,01-05-2024
75,6180 TT,GAMANIA DIGITAL EN,65925,01-05-2024
76,095660 KS,NEOWIZ,7876,01-05-2024
77,181710 KS,NHN CORPORATION,8915,01-05-2024
78,215000 KS,GOLFZON CO LTD,2349,01-05-2024
79,6610 HK,FLOWING CLOUD TECH,672919,01-05-2024
80,078340 KS,COM2US CORPORATION,4236,01-05-2024
81,302 HK,CMGE TECHNOLOGY GP,879971,01-05-2024
82,777 HK,NETDRAGON WEBSOFT,93628,01-05-2024
83,225570 KS,NEXON GAMES CO LTD,13234,01-05-2024
84,1119 HK,IDREAMSKY TECHNOLO,509457,01-05-2024
85,194480 KS,DEVSISTERS,4276,01-05-2024
86,2400 HK,XD INC,99870,01-05-2024
87,VKCO LI,VK COMPANY LIMITED,21975,01-05-2024
88,Cash&Other,Cash & Other,183858,01-05-2024
