,Ticker,Name,Shares,Date
0,3293 TT,INTL GAME SYSTEM,102438,03-07-2023
1,BILI,BILIBILI INC,76104,03-07-2023
2,RBLX,ROBLOX CORP,38793,03-07-2023
3,251270 KS,NETMARBLE CORP,33166,03-07-2023
4,EMBRACB SS,EMBRACER GROUP AB,279752,03-07-2023
5,293490 KS,KAKAO GAMES CORP,39032,03-07-2023
6,TTWO,TAKE-TWO INTERACTIVE SOFTWARE COM,12174,03-07-2023
7,CDR PW,CD PROJEKT SA,46704,03-07-2023
8,ATVI,ACTIVISION BLIZZARD INC,17227,03-07-2023
9,3659 JP,NEXON CO LTD,59364,03-07-2023
10,9697 JP,CAPCOM CO LTD,41602,03-07-2023
11,PLTK,PLAYTIKA HLDG CORP,136204,03-07-2023
12,9684 JP,SQUARE-ENIX HOLDIN,28246,03-07-2023
13,CRSR,CORSAIR GAMING INC,74916,03-07-2023
14,263750 KS,PEARLABYSS CORP,37639,03-07-2023
15,9766 JP,KONAMI GROUP CORP,27323,03-07-2023
16,KWS LN,KEYWORDS STUDIOS P,35529,03-07-2023
17,3632 JP,GREE INC,227720,03-07-2023
18,036570 KS,NCSOFT CORP,3638,03-07-2023
19,7974 JP,NINTENDO CO LTD,30161,03-07-2023
20,EA,ELECTRONIC ARTS INC,9842,03-07-2023
21,UBI FP,UBISOFT ENTERTAIN,44666,03-07-2023
22,259960 KS,KRAFTON INC,7674,03-07-2023
23,U,UNITY SOFTWARE INC,31873,03-07-2023
24,GME,GAMESTOP CORP NEW,48696,03-07-2023
25,SCPL,SCIPLAY CORPORATION,48433,03-07-2023
26,9990 HK,ARCHOSAUR GAMES IN,815989,03-07-2023
27,META,META PLATFORMS INC,3737,03-07-2023
28,NVDA,NVIDIA CORPORATION,2628,03-07-2023
29,NTES,NETEASE INC,6595,03-07-2023
30,700 HK,TENCENT HLDGS LTD,11895,03-07-2023
31,PDX SS,PARADOX INTERACTIV,23435,03-07-2023
32,VIV FP,VIVENDI SE,48021,03-07-2023
33,AMD,ADVANCED MICRO DEVICES INC,5810,03-07-2023
34,AAPL,APPLE INC,3035,03-07-2023
35,SONY,SONY GROUP CORPORATION,5379,03-07-2023
36,6460 JP,SEGA SAMMY HLDGS I,25426,03-07-2023
37,MSFT,MICROSOFT CORP,1767,03-07-2023
38,AMZN,AMAZON COM INC,4714,03-07-2023
39,QCOM,QUALCOMM INC,3549,03-07-2023
40,GOOG,ALPHABET INC,4457,03-07-2023
41,3765 JP,GUNGHO ONLINE ENTE,22158,03-07-2023
42,INTC,INTEL CORP,15088,03-07-2023
43,2121 JP,MIXI. INC,18752,03-07-2023
44,DLB,DOLBY LABORATORIES INC,4471,03-07-2023
45,TSM,TAIWAN SEMICONDUCTOR MFG LTD SPONSORED ADS,4116,03-07-2023
46,6610 HK,FLOWING CLOUD TECH,609943,03-07-2023
47,SE,SEA LTD,5564,03-07-2023
48,YY,JOYY INC,11578,03-07-2023
49,WDC,WESTERN DIGITAL CORP.,9494,03-07-2023
50,HUYA,HUYA INC,76997,03-07-2023
51,PTC,PTC INC,2669,03-07-2023
52,3635 JP,KOEI TECMO HOLDING,19128,03-07-2023
53,APP,APPLOVIN CORP,23811,03-07-2023
54,2432 JP,DENA CO LTD,24989,03-07-2023
55,777 HK,NETDRAGON WEBSOFT,126306,03-07-2023
56,7832 JP,BANDAI NAMCO HLDGS,5108,03-07-2023
57,4751 JP,CYBER AGENT,37132,03-07-2023
58,MTGB SS,MODERN TIMES GROUP,42567,03-07-2023
59,LOGI,LOGITECH INTL S A,5489,03-07-2023
60,112040 KS,WEMADE CO LTD,7051,03-07-2023
61,302 HK,CMGE TECHNOLOGY GP,1031867,03-07-2023
62,ZD,ZIFF DAVIS INC,3638,03-07-2023
63,6180 TT,GAMANIA DIGITAL EN,93750,03-07-2023
64,SF SS,STILLFRONT GP AB,128451,03-07-2023
65,181710 KS,NHN CORPORATION,10804,03-07-2023
66,063080 KS,COM2US HOLDINGS CO,6062,03-07-2023
67,095660 KS,NEOWIZ,6698,03-07-2023
68,067000 KS,JOYCITY CORP,60549,03-07-2023
69,069080 KS,WEBZEN INC,16238,03-07-2023
70,078340 KS,COM2US CORPORATION,4253,03-07-2023
71,6238 JP,FURYU CORPORATION,23631,03-07-2023
72,799 HK,IGG INC,577399,03-07-2023
73,067160 KS,AFREECATV CO LTD,3011,03-07-2023
74,225570 KS,NEXON GAMES CO LTD,18737,03-07-2023
75,DIB IM,DIGITAL BROS SPA,8689,03-07-2023
76,TM17 LN,TEAM17 GROUP PLC,37967,03-07-2023
77,3932 JP,AKATSUKI INC,12267,03-07-2023
78,SOHU,SOHU COM LTD,13891,03-07-2023
79,192080 KS,DOUBLEUGAMES CO,5469,03-07-2023
80,1119 HK,IDREAMSKY TECHNOLO,394912,03-07-2023
81,MYPS,PLAYSTUDIOS INC,50387,03-07-2023
82,3668 JP,COLOPL INC,40637,03-07-2023
83,SKLZ,SKILLZ INC,203544,03-07-2023
84,FDEV LN,FRONTIER DEVELOPME,14746,03-07-2023
85,3690 HK,MEITUAN,1255,03-07-2023
86,VKCO LI,VK COMPANY LIMITED,21975,03-07-2023
87,Cash&Other,Cash & Other,237313,03-07-2023
