,Ticker,Name,Shares,Date
0,UBI FP,UBISOFT ENTERTAIN,53185,05-02-2023
1,9697 JP,CAPCOM CO LTD,37002,05-02-2023
2,EA,ELECTRONIC ARTS INC,10496,05-02-2023
3,259960 KS,KRAFTON INC,9148,05-02-2023
4,7974 JP,NINTENDO CO LTD,31361,05-02-2023
5,9684 JP,SQUARE-ENIX HOLDIN,26546,05-02-2023
6,9766 JP,KONAMI GROUP CORP,26523,05-02-2023
7,TTWO,TAKE-TWO INTERACTIVE SOFTWARE COM,10198,05-02-2023
8,PLTK,PLAYTIKA HLDG CORP,121138,05-02-2023
9,112040 KS,WEMADE CO LTD,29960,05-02-2023
10,EMBRACB SS,EMBRACER GROUP AB,240311,05-02-2023
11,251270 KS,NETMARBLE CORP,25324,05-02-2023
12,3659 JP,NEXON CO LTD,54264,05-02-2023
13,3293 TT,INTL GAME SYSTEM,69347,05-02-2023
14,GME,GAMESTOP CORP NEW,64691,05-02-2023
15,SCPL,SCIPLAY CORPORATION,69243,05-02-2023
16,CRSR,CORSAIR GAMING INC,67654,05-02-2023
17,ATVI,ACTIVISION BLIZZARD INC,15170,05-02-2023
18,263750 KS,PEARLABYSS CORP,35948,05-02-2023
19,KWS LN,KEYWORDS STUDIOS P,33256,05-02-2023
20,2400 HK,XD INC,352600,05-02-2023
21,BILI,BILIBILI INC,54576,05-02-2023
22,RBLX,ROBLOX CORP,30038,05-02-2023
23,CDR PW,CD PROJEKT SA,39910,05-02-2023
24,U,UNITY SOFTWARE INC,40003,05-02-2023
25,036570 KS,NCSOFT CORP,3536,05-02-2023
26,293490 KS,KAKAO GAMES CORP,32264,05-02-2023
27,9990 HK,ARCHOSAUR GAMES IN,1387257,05-02-2023
28,PDX SS,PARADOX INTERACTIV,25034,05-02-2023
29,META,META PLATFORMS INC,2330,05-02-2023
30,NVDA,NVIDIA CORPORATION,1682,05-02-2023
31,MSFT,MICROSOFT CORP,1569,05-02-2023
32,GOOG,ALPHABET INC,4410,05-02-2023
33,AAPL,APPLE INC,2767,05-02-2023
34,INTC,INTEL CORP,15450,05-02-2023
35,AMD,ADVANCED MICRO DEVICES INC,4988,05-02-2023
36,SONY,SONY GROUP CORPORATION,4881,05-02-2023
37,799 HK,IGG INC,538922,05-02-2023
38,AMZN,AMAZON COM INC,4353,05-02-2023
39,NTES,NETEASE INC,4729,05-02-2023
40,VIV FP,VIVENDI SE,38854,05-02-2023
41,700 HK,TENCENT HLDGS LTD,8735,05-02-2023
42,QCOM,QUALCOMM INC,3252,05-02-2023
43,APP,APPLOVIN CORP,21789,05-02-2023
44,SE,SEA LTD,4655,05-02-2023
45,LOGI,LOGITECH INTL S A,5585,05-02-2023
46,2432 JP,DENA CO LTD,23789,05-02-2023
47,6460 JP,SEGA SAMMY HLDGS I,17026,05-02-2023
48,7832 JP,BANDAI NAMCO HLDGS,14424,05-02-2023
49,2121 JP,MIXI. INC,15152,05-02-2023
50,3635 JP,KOEI TECMO HOLDING,17728,05-02-2023
51,4751 JP,CYBER AGENT,36432,05-02-2023
52,3765 JP,GUNGHO ONLINE ENTE,16158,05-02-2023
53,PTC,PTC INC,2421,05-02-2023
54,DLB,DOLBY LABORATORIES INC,3623,05-02-2023
55,TSM,TAIWAN SEMICONDUCTOR MFG LTD SPONSORED ADS,3388,05-02-2023
56,ZD,ZIFF DAVIS INC,3836,05-02-2023
57,YY,JOYY INC,9135,05-02-2023
58,777 HK,NETDRAGON WEBSOFT,139289,05-02-2023
59,225570 KS,NEXON GAMES CO LTD,18897,05-02-2023
60,WDC,WESTERN DIGITAL CORP.,7767,05-02-2023
61,MTGB SS,MODERN TIMES GROUP,30003,05-02-2023
62,FDEV LN,FRONTIER DEVELOPME,37927,05-02-2023
63,SF SS,STILLFRONT GP AB,110415,05-02-2023
64,302 HK,CMGE TECHNOLOGY GP,715342,05-02-2023
65,2660 HK,ZENGAME TECHNOLOGY,521500,05-02-2023
66,3668 JP,COLOPL INC,47437,05-02-2023
67,3932 JP,AKATSUKI INC,13067,05-02-2023
68,SKLZ,SKILLZ INC,329736,05-02-2023
69,078340 KS,COM2US CORPORATION,4017,05-02-2023
70,HUYA,HUYA INC,63620,05-02-2023
71,1119 HK,IDREAMSKY TECHNOLO,434573,05-02-2023
72,192080 KS,DOUBLEUGAMES CO,5866,05-02-2023
73,3632 JP,GREE INC,39220,05-02-2023
74,DIB IM,DIGITAL BROS SPA,8707,05-02-2023
75,095660 KS,NEOWIZ,5926,05-02-2023
76,6238 JP,FURYU CORPORATION,23231,05-02-2023
77,067160 KS,AFREECATV CO LTD,3144,05-02-2023
78,181710 KS,NHN CORPORATION,9104,05-02-2023
79,6180 TT,GAMANIA DIGITAL EN,77342,05-02-2023
80,063080 KS,COM2US HOLDINGS CO,5526,05-02-2023
81,069080 KS,WEBZEN INC,15236,05-02-2023
82,067000 KS,JOYCITY CORP,57186,05-02-2023
83,TM17 LN,TEAM17 GROUP PLC,37458,05-02-2023
84,6610 HK,FLOWING CLOUD TECH,536858,05-02-2023
85,VKCO LI,VK COMPANY LIMITED,21975,05-02-2023
86,Cash&Other,Cash & Other,276126,05-02-2023
