,Ticker,Name,Shares,Date
0,259960 KS,KRAFTON INC,10586,11-21-2023
1,RBLX,ROBLOX CORP,43880,11-21-2023
2,251270 KS,NETMARBLE CORP,38422,11-21-2023
3,EA,ELECTRONIC ARTS INC,10333,11-21-2023
4,3293 TT,INTL GAME SYSTEM,68802,11-21-2023
5,TTWO,TAKE-TWO INTERACTIVE SOFTWARE COM,8712,11-21-2023
6,UBI FP,UBISOFT ENTERTAIN,40920,11-21-2023
7,7974 JP,NINTENDO CO LTD,28814,11-21-2023
8,036570 KS,NCSOFT CORP,6554,11-21-2023
9,3659 JP,NEXON CO LTD,61065,11-21-2023
10,KWS LN,KEYWORDS STUDIOS P,64228,11-21-2023
11,BILI,BILIBILI INC,81985,11-21-2023
12,9684 JP,SQUARE-ENIX HOLDIN,32628,11-21-2023
13,EMBRACB SS,EMBRACER GROUP AB,512037,11-21-2023
14,293490 KS,KAKAO GAMES CORP,57805,11-21-2023
15,263750 KS,PEARLABYSS CORP,34046,11-21-2023
16,PLTK,PLAYTIKA HLDG CORP,127152,11-21-2023
17,9766 JP,KONAMI GROUP CORP,21395,11-21-2023
18,CRSR,CORSAIR GAMING INC,78988,11-21-2023
19,9697 JP,CAPCOM CO LTD,29361,11-21-2023
20,CDR PW,CD PROJEKT SA,34644,11-21-2023
21,U,UNITY SOFTWARE INC,33503,11-21-2023
22,GME,GAMESTOP CORP NEW,66854,11-21-2023
23,2400 HK,XD INC,368336,11-21-2023
24,INTC,INTEL CORP,11636,11-21-2023
25,MSFT,MICROSOFT CORP,1272,11-21-2023
26,META,META PLATFORMS INC,1399,11-21-2023
27,AMD,ADVANCED MICRO DEVICES INC,3835,11-21-2023
28,NTES,NETEASE INC,3914,11-21-2023
29,QCOM,QUALCOMM INC,3555,11-21-2023
30,AMZN,AMAZON COM INC,2985,11-21-2023
31,SONY,SONY GROUP CORP,4904,11-21-2023
32,VIV FP,VIVENDI SE,44743,11-21-2023
33,GOOG,ALPHABET INC,3022,11-21-2023
34,700 HK,TENCENT HLDGS LTD,9872,11-21-2023
35,AAPL,APPLE INC,2145,11-21-2023
36,NVDA,NVIDIA CORPORATION,779,11-21-2023
37,LOGI,LOGITECH INTL S A,4446,11-21-2023
38,YY,JOYY INC,8879,11-21-2023
39,PDX SS,PARADOX INTERACTIV,16628,11-21-2023
40,LNW,LIGHT & WONDER INC,3951,11-21-2023
41,TSM,TAIWAN SEMICONDUCTOR MFG LTD SPONSORED ADS,3273,11-21-2023
42,WDC,WESTERN DIGITAL CORP.,6791,11-21-2023
43,PTC,PTC INC,2054,11-21-2023
44,SE,SEA LTD,8142,11-21-2023
45,ZD,ZIFF DAVIS INC,4615,11-21-2023
46,DLB,DOLBY LABORATORIES INC,3604,11-21-2023
47,2432 JP,DENA CO LTD,29411,11-21-2023
48,2121 JP,MIXI. INC,18312,11-21-2023
49,APP,APPLOVIN CORP,7053,11-21-2023
50,3765 JP,GUNGHO ONLINE ENTE,18538,11-21-2023
51,112040 KS,WEMADE CO LTD,6336,11-21-2023
52,7832 JP,BANDAI NAMCO HLDGS,13172,11-21-2023
53,4751 JP,CYBER AGENT,47890,11-21-2023
54,MAT,MATTEL INC,13777,11-21-2023
55,3635 JP,KOEI TECMO HOLDING,19694,11-21-2023
56,HUYA,HUYA INC,64127,11-21-2023
57,6460 JP,SEGA SAMMY HLDGS I,15286,11-21-2023
58,6610 HK,FLOWING CLOUD TECH,886273,11-21-2023
59,2660 HK,ZENGAME TECHNOLOGY,444613,11-21-2023
60,777 HK,NETDRAGON WEBSOFT,116451,11-21-2023
61,MTGB SS,MODERN TIMES GROUP,25289,11-21-2023
62,192080 KS,DOUBLEUGAMES CO,5318,11-21-2023
63,5478 TT,SOFT-WORLD INTL CO,56674,11-21-2023
64,069080 KS,WEBZEN INC,15969,11-21-2023
65,078340 KS,COM2US CORPORATION,4821,11-21-2023
66,302 HK,CMGE TECHNOLOGY GP,935510,11-21-2023
67,6180 TT,GAMANIA DIGITAL EN,80767,11-21-2023
68,194480 KS,DEVSISTERS,4948,11-21-2023
69,215000 KS,GOLFZON CO LTD,2442,11-21-2023
70,3932 JP,AKATSUKI INC,11902,11-21-2023
71,SUS SS,SURGICAL SCIENCE S,11552,11-21-2023
72,TM17 LN,TEAM17 GROUP PLC,39923,11-21-2023
73,225570 KS,NEXON GAMES CO LTD,12976,11-21-2023
74,799 HK,IGG INC,366108,11-21-2023
75,181710 KS,NHN CORPORATION,8742,11-21-2023
76,3668 JP,COLOPL INC,39173,11-21-2023
77,067160 KS,AFREECATV CO LTD,2823,11-21-2023
78,3632 JP,GREE INC,40343,11-21-2023
79,095660 KS,NEOWIZ,6479,11-21-2023
80,1119 HK,IDREAMSKY TECHNOLO,409447,11-21-2023
81,6238 JP,FURYU CORPORATION,14779,11-21-2023
82,SF SS,STILLFRONT GP AB,104594,11-21-2023
83,DIB IM,DIGITAL BROS SPA,9561,11-21-2023
84,9990 HK,ARCHOSAUR GAMES IN,371154,11-21-2023
85,VKCO LI,VK COMPANY LIMITED,21975,11-21-2023
86,Cash&Other,Cash & Other,197850,11-21-2023
