,Ticker,Name,Shares,Date
0,251270 KS,NETMARBLE CORP,36021,11-29-2023
1,259960 KS,KRAFTON INC,9925,11-29-2023
2,RBLX,ROBLOX CORP,41138,11-29-2023
3,3293 TT,INTL GAME SYSTEM,64502,11-29-2023
4,EA,ELECTRONIC ARTS INC,9688,11-29-2023
5,TTWO,TAKE-TWO INTERACTIVE SOFTWARE COM,8168,11-29-2023
6,036570 KS,NCSOFT CORP,6145,11-29-2023
7,7974 JP,NINTENDO CO LTD,27014,11-29-2023
8,3659 JP,NEXON CO LTD,57265,11-29-2023
9,293490 KS,KAKAO GAMES CORP,54193,11-29-2023
10,UBI FP,UBISOFT ENTERTAIN,38363,11-29-2023
11,9684 JP,SQUARE-ENIX HOLDIN,30628,11-29-2023
12,BILI,BILIBILI INC,76861,11-29-2023
13,KWS LN,KEYWORDS STUDIOS P,60214,11-29-2023
14,PLTK,PLAYTIKA HLDG CORP,119205,11-29-2023
15,EMBRACB SS,EMBRACER GROUP AB,480035,11-29-2023
16,9766 JP,KONAMI GROUP CORP,20095,11-29-2023
17,263750 KS,PEARLABYSS CORP,31919,11-29-2023
18,CRSR,CORSAIR GAMING INC,74052,11-29-2023
19,9697 JP,CAPCOM CO LTD,27561,11-29-2023
20,U,UNITY SOFTWARE INC,31410,11-29-2023
21,CDR PW,CD PROJEKT SA,32479,11-29-2023
22,GME,GAMESTOP CORP NEW,62676,11-29-2023
23,2400 HK,XD INC,345315,11-29-2023
24,INTC,INTEL CORP,10909,11-29-2023
25,MSFT,MICROSOFT CORP,1193,11-29-2023
26,META,META PLATFORMS INC,1312,11-29-2023
27,AMD,ADVANCED MICRO DEVICES INC,3596,11-29-2023
28,NTES,NETEASE INC,3670,11-29-2023
29,QCOM,QUALCOMM INC,3333,11-29-2023
30,AMZN,AMAZON COM INC,2799,11-29-2023
31,SONY,SONY GROUP CORP,4598,11-29-2023
32,VIV FP,VIVENDI SE,41947,11-29-2023
33,GOOG,ALPHABET INC,2834,11-29-2023
34,AAPL,APPLE INC,2011,11-29-2023
35,700 HK,TENCENT HLDGS LTD,9255,11-29-2023
36,LOGI,LOGITECH INTL S A,4169,11-29-2023
37,NVDA,NVIDIA CORPORATION,731,11-29-2023
38,YY,JOYY INC,8325,11-29-2023
39,LNW,LIGHT & WONDER INC,3705,11-29-2023
40,PDX SS,PARADOX INTERACTIV,15589,11-29-2023
41,SE,SEA LTD,7634,11-29-2023
42,PTC,PTC INC,1926,11-29-2023
43,TSM,TAIWAN SEMICONDUCTOR MFG LTD SPONSORED ADS,3069,11-29-2023
44,WDC,WESTERN DIGITAL CORP.,6367,11-29-2023
45,DLB,DOLBY LABORATORIES INC,3379,11-29-2023
46,2432 JP,DENA CO LTD,27611,11-29-2023
47,ZD,ZIFF DAVIS INC,4327,11-29-2023
48,2121 JP,MIXI. INC,17212,11-29-2023
49,4751 JP,CYBER AGENT,44890,11-29-2023
50,3765 JP,GUNGHO ONLINE ENTE,17338,11-29-2023
51,APP,APPLOVIN CORP,6613,11-29-2023
52,7832 JP,BANDAI NAMCO HLDGS,12372,11-29-2023
53,MAT,MATTEL INC,12916,11-29-2023
54,112040 KS,WEMADE CO LTD,5940,11-29-2023
55,3635 JP,KOEI TECMO HOLDING,18494,11-29-2023
56,5478 TT,SOFT-WORLD INTL CO,53132,11-29-2023
57,2660 HK,ZENGAME TECHNOLOGY,416825,11-29-2023
58,6460 JP,SEGA SAMMY HLDGS I,14286,11-29-2023
59,HUYA,HUYA INC,60120,11-29-2023
60,6610 HK,FLOWING CLOUD TECH,830881,11-29-2023
61,777 HK,NETDRAGON WEBSOFT,109173,11-29-2023
62,MTGB SS,MODERN TIMES GROUP,23709,11-29-2023
63,192080 KS,DOUBLEUGAMES CO,4986,11-29-2023
64,069080 KS,WEBZEN INC,14971,11-29-2023
65,078340 KS,COM2US CORPORATION,4520,11-29-2023
66,194480 KS,DEVSISTERS,4639,11-29-2023
67,3932 JP,AKATSUKI INC,11202,11-29-2023
68,6180 TT,GAMANIA DIGITAL EN,75720,11-29-2023
69,SUS SS,SURGICAL SCIENCE S,10830,11-29-2023
70,302 HK,CMGE TECHNOLOGY GP,877041,11-29-2023
71,215000 KS,GOLFZON CO LTD,2290,11-29-2023
72,225570 KS,NEXON GAMES CO LTD,12165,11-29-2023
73,3668 JP,COLOPL INC,36773,11-29-2023
74,799 HK,IGG INC,343227,11-29-2023
75,181710 KS,NHN CORPORATION,8196,11-29-2023
76,3632 JP,GREE INC,37843,11-29-2023
77,067160 KS,AFREECATV CO LTD,2647,11-29-2023
78,1119 HK,IDREAMSKY TECHNOLO,383857,11-29-2023
79,095660 KS,NEOWIZ,6075,11-29-2023
80,6238 JP,FURYU CORPORATION,13879,11-29-2023
81,SF SS,STILLFRONT GP AB,98057,11-29-2023
82,DIB IM,DIGITAL BROS SPA,8964,11-29-2023
83,9990 HK,ARCHOSAUR GAMES IN,347957,11-29-2023
84,TM17 LN,TEAM17 GROUP PLC,37428,11-29-2023
85,VKCO LI,VK COMPANY LIMITED,21975,11-29-2023
86,Cash&Other,Cash & Other,173302,11-29-2023
