,Ticker,Name,Shares,Date
0,RBLX,ROBLOX CORP,41138,12-14-2023
1,259960 KS,KRAFTON INC,9925,12-14-2023
2,3293 TT,INTL GAME SYSTEM,64502,12-14-2023
3,251270 KS,NETMARBLE CORP,36021,12-14-2023
4,EA,ELECTRONIC ARTS INC,9688,12-14-2023
5,TTWO,TAKE-TWO INTERACTIVE SOFTWARE COM,8168,12-14-2023
6,7974 JP,NINTENDO CO LTD,27014,12-14-2023
7,EMBRACB SS,EMBRACER GROUP AB,480035,12-14-2023
8,3659 JP,NEXON CO LTD,57265,12-14-2023
9,U,UNITY SOFTWARE INC,31410,12-14-2023
10,9766 JP,KONAMI GROUP CORP,20095,12-14-2023
11,CRSR,CORSAIR GAMING INC,74052,12-14-2023
12,PLTK,PLAYTIKA HLDG CORP,119205,12-14-2023
13,036570 KS,NCSOFT CORP,6145,12-14-2023
14,9684 JP,SQUARE-ENIX HOLDIN,30628,12-14-2023
15,GME,GAMESTOP CORP NEW,62676,12-14-2023
16,KWS LN,KEYWORDS STUDIOS P,60214,12-14-2023
17,293490 KS,KAKAO GAMES CORP,54193,12-14-2023
18,UBI FP,UBISOFT ENTERTAIN,38363,12-14-2023
19,263750 KS,PEARLABYSS CORP,31919,12-14-2023
20,BILI,BILIBILI INC,76861,12-14-2023
21,CDR PW,CD PROJEKT SA,32479,12-14-2023
22,9697 JP,CAPCOM CO LTD,27561,12-14-2023
23,AMD,ADVANCED MICRO DEVICES INC,3596,12-14-2023
24,2400 HK,XD INC,345315,12-14-2023
25,INTC,INTEL CORP,10909,12-14-2023
26,QCOM,QUALCOMM INC,3333,12-14-2023
27,MSFT,MICROSOFT CORP,1193,12-14-2023
28,META,META PLATFORMS INC,1312,12-14-2023
29,SONY,SONY GROUP CORP,4598,12-14-2023
30,AMZN,AMAZON COM INC,2799,12-14-2023
31,VIV FP,VIVENDI SE,41947,12-14-2023
32,AAPL,APPLE INC,2011,12-14-2023
33,LOGI,LOGITECH INTL S A,4169,12-14-2023
34,NTES,NETEASE INC,3670,12-14-2023
35,GOOG,ALPHABET INC,2834,12-14-2023
36,700 HK,TENCENT HLDGS LTD,9255,12-14-2023
37,NVDA,NVIDIA CORPORATION,731,12-14-2023
38,PDX SS,PARADOX INTERACTIV,15589,12-14-2023
39,PTC,PTC INC,1926,12-14-2023
40,WDC,WESTERN DIGITAL CORP.,6367,12-14-2023
41,YY,JOYY INC,8325,12-14-2023
42,5478 TT,SOFT-WORLD INTL CO,53132,12-14-2023
43,112040 KS,WEMADE CO LTD,5940,12-14-2023
44,LNW,LIGHT & WONDER INC,3705,12-14-2023
45,TSM,TAIWAN SEMICONDUCTOR MFG LTD SPONSORED ADS,3069,12-14-2023
46,DLB,DOLBY LABORATORIES INC,3379,12-14-2023
47,2121 JP,MIXI. INC,17212,12-14-2023
48,SE,SEA LTD,7634,12-14-2023
49,ZD,ZIFF DAVIS INC,4327,12-14-2023
50,3765 JP,GUNGHO ONLINE ENTE,17338,12-14-2023
51,2432 JP,DENA CO LTD,27611,12-14-2023
52,4751 JP,CYBER AGENT,44890,12-14-2023
53,APP,APPLOVIN CORP,6613,12-14-2023
54,MAT,MATTEL INC,12916,12-14-2023
55,7832 JP,BANDAI NAMCO HLDGS,12372,12-14-2023
56,HUYA,HUYA INC,60120,12-14-2023
57,2660 HK,ZENGAME TECHNOLOGY,416825,12-14-2023
58,3635 JP,KOEI TECMO HOLDING,18494,12-14-2023
59,6460 JP,SEGA SAMMY HLDGS I,14286,12-14-2023
60,777 HK,NETDRAGON WEBSOFT,109173,12-14-2023
61,MTGB SS,MODERN TIMES GROUP,23709,12-14-2023
62,6610 HK,FLOWING CLOUD TECH,830881,12-14-2023
63,069080 KS,WEBZEN INC,14971,12-14-2023
64,192080 KS,DOUBLEUGAMES CO,4986,12-14-2023
65,6180 TT,GAMANIA DIGITAL EN,75720,12-14-2023
66,SUS SS,SURGICAL SCIENCE S,10830,12-14-2023
67,078340 KS,COM2US CORPORATION,4520,12-14-2023
68,194480 KS,DEVSISTERS,4639,12-14-2023
69,3932 JP,AKATSUKI INC,11202,12-14-2023
70,302 HK,CMGE TECHNOLOGY GP,877041,12-14-2023
71,181710 KS,NHN CORPORATION,8196,12-14-2023
72,3668 JP,COLOPL INC,36773,12-14-2023
73,067160 KS,AFREECATV CO LTD,2647,12-14-2023
74,215000 KS,GOLFZON CO LTD,2290,12-14-2023
75,225570 KS,NEXON GAMES CO LTD,12165,12-14-2023
76,3632 JP,GREE INC,37843,12-14-2023
77,799 HK,IGG INC,343227,12-14-2023
78,6238 JP,FURYU CORPORATION,13879,12-14-2023
79,095660 KS,NEOWIZ,6075,12-14-2023
80,1119 HK,IDREAMSKY TECHNOLO,383857,12-14-2023
81,SF SS,STILLFRONT GP AB,98057,12-14-2023
82,DIB IM,DIGITAL BROS SPA,8964,12-14-2023
83,9990 HK,ARCHOSAUR GAMES IN,347957,12-14-2023
84,TM17 LN,TEAM17 GROUP PLC,37428,12-14-2023
85,VKCO LI,VK COMPANY LIMITED,21975,12-14-2023
86,Cash&Other,Cash & Other,167922,12-14-2023
