,Ticker,Name,Shares,Date
0,AMD,Advanced Micro Devices Inc,9083,04-08-2024
1,GOOG,Alphabet Inc,39776,04-08-2024
2,AMZN,Amazon.com Inc,40896,04-08-2024
3,AMT,American Tower Corp,7483,04-08-2024
4,AAPL,Apple Inc,9778,04-08-2024
5,BALL,Ball Corp,23594,04-08-2024
6,BFIT,Basic-Fit NV,11521,04-08-2024
7,1876,Budweiser Brewing Co APAC Ltd,419733,04-08-2024
8,CAVA,Cava Group Inc,8692,04-08-2024
9,CMG,Chipotle Mexican Grill Inc,354,04-08-2024
10,EVD,CTS Eventim AG & Co KGaA,23310,04-08-2024
11,CPR,Davide Campari-Milano NV,147014,04-08-2024
12,DSFIR,DSM-Firmenich AG,18494,04-08-2024
13,EDPR,EDP Renovaveis SA,66252,04-08-2024
14,EA,Electronic Arts Inc,12768,04-08-2024
15,ELF,elf Beauty Inc,2524,04-08-2024
16,EXPN,Experian PLC,56016,04-08-2024
17,FL,Foot Locker Inc,21538,04-08-2024
18,ILMN,Illumina Inc,6221,04-08-2024
19,JIOFIN,Jio Financial Services Ltd,303885,04-08-2024
20,600519,Kweichow Moutai Co Ltd,2800,04-08-2024
21,LYV,Live Nation Entertainment Inc,22219,04-08-2024
22,MC,LVMH Moet Hennessy Louis Vuitton SE,2919,04-08-2024
23,MA,Mastercard Inc,7567,04-08-2024
24,3690,Meituan,104719,04-08-2024
25,MELI,MercadoLibre Inc,1304,04-08-2024
26,META,Meta Platforms Inc,13363,04-08-2024
27,MONC,Moncler SpA,28086,04-08-2024
28,9999,NetEase Inc,53403,04-08-2024
29,NEE,NextEra Energy Inc,30693,04-08-2024
30,NKE,NIKE Inc,21837,04-08-2024
31,NVDA,NVIDIA Corp,5733,04-08-2024
32,ODD,Oddity Tech Ltd,6179,04-08-2024
33,603605,Proya Cosmetics Co Ltd,56479,04-08-2024
34,1910,Samsonite International SA,327337,04-08-2024
35,SE,Sea Ltd,9707,04-08-2024
36,2313,Shenzhou International Group Holdings Ltd,118981,04-08-2024
37,SHOP,Shopify Inc,21086,04-08-2024
38,TMUS,T-Mobile US Inc,11776,04-08-2024
39,2330,Taiwan Semiconductor Manufacturing Co Ltd,198386,04-08-2024
40,700,Tencent Holdings Ltd,48179,04-08-2024
41,TJX,TJX Cos Inc,8054,04-08-2024
42,ULTA,Ulta Beauty Inc,3488,04-08-2024
43,DIS,Walt Disney Co,20660,04-08-2024
44,EUR,EUR EUROPEAN UNION EURO,0,04-08-2024
45,GBP,GBP UNITED KINGDOM POUND,0,04-08-2024
46,HKD,HKD HONG KONG DOLLAR,0,04-08-2024
47,KRW,KRW SOUTH KOREAN WON,0,04-08-2024
48,NOK,NOK NORWEGIAN KRONE,0,04-08-2024
49,TWD,TWD TAIWAN DOLLAR,0,04-08-2024
50,USD,USD U.S. DOLLAR,0,04-08-2024
