,Ticker,Name,Shares,Date
0,AMD,Advanced Micro Devices Inc,4163,04-30-2024
1,GOOG,Alphabet Inc,25098,04-30-2024
2,AMZN,Amazon.com Inc,25808,04-30-2024
3,AMT,American Tower Corp,4695,04-30-2024
4,AAPL,Apple Inc,9817,04-30-2024
5,BALL,Ball Corp,14902,04-30-2024
6,BFIT,Basic-Fit NV,7175,04-30-2024
7,1876,Budweiser Brewing Co APAC Ltd,261228,04-30-2024
8,CAVA,Cava Group Inc,5535,04-30-2024
9,CMG,Chipotle Mexican Grill Inc,231,04-30-2024
10,EVD,CTS Eventim AG & Co KGaA,9431,04-30-2024
11,CPR,Davide Campari-Milano NV,92402,04-30-2024
12,DSFIR,DSM-Firmenich AG,11607,04-30-2024
13,EDPR,EDP Renovaveis SA,41488,04-30-2024
14,EA,Electronic Arts Inc,8053,04-30-2024
15,ELF,elf Beauty Inc,1622,04-30-2024
16,EXPN,Experian PLC,35352,04-30-2024
17,FL,Foot Locker Inc,13502,04-30-2024
18,ILMN,Illumina Inc,3925,04-30-2024
19,JIOFIN,Jio Financial Services Ltd,191750,04-30-2024
20,600519,Kweichow Moutai Co Ltd,3834,04-30-2024
21,LYV,Live Nation Entertainment Inc,14019,04-30-2024
22,MC,LVMH Moet Hennessy Louis Vuitton SE,1853,04-30-2024
23,MA,Mastercard Inc,4779,04-30-2024
24,3690,Meituan,66056,04-30-2024
25,MELI,MercadoLibre Inc,812,04-30-2024
26,META,Meta Platforms Inc,7403,04-30-2024
27,MONC,Moncler SpA,17713,04-30-2024
28,9999,NetEase Inc,33518,04-30-2024
29,NEE,NextEra Energy Inc,19377,04-30-2024
30,NKE,NIKE Inc,13760,04-30-2024
31,NVDA,NVIDIA Corp,3601,04-30-2024
32,ODD,Oddity Tech Ltd,3883,04-30-2024
33,603605,Proya Cosmetics Co Ltd,27239,04-30-2024
34,1910,Samsonite International SA,206551,04-30-2024
35,SE,Sea Ltd,6017,04-30-2024
36,2313,Shenzhou International Group Holdings Ltd,75070,04-30-2024
37,SHOP,Shopify Inc,13296,04-30-2024
38,TMUS,T-Mobile US Inc,7430,04-30-2024
39,2330,Taiwan Semiconductor Manufacturing Co Ltd,125200,04-30-2024
40,700,Tencent Holdings Ltd,30385,04-30-2024
41,TME,Tencent Music Entertainment Group,23082,04-30-2024
42,TJX,TJX Cos Inc,5021,04-30-2024
43,ULTA,Ulta Beauty Inc,2216,04-30-2024
44,DIS,Walt Disney Co,13034,04-30-2024
45,EUR,EUR EUROPEAN UNION EURO,0,04-30-2024
46,GBP,GBP UNITED KINGDOM POUND,0,04-30-2024
47,HKD,HKD HONG KONG DOLLAR,0,04-30-2024
48,NOK,NOK NORWEGIAN KRONE,0,04-30-2024
49,TWD,TWD TAIWAN DOLLAR,0,04-30-2024
50,USD,USD U.S. DOLLAR,0,04-30-2024
