,Ticker,Name,Shares,Date
0,AMD,Advanced Micro Devices Inc,4163,05-02-2024
1,GOOG,Alphabet Inc,25098,05-02-2024
2,AMZN,Amazon.com Inc,25808,05-02-2024
3,AMT,American Tower Corp,4695,05-02-2024
4,AAPL,Apple Inc,9817,05-02-2024
5,BALL,Ball Corp,14902,05-02-2024
6,BFIT,Basic-Fit NV,7175,05-02-2024
7,1876,Budweiser Brewing Co APAC Ltd,261228,05-02-2024
8,CAVA,Cava Group Inc,5535,05-02-2024
9,CMG,Chipotle Mexican Grill Inc,231,05-02-2024
10,EVD,CTS Eventim AG & Co KGaA,9431,05-02-2024
11,CPR,Davide Campari-Milano NV,92402,05-02-2024
12,DSFIR,DSM-Firmenich AG,11607,05-02-2024
13,EDPR,EDP Renovaveis SA,41488,05-02-2024
14,DIEDS,EDP Renovaveis SA,41488,05-02-2024
15,EA,Electronic Arts Inc,8053,05-02-2024
16,ELF,elf Beauty Inc,1622,05-02-2024
17,EXPN,Experian PLC,35352,05-02-2024
18,FL,Foot Locker Inc,13502,05-02-2024
19,ILMN,Illumina Inc,3925,05-02-2024
20,JIOFIN,Jio Financial Services Ltd,191750,05-02-2024
21,600519,Kweichow Moutai Co Ltd,3834,05-02-2024
22,LYV,Live Nation Entertainment Inc,14019,05-02-2024
23,MC,LVMH Moet Hennessy Louis Vuitton SE,1853,05-02-2024
24,MA,Mastercard Inc,4779,05-02-2024
25,3690,Meituan,66056,05-02-2024
26,MELI,MercadoLibre Inc,812,05-02-2024
27,META,Meta Platforms Inc,7403,05-02-2024
28,MONC,Moncler SpA,17713,05-02-2024
29,9999,NetEase Inc,33518,05-02-2024
30,NEE,NextEra Energy Inc,19377,05-02-2024
31,NKE,NIKE Inc,13760,05-02-2024
32,NVDA,NVIDIA Corp,3601,05-02-2024
33,ODD,Oddity Tech Ltd,3883,05-02-2024
34,603605,Proya Cosmetics Co Ltd,27239,05-02-2024
35,1910,Samsonite International SA,206551,05-02-2024
36,SE,Sea Ltd,6017,05-02-2024
37,2313,Shenzhou International Group Holdings Ltd,75070,05-02-2024
38,SHOP,Shopify Inc,13296,05-02-2024
39,TMUS,T-Mobile US Inc,7430,05-02-2024
40,2330,Taiwan Semiconductor Manufacturing Co Ltd,125200,05-02-2024
41,700,Tencent Holdings Ltd,30385,05-02-2024
42,TME,Tencent Music Entertainment Group,23082,05-02-2024
43,TJX,TJX Cos Inc,5021,05-02-2024
44,ULTA,Ulta Beauty Inc,2216,05-02-2024
45,DIS,Walt Disney Co,13034,05-02-2024
46,GBP,GBP UNITED KINGDOM POUND,0,05-02-2024
47,HKD,HKD HONG KONG DOLLAR,0,05-02-2024
48,NOK,NOK NORWEGIAN KRONE,0,05-02-2024
49,TWD,TWD TAIWAN DOLLAR,0,05-02-2024
50,EUR,EUR EUROPEAN UNION EURO,0,05-02-2024
51,USD,USD U.S. DOLLAR,0,05-02-2024
