,Ticker,Name,Shares,Date
0,ADYEN,Adyen NV,1023,03-06-2023
1,GOOG,Alphabet Inc-Cl C,58053,03-06-2023
2,AMZN,Amazon.com Inc,60674,03-06-2023
3,AMT,American Tower Corp,17484,03-06-2023
4,AAPL,Apple Inc,14195,03-06-2023
5,BALL,Ball Corp,42698,03-06-2023
6,BFIT,Basic-Fit NV,16083,03-06-2023
7,1876,Budweiser Brewing Co APAC Ltd,605622,03-06-2023
8,BMBL,Bumble Inc,55397,03-06-2023
9,EVD,CTS Eventim AG & Co KGaA,32431,03-06-2023
10,CPR,Davide Campari-Milano NV,251110,03-06-2023
11,EDPR,EDP Renovaveis SA,122961,03-06-2023
12,EA,Electronic Arts Inc,17276,03-06-2023
13,ETSY,Etsy Inc,10457,03-06-2023
14,EXPN,Experian PLC,75919,03-06-2023
15,FTCH,Farfetch Ltd,106910,03-06-2023
16,GH,Guardant Health Inc,17484,03-06-2023
17,ILMN,Illumina Inc,8411,03-06-2023
18,DSM,Koninklijke DSM NV,15175,03-06-2023
19,LYV,Live Nation Entertainment Inc,30082,03-06-2023
20,LWSA3,Locaweb Servicos de Internet SA,486038,03-06-2023
21,MC,LVMH Moet Hennessy Louis Vuitton SE,5755,03-06-2023
22,MA,Mastercard Inc,14757,03-06-2023
23,2454,MediaTek Inc,107521,03-06-2023
24,3690,Meituan,96438,03-06-2023
25,MELI,MercadoLibre Inc,1463,03-06-2023
26,META,Meta Platforms Inc,18583,03-06-2023
27,MONC,Moncler SpA,49517,03-06-2023
28,9999,NetEase Inc,79465,03-06-2023
29,NEE,NextEra Energy Inc,51317,03-06-2023
30,NKE,NIKE Inc,29551,03-06-2023
31,NVDA,NVIDIA Corp,18512,03-06-2023
32,603605,Proya Cosmetics Co Ltd,54740,03-06-2023
33,SE,Sea Ltd,13506,03-06-2023
34,SNAP,Snap Inc,65543,03-06-2023
35,TMUS,T-Mobile US Inc,21500,03-06-2023
36,2330,Taiwan Semiconductor Manufacturing Co Ltd,236560,03-06-2023
37,700,Tencent Holdings Ltd,57988,03-06-2023
38,ULTA,Ulta Beauty Inc,6081,03-06-2023
39,DIS,Walt Disney Co,27960,03-06-2023
40,EUR,EUR EUROPEAN UNION EURO,0,03-06-2023
41,GBP,GBP UNITED KINGDOM POUND,0,03-06-2023
42,HKD,HKD HONG KONG DOLLAR,0,03-06-2023
43,KRW,KRW SOUTH KOREAN WON,0,03-06-2023
44,NOK,NOK NORWEGIAN KRONE,0,03-06-2023
45,TWD,TWD TAIWAN DOLLAR,0,03-06-2023
46,USD,USD U.S. DOLLAR,0,03-06-2023
