,Ticker,Name,Shares,Date
0,AMD,Advanced Micro Devices Inc,4403,05-14-2024
1,GOOG,Alphabet Inc,26530,05-14-2024
2,AMZN,Amazon.com Inc,27284,05-14-2024
3,AMT,American Tower Corp,4967,05-14-2024
4,AAPL,Apple Inc,10381,05-14-2024
5,BALL,Ball Corp,15754,05-14-2024
6,BFIT,Basic-Fit NV,7599,05-14-2024
7,1876,Budweiser Brewing Co APAC Ltd,276704,05-14-2024
8,CAVA,Cava Group Inc,3969,05-14-2024
9,CMG,Chipotle Mexican Grill Inc,190,05-14-2024
10,EVD,CTS Eventim AG & Co KGaA,9963,05-14-2024
11,CPR,Davide Campari-Milano NV,97734,05-14-2024
12,DSFIR,DSM-Firmenich AG,10372,05-14-2024
13,EDPR,EDP Renovaveis SA,43908,05-14-2024
14,DIEDS,EDP Renovaveis SA,41488,05-14-2024
15,EA,Electronic Arts Inc,8513,05-14-2024
16,ELF,elf Beauty Inc,1710,05-14-2024
17,EXPN,Experian PLC,37372,05-14-2024
18,FL,Foot Locker Inc,14290,05-14-2024
19,ILMN,Illumina Inc,4149,05-14-2024
20,IFX,Infineon Technologies AG,14987,05-14-2024
21,JIOFIN,Jio Financial Services Ltd,202706,05-14-2024
22,600519,Kweichow Moutai Co Ltd,5934,05-14-2024
23,LYV,Live Nation Entertainment Inc,14819,05-14-2024
24,MC,LVMH Moet Hennessy Louis Vuitton SE,1957,05-14-2024
25,MA,Mastercard Inc,5051,05-14-2024
26,3690,Meituan,69832,05-14-2024
27,MELI,MercadoLibre Inc,860,05-14-2024
28,META,Meta Platforms Inc,7413,05-14-2024
29,MONC,Moncler SpA,18725,05-14-2024
30,9999,NetEase Inc,35102,05-14-2024
31,NEE,NextEra Energy Inc,20485,05-14-2024
32,NKE,NIKE Inc,14548,05-14-2024
33,NVDA,NVIDIA Corp,3809,05-14-2024
34,ODD,Oddity Tech Ltd,4107,05-14-2024
35,603605,Proya Cosmetics Co Ltd,28739,05-14-2024
36,1910,Samsonite International SA,218351,05-14-2024
37,SE,Sea Ltd,6377,05-14-2024
38,2313,Shenzhou International Group Holdings Ltd,79362,05-14-2024
39,SHOP,Shopify Inc,14056,05-14-2024
40,TMUS,T-Mobile US Inc,6302,05-14-2024
41,2330,Taiwan Semiconductor Manufacturing Co Ltd,132352,05-14-2024
42,700,Tencent Holdings Ltd,32121,05-14-2024
43,TME,Tencent Music Entertainment Group,24426,05-14-2024
44,TJX,TJX Cos Inc,5317,05-14-2024
45,ULTA,Ulta Beauty Inc,2344,05-14-2024
46,DIS,Walt Disney Co,13778,05-14-2024
47,CNY,CNY CHINESE RENMINBI (YUAN),0,05-14-2024
48,GBP,GBP UNITED KINGDOM POUND,0,05-14-2024
49,HKD,HKD HONG KONG DOLLAR,0,05-14-2024
50,INR,INR INDIAN RUPEE,0,05-14-2024
51,NOK,NOK NORWEGIAN KRONE,0,05-14-2024
52,TWD,TWD TAIWAN DOLLAR,0,05-14-2024
53,EUR,EUR EUROPEAN UNION EURO,0,05-14-2024
54,USD,USD U.S. DOLLAR,0,05-14-2024
