,Ticker,Name,Shares,Date
0,GOOG,Alphabet Inc,26530,06-24-2024
1,AMZN,Amazon.com Inc,27284,06-24-2024
2,AMT,American Tower Corp,4967,06-24-2024
3,AAPL,Apple Inc,12608,06-24-2024
4,BALL,Ball Corp,5191,06-24-2024
5,BFIT,Basic-Fit NV,7599,06-24-2024
6,1876,Budweiser Brewing Co APAC Ltd,276704,06-24-2024
7,CAVA,Cava Group Inc,3969,06-24-2024
8,CMG,Chipotle Mexican Grill Inc,190,06-24-2024
9,EVD,CTS Eventim AG & Co KGaA,9963,06-24-2024
10,CPR,Davide Campari-Milano NV,97734,06-24-2024
11,DSFIR,DSM-Firmenich AG,10372,06-24-2024
12,EDPR,EDP Renovaveis SA,44566,06-24-2024
13,EA,Electronic Arts Inc,8513,06-24-2024
14,ELF,elf Beauty Inc,1710,06-24-2024
15,EXPN,Experian PLC,37372,06-24-2024
16,FL,Foot Locker Inc,14290,06-24-2024
17,ILMN,Illumina Inc,4149,06-24-2024
18,IFX,Infineon Technologies AG,14987,06-24-2024
19,JIOFIN,Jio Financial Services Ltd,202706,06-24-2024
20,600519,Kweichow Moutai Co Ltd,5934,06-24-2024
21,LYV,Live Nation Entertainment Inc,14819,06-24-2024
22,MC,LVMH Moet Hennessy Louis Vuitton SE,1957,06-24-2024
23,MRVL,Marvell Technology Inc,13018,06-24-2024
24,MA,Mastercard Inc,5051,06-24-2024
25,3690,Meituan,69832,06-24-2024
26,MELI,MercadoLibre Inc,860,06-24-2024
27,META,Meta Platforms Inc,7413,06-24-2024
28,MONC,Moncler SpA,18725,06-24-2024
29,9999,NetEase Inc,29202,06-24-2024
30,NEE,NextEra Energy Inc,20485,06-24-2024
31,NKE,NIKE Inc,14548,06-24-2024
32,NVDA,NVIDIA Corp,38090,06-24-2024
33,ODD,Oddity Tech Ltd,4107,06-24-2024
34,603605,Proya Cosmetics Co Ltd,28739,06-24-2024
35,1910,Samsonite International SA,143351,06-24-2024
36,SE,Sea Ltd,6377,06-24-2024
37,2313,Shenzhou International Group Holdings Ltd,79362,06-24-2024
38,SHOP,Shopify Inc,14056,06-24-2024
39,TMUS,T-Mobile US Inc,6302,06-24-2024
40,2330,Taiwan Semiconductor Manufacturing Co Ltd,113352,06-24-2024
41,700,Tencent Holdings Ltd,32121,06-24-2024
42,TME,Tencent Music Entertainment Group,24426,06-24-2024
43,TJX,TJX Cos Inc,5317,06-24-2024
44,ULTA,Ulta Beauty Inc,2344,06-24-2024
45,DIS,Walt Disney Co,13778,06-24-2024
46,EUR,EUR EUROPEAN UNION EURO,0,06-24-2024
47,NOK,NOK NORWEGIAN KRONE,0,06-24-2024
48,GBP,GBP UNITED KINGDOM POUND,0,06-24-2024
49,HKD,HKD HONG KONG DOLLAR,0,06-24-2024
50,TWD,TWD TAIWAN DOLLAR,0,06-24-2024
51,USD,USD U.S. DOLLAR,0,06-24-2024
