,Ticker,Name,Shares,Date
0,AMD,Advanced Micro Devices Inc,9070,02-26-2024
1,GOOG,Alphabet Inc,39528,02-26-2024
2,AMZN,Amazon.com Inc,41007,02-26-2024
3,AMT,American Tower Corp,7551,02-26-2024
4,AAPL,Apple Inc,9611,02-26-2024
5,BALL,Ball Corp,31084,02-26-2024
6,BFIT,Basic-Fit NV,11625,02-26-2024
7,1876,Budweiser Brewing Co APAC Ltd,423526,02-26-2024
8,BMBL,Bumble Inc,40097,02-26-2024
9,CAVA,Cava Group Inc,8770,02-26-2024
10,CMG,Chipotle Mexican Grill Inc,367,02-26-2024
11,EVD,CTS Eventim AG & Co KGaA,23054,02-26-2024
12,CPR,Davide Campari-Milano NV,148335,02-26-2024
13,DSFIR,DSM-Firmenich AG,18662,02-26-2024
14,EDPR,EDP Renovaveis SA,66847,02-26-2024
15,EA,Electronic Arts Inc,12506,02-26-2024
16,ELF,elf Beauty Inc,2547,02-26-2024
17,EXPN,Experian PLC,55329,02-26-2024
18,FL,Foot Locker Inc,21733,02-26-2024
19,ILMN,Illumina Inc,6010,02-26-2024
20,JIOFIN,Jio Financial Services Ltd,405625,02-26-2024
21,LYV,Live Nation Entertainment Inc,21887,02-26-2024
22,MC,LVMH Moet Hennessy Louis Vuitton SE,2913,02-26-2024
23,MA,Mastercard Inc,7774,02-26-2024
24,3690,Meituan,97829,02-26-2024
25,MELI,MercadoLibre Inc,1302,02-26-2024
26,META,Meta Platforms Inc,13249,02-26-2024
27,MONC,Moncler SpA,27811,02-26-2024
28,9999,NetEase Inc,53885,02-26-2024
29,NEE,NextEra Energy Inc,30569,02-26-2024
30,NKE,NIKE Inc,21484,02-26-2024
31,NVDA,NVIDIA Corp,5784,02-26-2024
32,ODD,Oddity Tech Ltd,6235,02-26-2024
33,603605,Proya Cosmetics Co Ltd,56479,02-26-2024
34,1910,Samsonite International SA,323043,02-26-2024
35,SE,Sea Ltd,9795,02-26-2024
36,2313,Shenzhou International Group Holdings Ltd,120051,02-26-2024
37,SHOP,Shopify Inc,21590,02-26-2024
38,TMUS,T-Mobile US Inc,12092,02-26-2024
39,2330,Taiwan Semiconductor Manufacturing Co Ltd,190323,02-26-2024
40,700,Tencent Holdings Ltd,47971,02-26-2024
41,TJX,TJX Cos Inc,8126,02-26-2024
42,ULTA,Ulta Beauty Inc,2898,02-26-2024
43,DIS,Walt Disney Co,20318,02-26-2024
44,EUR,EUR EUROPEAN UNION EURO,0,02-26-2024
45,GBP,GBP UNITED KINGDOM POUND,0,02-26-2024
46,HKD,HKD HONG KONG DOLLAR,0,02-26-2024
47,KRW,KRW SOUTH KOREAN WON,0,02-26-2024
48,NOK,NOK NORWEGIAN KRONE,0,02-26-2024
49,TWD,TWD TAIWAN DOLLAR,0,02-26-2024
50,USD,USD U.S. DOLLAR,0,02-26-2024
