,Ticker,Name,Shares,Date
0,AMD,Advanced Micro Devices Inc,9315,01-05-2024
1,GOOG,Alphabet Inc,40380,01-05-2024
2,AMZN,Amazon.com Inc,40962,01-05-2024
3,AMT,American Tower Corp,7755,01-05-2024
4,AAPL,Apple Inc,9868,01-05-2024
5,ARM,ARM Holdings PLC,13995,01-05-2024
6,BALL,Ball Corp,31918,01-05-2024
7,BFIT,Basic-Fit NV,11936,01-05-2024
8,1876,Budweiser Brewing Co APAC Ltd,434866,01-05-2024
9,BMBL,Bumble Inc,41172,01-05-2024
10,CMG,Chipotle Mexican Grill Inc,402,01-05-2024
11,EVD,CTS Eventim AG & Co KGaA,23671,01-05-2024
12,CPR,Davide Campari-Milano NV,148048,01-05-2024
13,DSFIR,DSM-Firmenich AG,19162,01-05-2024
14,EDPR,EDP Renovaveis SA,66361,01-05-2024
15,EA,Electronic Arts Inc,12844,01-05-2024
16,EXPN,Experian PLC,56810,01-05-2024
17,FL,Foot Locker Inc,22317,01-05-2024
18,ILMN,Illumina Inc,6175,01-05-2024
19,JIOFIN,Jio Financial Services Ltd,404910,01-05-2024
20,LYV,Live Nation Entertainment Inc,22473,01-05-2024
21,LWSA3,Locaweb Servicos de Internet SA,373494,01-05-2024
22,MC,LVMH Moet Hennessy Louis Vuitton SE,2939,01-05-2024
23,MA,Mastercard Inc,9595,01-05-2024
24,3690,Meituan,100476,01-05-2024
25,MELI,MercadoLibre Inc,1361,01-05-2024
26,META,Meta Platforms Inc,13487,01-05-2024
27,MONC,Moncler SpA,28556,01-05-2024
28,035420,NAVER Corp,4787,01-05-2024
29,9999,NetEase Inc,55327,01-05-2024
30,NEE,NextEra Energy Inc,30325,01-05-2024
31,NKE,NIKE Inc,22061,01-05-2024
32,NVDA,NVIDIA Corp,5868,01-05-2024
33,ODD,Oddity Tech Ltd,6403,01-05-2024
34,603605,Proya Cosmetics Co Ltd,56479,01-05-2024
35,1910,Samsonite International SA,331694,01-05-2024
36,SE,Sea Ltd,10058,01-05-2024
37,2313,Shenzhou International Group Holdings Ltd,120050,01-05-2024
38,TMUS,T-Mobile US Inc,16301,01-05-2024
39,2330,Taiwan Semiconductor Manufacturing Co Ltd,191979,01-05-2024
40,700,Tencent Holdings Ltd,49257,01-05-2024
41,TJX,TJX Cos Inc,8009,01-05-2024
42,ULTA,Ulta Beauty Inc,2911,01-05-2024
43,DIS,Walt Disney Co,20863,01-05-2024
44,EUR,EUR EUROPEAN UNION EURO,0,01-05-2024
45,HKD,HKD HONG KONG DOLLAR,0,01-05-2024
46,NOK,NOK NORWEGIAN KRONE,0,01-05-2024
47,GBP,GBP UNITED KINGDOM POUND,0,01-05-2024
48,TWD,TWD TAIWAN DOLLAR,0,01-05-2024
49,USD,USD U.S. DOLLAR,0,01-05-2024
