,Ticker,Name,Shares,Date
0,ABBV,AbbVie Inc,6612,05-30-2024
1,A,Agilent Technologies Inc,3618,05-30-2024
2,ALGN,Align Technology Inc,1131,05-30-2024
3,ALNY,Alnylam Pharmaceuticals Inc,1151,05-30-2024
4,AMGN,Amgen Inc,3907,05-30-2024
5,ARGX,Argenx SE,894,05-30-2024
6,AZN,AstraZeneca PLC,10553,05-30-2024
7,BIIB,Biogen Inc,3508,05-30-2024
8,BMRN,BioMarin Pharmaceutical Inc,9284,05-30-2024
9,BSX,Boston Scientific Corp,20916,05-30-2024
10,CGON,CG oncology Inc,4986,05-30-2024
11,COO,Cooper Cos Inc,9274,05-30-2024
12,CSL,CSL Ltd,3887,05-30-2024
13,DHR,Danaher Corp,3698,05-30-2024
14,DXCM,Dexcom Inc,3468,05-30-2024
15,EW,Edwards Lifesciences Corp,3323,05-30-2024
16,LLY,Eli Lilly & Co,3418,05-30-2024
17,GMAB,Genmab A/S,6690,05-30-2024
18,7741,Hoya Corp,4003,05-30-2024
19,HUM,Humana Inc,2246,05-30-2024
20,IDXX,IDEXX Laboratories Inc,903,05-30-2024
21,ILMN,Illumina Inc,994,05-30-2024
22,PODD,Insulet Corp,4587,05-30-2024
23,ITCI,Intra-Cellular Therapies Inc,2038,05-30-2024
24,ISRG,Intuitive Surgical Inc,3008,05-30-2024
25,IRTC,iRhythm Technologies Inc,1172,05-30-2024
26,4151,Kyowa Kirin Co Ltd,13115,05-30-2024
27,LONN,Lonza Group AG,979,05-30-2024
28,MTD,Mettler-Toledo International Inc,526,05-30-2024
29,MLTX,MoonLake Immunotherapeutics,2748,05-30-2024
30,NTRA,Natera Inc,1399,05-30-2024
31,NBIX,Neurocrine Biosciences Inc,4927,05-30-2024
32,NOVOB,Novo Nordisk A/S,12102,05-30-2024
33,ROIV,Roivant Sciences Ltd,13116,05-30-2024
34,DIM,Sartorius Stedim Biotech,786,05-30-2024
35,SWAV,Shockwave Medical Inc,1309,05-30-2024
36,RARE,Ultragenyx Pharmaceutical Inc,3495,05-30-2024
37,PCVX,Vaxcyte Inc,2475,05-30-2024
38,VEEV,Veeva Systems Inc,1629,05-30-2024
39,WST,West Pharmaceutical Services Inc,547,05-30-2024
40,XENE,Xenon Pharmaceuticals Inc,2984,05-30-2024
41,ZBH,Zimmer Biomet Holdings Inc,6995,05-30-2024
42,EUR,EUR EUROPEAN UNION EURO,0,05-30-2024
43,GBP,GBP UNITED KINGDOM POUND,0,05-30-2024
44,JPY,JPY JAPANESE YEN,0,05-30-2024
45,USD,USD U.S. DOLLAR,0,05-30-2024
