,Ticker,Name,Shares,Date
0,TSVT,2seventy bio Inc,65231,03-06-2023
1,AGIO,Agios Pharmaceuticals Inc,23177,03-06-2023
2,ARE,Alexandria Real Estate Equities Inc,14484,03-06-2023
3,ALGN,Align Technology Inc,3941,03-06-2023
4,ALLO,Allogene Therapeutics Inc,46024,03-06-2023
5,ALNY,Alnylam Pharmaceuticals Inc,5777,03-06-2023
6,ARGX,Argenx SE,2780,03-06-2023
7,AZN,AstraZeneca PLC,39972,03-06-2023
8,AXNX,Axonics Inc,10517,03-06-2023
9,BEAM,Beam Therapeutics Inc,12796,03-06-2023
10,BIIB,Biogen Inc,9855,03-06-2023
11,BMRN,BioMarin Pharmaceutical Inc,31974,03-06-2023
12,BSX,Boston Scientific Corp,99655,03-06-2023
13,BMY,Bristol-Myers Squibb Co,38092,03-06-2023
14,CTLT,Catalent Inc,20446,03-06-2023
15,4519,Chugai Pharmaceutical Co Ltd,96260,03-06-2023
16,COO,Cooper Cos Inc,7884,03-06-2023
17,CSL,CSL Ltd,17052,03-06-2023
18,CYTK,Cytokinetics Inc,6280,03-06-2023
19,DHR,Danaher Corp,6418,03-06-2023
20,DXCM,Dexcom Inc,31404,03-06-2023
21,EW,Edwards Lifesciences Corp,39235,03-06-2023
22,LLY,Eli Lilly & Co,15511,03-06-2023
23,EXEL,Exelixis Inc,28312,03-06-2023
24,GMAB,Genmab A/S,49317,03-06-2023
25,GILD,Gilead Sciences Inc,55329,03-06-2023
26,HALO,Halozyme Therapeutics Inc,54265,03-06-2023
27,7741,Hoya Corp,18335,03-06-2023
28,IDXX,IDEXX Laboratories Inc,3118,03-06-2023
29,ILMN,Illumina Inc,10938,03-06-2023
30,NARI,Inari Medical Inc,9718,03-06-2023
31,PODD,Insulet Corp,13430,03-06-2023
32,ISRG,Intuitive Surgical Inc,17556,03-06-2023
33,IRTC,iRhythm Technologies Inc,3575,03-06-2023
34,4151,Kyowa Kirin Co Ltd,68760,03-06-2023
35,LONN,Lonza Group AG,1558,03-06-2023
36,MTD,Mettler-Toledo International Inc,2246,03-06-2023
37,NBIX,Neurocrine Biosciences Inc,29643,03-06-2023
38,NOVT,Novanta Inc,12652,03-06-2023
39,ONT,Oxford Nanopore Technologies PLC,94247,03-06-2023
40,SAGE,Sage Therapeutics Inc,7838,03-06-2023
41,SRPT,Sarepta Therapeutics Inc,11878,03-06-2023
42,DIM,Sartorius Stedim Biotech,2336,03-06-2023
43,SGEN,Seagen Inc,17597,03-06-2023
44,SWAV,Shockwave Medical Inc,5089,03-06-2023
45,STVN,Stevanato Group SpA,25394,03-06-2023
46,RARE,Ultragenyx Pharmaceutical Inc,14118,03-06-2023
47,VEEV,Veeva Systems Inc,16915,03-06-2023
48,WAT,Waters Corp,3219,03-06-2023
49,WST,West Pharmaceutical Services Inc,5881,03-06-2023
50,ZBH,Zimmer Biomet Holdings Inc,20458,03-06-2023
51,ZTS,Zoetis Inc,13478,03-06-2023
52,AUD,AUD AUSTRALIAN DOLLAR,0,03-06-2023
53,CHF,CHF SWISS FRANC,0,03-06-2023
54,EUR,EUR EUROPEAN UNION EURO,0,03-06-2023
55,GBP,GBP UNITED KINGDOM POUND,0,03-06-2023
56,USD,USD U.S. DOLLAR,0,03-06-2023
57,JPY,JPY JAPANESE YEN,0,03-06-2023
