,Ticker,Name,Shares,Date
0,A,Agilent Technologies Inc,2784,02-02-2024
1,ARE,Alexandria Real Estate Equities Inc,2686,02-02-2024
2,ALGN,Align Technology Inc,728,02-02-2024
3,ALNY,Alnylam Pharmaceuticals Inc,1868,02-02-2024
4,AMGN,Amgen Inc,3232,02-02-2024
5,ARGX,Argenx SE,658,02-02-2024
6,AZN,AstraZeneca PLC,9973,02-02-2024
7,AXNX,Axonics Inc,2299,02-02-2024
8,BIIB,Biogen Inc,3516,02-02-2024
9,BMRN,BioMarin Pharmaceutical Inc,9349,02-02-2024
10,BSX,Boston Scientific Corp,22692,02-02-2024
11,BMY,Bristol-Myers Squibb Co,13897,02-02-2024
12,CGON,CG oncology Inc,4379,02-02-2024
13,4519,Chugai Pharmaceutical Co Ltd,18029,02-02-2024
14,COO,Cooper Cos Inc,2300,02-02-2024
15,CSL,CSL Ltd,3907,02-02-2024
16,CYTK,Cytokinetics Inc,914,02-02-2024
17,DHR,Danaher Corp,3654,02-02-2024
18,DXCM,Dexcom Inc,4375,02-02-2024
19,DYN,Dyne Therapeutics Inc,4155,02-02-2024
20,EW,Edwards Lifesciences Corp,3323,02-02-2024
21,LLY,Eli Lilly & Co,3427,02-02-2024
22,EXAS,Exact Sciences Corp,5500,02-02-2024
23,GMAB,Genmab A/S,8900,02-02-2024
24,7741,Hoya Corp,4091,02-02-2024
25,HUM,Humana Inc,818,02-02-2024
26,IDXX,IDEXX Laboratories Inc,714,02-02-2024
27,ILMN,Illumina Inc,994,02-02-2024
28,PODD,Insulet Corp,4136,02-02-2024
29,ITCI,Intra-Cellular Therapies Inc,2770,02-02-2024
30,ISRG,Intuitive Surgical Inc,2986,02-02-2024
31,IRTC,iRhythm Technologies Inc,828,02-02-2024
32,4151,Kyowa Kirin Co Ltd,13115,02-02-2024
33,LONN,Lonza Group AG,751,02-02-2024
34,MTD,Mettler-Toledo International Inc,451,02-02-2024
35,MLTX,MoonLake Immunotherapeutics,2644,02-02-2024
36,NBIX,Neurocrine Biosciences Inc,4888,02-02-2024
37,NOVT,Novanta Inc,1562,02-02-2024
38,NOVOB,Novo Nordisk A/S,10570,02-02-2024
39,DIM,Sartorius Stedim Biotech,786,02-02-2024
40,SWAV,Shockwave Medical Inc,1299,02-02-2024
41,STVN,Stevanato Group SpA,4186,02-02-2024
42,RARE,Ultragenyx Pharmaceutical Inc,3495,02-02-2024
43,VEEV,Veeva Systems Inc,1613,02-02-2024
44,WST,West Pharmaceutical Services Inc,646,02-02-2024
45,XENE,Xenon Pharmaceuticals Inc,2984,02-02-2024
46,ZBH,Zimmer Biomet Holdings Inc,6079,02-02-2024
47,ZTS,Zoetis Inc,3061,02-02-2024
48,EUR,EUR EUROPEAN UNION EURO,0,02-02-2024
49,GBP,GBP UNITED KINGDOM POUND,0,02-02-2024
50,JPY,JPY JAPANESE YEN,0,02-02-2024
51,USD,USD U.S. DOLLAR,0,02-02-2024
