,Ticker,Name,Shares,Date
0,A,Agilent Technologies Inc,3533,04-05-2024
1,ALGN,Align Technology Inc,1131,04-05-2024
2,ALNY,Alnylam Pharmaceuticals Inc,1151,04-05-2024
3,AMGN,Amgen Inc,3232,04-05-2024
4,ARGX,Argenx SE,658,04-05-2024
5,AZN,AstraZeneca PLC,10303,04-05-2024
6,BIIB,Biogen Inc,3424,04-05-2024
7,BMRN,BioMarin Pharmaceutical Inc,9064,04-05-2024
8,BSX,Boston Scientific Corp,20429,04-05-2024
9,BMY,Bristol-Myers Squibb Co,13897,04-05-2024
10,CGON,CG oncology Inc,2516,04-05-2024
11,4519,Chugai Pharmaceutical Co Ltd,17562,04-05-2024
12,COO,Cooper Cos Inc,9054,04-05-2024
13,CSL,CSL Ltd,3795,04-05-2024
14,DHR,Danaher Corp,3654,04-05-2024
15,DXCM,Dexcom Inc,3443,04-05-2024
16,DYN,Dyne Therapeutics Inc,4155,04-05-2024
17,EW,Edwards Lifesciences Corp,3323,04-05-2024
18,LLY,Eli Lilly & Co,3337,04-05-2024
19,EXAS,Exact Sciences Corp,5500,04-05-2024
20,GMAB,Genmab A/S,6690,04-05-2024
21,7741,Hoya Corp,3903,04-05-2024
22,HUM,Humana Inc,427,04-05-2024
23,IDXX,IDEXX Laboratories Inc,903,04-05-2024
24,ILMN,Illumina Inc,994,04-05-2024
25,PODD,Insulet Corp,4478,04-05-2024
26,ITCI,Intra-Cellular Therapies Inc,2770,04-05-2024
27,ISRG,Intuitive Surgical Inc,2937,04-05-2024
28,IRTC,iRhythm Technologies Inc,1172,04-05-2024
29,4151,Kyowa Kirin Co Ltd,13115,04-05-2024
30,LONN,Lonza Group AG,957,04-05-2024
31,MTD,Mettler-Toledo International Inc,439,04-05-2024
32,MLTX,MoonLake Immunotherapeutics,2644,04-05-2024
33,NBIX,Neurocrine Biosciences Inc,4888,04-05-2024
34,NOVT,Novanta Inc,1562,04-05-2024
35,NOVOB,Novo Nordisk A/S,11815,04-05-2024
36,ROIV,Roivant Sciences Ltd,13116,04-05-2024
37,DIM,Sartorius Stedim Biotech,786,04-05-2024
38,SWAV,Shockwave Medical Inc,1299,04-05-2024
39,STVN,Stevanato Group SpA,4186,04-05-2024
40,RARE,Ultragenyx Pharmaceutical Inc,3495,04-05-2024
41,PCVX,Vaxcyte Inc,1618,04-05-2024
42,VEEV,Veeva Systems Inc,1613,04-05-2024
43,WST,West Pharmaceutical Services Inc,900,04-05-2024
44,XENE,Xenon Pharmaceuticals Inc,2984,04-05-2024
45,ZBH,Zimmer Biomet Holdings Inc,6829,04-05-2024
46,ZTS,Zoetis Inc,2245,04-05-2024
47,EUR,EUR EUROPEAN UNION EURO,0,04-05-2024
48,GBP,GBP UNITED KINGDOM POUND,0,04-05-2024
49,JPY,JPY JAPANESE YEN,0,04-05-2024
50,USD,USD U.S. DOLLAR,0,04-05-2024
