,Ticker,Name,Shares,Date
0,ABBV,AbbVie Inc,6722,06-10-2024
1,A,Agilent Technologies Inc,2000,06-10-2024
2,ALGN,Align Technology Inc,2091,06-10-2024
3,ALNY,Alnylam Pharmaceuticals Inc,1151,06-10-2024
4,AMGN,Amgen Inc,3907,06-10-2024
5,ARGX,Argenx SE,894,06-10-2024
6,AZN,AstraZeneca PLC,10658,06-10-2024
7,BIIB,Biogen Inc,3543,06-10-2024
8,BMRN,BioMarin Pharmaceutical Inc,9377,06-10-2024
9,BSX,Boston Scientific Corp,21125,06-10-2024
10,CGON,CG oncology Inc,4986,06-10-2024
11,COO,Cooper Cos Inc,9367,06-10-2024
12,CSL,CSL Ltd,3887,06-10-2024
13,DHR,Danaher Corp,3734,06-10-2024
14,DXCM,Dexcom Inc,2262,06-10-2024
15,EW,Edwards Lifesciences Corp,3391,06-10-2024
16,LLY,Eli Lilly & Co,3452,06-10-2024
17,GMAB,Genmab A/S,6690,06-10-2024
18,7741,Hoya Corp,4003,06-10-2024
19,HUM,Humana Inc,2281,06-10-2024
20,IDXX,IDEXX Laboratories Inc,918,06-10-2024
21,ILMN,Illumina Inc,994,06-10-2024
22,PODD,Insulet Corp,4633,06-10-2024
23,ITCI,Intra-Cellular Therapies Inc,2038,06-10-2024
24,ISRG,Intuitive Surgical Inc,3038,06-10-2024
25,IRTC,iRhythm Technologies Inc,1172,06-10-2024
26,4151,Kyowa Kirin Co Ltd,13115,06-10-2024
27,LONN,Lonza Group AG,989,06-10-2024
28,MTD,Mettler-Toledo International Inc,626,06-10-2024
29,MLTX,MoonLake Immunotherapeutics,2748,06-10-2024
30,NTRA,Natera Inc,1399,06-10-2024
31,NBIX,Neurocrine Biosciences Inc,4976,06-10-2024
32,NOVOB,Novo Nordisk A/S,12223,06-10-2024
33,ROIV,Roivant Sciences Ltd,13116,06-10-2024
34,DIM,Sartorius Stedim Biotech,786,06-10-2024
35,RARE,Ultragenyx Pharmaceutical Inc,3495,06-10-2024
36,PCVX,Vaxcyte Inc,2475,06-10-2024
37,VEEV,Veeva Systems Inc,1629,06-10-2024
38,WST,West Pharmaceutical Services Inc,547,06-10-2024
39,XENE,Xenon Pharmaceuticals Inc,2984,06-10-2024
40,ZBH,Zimmer Biomet Holdings Inc,7065,06-10-2024
41,EUR,EUR EUROPEAN UNION EURO,0,06-10-2024
42,GBP,GBP UNITED KINGDOM POUND,0,06-10-2024
43,JPY,JPY JAPANESE YEN,0,06-10-2024
44,USD,USD U.S. DOLLAR,0,06-10-2024
