,Ticker,Name,Shares,Date
0,A,Agilent Technologies Inc,2784,02-27-2024
1,ARE,Alexandria Real Estate Equities Inc,2686,02-27-2024
2,ALGN,Align Technology Inc,1131,02-27-2024
3,ALNY,Alnylam Pharmaceuticals Inc,1151,02-27-2024
4,AMGN,Amgen Inc,3232,02-27-2024
5,ARGX,Argenx SE,658,02-27-2024
6,AZN,AstraZeneca PLC,10476,02-27-2024
7,BIIB,Biogen Inc,3516,02-27-2024
8,BMRN,BioMarin Pharmaceutical Inc,9349,02-27-2024
9,BSX,Boston Scientific Corp,22692,02-27-2024
10,BMY,Bristol-Myers Squibb Co,13897,02-27-2024
11,CGON,CG oncology Inc,4379,02-27-2024
12,4519,Chugai Pharmaceutical Co Ltd,18029,02-27-2024
13,COO,Cooper Cos Inc,9200,02-27-2024
14,CSL,CSL Ltd,3907,02-27-2024
15,CYTK,Cytokinetics Inc,914,02-27-2024
16,DHR,Danaher Corp,3654,02-27-2024
17,DXCM,Dexcom Inc,3443,02-27-2024
18,DYN,Dyne Therapeutics Inc,4155,02-27-2024
19,EW,Edwards Lifesciences Corp,3323,02-27-2024
20,LLY,Eli Lilly & Co,3427,02-27-2024
21,EXAS,Exact Sciences Corp,5500,02-27-2024
22,GMAB,Genmab A/S,8900,02-27-2024
23,7741,Hoya Corp,4091,02-27-2024
24,HUM,Humana Inc,427,02-27-2024
25,IDXX,IDEXX Laboratories Inc,903,02-27-2024
26,ILMN,Illumina Inc,994,02-27-2024
27,PODD,Insulet Corp,4136,02-27-2024
28,ITCI,Intra-Cellular Therapies Inc,2770,02-27-2024
29,ISRG,Intuitive Surgical Inc,2986,02-27-2024
30,IRTC,iRhythm Technologies Inc,828,02-27-2024
31,4151,Kyowa Kirin Co Ltd,13115,02-27-2024
32,LONN,Lonza Group AG,751,02-27-2024
33,MTD,Mettler-Toledo International Inc,451,02-27-2024
34,MLTX,MoonLake Immunotherapeutics,2644,02-27-2024
35,NBIX,Neurocrine Biosciences Inc,4888,02-27-2024
36,NOVT,Novanta Inc,1562,02-27-2024
37,NOVOB,Novo Nordisk A/S,10570,02-27-2024
38,DIM,Sartorius Stedim Biotech,786,02-27-2024
39,SWAV,Shockwave Medical Inc,1299,02-27-2024
40,STVN,Stevanato Group SpA,4186,02-27-2024
41,RARE,Ultragenyx Pharmaceutical Inc,3495,02-27-2024
42,VEEV,Veeva Systems Inc,1613,02-27-2024
43,WST,West Pharmaceutical Services Inc,900,02-27-2024
44,XENE,Xenon Pharmaceuticals Inc,2984,02-27-2024
45,ZBH,Zimmer Biomet Holdings Inc,6945,02-27-2024
46,ZTS,Zoetis Inc,3061,02-27-2024
47,EUR,EUR EUROPEAN UNION EURO,0,02-27-2024
48,GBP,GBP UNITED KINGDOM POUND,0,02-27-2024
49,JPY,JPY JAPANESE YEN,0,02-27-2024
50,USD,USD U.S. DOLLAR,0,02-27-2024
