,Ticker,Name,Shares,Date
0,TSVT,2seventy bio Inc,41311,01-27-2023
1,AGIO,Agios Pharmaceuticals Inc,23002,01-27-2023
2,ARE,Alexandria Real Estate Equities Inc,14375,01-27-2023
3,ALGN,Align Technology Inc,3911,01-27-2023
4,ALLO,Allogene Therapeutics Inc,45679,01-27-2023
5,ALNY,Alnylam Pharmaceuticals Inc,5734,01-27-2023
6,ARGX,Argenx SE,2759,01-27-2023
7,AZN,AstraZeneca PLC,39670,01-27-2023
8,AXNX,Axonics Inc,10438,01-27-2023
9,BEAM,Beam Therapeutics Inc,12699,01-27-2023
10,BIIB,Biogen Inc,9781,01-27-2023
11,BMRN,BioMarin Pharmaceutical Inc,27566,01-27-2023
12,BSX,Boston Scientific Corp,98907,01-27-2023
13,BMY,Bristol-Myers Squibb Co,37806,01-27-2023
14,CTLT,Catalent Inc,20293,01-27-2023
15,4519,Chugai Pharmaceutical Co Ltd,95538,01-27-2023
16,COO,Cooper Cos Inc,7824,01-27-2023
17,CSL,CSL Ltd,16924,01-27-2023
18,CYTK,Cytokinetics Inc,6233,01-27-2023
19,DHR,Danaher Corp,6370,01-27-2023
20,DXCM,Dexcom Inc,31167,01-27-2023
21,EW,Edwards Lifesciences Corp,38941,01-27-2023
22,LLY,Eli Lilly & Co,16604,01-27-2023
23,EXEL,Exelixis Inc,42127,01-27-2023
24,GMAB,Genmab A/S,48945,01-27-2023
25,GILD,Gilead Sciences Inc,54914,01-27-2023
26,HALO,Halozyme Therapeutics Inc,67151,01-27-2023
27,7741,Hoya Corp,18197,01-27-2023
28,IDXX,IDEXX Laboratories Inc,3095,01-27-2023
29,ILMN,Illumina Inc,10855,01-27-2023
30,NARI,Inari Medical Inc,9645,01-27-2023
31,PODD,Insulet Corp,13329,01-27-2023
32,ISRG,Intuitive Surgical Inc,17424,01-27-2023
33,IRTC,iRhythm Technologies Inc,3548,01-27-2023
34,4151,Kyowa Kirin Co Ltd,68244,01-27-2023
35,LONN,Lonza Group AG,1546,01-27-2023
36,MTD,Mettler-Toledo International Inc,2229,01-27-2023
37,NBIX,Neurocrine Biosciences Inc,29419,01-27-2023
38,NOVT,Novanta Inc,12557,01-27-2023
39,ONT,Oxford Nanopore Technologies PLC,93540,01-27-2023
40,QIA,QIAGEN NV,7147,01-27-2023
41,SAGE,Sage Therapeutics Inc,7779,01-27-2023
42,SRPT,Sarepta Therapeutics Inc,9168,01-27-2023
43,DIM,Sartorius Stedim Biotech,2318,01-27-2023
44,SGEN,Seagen Inc,18772,01-27-2023
45,SWAV,Shockwave Medical Inc,5051,01-27-2023
46,STVN,Stevanato Group SpA,25203,01-27-2023
47,RARE,Ultragenyx Pharmaceutical Inc,14012,01-27-2023
48,VEEV,Veeva Systems Inc,16788,01-27-2023
49,WST,West Pharmaceutical Services Inc,5837,01-27-2023
50,ZBH,Zimmer Biomet Holdings Inc,20304,01-27-2023
51,ZTS,Zoetis Inc,13376,01-27-2023
52,AUD,AUD AUSTRALIAN DOLLAR,0,01-27-2023
53,CHF,CHF SWISS FRANC,0,01-27-2023
54,EUR,EUR EUROPEAN UNION EURO,0,01-27-2023
55,GBP,GBP UNITED KINGDOM POUND,0,01-27-2023
56,JPY,JPY JAPANESE YEN,0,01-27-2023
57,USD,USD U.S. DOLLAR,0,01-27-2023
