,Ticker,Name,Shares,Date
0,ABBV,AbbVie Inc,3208,04-19-2024
1,A,Agilent Technologies Inc,3618,04-19-2024
2,ALGN,Align Technology Inc,1131,04-19-2024
3,ALNY,Alnylam Pharmaceuticals Inc,1151,04-19-2024
4,AMGN,Amgen Inc,3288,04-19-2024
5,ARGX,Argenx SE,670,04-19-2024
6,AZN,AstraZeneca PLC,10553,04-19-2024
7,BIIB,Biogen Inc,3508,04-19-2024
8,BMRN,BioMarin Pharmaceutical Inc,9284,04-19-2024
9,BSX,Boston Scientific Corp,20916,04-19-2024
10,BMY,Bristol-Myers Squibb Co,14001,04-19-2024
11,CGON,CG oncology Inc,2516,04-19-2024
12,COO,Cooper Cos Inc,9274,04-19-2024
13,CSL,CSL Ltd,3887,04-19-2024
14,DHR,Danaher Corp,3698,04-19-2024
15,DXCM,Dexcom Inc,3468,04-19-2024
16,DYN,Dyne Therapeutics Inc,4155,04-19-2024
17,EW,Edwards Lifesciences Corp,3323,04-19-2024
18,LLY,Eli Lilly & Co,3418,04-19-2024
19,EXAS,Exact Sciences Corp,5500,04-19-2024
20,GMAB,Genmab A/S,6690,04-19-2024
21,7741,Hoya Corp,4003,04-19-2024
22,HUM,Humana Inc,427,04-19-2024
23,IDXX,IDEXX Laboratories Inc,903,04-19-2024
24,ILMN,Illumina Inc,994,04-19-2024
25,PODD,Insulet Corp,4587,04-19-2024
26,ITCI,Intra-Cellular Therapies Inc,1326,04-19-2024
27,ISRG,Intuitive Surgical Inc,3008,04-19-2024
28,IRTC,iRhythm Technologies Inc,1172,04-19-2024
29,4151,Kyowa Kirin Co Ltd,13115,04-19-2024
30,LONN,Lonza Group AG,979,04-19-2024
31,MTD,Mettler-Toledo International Inc,450,04-19-2024
32,MLTX,MoonLake Immunotherapeutics,2748,04-19-2024
33,NTRA,Natera Inc,1399,04-19-2024
34,NBIX,Neurocrine Biosciences Inc,4927,04-19-2024
35,NOVOB,Novo Nordisk A/S,12102,04-19-2024
36,ROIV,Roivant Sciences Ltd,13116,04-19-2024
37,DIM,Sartorius Stedim Biotech,786,04-19-2024
38,SWAV,Shockwave Medical Inc,1309,04-19-2024
39,STVN,Stevanato Group SpA,4186,04-19-2024
40,RARE,Ultragenyx Pharmaceutical Inc,3495,04-19-2024
41,PCVX,Vaxcyte Inc,1618,04-19-2024
42,VEEV,Veeva Systems Inc,1629,04-19-2024
43,WST,West Pharmaceutical Services Inc,909,04-19-2024
44,XENE,Xenon Pharmaceuticals Inc,2984,04-19-2024
45,ZBH,Zimmer Biomet Holdings Inc,6995,04-19-2024
46,ZTS,Zoetis Inc,1709,04-19-2024
47,EUR,EUR EUROPEAN UNION EURO,0,04-19-2024
48,GBP,GBP UNITED KINGDOM POUND,0,04-19-2024
49,JPY,JPY JAPANESE YEN,0,04-19-2024
50,USD,USD U.S. DOLLAR,0,04-19-2024
