,Ticker,Name,Shares,Date
0,A,Agilent Technologies Inc,2877,11-30-2023
1,ARE,Alexandria Real Estate Equities Inc,4288,11-30-2023
2,ALGN,Align Technology Inc,1406,11-30-2023
3,ALNY,Alnylam Pharmaceuticals Inc,1929,11-30-2023
4,ARGX,Argenx SE,515,11-30-2023
5,AZN,AstraZeneca PLC,9296,11-30-2023
6,AXNX,Axonics Inc,2376,11-30-2023
7,BIIB,Biogen Inc,3633,11-30-2023
8,BMRN,BioMarin Pharmaceutical Inc,9659,11-30-2023
9,BSX,Boston Scientific Corp,23454,11-30-2023
10,BMY,Bristol-Myers Squibb Co,11769,11-30-2023
11,4519,Chugai Pharmaceutical Co Ltd,18629,11-30-2023
12,COO,Cooper Cos Inc,2133,11-30-2023
13,CSL,CSL Ltd,4037,11-30-2023
14,CYTK,Cytokinetics Inc,1436,11-30-2023
15,DHR,Danaher Corp,3258,11-30-2023
16,DXCM,Dexcom Inc,6613,11-30-2023
17,EW,Edwards Lifesciences Corp,3435,11-30-2023
18,LLY,Eli Lilly & Co,3541,11-30-2023
19,EXAS,Exact Sciences Corp,5681,11-30-2023
20,GMAB,Genmab A/S,11627,11-30-2023
21,GILD,Gilead Sciences Inc,9516,11-30-2023
22,HALO,Halozyme Therapeutics Inc,7657,11-30-2023
23,7741,Hoya Corp,4224,11-30-2023
24,HUM,Humana Inc,846,11-30-2023
25,IDXX,IDEXX Laboratories Inc,591,11-30-2023
26,ILMN,Illumina Inc,1028,11-30-2023
27,PODD,Insulet Corp,4274,11-30-2023
28,ISRG,Intuitive Surgical Inc,3461,11-30-2023
29,IRTC,iRhythm Technologies Inc,856,11-30-2023
30,KRTX,Karuna Therapeutics Inc,524,11-30-2023
31,4151,Kyowa Kirin Co Ltd,13548,11-30-2023
32,LONN,Lonza Group AG,341,11-30-2023
33,MTD,Mettler-Toledo International Inc,466,11-30-2023
34,MLTX,MoonLake Immunotherapeutics,2736,11-30-2023
35,NBIX,Neurocrine Biosciences Inc,6032,11-30-2023
36,NOVT,Novanta Inc,2456,11-30-2023
37,NOVOB,Novo Nordisk A/S,4939,11-30-2023
38,ONT,Oxford Nanopore Technologies PLC,24108,11-30-2023
39,DIM,Sartorius Stedim Biotech,812,11-30-2023
40,SGEN,Seagen Inc,3350,11-30-2023
41,SWAV,Shockwave Medical Inc,683,11-30-2023
42,STVN,Stevanato Group SpA,4326,11-30-2023
43,RARE,Ultragenyx Pharmaceutical Inc,3609,11-30-2023
44,VEEV,Veeva Systems Inc,1667,11-30-2023
45,WST,West Pharmaceutical Services Inc,668,11-30-2023
46,ZBH,Zimmer Biomet Holdings Inc,6282,11-30-2023
47,ZTS,Zoetis Inc,3161,11-30-2023
48,EUR,EUR EUROPEAN UNION EURO,0,11-30-2023
49,GBP,GBP UNITED KINGDOM POUND,0,11-30-2023
50,JPY,JPY JAPANESE YEN,0,11-30-2023
51,SGD,SGD SINGAPORE DOLLAR,0,11-30-2023
52,USD,USD U.S. DOLLAR,0,11-30-2023
