,Ticker,Name,Shares,Date
0,ABBV,AbbVie Inc,6421,05-16-2024
1,A,Agilent Technologies Inc,3618,05-16-2024
2,ALGN,Align Technology Inc,1131,05-16-2024
3,ALNY,Alnylam Pharmaceuticals Inc,1151,05-16-2024
4,AMGN,Amgen Inc,3907,05-16-2024
5,ARGX,Argenx SE,894,05-16-2024
6,AZN,AstraZeneca PLC,10553,05-16-2024
7,BIIB,Biogen Inc,3508,05-16-2024
8,BMRN,BioMarin Pharmaceutical Inc,9284,05-16-2024
9,BSX,Boston Scientific Corp,20916,05-16-2024
10,CGON,CG oncology Inc,4986,05-16-2024
11,COO,Cooper Cos Inc,9274,05-16-2024
12,CSL,CSL Ltd,3887,05-16-2024
13,DHR,Danaher Corp,3698,05-16-2024
14,DXCM,Dexcom Inc,3468,05-16-2024
15,DYN,Dyne Therapeutics Inc,4155,05-16-2024
16,EW,Edwards Lifesciences Corp,3323,05-16-2024
17,LLY,Eli Lilly & Co,3418,05-16-2024
18,GMAB,Genmab A/S,6690,05-16-2024
19,7741,Hoya Corp,4003,05-16-2024
20,HUM,Humana Inc,1165,05-16-2024
21,IDXX,IDEXX Laboratories Inc,903,05-16-2024
22,ILMN,Illumina Inc,994,05-16-2024
23,PODD,Insulet Corp,4587,05-16-2024
24,ITCI,Intra-Cellular Therapies Inc,1326,05-16-2024
25,ISRG,Intuitive Surgical Inc,3008,05-16-2024
26,IRTC,iRhythm Technologies Inc,1172,05-16-2024
27,4151,Kyowa Kirin Co Ltd,13115,05-16-2024
28,LONN,Lonza Group AG,979,05-16-2024
29,MTD,Mettler-Toledo International Inc,450,05-16-2024
30,MLTX,MoonLake Immunotherapeutics,2748,05-16-2024
31,NTRA,Natera Inc,1399,05-16-2024
32,NBIX,Neurocrine Biosciences Inc,4927,05-16-2024
33,NOVOB,Novo Nordisk A/S,12102,05-16-2024
34,ROIV,Roivant Sciences Ltd,13116,05-16-2024
35,DIM,Sartorius Stedim Biotech,786,05-16-2024
36,SWAV,Shockwave Medical Inc,1309,05-16-2024
37,STVN,Stevanato Group SpA,4186,05-16-2024
38,RARE,Ultragenyx Pharmaceutical Inc,3495,05-16-2024
39,PCVX,Vaxcyte Inc,1618,05-16-2024
40,VEEV,Veeva Systems Inc,1629,05-16-2024
41,WST,West Pharmaceutical Services Inc,909,05-16-2024
42,XENE,Xenon Pharmaceuticals Inc,2984,05-16-2024
43,ZBH,Zimmer Biomet Holdings Inc,6995,05-16-2024
44,EUR,EUR EUROPEAN UNION EURO,0,05-16-2024
45,GBP,GBP UNITED KINGDOM POUND,0,05-16-2024
46,JPY,JPY JAPANESE YEN,0,05-16-2024
47,USD,USD U.S. DOLLAR,0,05-16-2024
