,Ticker,Name,Shares,Date
0,LH,LABORATORY CORP AMER HLDGS,4209,10-24-2023
1,DGX,QUEST DIAGNOSTICS INC,6660,10-24-2023
2,ALNY,ALNYLAM PHARMACEUTICALS INC,4427,10-24-2023
3,BNTX,BIONTECH SE,7242,10-24-2023
4,MRNA,MODERNA INC,7746,10-24-2023
5,ZLAB,ZAI LAB LTD,22924,10-24-2023
6,PCVX,VAXCYTE INC,11246,10-24-2023
7,DVAX,DYNAVAX TECHNOLOGIES CORP,38005,10-24-2023
8,IMCR,IMMUNOCORE HLDGS PLC,10376,10-24-2023
9,QDEL,QUIDELORTHO CORP,7089,10-24-2023
10,BIO,BIO RAD LABS INC,1459,10-24-2023
11,ABCL,ABCELLERA BIOLOGICS INC,88944,10-24-2023
12,CVAC,CUREVAC N V,64666,10-24-2023
13,VIR,VIR BIOTECHNOLOGY INC,39512,10-24-2023
14,BCRX,BIOCRYST PHARMACEUTICALS INC COM,53424,10-24-2023
15,OPK,OPKO HEALTH INC,226949,10-24-2023
16,FLGT,FULGENT GENETICS INC,8644,10-24-2023
17,IBRX,IMMUNITYBIO INC,135056,10-24-2023
18,ADPT,ADAPTIVE BIOTECHNOLOGIES CORP COM,42149,10-24-2023
19,NVAX,NOVAVAX INC,28495,10-24-2023
20,ARCT,ARCTURUS THERAPEUTICS HLDGS,7683,10-24-2023
21,HLVX,HILLEVAX INC,11531,10-24-2023
22,OSUR,ORASURE TECHNOLOGIES INC,22551,10-24-2023
23,LLY,ELI LILLY & CO,203,10-24-2023
24,ANTX,AN2 THERAPEUTICS INC,8266,10-24-2023
25,GILD,GILEAD SCIENCES INC,1468,10-24-2023
26,GSK,GSK PLC,3196,10-24-2023
27,ABBV,ABBVIE INC,764,10-24-2023
28,SNY,SANOFI,2111,10-24-2023
29,REGN,REGENERON PHARMACEUTICALS,136,10-24-2023
30,SIGA,SIGA TECHNOLOGIES INC,20531,10-24-2023
31,MRK,MERCK & CO INC,1030,10-24-2023
32,TAK,TAKEDA PHARMACEUTICAL CO LTD SPONSORED ADS,7291,10-24-2023
33,ABT,ABBOTT LABS,1091,10-24-2023
34,AZN,ASTRAZENECA PLC,1656,10-24-2023
35,JNJ,JOHNSON & JOHNSON,694,10-24-2023
36,HOLX,HOLOGIC INC,1502,10-24-2023
37,PFE,PFIZER INC,3174,10-24-2023
38,ICVX,ICOSAVAX INC,14549,10-24-2023
39,ABUS,ARBUTUS BIOPHARMA CORP,48158,10-24-2023
40,AVIR,ATEA PHARMACEUTICALS INC,23802,10-24-2023
41,ENTA,ENANTA PHARMACEUTICALS INC,6299,10-24-2023
42,GRTS,GRITSTONE BIO INC,27622,10-24-2023
43,CRMD,CORMEDIX INC,15830,10-24-2023
44,IVVD,INVIVYD INC,31702,10-24-2023
45,RENB,RENOVARO BIOSCIENCES INC,15813,10-24-2023
46,SCLX,SCILEX HOLDING CO,22276,10-24-2023
47,XBIT,XBIOTECH INC,8898,10-24-2023
48,ALT,ALTIMMUNE INC,15218,10-24-2023
49,IFRX,INFLARX NV,17697,10-24-2023
50,INO,INOVIO PHARMACEUTICALS INC,77447,10-24-2023
51,EBS,EMERGENT BIOSOLUTIONS INC,14964,10-24-2023
52,OCGN,OCUGEN INC,77641,10-24-2023
53,VAXX,VAXXINITY INC,36609,10-24-2023
54,VXRT,VAXART INC,42955,10-24-2023
55,CMRX,CHIMERIX INC,25586,10-24-2023
56,CUE,CUE BIOPHARMA INC,13561,10-24-2023
57,CVM,CEL-SCI CORP,13651,10-24-2023
58,ENZ,ENZO BIOCHEM INC,14363,10-24-2023
59,HLTH,CUE HEALTH INC,36227,10-24-2023
60,2298465D,Gurnet Point Capital LLC,16557,10-24-2023
61,Cash&Other,Cash & Other,97095,10-24-2023
