,Ticker,Name,Shares,Date
0,ABUS,ARBUTUS BIOPHARMA CORP,556963,03-07-2023
1,ALT,ALTIMMUNE INC,120272,03-07-2023
2,ADPT,ADAPTIVE BIOTECHNOLOGIES CORP COM,150027,03-07-2023
3,ALNY,ALNYLAM PHARMACEUTICALS INC,5892,03-07-2023
4,BIO,BIO RAD LABS INC,2070,03-07-2023
5,ZLAB,ZAI LAB LTD,21756,03-07-2023
6,LH,LABORATORY CORP AMER HLDGS,3579,03-07-2023
7,QDEL,QUIDELORTHO CORP,9238,03-07-2023
8,ABCL,ABCELLERA BIOLOGICS INC,98462,03-07-2023
9,DGX,QUEST DIAGNOSTICS INC,5670,03-07-2023
10,PCVX,VAXCYTE INC,17137,03-07-2023
11,MRNA,MODERNA INC,4768,03-07-2023
12,BNTX,BIONTECH SE,5106,03-07-2023
13,VIR,VIR BIOTECHNOLOGY INC,28883,03-07-2023
14,IMCR,IMMUNOCORE HLDGS PLC,9830,03-07-2023
15,BCRX,BIOCRYST PHARMACEUTICALS INC COM,40450,03-07-2023
16,CVAC,CUREVAC N V,41287,03-07-2023
17,DVAX,DYNAVAX TECHNOLOGIES CORP,27684,03-07-2023
18,ENTA,ENANTA PHARMACEUTICALS INC,4513,03-07-2023
19,FLGT,FULGENT GENETICS INC,6388,03-07-2023
20,OPK,OPKO HEALTH INC,167654,03-07-2023
21,SPRY,ARS PHARMACEUTICALS INC,20706,03-07-2023
22,HOLX,HOLOGIC INC,2007,03-07-2023
23,TAK,TAKEDA PHARMACEUTICAL CO LTD SPONSORED ADS,10390,03-07-2023
24,SNY,SANOFI,3368,03-07-2023
25,REGN,REGENERON PHARMACEUTICALS,203,03-07-2023
26,MRK,MERCK & CO INC,1407,03-07-2023
27,GSK,GSK PLC,4410,03-07-2023
28,IBRX,IMMUNITYBIO INC,86856,03-07-2023
29,ABBV,ABBVIE INC,956,03-07-2023
30,ABT,ABBOTT LABS,1432,03-07-2023
31,AZN,ASTRAZENECA PLC,2261,03-07-2023
32,SCLX,SCILEX HOLDING CO,15716,03-07-2023
33,GILD,GILEAD SCIENCES INC,1758,03-07-2023
34,JNJ,JOHNSON & JOHNSON,864,03-07-2023
35,LLY,LILLY ELI & CO,417,03-07-2023
36,BMY,BRISTOL-MYERS SQUIBB CO,1910,03-07-2023
37,NVAX,NOVAVAX INC,17034,03-07-2023
38,PFE,PFIZER INC,3024,03-07-2023
39,EBS,EMERGENT BIOSOLUTIONS INC,10825,03-07-2023
40,HLVX,HILLEVAX INC,7236,03-07-2023
41,OSUR,ORASURE TECHNOLOGIES INC,15758,03-07-2023
42,SIGA,SIGA TECHNOLOGIES INC,15845,03-07-2023
43,ARCT,ARCTURUS THERAPEUTICS HLDGS,5749,03-07-2023
44,IMAB,I MAB,18031,03-07-2023
45,HLTH,CUE HEALTH INC,32423,03-07-2023
46,ICVX,ICOSAVAX INC,8658,03-07-2023
47,INO,INOVIO PHARMACEUTICALS INC,54133,03-07-2023
48,VAXX,VAXXINITY INC,27352,03-07-2023
49,AVIR,ATEA PHARMACEUTICALS INC,18072,03-07-2023
50,OCGN,OCUGEN INC,47494,03-07-2023
51,GRTS,GRITSTONE BIO INC,18089,03-07-2023
52,IVVD,INVIVYD INC,23647,03-07-2023
53,ANTX,AN2 THERAPEUTICS INC,4211,03-07-2023
54,CRMD,CORMEDIX INC,8958,03-07-2023
55,ANIX,ANIXA BIOSCIENCES INC,6653,03-07-2023
56,CMRX,CHIMERIX INC,19104,03-07-2023
57,CVM,CEL-SCI CORP,9410,03-07-2023
58,VBIV,VBI VACCINES INC CDA,56036,03-07-2023
59,PRTK,PARATEK PHARMACEUTICALS INC,12053,03-07-2023
60,VXRT,VAXART INC,28478,03-07-2023
61,CUE,CUE BIOPHARMA INC,7678,03-07-2023
62,ATOS,ATOSSA THERAPEUTICS INC,27475,03-07-2023
63,CODX,CO-DIAGNOSTICS INC,6709,03-07-2023
64,ASMB,ASSEMBLY BIOSCIENCES INC,10584,03-07-2023
65,GRNA,GREENLIGHT BIOSCIENCS HLDS PBC COMMON STOCK,32884,03-07-2023
66,HOOK,HOOKIPA PHARMA INC,11873,03-07-2023
67,Cash&Other,Cash & Other,63902,03-07-2023
