,Ticker,Name,Shares,Date
0,ALNY,ALNYLAM PHARMACEUTICALS INC,5616,05-17-2023
1,DGX,QUEST DIAGNOSTICS INC,7815,05-17-2023
2,MRNA,MODERNA INC,7921,05-17-2023
3,LH,LABORATORY CORP AMER HLDGS,4560,05-17-2023
4,BNTX,BIONTECH SE,8532,05-17-2023
5,PCVX,VAXCYTE INC,17545,05-17-2023
6,IMCR,IMMUNOCORE HLDGS PLC,13959,05-17-2023
7,VIR,VIR BIOTECHNOLOGY INC,32196,05-17-2023
8,QDEL,QUIDELORTHO CORP,8249,05-17-2023
9,ZLAB,ZAI LAB LTD,19712,05-17-2023
10,CVAC,CUREVAC N V,71707,05-17-2023
11,BIO,BIO RAD LABS INC,1448,05-17-2023
12,IBRX,IMMUNITYBIO INC,154394,05-17-2023
13,ABCL,ABCELLERA BIOLOGICS INC,88990,05-17-2023
14,BCRX,BIOCRYST PHARMACEUTICALS INC COM,58922,05-17-2023
15,DVAX,DYNAVAX TECHNOLOGIES CORP,39923,05-17-2023
16,OPK,OPKO HEALTH INC,241580,05-17-2023
17,FLGT,FULGENT GENETICS INC,8672,05-17-2023
18,ADPT,ADAPTIVE BIOTECHNOLOGIES CORP COM,42000,05-17-2023
19,SPRY,ARS PHARMACEUTICALS INC,29936,05-17-2023
20,ARCT,ARCTURUS THERAPEUTICS HLDGS,8373,05-17-2023
21,NVAX,NOVAVAX INC,26944,05-17-2023
22,LLY,LILLY ELI & CO,413,05-17-2023
23,ENTA,ENANTA PHARMACEUTICALS INC,6668,05-17-2023
24,AZN,ASTRAZENECA PLC,1998,05-17-2023
25,SNY,SANOFI,2729,05-17-2023
26,HLVX,HILLEVAX INC,10224,05-17-2023
27,MRK,MERCK & CO INC,1215,05-17-2023
28,ABT,ABBOTT LABS,1267,05-17-2023
29,EBS,EMERGENT BIOSOLUTIONS INC,15678,05-17-2023
30,TAK,TAKEDA PHARMACEUTICAL CO LTD SPONSORED ADS,8480,05-17-2023
31,GSK,GSK PLC,3760,05-17-2023
32,JNJ,JOHNSON & JOHNSON,853,05-17-2023
33,HOLX,HOLOGIC INC,1624,05-17-2023
34,GILD,GILEAD SCIENCES INC,1633,05-17-2023
35,BMY,BRISTOL-MYERS SQUIBB CO,1880,05-17-2023
36,REGN,REGENERON PHARMACEUTICALS,170,05-17-2023
37,ABUS,ARBUTUS BIOPHARMA CORP,48921,05-17-2023
38,SIGA,SIGA TECHNOLOGIES INC,22557,05-17-2023
39,ABBV,ABBVIE INC,843,05-17-2023
40,PFE,PFIZER INC,3201,05-17-2023
41,OSUR,ORASURE TECHNOLOGIES INC,21613,05-17-2023
42,ICVX,ICOSAVAX INC,12206,05-17-2023
43,AVIR,ATEA PHARMACEUTICALS INC,24918,05-17-2023
44,IMAB,I MAB,25799,05-17-2023
45,VAXX,VAXXINITY INC,41282,05-17-2023
46,ALT,ALTIMMUNE INC,15409,05-17-2023
47,CRMD,CORMEDIX INC,12908,05-17-2023
48,INO,INOVIO PHARMACEUTICALS INC,81334,05-17-2023
49,CUE,CUE BIOPHARMA INC,12741,05-17-2023
50,GRTS,GRITSTONE BIO INC,26286,05-17-2023
51,IVVD,INVIVYD INC,33107,05-17-2023
52,ANTX,AN2 THERAPEUTICS INC,6350,05-17-2023
53,OCGN,OCUGEN INC,69313,05-17-2023
54,VXRT,VAXART INC,36733,05-17-2023
55,CVM,CEL-SCI CORP,13676,05-17-2023
56,PRTK,PARATEK PHARMACEUTICALS INC,17271,05-17-2023
57,CMRX,CHIMERIX INC,27692,05-17-2023
58,HLTH,CUE HEALTH INC,46274,05-17-2023
59,ATOS,ATOSSA THERAPEUTICS INC,39969,05-17-2023
60,ASMB,ASSEMBLY BIOSCIENCES INC,15364,05-17-2023
61,CODX,CO-DIAGNOSTICS INC,9247,05-17-2023
62,GRNA,GREENLIGHT BIOSCIENCS HLDS PBC COMMON STOCK,48541,05-17-2023
63,VBIV,VBI VACCINES INC CDA,2692,05-17-2023
64,Cash&Other,Cash & Other,156162,05-17-2023
