,Ticker,Name,Shares,Date
0,LH,LABORATORY CORP AMER HLDGS,3649,12-15-2023
1,DGX,QUEST DIAGNOSTICS INC,5772,12-15-2023
2,ALNY,ALNYLAM PHARMACEUTICALS INC,3837,12-15-2023
3,BNTX,BIONTECH SE,6278,12-15-2023
4,ZLAB,ZAI LAB LTD,19868,12-15-2023
5,PCVX,VAXCYTE INC,9748,12-15-2023
6,MRNA,MODERNA INC,6714,12-15-2023
7,IMCR,IMMUNOCORE HLDGS PLC,8994,12-15-2023
8,IBRX,IMMUNITYBIO INC,117050,12-15-2023
9,DVAX,DYNAVAX TECHNOLOGIES CORP,32939,12-15-2023
10,QDEL,QUIDELORTHO CORP,6145,12-15-2023
11,ABCL,ABCELLERA BIOLOGICS INC,77086,12-15-2023
12,BIO,BIO RAD LABS INC,1265,12-15-2023
13,VIR,VIR BIOTECHNOLOGY INC,34244,12-15-2023
14,CVAC,CUREVAC N V,56044,12-15-2023
15,OPK,OPKO HEALTH INC,196690,12-15-2023
16,BCRX,BIOCRYST PHARMACEUTICALS INC COM,46302,12-15-2023
17,FLGT,FULGENT GENETICS INC,7492,12-15-2023
18,ICVX,ICOSAVAX INC,12610,12-15-2023
19,ADPT,ADAPTIVE BIOTECHNOLOGIES CORP COM,36530,12-15-2023
20,ARCT,ARCTURUS THERAPEUTICS HLDGS,6659,12-15-2023
21,HLVX,HILLEVAX INC,9995,12-15-2023
22,ANTX,AN2 THERAPEUTICS INC,7164,12-15-2023
23,OSUR,ORASURE TECHNOLOGIES INC,19545,12-15-2023
24,NVAX,NOVAVAX INC,24697,12-15-2023
25,SIGA,SIGA TECHNOLOGIES INC,17795,12-15-2023
26,GILD,GILEAD SCIENCES INC,1274,12-15-2023
27,ABBV,ABBVIE INC,663,12-15-2023
28,ABT,ABBOTT LABS,947,12-15-2023
29,REGN,REGENERON PHARMACEUTICALS,118,12-15-2023
30,GSK,GSK PLC,2770,12-15-2023
31,LLY,ELI LILLY & CO,177,12-15-2023
32,AZN,ASTRAZENECA PLC,1436,12-15-2023
33,JNJ,JOHNSON & JOHNSON,602,12-15-2023
34,MRK,MERCK & CO INC,894,12-15-2023
35,HOLX,HOLOGIC INC,1302,12-15-2023
36,ALT,ALTIMMUNE INC,13190,12-15-2023
37,ABUS,ARBUTUS BIOPHARMA CORP,41738,12-15-2023
38,SNY,SANOFI,1831,12-15-2023
39,TAK,TAKEDA PHARMACEUTICAL CO LTD SPONSORED ADS,6319,12-15-2023
40,PFE,PFIZER INC,2752,12-15-2023
41,AVIR,ATEA PHARMACEUTICALS INC,20630,12-15-2023
42,ENTA,ENANTA PHARMACEUTICALS INC,5460,12-15-2023
43,RENB,RENOVARO BIOSCIENCES INC,13705,12-15-2023
44,CRMD,CORMEDIX INC,13720,12-15-2023
45,IVVD,INVIVYD INC,27476,12-15-2023
46,GRTS,GRITSTONE BIO INC,23940,12-15-2023
47,XBIT,XBIOTECH INC,7712,12-15-2023
48,CUE,CUE BIOPHARMA INC,11753,12-15-2023
49,CVM,CEL-SCI CORP,11831,12-15-2023
50,EBS,EMERGENT BIOSOLUTIONS INC,12970,12-15-2023
51,SCLX,SCILEX HOLDING CO,22276,12-15-2023
52,INO,INOVIO PHARMACEUTICALS INC,67121,12-15-2023
53,OCGN,OCUGEN INC,67289,12-15-2023
54,VAXX,VAXXINITY INC,31729,12-15-2023
55,VXRT,VAXART INC,37229,12-15-2023
56,CMRX,CHIMERIX INC,22176,12-15-2023
57,IFRX,INFLARX NV,15339,12-15-2023
58,ENZ,ENZO BIOCHEM INC,12449,12-15-2023
59,HLTH,CUE HEALTH INC,31397,12-15-2023
60,2298465D,Gurnet Point Capital LLC,15454,12-15-2023
61,Cash&Other,Cash & Other,99485,12-15-2023
