,Ticker,Name,Shares,Date
0,MRNA,MODERNA INC,8773,01-05-2024
1,ALNY,ALNYLAM PHARMACEUTICALS INC,4052,01-05-2024
2,BNTX,BIONTECH SE,6789,01-05-2024
3,LH,LABORATORY CORP AMER HLDGS,3143,01-05-2024
4,DGX,QUEST DIAGNOSTICS INC,4967,01-05-2024
5,IMCR,IMMUNOCORE HLDGS PLC,8619,01-05-2024
6,IBRX,IMMUNITYBIO INC,123495,01-05-2024
7,PCVX,VAXCYTE INC,8778,01-05-2024
8,DVAX,DYNAVAX TECHNOLOGIES CORP,32773,01-05-2024
9,QDEL,QUIDELORTHO CORP,6612,01-05-2024
10,BIO,BIO RAD LABS INC,1490,01-05-2024
11,ZLAB,ZAI LAB LTD,16653,01-05-2024
12,ABCL,ABCELLERA BIOLOGICS INC,73571,01-05-2024
13,VIR,VIR BIOTECHNOLOGY INC,34107,01-05-2024
14,BCRX,BIOCRYST PHARMACEUTICALS INC COM,51928,01-05-2024
15,CVAC,CUREVAC N V,56774,01-05-2024
16,FLGT,FULGENT GENETICS INC,7513,01-05-2024
17,ARCT,ARCTURUS THERAPEUTICS HLDGS,6775,01-05-2024
18,ICVX,ICOSAVAX INC,12700,01-05-2024
19,HLVX,HILLEVAX INC,12281,01-05-2024
20,OPK,OPKO HEALTH INC,196003,01-05-2024
21,ADPT,ADAPTIVE BIOTECHNOLOGIES CORP COM,36706,01-05-2024
22,ALT,ALTIMMUNE INC,13623,01-05-2024
23,NVAX,NOVAVAX INC,30118,01-05-2024
24,OSUR,ORASURE TECHNOLOGIES INC,18631,01-05-2024
25,ANTX,AN2 THERAPEUTICS INC,7541,01-05-2024
26,ABUS,ARBUTUS BIOPHARMA CORP,42518,01-05-2024
27,IVVD,INVIVYD INC,27919,01-05-2024
28,SIGA,SIGA TECHNOLOGIES INC,18025,01-05-2024
29,MRK,MERCK & CO INC,853,01-05-2024
30,ABBV,ABBVIE INC,614,01-05-2024
31,GILD,GILEAD SCIENCES INC,1141,01-05-2024
32,REGN,REGENERON PHARMACEUTICALS,106,01-05-2024
33,GSK,GSK PLC,2428,01-05-2024
34,SNY,SANOFI,1869,01-05-2024
35,ABT,ABBOTT LABS,838,01-05-2024
36,AZN,ASTRAZENECA PLC,1353,01-05-2024
37,LLY,ELI LILLY & CO,148,01-05-2024
38,JNJ,JOHNSON & JOHNSON,565,01-05-2024
39,TAK,TAKEDA PHARMACEUTICAL CO LTD SPONSORED ADS,6176,01-05-2024
40,HOLX,HOLOGIC INC,1226,01-05-2024
41,PFE,PFIZER INC,2868,01-05-2024
42,AVIR,ATEA PHARMACEUTICALS INC,21155,01-05-2024
43,ENTA,ENANTA PHARMACEUTICALS INC,5339,01-05-2024
44,RENB,RENOVARO BIOSCIENCES INC,16911,01-05-2024
45,GRTS,GRITSTONE BIO INC,24173,01-05-2024
46,CRMD,CORMEDIX INC,13897,01-05-2024
47,OCGN,OCUGEN INC,65034,01-05-2024
48,INO,INOVIO PHARMACEUTICALS INC,69214,01-05-2024
49,SCLX,SCILEX HOLDING CO,16595,01-05-2024
50,XBIT,XBIOTECH INC,7717,01-05-2024
51,CUE,CUE BIOPHARMA INC,11441,01-05-2024
52,CVM,CEL-SCI CORP,12672,01-05-2024
53,EBS,EMERGENT BIOSOLUTIONS INC,13135,01-05-2024
54,IFRX,INFLARX NV,14929,01-05-2024
55,VAXX,VAXXINITY INC,32136,01-05-2024
56,CMRX,CHIMERIX INC,22538,01-05-2024
57,VXRT,VAXART INC,38548,01-05-2024
58,ENZ,ENZO BIOCHEM INC,12801,01-05-2024
59,HLTH,CUE HEALTH INC,39206,01-05-2024
60,2298465D,Gurnet Point Capital LLC,16557,01-05-2024
61,Cash&Other,Cash & Other,45957,01-05-2024
