,Ticker,Name,Shares,Date
0,DGX,QUEST DIAGNOSTICS INC,6216,11-29-2023
1,LH,LABORATORY CORP AMER HLDGS,3929,11-29-2023
2,ALNY,ALNYLAM PHARMACEUTICALS INC,4132,11-29-2023
3,BNTX,BIONTECH SE,6760,11-29-2023
4,ZLAB,ZAI LAB LTD,21396,11-29-2023
5,MRNA,MODERNA INC,7230,11-29-2023
6,PCVX,VAXCYTE INC,10497,11-29-2023
7,IBRX,IMMUNITYBIO INC,126053,11-29-2023
8,DVAX,DYNAVAX TECHNOLOGIES CORP,35472,11-29-2023
9,IMCR,IMMUNOCORE HLDGS PLC,9685,11-29-2023
10,QDEL,QUIDELORTHO CORP,6617,11-29-2023
11,BIO,BIO RAD LABS INC,1362,11-29-2023
12,ABCL,ABCELLERA BIOLOGICS INC,83015,11-29-2023
13,VIR,VIR BIOTECHNOLOGY INC,36878,11-29-2023
14,CVAC,CUREVAC N V,60355,11-29-2023
15,OPK,OPKO HEALTH INC,211820,11-29-2023
16,BCRX,BIOCRYST PHARMACEUTICALS INC COM,49863,11-29-2023
17,FLGT,FULGENT GENETICS INC,8068,11-29-2023
18,ARCT,ARCTURUS THERAPEUTICS HLDGS,7171,11-29-2023
19,ADPT,ADAPTIVE BIOTECHNOLOGIES CORP COM,39340,11-29-2023
20,OSUR,ORASURE TECHNOLOGIES INC,21048,11-29-2023
21,NVAX,NOVAVAX INC,26596,11-29-2023
22,HLVX,HILLEVAX INC,10763,11-29-2023
23,ICVX,ICOSAVAX INC,13580,11-29-2023
24,ANTX,AN2 THERAPEUTICS INC,7715,11-29-2023
25,LLY,ELI LILLY & CO,190,11-29-2023
26,GSK,GSK PLC,2983,11-29-2023
27,ABT,ABBOTT LABS,1019,11-29-2023
28,GILD,GILEAD SCIENCES INC,1371,11-29-2023
29,REGN,REGENERON PHARMACEUTICALS,127,11-29-2023
30,SIGA,SIGA TECHNOLOGIES INC,19163,11-29-2023
31,ABBV,ABBVIE INC,714,11-29-2023
32,AZN,ASTRAZENECA PLC,1546,11-29-2023
33,HOLX,HOLOGIC INC,1402,11-29-2023
34,JNJ,JOHNSON & JOHNSON,648,11-29-2023
35,MRK,MERCK & CO INC,962,11-29-2023
36,TAK,TAKEDA PHARMACEUTICAL CO LTD SPONSORED ADS,6805,11-29-2023
37,SNY,SANOFI,1971,11-29-2023
38,PFE,PFIZER INC,2963,11-29-2023
39,ABUS,ARBUTUS BIOPHARMA CORP,44948,11-29-2023
40,AVIR,ATEA PHARMACEUTICALS INC,22216,11-29-2023
41,ENTA,ENANTA PHARMACEUTICALS INC,5880,11-29-2023
42,CRMD,CORMEDIX INC,14775,11-29-2023
43,RENB,RENOVARO BIOSCIENCES INC,14759,11-29-2023
44,IVVD,INVIVYD INC,29589,11-29-2023
45,ALT,ALTIMMUNE INC,14204,11-29-2023
46,VAXX,VAXXINITY INC,34169,11-29-2023
47,GRTS,GRITSTONE BIO INC,25781,11-29-2023
48,CVM,CEL-SCI CORP,12741,11-29-2023
49,SCLX,SCILEX HOLDING CO,22276,11-29-2023
50,XBIT,XBIOTECH INC,8305,11-29-2023
51,CUE,CUE BIOPHARMA INC,12657,11-29-2023
52,INO,INOVIO PHARMACEUTICALS INC,72284,11-29-2023
53,EBS,EMERGENT BIOSOLUTIONS INC,13967,11-29-2023
54,VXRT,VAXART INC,40092,11-29-2023
55,OCGN,OCUGEN INC,72465,11-29-2023
56,CMRX,CHIMERIX INC,23881,11-29-2023
57,IFRX,INFLARX NV,16518,11-29-2023
58,ENZ,ENZO BIOCHEM INC,13406,11-29-2023
59,HLTH,CUE HEALTH INC,33812,11-29-2023
60,2298465D,Gurnet Point Capital LLC,15454,11-29-2023
61,Cash&Other,Cash & Other,103190,11-29-2023
