,Ticker,Name,Shares,Date
0,MRNA,MODERNA INC,8773,12-28-2023
1,ALNY,ALNYLAM PHARMACEUTICALS INC,4052,12-28-2023
2,BNTX,BIONTECH SE,6789,12-28-2023
3,LH,LABORATORY CORP AMER HLDGS,3143,12-28-2023
4,DGX,QUEST DIAGNOSTICS INC,4967,12-28-2023
5,IBRX,IMMUNITYBIO INC,123495,12-28-2023
6,IMCR,IMMUNOCORE HLDGS PLC,8619,12-28-2023
7,PCVX,VAXCYTE INC,8778,12-28-2023
8,QDEL,QUIDELORTHO CORP,6612,12-28-2023
9,BIO,BIO RAD LABS INC,1490,12-28-2023
10,DVAX,DYNAVAX TECHNOLOGIES CORP,32773,12-28-2023
11,ZLAB,ZAI LAB LTD,16653,12-28-2023
12,ABCL,ABCELLERA BIOLOGICS INC,73571,12-28-2023
13,VIR,VIR BIOTECHNOLOGY INC,34107,12-28-2023
14,BCRX,BIOCRYST PHARMACEUTICALS INC COM,51928,12-28-2023
15,OPK,OPKO HEALTH INC,196003,12-28-2023
16,CVAC,CUREVAC N V,56774,12-28-2023
17,FLGT,FULGENT GENETICS INC,7513,12-28-2023
18,ARCT,ARCTURUS THERAPEUTICS HLDGS,6775,12-28-2023
19,HLVX,HILLEVAX INC,12281,12-28-2023
20,ICVX,ICOSAVAX INC,12700,12-28-2023
21,ADPT,ADAPTIVE BIOTECHNOLOGIES CORP COM,36706,12-28-2023
22,ANTX,AN2 THERAPEUTICS INC,7541,12-28-2023
23,OSUR,ORASURE TECHNOLOGIES INC,18631,12-28-2023
24,ALT,ALTIMMUNE INC,13623,12-28-2023
25,NVAX,NOVAVAX INC,30118,12-28-2023
26,IVVD,INVIVYD INC,27919,12-28-2023
27,ABUS,ARBUTUS BIOPHARMA CORP,42518,12-28-2023
28,SIGA,SIGA TECHNOLOGIES INC,18025,12-28-2023
29,ABBV,ABBVIE INC,614,12-28-2023
30,REGN,REGENERON PHARMACEUTICALS,106,12-28-2023
31,SNY,SANOFI,1869,12-28-2023
32,ABT,ABBOTT LABS,838,12-28-2023
33,GILD,GILEAD SCIENCES INC,1141,12-28-2023
34,MRK,MERCK & CO INC,853,12-28-2023
35,AZN,ASTRAZENECA PLC,1353,12-28-2023
36,GSK,GSK PLC,2428,12-28-2023
37,JNJ,JOHNSON & JOHNSON,565,12-28-2023
38,HOLX,HOLOGIC INC,1226,12-28-2023
39,TAK,TAKEDA PHARMACEUTICAL CO LTD SPONSORED ADS,6176,12-28-2023
40,LLY,ELI LILLY & CO,148,12-28-2023
41,PFE,PFIZER INC,2868,12-28-2023
42,AVIR,ATEA PHARMACEUTICALS INC,21155,12-28-2023
43,CRMD,CORMEDIX INC,13897,12-28-2023
44,RENB,RENOVARO BIOSCIENCES INC,16911,12-28-2023
45,ENTA,ENANTA PHARMACEUTICALS INC,5339,12-28-2023
46,GRTS,GRITSTONE BIO INC,24173,12-28-2023
47,CVM,CEL-SCI CORP,12672,12-28-2023
48,INO,INOVIO PHARMACEUTICALS INC,69214,12-28-2023
49,OCGN,OCUGEN INC,65034,12-28-2023
50,CUE,CUE BIOPHARMA INC,11441,12-28-2023
51,EBS,EMERGENT BIOSOLUTIONS INC,13135,12-28-2023
52,XBIT,XBIOTECH INC,7717,12-28-2023
53,VAXX,VAXXINITY INC,32136,12-28-2023
54,IFRX,INFLARX NV,14929,12-28-2023
55,VXRT,VAXART INC,38548,12-28-2023
56,CMRX,CHIMERIX INC,22538,12-28-2023
57,ENZ,ENZO BIOCHEM INC,12801,12-28-2023
58,HLTH,CUE HEALTH INC,39206,12-28-2023
59,2298465D,Gurnet Point Capital LLC,15454,12-28-2023
60,Cash&Other,Cash & Other,74341,12-28-2023
