,Ticker,Name,Shares,Date
0,DGX,QUEST DIAGNOSTICS INC,6216,12-01-2023
1,LH,LABORATORY CORP AMER HLDGS,3929,12-01-2023
2,ALNY,ALNYLAM PHARMACEUTICALS INC,4132,12-01-2023
3,BNTX,BIONTECH SE,6760,12-01-2023
4,ZLAB,ZAI LAB LTD,21396,12-01-2023
5,MRNA,MODERNA INC,7230,12-01-2023
6,PCVX,VAXCYTE INC,10497,12-01-2023
7,IMCR,IMMUNOCORE HLDGS PLC,9685,12-01-2023
8,DVAX,DYNAVAX TECHNOLOGIES CORP,35472,12-01-2023
9,IBRX,IMMUNITYBIO INC,126053,12-01-2023
10,QDEL,QUIDELORTHO CORP,6617,12-01-2023
11,BIO,BIO RAD LABS INC,1362,12-01-2023
12,ABCL,ABCELLERA BIOLOGICS INC,83015,12-01-2023
13,VIR,VIR BIOTECHNOLOGY INC,36878,12-01-2023
14,CVAC,CUREVAC N V,60355,12-01-2023
15,OPK,OPKO HEALTH INC,211820,12-01-2023
16,BCRX,BIOCRYST PHARMACEUTICALS INC COM,49863,12-01-2023
17,FLGT,FULGENT GENETICS INC,8068,12-01-2023
18,ADPT,ADAPTIVE BIOTECHNOLOGIES CORP COM,39340,12-01-2023
19,ARCT,ARCTURUS THERAPEUTICS HLDGS,7171,12-01-2023
20,OSUR,ORASURE TECHNOLOGIES INC,21048,12-01-2023
21,HLVX,HILLEVAX INC,10763,12-01-2023
22,NVAX,NOVAVAX INC,26596,12-01-2023
23,ICVX,ICOSAVAX INC,13580,12-01-2023
24,ANTX,AN2 THERAPEUTICS INC,7715,12-01-2023
25,LLY,ELI LILLY & CO,190,12-01-2023
26,GSK,GSK PLC,2983,12-01-2023
27,ABT,ABBOTT LABS,1019,12-01-2023
28,GILD,GILEAD SCIENCES INC,1371,12-01-2023
29,REGN,REGENERON PHARMACEUTICALS,127,12-01-2023
30,SIGA,SIGA TECHNOLOGIES INC,19163,12-01-2023
31,ABBV,ABBVIE INC,714,12-01-2023
32,AZN,ASTRAZENECA PLC,1546,12-01-2023
33,HOLX,HOLOGIC INC,1402,12-01-2023
34,JNJ,JOHNSON & JOHNSON,648,12-01-2023
35,MRK,MERCK & CO INC,962,12-01-2023
36,TAK,TAKEDA PHARMACEUTICAL CO LTD SPONSORED ADS,6805,12-01-2023
37,ABUS,ARBUTUS BIOPHARMA CORP,44948,12-01-2023
38,SNY,SANOFI,1971,12-01-2023
39,PFE,PFIZER INC,2963,12-01-2023
40,AVIR,ATEA PHARMACEUTICALS INC,22216,12-01-2023
41,ENTA,ENANTA PHARMACEUTICALS INC,5880,12-01-2023
42,RENB,RENOVARO BIOSCIENCES INC,14759,12-01-2023
43,CRMD,CORMEDIX INC,14775,12-01-2023
44,IVVD,INVIVYD INC,29589,12-01-2023
45,ALT,ALTIMMUNE INC,14204,12-01-2023
46,GRTS,GRITSTONE BIO INC,25781,12-01-2023
47,CUE,CUE BIOPHARMA INC,12657,12-01-2023
48,XBIT,XBIOTECH INC,8305,12-01-2023
49,EBS,EMERGENT BIOSOLUTIONS INC,13967,12-01-2023
50,CVM,CEL-SCI CORP,12741,12-01-2023
51,INO,INOVIO PHARMACEUTICALS INC,72284,12-01-2023
52,OCGN,OCUGEN INC,72465,12-01-2023
53,SCLX,SCILEX HOLDING CO,22276,12-01-2023
54,VAXX,VAXXINITY INC,34169,12-01-2023
55,VXRT,VAXART INC,40092,12-01-2023
56,CMRX,CHIMERIX INC,23881,12-01-2023
57,IFRX,INFLARX NV,16518,12-01-2023
58,ENZ,ENZO BIOCHEM INC,13406,12-01-2023
59,HLTH,CUE HEALTH INC,33812,12-01-2023
60,2298465D,Gurnet Point Capital LLC,15454,12-01-2023
61,Cash&Other,Cash & Other,103931,12-01-2023
