,Ticker,Name,Shares,Date
0,DGX,QUEST DIAGNOSTICS INC,6660,11-21-2023
1,LH,LABORATORY CORP AMER HLDGS,4209,11-21-2023
2,ALNY,ALNYLAM PHARMACEUTICALS INC,4427,11-21-2023
3,BNTX,BIONTECH SE,7242,11-21-2023
4,ZLAB,ZAI LAB LTD,22924,11-21-2023
5,MRNA,MODERNA INC,7746,11-21-2023
6,PCVX,VAXCYTE INC,11246,11-21-2023
7,IBRX,IMMUNITYBIO INC,135056,11-21-2023
8,DVAX,DYNAVAX TECHNOLOGIES CORP,38005,11-21-2023
9,QDEL,QUIDELORTHO CORP,7089,11-21-2023
10,IMCR,IMMUNOCORE HLDGS PLC,10376,11-21-2023
11,BIO,BIO RAD LABS INC,1459,11-21-2023
12,ABCL,ABCELLERA BIOLOGICS INC,88944,11-21-2023
13,VIR,VIR BIOTECHNOLOGY INC,39512,11-21-2023
14,CVAC,CUREVAC N V,64666,11-21-2023
15,OPK,OPKO HEALTH INC,226949,11-21-2023
16,BCRX,BIOCRYST PHARMACEUTICALS INC COM,53424,11-21-2023
17,FLGT,FULGENT GENETICS INC,8644,11-21-2023
18,ARCT,ARCTURUS THERAPEUTICS HLDGS,7683,11-21-2023
19,ADPT,ADAPTIVE BIOTECHNOLOGIES CORP COM,42149,11-21-2023
20,NVAX,NOVAVAX INC,28495,11-21-2023
21,OSUR,ORASURE TECHNOLOGIES INC,22551,11-21-2023
22,HLVX,HILLEVAX INC,11531,11-21-2023
23,ICVX,ICOSAVAX INC,14549,11-21-2023
24,ANTX,AN2 THERAPEUTICS INC,8266,11-21-2023
25,LLY,ELI LILLY & CO,203,11-21-2023
26,GILD,GILEAD SCIENCES INC,1468,11-21-2023
27,GSK,GSK PLC,3196,11-21-2023
28,ABT,ABBOTT LABS,1091,11-21-2023
29,REGN,REGENERON PHARMACEUTICALS,136,11-21-2023
30,HOLX,HOLOGIC INC,1502,11-21-2023
31,MRK,MERCK & CO INC,1030,11-21-2023
32,SIGA,SIGA TECHNOLOGIES INC,20531,11-21-2023
33,ABBV,ABBVIE INC,764,11-21-2023
34,AZN,ASTRAZENECA PLC,1656,11-21-2023
35,JNJ,JOHNSON & JOHNSON,694,11-21-2023
36,TAK,TAKEDA PHARMACEUTICAL CO LTD SPONSORED ADS,7291,11-21-2023
37,SNY,SANOFI,2111,11-21-2023
38,PFE,PFIZER INC,3174,11-21-2023
39,ABUS,ARBUTUS BIOPHARMA CORP,48158,11-21-2023
40,AVIR,ATEA PHARMACEUTICALS INC,23802,11-21-2023
41,CRMD,CORMEDIX INC,15830,11-21-2023
42,ENTA,ENANTA PHARMACEUTICALS INC,6299,11-21-2023
43,IVVD,INVIVYD INC,31702,11-21-2023
44,RENB,RENOVARO BIOSCIENCES INC,15813,11-21-2023
45,ALT,ALTIMMUNE INC,15218,11-21-2023
46,GRTS,GRITSTONE BIO INC,27622,11-21-2023
47,VAXX,VAXXINITY INC,36609,11-21-2023
48,VXRT,VAXART INC,42955,11-21-2023
49,CUE,CUE BIOPHARMA INC,13561,11-21-2023
50,CVM,CEL-SCI CORP,13651,11-21-2023
51,INO,INOVIO PHARMACEUTICALS INC,77447,11-21-2023
52,XBIT,XBIOTECH INC,8898,11-21-2023
53,EBS,EMERGENT BIOSOLUTIONS INC,14964,11-21-2023
54,OCGN,OCUGEN INC,77641,11-21-2023
55,IFRX,INFLARX NV,17697,11-21-2023
56,CMRX,CHIMERIX INC,25586,11-21-2023
57,SCLX,SCILEX HOLDING CO,22276,11-21-2023
58,ENZ,ENZO BIOCHEM INC,14363,11-21-2023
59,HLTH,CUE HEALTH INC,36227,11-21-2023
60,2298465D,Gurnet Point Capital LLC,16557,11-21-2023
61,Cash&Other,Cash & Other,111091,11-21-2023
