,Ticker,Name,Shares,Date
0,MMM,3M Co,127279,04-22-2024
1,ABT,Abbott Laboratories,293124,04-22-2024
2,ABBV,AbbVie Inc,423574,04-22-2024
3,ACN,Accenture PLC,232320,04-22-2024
4,ADBE,Adobe Inc,127980,04-22-2024
5,AMD,Advanced Micro Devices Inc,289843,04-22-2024
6,AFL,Aflac Inc,206908,04-22-2024
7,A,Agilent Technologies Inc,110049,04-22-2024
8,APD,Air Products and Chemicals Inc,35622,04-22-2024
9,ABNB,Airbnb Inc,17368,04-22-2024
10,AKAM,Akamai Technologies Inc,121419,04-22-2024
11,ARE,Alexandria Real Estate Equities Inc,47081,04-22-2024
12,ALGN,Align Technology Inc,33867,04-22-2024
13,LNT,Alliant Energy Corp,163555,04-22-2024
14,ALL,Allstate Corp,35916,04-22-2024
15,GOOGL,Alphabet Inc,1405722,04-22-2024
16,GOOG,Alphabet Inc,1327012,04-22-2024
17,MO,Altria Group Inc,461377,04-22-2024
18,AMZN,Amazon.com Inc,2010611,04-22-2024
19,AEE,Ameren Corp,114490,04-22-2024
20,AEP,American Electric Power Co Inc,136145,04-22-2024
21,AXP,American Express Co,98641,04-22-2024
22,AIG,American International Group Inc,438919,04-22-2024
23,AMT,American Tower Corp,29281,04-22-2024
24,AWK,American Water Works Co Inc,38859,04-22-2024
25,AMP,Ameriprise Financial Inc,50596,04-22-2024
26,AME,AMETEK Inc,93999,04-22-2024
27,AMGN,Amgen Inc,146025,04-22-2024
28,APH,Amphenol Corp,148605,04-22-2024
29,ADI,Analog Devices Inc,102945,04-22-2024
30,ANSS,ANSYS Inc,12847,04-22-2024
31,AON,Aon PLC,34740,04-22-2024
32,APA,APA Corp,214267,04-22-2024
33,APO,Apollo Global Management Inc,170026,04-22-2024
34,AAPL,Apple Inc,3564658,04-22-2024
35,AMAT,Applied Materials Inc,282327,04-22-2024
36,ACGL,Arch Capital Group Ltd,230839,04-22-2024
37,ADM,Archer-Daniels-Midland Co,223638,04-22-2024
38,ARES,Ares Management Corp,51293,04-22-2024
39,ANET,Arista Networks Inc,90492,04-22-2024
40,AJG,Arthur J Gallagher & Co,94579,04-22-2024
41,T,AT&T Inc,1584923,04-22-2024
42,TEAM,Atlassian Corp,75756,04-22-2024
43,ATO,Atmos Energy Corp,81910,04-22-2024
44,ADSK,Autodesk Inc,93214,04-22-2024
45,ADP,Automatic Data Processing Inc,39125,04-22-2024
46,AZO,AutoZone Inc,13697,04-22-2024
47,AVB,AvalonBay Communities Inc,29368,04-22-2024
48,AVTR,Avantor Inc,335436,04-22-2024
49,AVY,Avery Dennison Corp,21228,04-22-2024
50,AXON,Axon Enterprise Inc,35724,04-22-2024
51,BAC,Bank of America Corp,1127183,04-22-2024
52,BK,Bank of New York Mellon Corp,474636,04-22-2024
53,BDX,Becton Dickinson & Co,35557,04-22-2024
54,BRK/B,Berkshire Hathaway Inc,270562,04-22-2024
55,BBY,Best Buy Co Inc,291502,04-22-2024
56,BIIB,Biogen Inc,58082,04-22-2024
57,BLK,BlackRock Inc,9727,04-22-2024
58,BX,Blackstone Inc,28207,04-22-2024
59,BA,Boeing Co,57987,04-22-2024
60,BKNG,Booking Holdings Inc,11868,04-22-2024
61,BAH,Booz Allen Hamilton Holding Corp,109671,04-22-2024
62,BSX,Boston Scientific Corp,348282,04-22-2024
63,BMY,Bristol-Myers Squibb Co,632266,04-22-2024
64,AVGO,Broadcom Inc,88973,04-22-2024
65,BR,Broadridge Financial Solutions Inc,55306,04-22-2024
66,BRO,Brown & Brown Inc,97854,04-22-2024
67,BF/B,Brown-Forman Corp,197417,04-22-2024
68,BLDR,Builders FirstSource Inc,359817,04-22-2024
69,BG,Bunge Global SA,84581,04-22-2024
70,CDNS,Cadence Design Systems Inc,176133,04-22-2024
71,CPT,Camden Property Trust,85993,04-22-2024
72,COF,Capital One Financial Corp,333166,04-22-2024
73,CAH,Cardinal Health Inc,179875,04-22-2024
74,CSL,Carlisle Cos Inc,31936,04-22-2024
75,CCL,Carnival Corp,532046,04-22-2024
76,CARR,Carrier Global Corp,286922,04-22-2024
77,CAT,Caterpillar Inc,57855,04-22-2024
78,CBOE,Cboe Global Markets Inc,77239,04-22-2024
79,CBRE,CBRE Group Inc,139656,04-22-2024
80,CDW,CDW Corp,41929,04-22-2024
81,COR,Cencora Inc,86338,04-22-2024
82,CNC,Centene Corp,483372,04-22-2024
83,CNP,CenterPoint Energy Inc,349893,04-22-2024
84,CF,CF Industries Holdings Inc,74050,04-22-2024
85,SCHW,Charles Schwab Corp,165640,04-22-2024
86,CHTR,Charter Communications Inc,29450,04-22-2024
87,LNG,Cheniere Energy Inc,56756,04-22-2024
88,CVX,Chevron Corp,176513,04-22-2024
89,CMG,Chipotle Mexican Grill Inc,4885,04-22-2024
90,CB,Chubb Ltd,66514,04-22-2024
91,CHD,Church & Dwight Co Inc,139870,04-22-2024
92,CI,Cigna Group,128805,04-22-2024
93,CINF,Cincinnati Financial Corp,27163,04-22-2024
94,CTAS,Cintas Corp,56206,04-22-2024
95,CSCO,Cisco Systems Inc,972223,04-22-2024
96,C,Citigroup Inc,605168,04-22-2024
97,CFG,Citizens Financial Group Inc,241355,04-22-2024
98,CLX,Clorox Co,130037,04-22-2024
99,CME,CME Group Inc,72246,04-22-2024
100,CMS,CMS Energy Corp,110536,04-22-2024
101,KO,Coca-Cola Co,603142,04-22-2024
102,CTSH,Cognizant Technology Solutions Corp,282969,04-22-2024
103,CL,Colgate-Palmolive Co,359010,04-22-2024
104,CMCSA,Comcast Corp,1254747,04-22-2024
105,CAG,Conagra Brands Inc,679292,04-22-2024
106,COP,ConocoPhillips,164779,04-22-2024
107,ED,Consolidated Edison Inc,157168,04-22-2024
108,STZ,Constellation Brands Inc,47015,04-22-2024
109,CEG,Constellation Energy Corp,116515,04-22-2024
110,COO,Cooper Cos Inc,50730,04-22-2024
111,CPRT,Copart Inc,262845,04-22-2024
112,GLW,Corning Inc,175617,04-22-2024
113,CPAY,Corpay Inc,24309,04-22-2024
114,COST,Costco Wholesale Corp,135032,04-22-2024
115,CRWD,Crowdstrike Holdings Inc,35885,04-22-2024
116,CCI,Crown Castle Inc,27793,04-22-2024
117,CSX,CSX Corp,205244,04-22-2024
118,CMI,Cummins Inc,33841,04-22-2024
119,CVS,CVS Health Corp,617900,04-22-2024
120,DHR,Danaher Corp,116260,04-22-2024
121,DRI,Darden Restaurants Inc,67334,04-22-2024
122,DDOG,Datadog Inc,43926,04-22-2024
123,DECK,Deckers Outdoor Corp,32344,04-22-2024
124,DE,Deere & Co,35096,04-22-2024
125,DELL,Dell Technologies Inc,115682,04-22-2024
126,DAL,Delta Air Lines Inc,359103,04-22-2024
127,DVN,Devon Energy Corp,173677,04-22-2024
128,DXCM,Dexcom Inc,63958,04-22-2024
129,FANG,Diamondback Energy Inc,16876,04-22-2024
130,DFS,Discover Financial Services,183337,04-22-2024
131,DG,Dollar General Corp,106479,04-22-2024
132,DLTR,Dollar Tree Inc,134643,04-22-2024
133,D,Dominion Energy Inc,142680,04-22-2024
134,DPZ,Dominos Pizza Inc,29300,04-22-2024
135,DASH,DoorDash Inc,70998,04-22-2024
136,DOV,Dover Corp,63962,04-22-2024
137,DOW,Dow Inc,130964,04-22-2024
138,DHI,DR Horton Inc,199934,04-22-2024
139,DKNG,DraftKings Inc,180516,04-22-2024
140,DTE,DTE Energy Co,78447,04-22-2024
141,DUK,Duke Energy Corp,131606,04-22-2024
142,DD,DuPont de Nemours Inc,38516,04-22-2024
143,ETN,Eaton Corp PLC,75757,04-22-2024
144,EBAY,eBay Inc,349969,04-22-2024
145,ECL,Ecolab Inc,56982,04-22-2024
146,EIX,Edison International,176795,04-22-2024
147,EW,Edwards Lifesciences Corp,278148,04-22-2024
148,EA,Electronic Arts Inc,153764,04-22-2024
149,ELV,Elevance Health Inc,58977,04-22-2024
150,LLY,Eli Lilly & Co,218842,04-22-2024
151,EMR,Emerson Electric Co,116648,04-22-2024
152,ENPH,Enphase Energy Inc,51069,04-22-2024
153,ETR,Entergy Corp,72110,04-22-2024
154,EOG,EOG Resources Inc,109525,04-22-2024
155,EPAM,EPAM Systems Inc,35875,04-22-2024
156,EQT,EQT Corp,300906,04-22-2024
157,EQIX,Equinix Inc,10050,04-22-2024
158,ELS,Equity LifeStyle Properties Inc,33074,04-22-2024
159,EQR,Equity Residential,111686,04-22-2024
160,ESS,Essex Property Trust Inc,28263,04-22-2024
161,EL,Estee Lauder Cos Inc,112160,04-22-2024
162,EG,Everest Group Ltd,26291,04-22-2024
163,EVRG,Evergy Inc,167605,04-22-2024
164,ES,Eversource Energy,81094,04-22-2024
165,EXC,Exelon Corp,390372,04-22-2024
166,EXPE,Expedia Group Inc,164839,04-22-2024
167,EXPD,Expeditors International of Washington Inc,98910,04-22-2024
168,XOM,Exxon Mobil Corp,792196,04-22-2024
169,FDS,FactSet Research Systems Inc,25597,04-22-2024
170,FICO,Fair Isaac Corp,23498,04-22-2024
171,FAST,Fastenal Co,594207,04-22-2024
172,FDX,FedEx Corp,109080,04-22-2024
173,FCNCA,First Citizens BancShares Inc,7467,04-22-2024
174,FE,FirstEnergy Corp,244534,04-22-2024
175,FI,Fiserv Inc,107901,04-22-2024
176,F,Ford Motor Co,822115,04-22-2024
177,FTNT,Fortinet Inc,486458,04-22-2024
178,FTV,Fortive Corp,121218,04-22-2024
179,GLPI,Gaming and Leisure Properties Inc,179087,04-22-2024
180,GRMN,Garmin Ltd,98527,04-22-2024
181,IT,Gartner Inc,62836,04-22-2024
182,GEHC,GE HealthCare Technologies Inc,54936,04-22-2024
183,GEV,GE Vernova Inc,57490,04-22-2024
184,GEN,Gen Digital Inc,537800,04-22-2024
185,GD,General Dynamics Corp,75735,04-22-2024
186,GE,General Electric Co,230009,04-22-2024
187,GIS,General Mills Inc,209972,04-22-2024
188,GPC,Genuine Parts Co,163708,04-22-2024
189,GILD,Gilead Sciences Inc,353554,04-22-2024
190,GDDY,GoDaddy Inc,142295,04-22-2024
191,GGG,Graco Inc,49815,04-22-2024
192,HIG,Hartford Financial Services Group Inc,161051,04-22-2024
193,HCA,HCA Healthcare Inc,46339,04-22-2024
194,HSY,Hershey Co,128505,04-22-2024
195,HPE,Hewlett Packard Enterprise Co,2355187,04-22-2024
196,HLT,Hilton Worldwide Holdings Inc,49662,04-22-2024
197,HOLX,Hologic Inc,129283,04-22-2024
198,HD,Home Depot Inc,284634,04-22-2024
199,HON,Honeywell International Inc,95539,04-22-2024
200,HST,Host Hotels & Resorts Inc,1042555,04-22-2024
201,HWM,Howmet Aerospace Inc,227488,04-22-2024
202,HPQ,HP Inc,361177,04-22-2024
203,HUBB,Hubbell Inc,43401,04-22-2024
204,HUBS,HubSpot Inc,27137,04-22-2024
205,HUM,Humana Inc,53499,04-22-2024
206,IEX,IDEX Corp,32923,04-22-2024
207,IDXX,IDEXX Laboratories Inc,60467,04-22-2024
208,ITW,Illinois Tool Works Inc,91571,04-22-2024
209,INCY,Incyte Corp,263394,04-22-2024
210,IR,Ingersoll Rand Inc,114115,04-22-2024
211,PODD,Insulet Corp,27832,04-22-2024
212,INTC,Intel Corp,536156,04-22-2024
213,ICE,Intercontinental Exchange Inc,103808,04-22-2024
214,IBM,International Business Machines Corp,273231,04-22-2024
215,IP,International Paper Co,305302,04-22-2024
216,IPG,Interpublic Group of Cos Inc,228021,04-22-2024
217,INTU,Intuit Inc,63076,04-22-2024
218,ISRG,Intuitive Surgical Inc,45395,04-22-2024
219,INVH,Invitation Homes Inc,143468,04-22-2024
220,IQV,IQVIA Holdings Inc,51849,04-22-2024
221,IRM,Iron Mountain Inc,83138,04-22-2024
222,SJM,J M Smucker Co,139876,04-22-2024
223,JBL,Jabil Inc,61295,04-22-2024
224,JKHY,Jack Henry & Associates Inc,54278,04-22-2024
225,J,Jacobs Solutions Inc,49873,04-22-2024
226,JBHT,JB Hunt Transport Services Inc,15814,04-22-2024
227,JNJ,Johnson & Johnson,560814,04-22-2024
228,JCI,Johnson Controls International plc,112133,04-22-2024
229,JPM,JPMorgan Chase & Co,550492,04-22-2024
230,ESM24,JUN 24 EMINI S&P 500,19,04-22-2024
231,K,Kellanova,154595,04-22-2024
232,KVUE,Kenvue Inc,685916,04-22-2024
233,KDP,Keurig Dr Pepper Inc,465118,04-22-2024
234,KEY,KeyCorp,252921,04-22-2024
235,KEYS,Keysight Technologies Inc,74454,04-22-2024
236,KMB,Kimberly-Clark Corp,141797,04-22-2024
237,KIM,Kimco Realty Corp,111050,04-22-2024
238,KMI,Kinder Morgan Inc,465323,04-22-2024
239,KKR,KKR & Co Inc,66820,04-22-2024
240,KLAC,KLA Corp,41454,04-22-2024
241,KHC,Kraft Heinz Co,485026,04-22-2024
242,KR,Kroger Co,1101930,04-22-2024
243,LHX,L3Harris Technologies Inc,66265,04-22-2024
244,LH,Laboratory Corp of America Holdings,52070,04-22-2024
245,LRCX,Lam Research Corp,60808,04-22-2024
246,LW,Lamb Weston Holdings Inc,94745,04-22-2024
247,LVS,Las Vegas Sands Corp,92699,04-22-2024
248,LSCC,Lattice Semiconductor Corp,168475,04-22-2024
249,LDOS,Leidos Holdings Inc,173221,04-22-2024
250,LEN,Lennar Corp,325923,04-22-2024
251,LII,Lennox International Inc,31751,04-22-2024
252,LIN,Linde PLC,66321,04-22-2024
253,LKQ,LKQ Corp,731333,04-22-2024
254,LMT,Lockheed Martin Corp,40525,04-22-2024
255,L,Loews Corp,114321,04-22-2024
256,LOW,Lowes Cos Inc,214032,04-22-2024
257,LPLA,LPL Financial Holdings Inc,37105,04-22-2024
258,LYB,LyondellBasell Industries NV,31497,04-22-2024
259,MTB,M&T Bank Corp,25777,04-22-2024
260,MANH,Manhattan Associates Inc,84018,04-22-2024
261,MRO,Marathon Oil Corp,299326,04-22-2024
262,MPC,Marathon Petroleum Corp,249169,04-22-2024
263,MKL,Markel Group Inc,6593,04-22-2024
264,MAR,Marriott International Inc,49721,04-22-2024
265,MMC,Marsh & McLennan Cos Inc,150291,04-22-2024
266,MLM,Martin Marietta Materials Inc,10822,04-22-2024
267,MAS,Masco Corp,195532,04-22-2024
268,MA,Mastercard Inc,172587,04-22-2024
269,MKC,McCormick & Co Inc,85844,04-22-2024
270,MCD,McDonalds Corp,138496,04-22-2024
271,MCK,McKesson Corp,50878,04-22-2024
272,MDT,Medtronic PLC,110611,04-22-2024
273,MRK,Merck & Co Inc,596326,04-22-2024
274,META,Meta Platforms Inc,591698,04-22-2024
275,MET,MetLife Inc,58443,04-22-2024
276,MTD,Mettler-Toledo International Inc,22033,04-22-2024
277,MGM,MGM Resorts International,548727,04-22-2024
278,MCHP,Microchip Technology Inc,138199,04-22-2024
279,MU,Micron Technology Inc,123652,04-22-2024
280,MSFT,Microsoft Corp,1748144,04-22-2024
281,MAA,Mid-America Apartment Communities Inc,42197,04-22-2024
282,MOH,Molina Healthcare Inc,22062,04-22-2024
283,MDLZ,Mondelez International Inc,297650,04-22-2024
284,MDB,MongoDB Inc,10398,04-22-2024
285,MPWR,Monolithic Power Systems Inc,15201,04-22-2024
286,MNST,Monster Beverage Corp,401678,04-22-2024
287,MCO,Moodys Corp,77050,04-22-2024
288,MS,Morgan Stanley,127000,04-22-2024
289,MOS,Mosaic Co,680852,04-22-2024
290,MSI,Motorola Solutions Inc,83052,04-22-2024
291,NDAQ,Nasdaq Inc,108057,04-22-2024
292,NTAP,NetApp Inc,166482,04-22-2024
293,NFLX,Netflix Inc,51330,04-22-2024
294,NEE,NextEra Energy Inc,243923,04-22-2024
295,NKE,NIKE Inc,308813,04-22-2024
296,NI,NiSource Inc,128715,04-22-2024
297,NSC,Norfolk Southern Corp,26780,04-22-2024
298,NTRS,Northern Trust Corp,29398,04-22-2024
299,NOC,Northrop Grumman Corp,28537,04-22-2024
300,NUE,Nucor Corp,91237,04-22-2024
301,NVDA,NVIDIA Corp,537515,04-22-2024
302,NVR,NVR Inc,1477,04-22-2024
303,OXY,Occidental Petroleum Corp,51643,04-22-2024
304,OKTA,Okta Inc,52716,04-22-2024
305,ODFL,Old Dominion Freight Line Inc,60706,04-22-2024
306,OMC,Omnicom Group Inc,115679,04-22-2024
307,ON,ON Semiconductor Corp,251969,04-22-2024
308,OKE,ONEOK Inc,114932,04-22-2024
309,ORCL,Oracle Corp,264785,04-22-2024
310,ORLY,OReilly Automotive Inc,44983,04-22-2024
311,OTIS,Otis Worldwide Corp,91321,04-22-2024
312,PCAR,PACCAR Inc,163854,04-22-2024
313,PKG,Packaging Corp of America,33403,04-22-2024
314,PLTR,Palantir Technologies Inc,206580,04-22-2024
315,PANW,Palo Alto Networks Inc,100709,04-22-2024
316,PH,Parker-Hannifin Corp,51029,04-22-2024
317,PAYX,Paychex Inc,92188,04-22-2024
318,PEP,PepsiCo Inc,342425,04-22-2024
319,PFE,Pfizer Inc,814053,04-22-2024
320,PCG,PG&E Corp,727458,04-22-2024
321,PM,Philip Morris International Inc,411919,04-22-2024
322,PSX,Phillips 66,186452,04-22-2024
323,PINS,Pinterest Inc,332244,04-22-2024
324,PXD,Pioneer Natural Resources Co,33756,04-22-2024
325,PNC,PNC Financial Services Group Inc,39512,04-22-2024
326,POOL,Pool Corp,46015,04-22-2024
327,PPG,PPG Industries Inc,38514,04-22-2024
328,PPL,PPL Corp,207448,04-22-2024
329,PFG,Principal Financial Group Inc,318209,04-22-2024
330,PG,Procter & Gamble Co,467758,04-22-2024
331,PGR,Progressive Corp,113559,04-22-2024
332,PLD,Prologis Inc,42342,04-22-2024
333,PRU,Prudential Financial Inc,61334,04-22-2024
334,PTC,PTC Inc,57151,04-22-2024
335,PEG,Public Service Enterprise Group Inc,145165,04-22-2024
336,PSA,Public Storage,20732,04-22-2024
337,PHM,PulteGroup Inc,446781,04-22-2024
338,QCOM,QUALCOMM Inc,253766,04-22-2024
339,PWR,Quanta Services Inc,53130,04-22-2024
340,DGX,Quest Diagnostics Inc,73045,04-22-2024
341,RJF,Raymond James Financial Inc,28999,04-22-2024
342,O,Realty Income Corp,138891,04-22-2024
343,REGN,Regeneron Pharmaceuticals Inc,39017,04-22-2024
344,RS,Reliance Inc,41190,04-22-2024
345,RSG,Republic Services Inc,120042,04-22-2024
346,ROP,Roper Technologies Inc,39634,04-22-2024
347,ROST,Ross Stores Inc,81069,04-22-2024
348,RCL,Royal Caribbean Cruises Ltd,115021,04-22-2024
349,RPRX,Royalty Pharma PLC,359273,04-22-2024
350,RPM,RPM International Inc,61287,04-22-2024
351,RTX,RTX Corp,221061,04-22-2024
352,SPGI,S&P Global Inc,29535,04-22-2024
353,CRM,Salesforce Inc,193982,04-22-2024
354,STX,Seagate Technology Holdings PLC,44458,04-22-2024
355,SRE,Sempra,186536,04-22-2024
356,NOW,ServiceNow Inc,48171,04-22-2024
357,SHW,Sherwin-Williams Co,73811,04-22-2024
358,SPG,Simon Property Group Inc,29211,04-22-2024
359,SWKS,Skyworks Solutions Inc,177653,04-22-2024
360,SNA,Snap-on Inc,29698,04-22-2024
361,SNOW,Snowflake Inc,11179,04-22-2024
362,SOLV,Solventum Corp,31791,04-22-2024
363,SO,Southern Co,220796,04-22-2024
364,SSNC,SS&C Technologies Holdings Inc,389421,04-22-2024
365,SWK,Stanley Black & Decker Inc,378403,04-22-2024
366,SBUX,Starbucks Corp,172175,04-22-2024
367,STT,State Street Corp,286518,04-22-2024
368,STLD,Steel Dynamics Inc,138249,04-22-2024
369,STE,STERIS PLC,17898,04-22-2024
370,SYK,Stryker Corp,58715,04-22-2024
371,SUI,Sun Communities Inc,81998,04-22-2024
372,SMCI,Super Micro Computer Inc,25661,04-22-2024
373,SYF,Synchrony Financial,1054396,04-22-2024
374,SNPS,Synopsys Inc,68039,04-22-2024
375,SYY,Sysco Corp,269452,04-22-2024
376,TMUS,T-Mobile US Inc,122762,04-22-2024
377,TTWO,Take-Two Interactive Software Inc,43239,04-22-2024
378,TRGP,Targa Resources Corp,38576,04-22-2024
379,TGT,Target Corp,166611,04-22-2024
380,TDY,Teledyne Technologies Inc,20602,04-22-2024
381,TER,Teradyne Inc,125916,04-22-2024
382,TSLA,Tesla Inc,370266,04-22-2024
383,TXN,Texas Instruments Inc,206324,04-22-2024
384,TXT,Textron Inc,329210,04-22-2024
385,TMO,Thermo Fisher Scientific Inc,56978,04-22-2024
386,TJX,TJX Cos Inc,379873,04-22-2024
387,TSCO,Tractor Supply Co,136841,04-22-2024
388,TT,Trane Technologies PLC,58680,04-22-2024
389,TDG,TransDigm Group Inc,13926,04-22-2024
390,TRV,Travelers Cos Inc,51125,04-22-2024
391,TRMB,Trimble Inc,78436,04-22-2024
392,TYL,Tyler Technologies Inc,8029,04-22-2024
393,TSN,Tyson Foods Inc,290870,04-22-2024
394,UBER,Uber Technologies Inc,216233,04-22-2024
395,UDR,UDR Inc,112609,04-22-2024
396,ULTA,Ulta Beauty Inc,57565,04-22-2024
397,UNP,Union Pacific Corp,38424,04-22-2024
398,UPS,United Parcel Service Inc,56538,04-22-2024
399,URI,United Rentals Inc,11371,04-22-2024
400,UNH,UnitedHealth Group Inc,206157,04-22-2024
401,VLO,Valero Energy Corp,248230,04-22-2024
402,VEEV,Veeva Systems Inc,16292,04-22-2024
403,VTR,Ventas Inc,127471,04-22-2024
404,VLTO,Veralto Corp,80712,04-22-2024
405,VRSN,VeriSign Inc,96000,04-22-2024
406,VRSK,Verisk Analytics Inc,53049,04-22-2024
407,VZ,Verizon Communications Inc,459102,04-22-2024
408,VRTX,Vertex Pharmaceuticals Inc,90311,04-22-2024
409,VRT,Vertiv Holdings Co,161729,04-22-2024
410,VTRS,Viatris Inc,5128434,04-22-2024
411,VICI,VICI Properties Inc,365728,04-22-2024
412,V,Visa Inc,297388,04-22-2024
413,VMC,Vulcan Materials Co,38052,04-22-2024
414,WRB,W R Berkley Corp,120945,04-22-2024
415,WBA,Walgreens Boots Alliance Inc,313996,04-22-2024
416,WMT,Walmart Inc,1576509,04-22-2024
417,DIS,Walt Disney Co,146725,04-22-2024
418,WBD,Warner Bros Discovery Inc,4378820,04-22-2024
419,WM,Waste Management Inc,93638,04-22-2024
420,WAT,Waters Corp,48891,04-22-2024
421,WSO,Watsco Inc,17481,04-22-2024
422,WEC,WEC Energy Group Inc,164812,04-22-2024
423,WFC,Wells Fargo & Co,560719,04-22-2024
424,WELL,Welltower Inc,83495,04-22-2024
425,WST,West Pharmaceutical Services Inc,23050,04-22-2024
426,WDC,Western Digital Corp,63379,04-22-2024
427,WAB,Westinghouse Air Brake Technologies Corp,187185,04-22-2024
428,WY,Weyerhaeuser Co,166872,04-22-2024
429,WMB,Williams Cos Inc,268604,04-22-2024
430,WTW,Willis Towers Watson PLC,26564,04-22-2024
431,WDAY,Workday Inc,34941,04-22-2024
432,WPC,WP Carey Inc,93640,04-22-2024
433,GWW,WW Grainger Inc,48005,04-22-2024
434,XEL,Xcel Energy Inc,144985,04-22-2024
435,XYL,Xylem Inc,65291,04-22-2024
436,YUM,Yum! Brands Inc,205265,04-22-2024
437,ZBRA,Zebra Technologies Corp,18850,04-22-2024
438,ZBH,Zimmer Biomet Holdings Inc,70325,04-22-2024
439,ZTS,Zoetis Inc,130525,04-22-2024
440,ZM,Zoom Video Communications Inc,243415,04-22-2024
441,ZS,Zscaler Inc,9412,04-22-2024
442,--,USD U.S. DOLLAR,0,04-22-2024
