,Ticker,Name,Shares,Date
0,MMM,3M Co,134936,11-30-2023
1,ABT,Abbott Laboratories,310833,11-30-2023
2,ABBV,AbbVie Inc,449076,11-30-2023
3,ACN,Accenture PLC,246297,11-30-2023
4,ADBE,Adobe Inc,135659,11-30-2023
5,AMD,Advanced Micro Devices Inc,307264,11-30-2023
6,AFL,Aflac Inc,219386,11-30-2023
7,A,Agilent Technologies Inc,116751,11-30-2023
8,APD,Air Products and Chemicals Inc,37740,11-30-2023
9,ABNB,Airbnb Inc,18117,11-30-2023
10,AKAM,Akamai Technologies Inc,128811,11-30-2023
11,ARE,Alexandria Real Estate Equities Inc,49221,11-30-2023
12,ALGN,Align Technology Inc,35928,11-30-2023
13,LNT,Alliant Energy Corp,173441,11-30-2023
14,ALL,Allstate Corp,37635,11-30-2023
15,GOOGL,Alphabet Inc,1490469,11-30-2023
16,GOOG,Alphabet Inc,1407007,11-30-2023
17,MO,Altria Group Inc,489226,11-30-2023
18,AMZN,Amazon.com Inc,2124398,11-30-2023
19,AEE,Ameren Corp,121463,11-30-2023
20,AEP,American Electric Power Co Inc,144345,11-30-2023
21,AXP,American Express Co,104621,11-30-2023
22,AIG,American International Group Inc,465397,11-30-2023
23,AMT,American Tower Corp,30689,11-30-2023
24,AWK,American Water Works Co Inc,40672,11-30-2023
25,AMP,Ameriprise Financial Inc,53648,11-30-2023
26,AME,AMETEK Inc,99700,11-30-2023
27,AMGN,Amgen Inc,154803,11-30-2023
28,APH,Amphenol Corp,157530,11-30-2023
29,ADI,Analog Devices Inc,109224,11-30-2023
30,ANSS,ANSYS Inc,13498,11-30-2023
31,AON,Aon PLC,74893,11-30-2023
32,APA,APA Corp,224237,11-30-2023
33,APO,Apollo Global Management Inc,180341,11-30-2023
34,AAPL,Apple Inc,3779623,11-30-2023
35,AMAT,Applied Materials Inc,299332,11-30-2023
36,ACGL,Arch Capital Group Ltd,244769,11-30-2023
37,ADM,Archer-Daniels-Midland Co,287588,11-30-2023
38,ARES,Ares Management Corp,53647,11-30-2023
39,ANET,Arista Networks Inc,95929,11-30-2023
40,AJG,Arthur J Gallagher & Co,100278,11-30-2023
41,T,AT&T Inc,1614740,11-30-2023
42,TEAM,Atlassian Corp,80331,11-30-2023
43,ATO,Atmos Energy Corp,86811,11-30-2023
44,ADSK,Autodesk Inc,98803,11-30-2023
45,ADP,Automatic Data Processing Inc,41485,11-30-2023
46,AZO,AutoZone Inc,14526,11-30-2023
47,AVB,AvalonBay Communities Inc,30753,11-30-2023
48,AVTR,Avantor Inc,355640,11-30-2023
49,AVY,Avery Dennison Corp,22191,11-30-2023
50,AXON,Axon Enterprise Inc,37845,11-30-2023
51,BKR,Baker Hughes Co,63258,11-30-2023
52,BAC,Bank of America Corp,1195181,11-30-2023
53,BK,Bank of New York Mellon Corp,503210,11-30-2023
54,BDX,Becton Dickinson & Co,37672,11-30-2023
55,BRK/B,Berkshire Hathaway Inc,283812,11-30-2023
56,BBY,Best Buy Co Inc,309062,11-30-2023
57,BIIB,Biogen Inc,61570,11-30-2023
58,BLK,BlackRock Inc,10298,11-30-2023
59,BA,Boeing Co,61472,11-30-2023
60,BKNG,Booking Holdings Inc,12233,11-30-2023
61,BAH,Booz Allen Hamilton Holding Corp,116246,11-30-2023
62,BSX,Boston Scientific Corp,369317,11-30-2023
63,BMY,Bristol-Myers Squibb Co,670433,11-30-2023
64,AVGO,Broadcom Inc,92298,11-30-2023
65,BR,Broadridge Financial Solutions Inc,38520,11-30-2023
66,BRO,Brown & Brown Inc,88455,11-30-2023
67,BF/B,Brown-Forman Corp,209274,11-30-2023
68,BLDR,Builders FirstSource Inc,491086,11-30-2023
69,BG,Bunge Global SA,89750,11-30-2023
70,CDNS,Cadence Design Systems Inc,199796,11-30-2023
71,CPT,Camden Property Trust,91156,11-30-2023
72,COF,Capital One Financial Corp,353232,11-30-2023
73,CAH,Cardinal Health Inc,190734,11-30-2023
74,CSL,Carlisle Cos Inc,33870,11-30-2023
75,CCL,Carnival Corp,191481,11-30-2023
76,CARR,Carrier Global Corp,304205,11-30-2023
77,CAT,Caterpillar Inc,61336,11-30-2023
78,CBOE,Cboe Global Markets Inc,68605,11-30-2023
79,CBRE,CBRE Group Inc,148039,11-30-2023
80,CDW,CDW Corp,44443,11-30-2023
81,COR,Cencora Inc,91512,11-30-2023
82,CNC,Centene Corp,480975,11-30-2023
83,CNP,CenterPoint Energy Inc,370929,11-30-2023
84,CF,CF Industries Holdings Inc,77468,11-30-2023
85,SCHW,Charles Schwab Corp,230619,11-30-2023
86,CHTR,Charter Communications Inc,31240,11-30-2023
87,LNG,Cheniere Energy Inc,60254,11-30-2023
88,CVX,Chevron Corp,297673,11-30-2023
89,CMG,Chipotle Mexican Grill Inc,4675,11-30-2023
90,CB,Chubb Ltd,70532,11-30-2023
91,CHD,Church & Dwight Co Inc,148372,11-30-2023
92,CI,Cigna Group,136597,11-30-2023
93,CINF,Cincinnati Financial Corp,28447,11-30-2023
94,CTAS,Cintas Corp,59568,11-30-2023
95,CSCO,Cisco Systems Inc,1007233,11-30-2023
96,C,Citigroup Inc,641680,11-30-2023
97,CFG,Citizens Financial Group Inc,255854,11-30-2023
98,CLX,Clorox Co,137847,11-30-2023
99,CME,CME Group Inc,76578,11-30-2023
100,CMS,CMS Energy Corp,115679,11-30-2023
101,KO,Coca-Cola Co,639504,11-30-2023
102,CTSH,Cognizant Technology Solutions Corp,299974,11-30-2023
103,CL,Colgate-Palmolive Co,366839,11-30-2023
104,CMCSA,Comcast Corp,1330408,11-30-2023
105,CAG,Conagra Brands Inc,361897,11-30-2023
106,COP,ConocoPhillips,195072,11-30-2023
107,ED,Consolidated Edison Inc,166629,11-30-2023
108,STZ,Constellation Brands Inc,49822,11-30-2023
109,CEG,Constellation Energy Corp,123501,11-30-2023
110,COO,Cooper Cos Inc,13274,11-30-2023
111,CPRT,Copart Inc,278738,11-30-2023
112,GLW,Corning Inc,183752,11-30-2023
113,CTVA,Corteva Inc,122235,11-30-2023
114,COST,Costco Wholesale Corp,143134,11-30-2023
115,CTRA,Coterra Energy Inc,81812,11-30-2023
116,CRWD,Crowdstrike Holdings Inc,24339,11-30-2023
117,CCI,Crown Castle Inc,44706,11-30-2023
118,CSX,CSX Corp,217666,11-30-2023
119,CMI,Cummins Inc,35886,11-30-2023
120,CVS,CVS Health Corp,655124,11-30-2023
121,DHR,Danaher Corp,123239,11-30-2023
122,DRI,Darden Restaurants Inc,71378,11-30-2023
123,DDOG,Datadog Inc,45959,11-30-2023
124,ESZ3,DEC 23 EMINI S&P 500,145,11-30-2023
125,DECK,Deckers Outdoor Corp,34291,11-30-2023
126,DE,Deere & Co,37196,11-30-2023
127,DELL,Dell Technologies Inc,122643,11-30-2023
128,DAL,Delta Air Lines Inc,134267,11-30-2023
129,DVN,Devon Energy Corp,252093,11-30-2023
130,DXCM,Dexcom Inc,80166,11-30-2023
131,FANG,Diamondback Energy Inc,17625,11-30-2023
132,DFS,Discover Financial Services,194351,11-30-2023
133,DG,Dollar General Corp,112884,11-30-2023
134,DLTR,Dollar Tree Inc,142732,11-30-2023
135,D,Dominion Energy Inc,149320,11-30-2023
136,DPZ,Dominos Pizza Inc,73823,11-30-2023
137,DASH,DoorDash Inc,75289,11-30-2023
138,DOV,Dover Corp,67834,11-30-2023
139,DOW,Dow Inc,199845,11-30-2023
140,DHI,DR Horton Inc,212044,11-30-2023
141,DKNG,DraftKings Inc,191376,11-30-2023
142,DTE,DTE Energy Co,83173,11-30-2023
143,DUK,Duke Energy Corp,139531,11-30-2023
144,DD,DuPont de Nemours Inc,70219,11-30-2023
145,ETN,Eaton Corp PLC,80332,11-30-2023
146,EBAY,eBay Inc,371010,11-30-2023
147,ECL,Ecolab Inc,27831,11-30-2023
148,EIX,Edison International,187522,11-30-2023
149,EW,Edwards Lifesciences Corp,294870,11-30-2023
150,EA,Electronic Arts Inc,154473,11-30-2023
151,ELV,Elevance Health Inc,62553,11-30-2023
152,LLY,Eli Lilly & Co,232088,11-30-2023
153,EMR,Emerson Electric Co,123640,11-30-2023
154,ENPH,Enphase Energy Inc,42904,11-30-2023
155,ETR,Entergy Corp,76438,11-30-2023
156,EOG,EOG Resources Inc,116092,11-30-2023
157,EPAM,EPAM Systems Inc,38118,11-30-2023
158,EQT,EQT Corp,285169,11-30-2023
159,EQIX,Equinix Inc,10632,11-30-2023
160,ELS,Equity LifeStyle Properties Inc,34572,11-30-2023
161,EQR,Equity Residential,116816,11-30-2023
162,ESS,Essex Property Trust Inc,29547,11-30-2023
163,EL,Estee Lauder Cos Inc,118995,11-30-2023
164,EG,Everest Group Ltd,18449,11-30-2023
165,EVRG,Evergy Inc,177778,11-30-2023
166,ES,Eversource Energy,84833,11-30-2023
167,EXAS,Exact Sciences Corp,38668,11-30-2023
168,EXC,Exelon Corp,413928,11-30-2023
169,EXPE,Expedia Group Inc,174741,11-30-2023
170,EXPD,Expeditors International of Washington Inc,104877,11-30-2023
171,XOM,Exxon Mobil Corp,839990,11-30-2023
172,FDS,FactSet Research Systems Inc,27133,11-30-2023
173,FICO,Fair Isaac Corp,24902,11-30-2023
174,FAST,Fastenal Co,630024,11-30-2023
175,FDX,FedEx Corp,56602,11-30-2023
176,FCNCA,First Citizens BancShares Inc,3762,11-30-2023
177,FE,FirstEnergy Corp,259316,11-30-2023
178,FI,Fiserv Inc,114438,11-30-2023
179,FLT,FleetCor Technologies Inc,25798,11-30-2023
180,F,Ford Motor Co,3167913,11-30-2023
181,FTNT,Fortinet Inc,515756,11-30-2023
182,FTV,Fortive Corp,128488,11-30-2023
183,FCX,Freeport-McMoRan Inc,99616,11-30-2023
184,GLPI,Gaming and Leisure Properties Inc,189846,11-30-2023
185,GRMN,Garmin Ltd,104534,11-30-2023
186,IT,Gartner Inc,66606,11-30-2023
187,GEHC,GE HealthCare Technologies Inc,57516,11-30-2023
188,GEN,Gen Digital Inc,300099,11-30-2023
189,GD,General Dynamics Corp,80309,11-30-2023
190,GE,General Electric Co,243888,11-30-2023
191,GIS,General Mills Inc,222646,11-30-2023
192,GPC,Genuine Parts Co,173595,11-30-2023
193,GILD,Gilead Sciences Inc,374891,11-30-2023
194,GDDY,GoDaddy Inc,150941,11-30-2023
195,GGG,Graco Inc,98403,11-30-2023
196,HIG,Hartford Financial Services Group Inc,170818,11-30-2023
197,HCA,HCA Healthcare Inc,49125,11-30-2023
198,HSY,Hershey Co,136318,11-30-2023
199,HES,Hess Corp,34341,11-30-2023
200,HPE,Hewlett Packard Enterprise Co,1438238,11-30-2023
201,HLT,Hilton Worldwide Holdings Inc,35094,11-30-2023
202,HOLX,Hologic Inc,137069,11-30-2023
203,HD,Home Depot Inc,301779,11-30-2023
204,HON,Honeywell International Inc,101267,11-30-2023
205,HST,Host Hotels & Resorts Inc,1105413,11-30-2023
206,HWM,Howmet Aerospace Inc,241155,11-30-2023
207,HPQ,HP Inc,382923,11-30-2023
208,HUBB,Hubbell Inc,46028,11-30-2023
209,HUBS,HubSpot Inc,26862,11-30-2023
210,HUM,Humana Inc,56709,11-30-2023
211,IEX,IDEX Corp,34888,11-30-2023
212,IDXX,IDEXX Laboratories Inc,64096,11-30-2023
213,ITW,Illinois Tool Works Inc,97160,11-30-2023
214,INCY,Incyte Corp,279276,11-30-2023
215,IR,Ingersoll Rand Inc,120959,11-30-2023
216,PODD,Insulet Corp,29116,11-30-2023
217,INTC,Intel Corp,568485,11-30-2023
218,ICE,Intercontinental Exchange Inc,110063,11-30-2023
219,IBM,International Business Machines Corp,289664,11-30-2023
220,IP,International Paper Co,323695,11-30-2023
221,IPG,Interpublic Group of Cos Inc,241821,11-30-2023
222,INTU,Intuit Inc,66853,11-30-2023
223,ISRG,Intuitive Surgical Inc,48151,11-30-2023
224,INVH,Invitation Homes Inc,150109,11-30-2023
225,IQV,IQVIA Holdings Inc,54941,11-30-2023
226,IRM,Iron Mountain Inc,87002,11-30-2023
227,SJM,J M Smucker Co,148380,11-30-2023
228,JBL,Jabil Inc,64978,11-30-2023
229,JKHY,Jack Henry & Associates Inc,57514,11-30-2023
230,J,Jacobs Solutions Inc,52234,11-30-2023
231,JBHT,JB Hunt Transport Services Inc,16563,11-30-2023
232,JNJ,Johnson & Johnson,594668,11-30-2023
233,JCI,Johnson Controls International plc,117334,11-30-2023
234,JPM,JPMorgan Chase & Co,583670,11-30-2023
235,K,Kellanova,163908,11-30-2023
236,KVUE,Kenvue Inc,727291,11-30-2023
237,KDP,Keurig Dr Pepper Inc,546487,11-30-2023
238,KEY,KeyCorp,264578,11-30-2023
239,KEYS,Keysight Technologies Inc,78922,11-30-2023
240,KMB,Kimberly-Clark Corp,150309,11-30-2023
241,KIM,Kimco Realty Corp,116198,11-30-2023
242,KMI,Kinder Morgan Inc,493337,11-30-2023
243,KLAC,KLA Corp,43954,11-30-2023
244,KHC,Kraft Heinz Co,514285,11-30-2023
245,KR,Kroger Co,1168402,11-30-2023
246,LHX,L3Harris Technologies Inc,70276,11-30-2023
247,LH,Laboratory Corp of America Holdings,55287,11-30-2023
248,LRCX,Lam Research Corp,64448,11-30-2023
249,LW,Lamb Weston Holdings Inc,100449,11-30-2023
250,LVS,Las Vegas Sands Corp,96973,11-30-2023
251,LSCC,Lattice Semiconductor Corp,178644,11-30-2023
252,LDOS,Leidos Holdings Inc,183652,11-30-2023
253,LEN,Lennar Corp,345581,11-30-2023
254,LII,Lennox International Inc,30878,11-30-2023
255,LIN,Linde PLC,70333,11-30-2023
256,LKQ,LKQ Corp,401729,11-30-2023
257,LMT,Lockheed Martin Corp,43047,11-30-2023
258,L,Loews Corp,121174,11-30-2023
259,LOW,Lowes Cos Inc,245146,11-30-2023
260,LPLA,LPL Financial Holdings Inc,39335,11-30-2023
261,LYB,LyondellBasell Industries NV,33004,11-30-2023
262,MTB,M&T Bank Corp,26954,11-30-2023
263,MANH,Manhattan Associates Inc,89053,11-30-2023
264,MRO,Marathon Oil Corp,201880,11-30-2023
265,MPC,Marathon Petroleum Corp,264232,11-30-2023
266,MKL,Markel Group Inc,6148,11-30-2023
267,MAR,Marriott International Inc,39845,11-30-2023
268,MMC,Marsh & McLennan Cos Inc,159336,11-30-2023
269,MLM,Martin Marietta Materials Inc,9195,11-30-2023
270,MRVL,Marvell Technology Inc,51986,11-30-2023
271,MAS,Masco Corp,207379,11-30-2023
272,MA,Mastercard Inc,180613,11-30-2023
273,MKC,McCormick & Co Inc,89797,11-30-2023
274,MCD,McDonalds Corp,146838,11-30-2023
275,MCK,McKesson Corp,53940,11-30-2023
276,MDT,Medtronic PLC,117280,11-30-2023
277,MRK,Merck & Co Inc,632276,11-30-2023
278,META,Meta Platforms Inc,627370,11-30-2023
279,MET,MetLife Inc,147297,11-30-2023
280,MTD,Mettler-Toledo International Inc,23377,11-30-2023
281,MGM,MGM Resorts International,581774,11-30-2023
282,MCHP,Microchip Technology Inc,146551,11-30-2023
283,MU,Micron Technology Inc,131087,11-30-2023
284,MSFT,Microsoft Corp,1853542,11-30-2023
285,MAA,Mid-America Apartment Communities Inc,44123,11-30-2023
286,MOH,Molina Healthcare Inc,23420,11-30-2023
287,MDLZ,Mondelez International Inc,315634,11-30-2023
288,MDB,MongoDB Inc,8080,11-30-2023
289,MPWR,Monolithic Power Systems Inc,16144,11-30-2023
290,MNST,Monster Beverage Corp,425923,11-30-2023
291,MCO,Moodys Corp,81666,11-30-2023
292,MS,Morgan Stanley,134649,11-30-2023
293,MOS,Mosaic Co,552613,11-30-2023
294,MSI,Motorola Solutions Inc,88056,11-30-2023
295,NDAQ,Nasdaq Inc,113093,11-30-2023
296,NLOP,NET Lease Office Properties,7923,11-30-2023
297,NTAP,NetApp Inc,176501,11-30-2023
298,NFLX,Netflix Inc,54406,11-30-2023
299,NEE,NextEra Energy Inc,258688,11-30-2023
300,NKE,NIKE Inc,327480,11-30-2023
301,NI,NiSource Inc,134713,11-30-2023
302,NSC,Norfolk Southern Corp,28071,11-30-2023
303,NTRS,Northern Trust Corp,30783,11-30-2023
304,NOC,Northrop Grumman Corp,34157,11-30-2023
305,NUE,Nucor Corp,172999,11-30-2023
306,NVDA,NVIDIA Corp,547081,11-30-2023
307,NVR,NVR Inc,1422,11-30-2023
308,OXY,Occidental Petroleum Corp,53997,11-30-2023
309,ODFL,Old Dominion Freight Line Inc,45310,11-30-2023
310,OMC,Omnicom Group Inc,157988,11-30-2023
311,ON,ON Semiconductor Corp,267156,11-30-2023
312,OKE,ONEOK Inc,121888,11-30-2023
313,ORCL,Oracle Corp,280804,11-30-2023
314,ORLY,OReilly Automotive Inc,47660,11-30-2023
315,OTIS,Otis Worldwide Corp,96852,11-30-2023
316,OVV,Ovintiv Inc,41549,11-30-2023
317,PCAR,PACCAR Inc,173724,11-30-2023
318,PKG,Packaging Corp of America,34901,11-30-2023
319,PLTR,Palantir Technologies Inc,216112,11-30-2023
320,PANW,Palo Alto Networks Inc,106851,11-30-2023
321,PH,Parker-Hannifin Corp,54096,11-30-2023
322,PAYX,Paychex Inc,97746,11-30-2023
323,PEP,PepsiCo Inc,363048,11-30-2023
324,PFE,Pfizer Inc,1095976,11-30-2023
325,PCG,PG&E Corp,771346,11-30-2023
326,PM,Philip Morris International Inc,454984,11-30-2023
327,PSX,Phillips 66,197750,11-30-2023
328,PINS,Pinterest Inc,352310,11-30-2023
329,PXD,Pioneer Natural Resources Co,35814,11-30-2023
330,PNC,PNC Financial Services Group Inc,41331,11-30-2023
331,POOL,Pool Corp,48791,11-30-2023
332,PPG,PPG Industries Inc,40342,11-30-2023
333,PPL,PPL Corp,217073,11-30-2023
334,PFG,Principal Financial Group Inc,337437,11-30-2023
335,PG,Procter & Gamble Co,495911,11-30-2023
336,PGR,Progressive Corp,120387,11-30-2023
337,PLD,Prologis Inc,44268,11-30-2023
338,PRU,Prudential Financial Inc,64230,11-30-2023
339,PTC,PTC Inc,44871,11-30-2023
340,PEG,Public Service Enterprise Group Inc,153935,11-30-2023
341,PSA,Public Storage,21695,11-30-2023
342,PHM,PulteGroup Inc,473682,11-30-2023
343,QCOM,QUALCOMM Inc,234581,11-30-2023
344,PWR,Quanta Services Inc,56329,11-30-2023
345,DGX,Quest Diagnostics Inc,77494,11-30-2023
346,RJF,Raymond James Financial Inc,30397,11-30-2023
347,O,Realty Income Corp,147244,11-30-2023
348,REGN,Regeneron Pharmaceuticals Inc,41373,11-30-2023
349,RS,Reliance Steel & Aluminum Co,43681,11-30-2023
350,RSG,Republic Services Inc,127272,11-30-2023
351,RMD,ResMed Inc,54974,11-30-2023
352,RVTY,Revvity Inc,37614,11-30-2023
353,ROK,Rockwell Automation Inc,28287,11-30-2023
354,ROP,Roper Technologies Inc,24563,11-30-2023
355,ROST,Ross Stores Inc,85944,11-30-2023
356,RCL,Royal Caribbean Cruises Ltd,158208,11-30-2023
357,RPRX,Royalty Pharma PLC,380888,11-30-2023
358,RPM,RPM International Inc,64183,11-30-2023
359,RTX,RTX Corp,234442,11-30-2023
360,SPGI,S&P Global Inc,31327,11-30-2023
361,CRM,Salesforce Inc,188946,11-30-2023
362,SLB,Schlumberger NV,142080,11-30-2023
363,STX,Seagate Technology Holdings PLC,46491,11-30-2023
364,SGEN,Seagen Inc,84669,11-30-2023
365,SRE,Sempra,197835,11-30-2023
366,NOW,ServiceNow Inc,51081,11-30-2023
367,SHW,Sherwin-Williams Co,78258,11-30-2023
368,SPG,Simon Property Group Inc,30614,11-30-2023
369,SWKS,Skyworks Solutions Inc,137593,11-30-2023
370,SNA,Snap-on Inc,31495,11-30-2023
371,SO,Southern Co,234170,11-30-2023
372,SPLK,Splunk Inc,38374,11-30-2023
373,SSNC,SS&C Technologies Holdings Inc,412857,11-30-2023
374,SBUX,Starbucks Corp,182568,11-30-2023
375,STT,State Street Corp,303794,11-30-2023
376,STLD,Steel Dynamics Inc,146603,11-30-2023
377,STE,STERIS PLC,18754,11-30-2023
378,SYK,Stryker Corp,62223,11-30-2023
379,SUI,Sun Communities Inc,86905,11-30-2023
380,SMCI,Super Micro Computer Inc,27198,11-30-2023
381,SYF,Synchrony Financial,1117946,11-30-2023
382,SNPS,Synopsys Inc,72106,11-30-2023
383,SYY,Sysco Corp,271348,11-30-2023
384,TMUS,T-Mobile US Inc,105527,11-30-2023
385,TTWO,Take-Two Interactive Software Inc,15954,11-30-2023
386,TRGP,Targa Resources Corp,40407,11-30-2023
387,TGT,Target Corp,176635,11-30-2023
388,TDY,Teledyne Technologies Inc,21848,11-30-2023
389,TER,Teradyne Inc,133464,11-30-2023
390,TSLA,Tesla Inc,392563,11-30-2023
391,TXN,Texas Instruments Inc,242986,11-30-2023
392,TXT,Textron Inc,348999,11-30-2023
393,TMO,Thermo Fisher Scientific Inc,60430,11-30-2023
394,TJX,TJX Cos Inc,402738,11-30-2023
395,TSCO,Tractor Supply Co,145064,11-30-2023
396,TT,Trane Technologies PLC,62187,11-30-2023
397,TDG,TransDigm Group Inc,14762,11-30-2023
398,TRV,Travelers Cos Inc,54195,11-30-2023
399,TRMB,Trimble Inc,82088,11-30-2023
400,TFC,Truist Financial Corp,81168,11-30-2023
401,TYL,Tyler Technologies Inc,8350,11-30-2023
402,TSN,Tyson Foods Inc,308440,11-30-2023
403,UBER,Uber Technologies Inc,211532,11-30-2023
404,UDR,UDR Inc,117859,11-30-2023
405,ULTA,Ulta Beauty Inc,61036,11-30-2023
406,UNP,Union Pacific Corp,40761,11-30-2023
407,UAL,United Airlines Holdings Inc,838356,11-30-2023
408,UPS,United Parcel Service Inc,79378,11-30-2023
409,URI,United Rentals Inc,11906,11-30-2023
410,UNH,UnitedHealth Group Inc,218553,11-30-2023
411,VLO,Valero Energy Corp,263147,11-30-2023
412,VEEV,Veeva Systems Inc,17041,11-30-2023
413,VTR,Ventas Inc,133368,11-30-2023
414,VLTO,Veralto Corp,41062,11-30-2023
415,VRSN,VeriSign Inc,101861,11-30-2023
416,VRSK,Verisk Analytics Inc,39221,11-30-2023
417,VZ,Verizon Communications Inc,486815,11-30-2023
418,VRTX,Vertex Pharmaceuticals Inc,95743,11-30-2023
419,VRT,Vertiv Holdings Co,171464,11-30-2023
420,VTRS,Viatris Inc,5437682,11-30-2023
421,VICI,VICI Properties Inc,387754,11-30-2023
422,V,Visa Inc,315363,11-30-2023
423,VMC,Vulcan Materials Co,40312,11-30-2023
424,WRB,W R Berkley Corp,128203,11-30-2023
425,WBA,Walgreens Boots Alliance Inc,393060,11-30-2023
426,WMT,Walmart Inc,557176,11-30-2023
427,DIS,Walt Disney Co,118848,11-30-2023
428,WBD,Warner Bros Discovery Inc,4141667,11-30-2023
429,WM,Waste Management Inc,79397,11-30-2023
430,WAT,Waters Corp,51824,11-30-2023
431,WSO,Watsco Inc,15598,11-30-2023
432,WEC,WEC Energy Group Inc,81498,11-30-2023
433,WFC,Wells Fargo & Co,594569,11-30-2023
434,WELL,Welltower Inc,88513,11-30-2023
435,WST,West Pharmaceutical Services Inc,24439,11-30-2023
436,WDC,Western Digital Corp,112761,11-30-2023
437,WAB,Westinghouse Air Brake Technologies Corp,231071,11-30-2023
438,WY,Weyerhaeuser Co,399811,11-30-2023
439,WMB,Williams Cos Inc,250733,11-30-2023
440,WTW,Willis Towers Watson PLC,39469,11-30-2023
441,WDAY,Workday Inc,33018,11-30-2023
442,WPC,WP Carey Inc,118766,11-30-2023
443,GWW,WW Grainger Inc,58669,11-30-2023
444,XEL,Xcel Energy Inc,153756,11-30-2023
445,XYL,Xylem Inc,69205,11-30-2023
446,YUM,Yum! Brands Inc,217674,11-30-2023
447,ZBRA,Zebra Technologies Corp,19706,11-30-2023
448,ZBH,Zimmer Biomet Holdings Inc,74530,11-30-2023
449,ZTS,Zoetis Inc,138352,11-30-2023
450,ZM,Zoom Video Communications Inc,180985,11-30-2023
451,--,USD U.S. DOLLAR,0,11-30-2023
