,Ticker,Name,Shares,Date
0,MMM,3M Co,147328,01-27-2023
1,ABT,Abbott Laboratories,339476,01-27-2023
2,ABBV,AbbVie Inc,490483,01-27-2023
3,ACN,Accenture PLC,268971,01-27-2023
4,ATVI,Activision Blizzard Inc,89666,01-27-2023
5,ADBE,Adobe Inc,148159,01-27-2023
6,AAP,Advance Auto Parts Inc,85768,01-27-2023
7,AMD,Advanced Micro Devices Inc,335516,01-27-2023
8,AES,AES Corp,432815,01-27-2023
9,AFL,Aflac Inc,224695,01-27-2023
10,A,Agilent Technologies Inc,127540,01-27-2023
11,APD,Air Products and Chemicals Inc,26666,01-27-2023
12,AKAM,Akamai Technologies Inc,127297,01-27-2023
13,ALB,Albemarle Corp,23214,01-27-2023
14,ARE,Alexandria Real Estate Equities Inc,42070,01-27-2023
15,ALGN,Align Technology Inc,39177,01-27-2023
16,LNT,Alliant Energy Corp,189481,01-27-2023
17,ALL,Allstate Corp,137027,01-27-2023
18,ALNY,Alnylam Pharmaceuticals Inc,25538,01-27-2023
19,GOOGL,Alphabet Inc-Cl A,1627721,01-27-2023
20,GOOG,Alphabet Inc-Cl C,1536591,01-27-2023
21,MO,Altria Group Inc,506516,01-27-2023
22,AMZN,Amazon.com Inc,2319887,01-27-2023
23,AEE,Ameren Corp,132690,01-27-2023
24,AEP,American Electric Power Co Inc,157578,01-27-2023
25,AXP,American Express Co,114331,01-27-2023
26,AIG,American International Group Inc,426063,01-27-2023
27,AMT,American Tower Corp,41328,01-27-2023
28,AWK,American Water Works Co Inc,44356,01-27-2023
29,AMP,Ameriprise Financial Inc,47436,01-27-2023
30,ABC,AmerisourceBergen Corp,93324,01-27-2023
31,AME,AMETEK Inc,108956,01-27-2023
32,AMGN,Amgen Inc,169033,01-27-2023
33,APH,Amphenol Corp,172026,01-27-2023
34,ADI,Analog Devices Inc,64032,01-27-2023
35,ANSS,ANSYS Inc,14776,01-27-2023
36,AON,Aon PLC,95739,01-27-2023
37,APA,APA Corp,244886,01-27-2023
38,AAPL,Apple Inc,4341218,01-27-2023
39,AMAT,Applied Materials Inc,326794,01-27-2023
40,ACGL,Arch Capital Group Ltd,267370,01-27-2023
41,ADM,Archer-Daniels-Midland Co,510319,01-27-2023
42,ANET,Arista Networks Inc,104753,01-27-2023
43,AJG,Arthur J Gallagher & Co,123924,01-27-2023
44,T,AT&T Inc,1663128,01-27-2023
45,TEAM,Atlassian Corp,66104,01-27-2023
46,ATO,Atmos Energy Corp,94839,01-27-2023
47,ADSK,Autodesk Inc,107915,01-27-2023
48,ADP,Automatic Data Processing Inc,108348,01-27-2023
49,AZO,AutoZone Inc,27031,01-27-2023
50,AVB,AvalonBay Communities Inc,41611,01-27-2023
51,AVTR,Avantor Inc,164696,01-27-2023
52,AVY,Avery Dennison Corp,40200,01-27-2023
53,BAC,Bank of America Corp,1305263,01-27-2023
54,BK,Bank of New York Mellon Corp,352451,01-27-2023
55,BAX,Baxter International Inc,139997,01-27-2023
56,BDX,Becton Dickinson and Co,41182,01-27-2023
57,BRK/B,Berkshire Hathaway Inc,325584,01-27-2023
58,BBY,Best Buy Co Inc,337425,01-27-2023
59,BIIB,Biogen Inc,76570,01-27-2023
60,BLK,BlackRock Inc,15332,01-27-2023
61,BX,Blackstone Inc,218600,01-27-2023
62,SQ,Block Inc,38020,01-27-2023
63,BKNG,Booking Holdings Inc,7796,01-27-2023
64,BAH,Booz Allen Hamilton Holding Corp,53587,01-27-2023
65,BXP,Boston Properties Inc,47451,01-27-2023
66,BSX,Boston Scientific Corp,176004,01-27-2023
67,BMY,Bristol-Myers Squibb Co,732194,01-27-2023
68,AVGO,Broadcom Inc,100869,01-27-2023
69,BR,Broadridge Financial Solutions Inc,61370,01-27-2023
70,BRO,Brown & Brown Inc,185346,01-27-2023
71,BF/B,Brown-Forman Corp,228535,01-27-2023
72,BG,Bunge Ltd,67194,01-27-2023
73,CDNS,Cadence Design Systems Inc,248491,01-27-2023
74,CPT,Camden Property Trust,99549,01-27-2023
75,COF,Capital One Financial Corp,275546,01-27-2023
76,CAH,Cardinal Health Inc,194499,01-27-2023
77,CSL,Carlisle Cos Inc,36953,01-27-2023
78,CARR,Carrier Global Corp,332111,01-27-2023
79,CAT,Caterpillar Inc,66968,01-27-2023
80,CBOE,Cboe Global Markets Inc,46333,01-27-2023
81,CBRE,CBRE Group Inc,411641,01-27-2023
82,CDW,CDW Corp,48541,01-27-2023
83,CNC,Centene Corp,482130,01-27-2023
84,CNP,CenterPoint Energy Inc,405020,01-27-2023
85,CF,CF Industries Holdings Inc,84647,01-27-2023
86,CHRW,CH Robinson Worldwide Inc,58482,01-27-2023
87,CRL,Charles River Laboratories International Inc,30289,01-27-2023
88,SCHW,Charles Schwab Corp,251799,01-27-2023
89,CHTR,Charter Communications Inc,34071,01-27-2023
90,LNG,Cheniere Energy Inc,105479,01-27-2023
91,CHK,Chesapeake Energy Corp,75390,01-27-2023
92,CVX,Chevron Corp,301005,01-27-2023
93,CMG,Chipotle Mexican Grill Inc,2330,01-27-2023
94,CB,Chubb Ltd,106623,01-27-2023
95,CHD,Church & Dwight Co Inc,162065,01-27-2023
96,CI,Cigna Corp,185743,01-27-2023
97,CINF,Cincinnati Financial Corp,51147,01-27-2023
98,CTAS,Cintas Corp,65078,01-27-2023
99,CSCO,Cisco Systems Inc,1057477,01-27-2023
100,C,Citigroup Inc,700658,01-27-2023
101,CFG,Citizens Financial Group Inc,279393,01-27-2023
102,CLX,Clorox Co,150532,01-27-2023
103,CME,CME Group Inc,57575,01-27-2023
104,CMS,CMS Energy Corp,126324,01-27-2023
105,KO,Coca-Cola Co,698327,01-27-2023
106,CTSH,Cognizant Technology Solutions Corp,327561,01-27-2023
107,CL,Colgate-Palmolive Co,400601,01-27-2023
108,CMCSA,Comcast Corp,1452928,01-27-2023
109,CAG,Conagra Brands Inc,322410,01-27-2023
110,COP,ConocoPhillips,213059,01-27-2023
111,ED,Consolidated Edison Inc,181919,01-27-2023
112,STZ,Constellation Brands Inc,54441,01-27-2023
113,CEG,Constellation Energy Corp,134891,01-27-2023
114,COO,Cooper Cos Inc,19108,01-27-2023
115,CPRT,Copart Inc,123798,01-27-2023
116,GLW,Corning Inc,160525,01-27-2023
117,CTVA,Corteva Inc,213772,01-27-2023
118,COST,Costco Wholesale Corp,156327,01-27-2023
119,CTRA,Coterra Energy Inc,248884,01-27-2023
120,CRWD,Crowdstrike Holdings Inc,26563,01-27-2023
121,CCI,Crown Castle Inc,61551,01-27-2023
122,CSX,CSX Corp,237742,01-27-2023
123,CMI,Cummins Inc,76131,01-27-2023
124,CVS,CVS Health Corp,715433,01-27-2023
125,DHR,Danaher Corp,134589,01-27-2023
126,DRI,Darden Restaurants Inc,80595,01-27-2023
127,DAR,Darling Ingredients Inc,25969,01-27-2023
128,DDOG,Datadog Inc,50141,01-27-2023
129,DE,Deere & Co,32385,01-27-2023
130,DVN,Devon Energy Corp,275334,01-27-2023
131,DXCM,Dexcom Inc,87482,01-27-2023
132,FANG,Diamondback Energy Inc,88679,01-27-2023
133,DLR,Digital Realty Trust Inc,47460,01-27-2023
134,DFS,Discover Financial Services,101216,01-27-2023
135,DG,Dollar General Corp,157469,01-27-2023
136,DLTR,Dollar Tree Inc,167144,01-27-2023
137,D,Dominion Energy Inc,163011,01-27-2023
138,DPZ,Dominos Pizza Inc,80615,01-27-2023
139,DOV,Dover Corp,74014,01-27-2023
140,DOW,Dow Inc,249602,01-27-2023
141,DHI,DR Horton Inc,71559,01-27-2023
142,DTE,DTE Energy Co,90797,01-27-2023
143,DUK,Duke Energy Corp,152327,01-27-2023
144,DD,DuPont de Nemours Inc,46325,01-27-2023
145,ETN,Eaton Corp PLC,57427,01-27-2023
146,EBAY,eBay Inc,405111,01-27-2023
147,ECL,Ecolab Inc,30436,01-27-2023
148,EIX,Edison International,204806,01-27-2023
149,EW,Edwards Lifesciences Corp,321976,01-27-2023
150,EA,Electronic Arts Inc,168653,01-27-2023
151,ELV,Elevance Health Inc,83209,01-27-2023
152,LLY,Eli Lilly & Co,261702,01-27-2023
153,EMR,Emerson Electric Co,121208,01-27-2023
154,ENPH,Enphase Energy Inc,20102,01-27-2023
155,ETR,Entergy Corp,83480,01-27-2023
156,EOG,EOG Resources Inc,126799,01-27-2023
157,EPAM,EPAM Systems Inc,26207,01-27-2023
158,EQT,EQT Corp,278013,01-27-2023
159,EFX,Equifax Inc,15158,01-27-2023
160,EQIX,Equinix Inc,8320,01-27-2023
161,EQR,Equity Residential,127614,01-27-2023
162,ESS,Essex Property Trust Inc,32266,01-27-2023
163,EL,Estee Lauder Cos Inc,129994,01-27-2023
164,ETSY,Etsy Inc,106174,01-27-2023
165,EVRG,Evergy Inc,194169,01-27-2023
166,ES,Eversource Energy,92689,01-27-2023
167,EXC,Exelon Corp,452043,01-27-2023
168,EXPE,Expedia Group Inc,61117,01-27-2023
169,EXPD,Expeditors International of Washington Inc,114472,01-27-2023
170,EXR,Extra Space Storage Inc,50038,01-27-2023
171,XOM,Exxon Mobil Corp,908089,01-27-2023
172,FDS,FactSet Research Systems Inc,29633,01-27-2023
173,FAST,Fastenal Co,687994,01-27-2023
174,FDX,FedEx Corp,140620,01-27-2023
175,FIS,Fidelity National Information Services Inc,240291,01-27-2023
176,FHN,First Horizon Corp,147785,01-27-2023
177,FRC,First Republic Bank,23618,01-27-2023
178,FE,FirstEnergy Corp,283229,01-27-2023
179,FISV,Fiserv Inc,237806,01-27-2023
180,FLT,FleetCor Technologies Inc,28228,01-27-2023
181,FMC,FMC Corp,42174,01-27-2023
182,F,Ford Motor Co,664725,01-27-2023
183,FTNT,Fortinet Inc,563312,01-27-2023
184,FTV,Fortive Corp,140339,01-27-2023
185,GRMN,Garmin Ltd,114204,01-27-2023
186,IT,Gartner Inc,72743,01-27-2023
187,GEHC,GE HealthCare Technologies Inc,62791,01-27-2023
188,GEN,Gen Digital Inc,97496,01-27-2023
189,GD,General Dynamics Corp,99012,01-27-2023
190,GE,General Electric Co,188378,01-27-2023
191,GIS,General Mills Inc,243213,01-27-2023
192,GPC,Genuine Parts Co,189651,01-27-2023
193,GILD,Gilead Sciences Inc,409424,01-27-2023
194,GPN,Global Payments Inc,113183,01-27-2023
195,GDDY,GoDaddy Inc,44297,01-27-2023
196,HAL,Halliburton Co,211384,01-27-2023
197,HIG,Hartford Financial Services Group Inc,186588,01-27-2023
198,HCA,HCA Healthcare Inc,14782,01-27-2023
199,PEAK,Healthpeak Properties Inc,149844,01-27-2023
200,HSY,Hershey Co,162568,01-27-2023
201,HES,Hess Corp,65810,01-27-2023
202,HPE,Hewlett Packard Enterprise Co,2478463,01-27-2023
203,HLT,Hilton Worldwide Holdings Inc,48426,01-27-2023
204,HOLX,Hologic Inc,165756,01-27-2023
205,HD,Home Depot Inc,345843,01-27-2023
206,HON,Honeywell International Inc,93559,01-27-2023
207,HZNP,Horizon Therapeutics Plc,32137,01-27-2023
208,HRL,Hormel Foods Corp,210432,01-27-2023
209,HST,Host Hotels & Resorts Inc,239349,01-27-2023
210,HWM,Howmet Aerospace Inc,141545,01-27-2023
211,HPQ,HP Inc,418085,01-27-2023
212,HUBB,Hubbell Inc,39655,01-27-2023
213,HUBS,HubSpot Inc,25476,01-27-2023
214,HUM,Humana Inc,42504,01-27-2023
215,IEX,IDEX Corp,42422,01-27-2023
216,IDXX,IDEXX Laboratories Inc,78965,01-27-2023
217,ITW,Illinois Tool Works Inc,106152,01-27-2023
218,INCY,Incyte Corp,210946,01-27-2023
219,PODD,Insulet Corp,31771,01-27-2023
220,INTC,Intel Corp,844110,01-27-2023
221,ICE,Intercontinental Exchange Inc,94228,01-27-2023
222,IBM,International Business Machines Corp,316274,01-27-2023
223,IP,International Paper Co,329099,01-27-2023
224,INTU,Intuit Inc,73028,01-27-2023
225,ISRG,Intuitive Surgical Inc,52520,01-27-2023
226,INVH,Invitation Homes Inc,223658,01-27-2023
227,IQV,IQVIA Holdings Inc,60043,01-27-2023
228,IRM,Iron Mountain Inc,95058,01-27-2023
229,SJM,J M Smucker Co,63983,01-27-2023
230,JKHY,Jack Henry & Associates Inc,71184,01-27-2023
231,J,Jacobs Solutions Inc,57072,01-27-2023
232,JBHT,JB Hunt Transport Services Inc,18049,01-27-2023
233,JNJ,Johnson & Johnson,743557,01-27-2023
234,JCI,Johnson Controls International plc,128083,01-27-2023
235,JPM,JPMorgan Chase & Co,637399,01-27-2023
236,K,Kellogg Co,150054,01-27-2023
237,KDP,Keurig Dr Pepper Inc,367073,01-27-2023
238,KEY,KeyCorp,289015,01-27-2023
239,KEYS,Keysight Technologies Inc,86193,01-27-2023
240,KMB,Kimberly-Clark Corp,164150,01-27-2023
241,KMI,Kinder Morgan Inc,902010,01-27-2023
242,KLAC,KLA Corp,47978,01-27-2023
243,KHC,Kraft Heinz Co,561600,01-27-2023
244,KR,Kroger Co,1370036,01-27-2023
245,LHX,L3Harris Technologies Inc,45304,01-27-2023
246,LH,Laboratory Corp of America Holdings,77481,01-27-2023
247,LRCX,Lam Research Corp,70405,01-27-2023
248,LW,Lamb Weston Holdings Inc,120421,01-27-2023
249,LDOS,Leidos Holdings Inc,141361,01-27-2023
250,LEN,Lennar Corp,377437,01-27-2023
251,LBRDK,Liberty Broadband Corp,66688,01-27-2023
252,LIN,Linde PLC,33774,01-27-2023
253,LKQ,LKQ Corp,290709,01-27-2023
254,LMT,Lockheed Martin Corp,64390,01-27-2023
255,LOW,Lowes Cos Inc,325575,01-27-2023
256,LPLA,LPL Financial Holdings Inc,42952,01-27-2023
257,LYB,LyondellBasell Industries NV,36099,01-27-2023
258,MTB,M&T Bank Corp,42047,01-27-2023
259,MRO,Marathon Oil Corp,359538,01-27-2023
260,MPC,Marathon Petroleum Corp,288597,01-27-2023
261,MKL,Markel Corp,8650,01-27-2023
262,MAR,Marriott International Inc,36897,01-27-2023
263,MMC,Marsh & McLennan Cos Inc,173961,01-27-2023
264,MLM,Martin Marietta Materials Inc,10004,01-27-2023
265,MAS,Masco Corp,226497,01-27-2023
266,MA,Mastercard Inc,182016,01-27-2023
267,MTCH,Match Group Inc,155599,01-27-2023
268,MKC,McCormick & Co Inc,124236,01-27-2023
269,MCD,McDonalds Corp,160302,01-27-2023
270,MCK,McKesson Corp,58892,01-27-2023
271,MDT,Medtronic PLC,128021,01-27-2023
272,MRK,Merck & Co Inc,623200,01-27-2023
273,META,Meta Platforms Inc,685084,01-27-2023
274,MET,MetLife Inc,309561,01-27-2023
275,MTD,Mettler-Toledo International Inc,25574,01-27-2023
276,MGM,MGM Resorts International,697022,01-27-2023
277,MCHP,Microchip Technology Inc,159956,01-27-2023
278,MU,Micron Technology Inc,452876,01-27-2023
279,MSFT,Microsoft Corp,2043537,01-27-2023
280,MAA,Mid-America Apartment Communities Inc,48173,01-27-2023
281,MRNA,Moderna Inc,178045,01-27-2023
282,MOH,Molina Healthcare Inc,25515,01-27-2023
283,MDLZ,Mondelez International Inc,245892,01-27-2023
284,MPWR,Monolithic Power Systems Inc,17567,01-27-2023
285,MNST,Monster Beverage Corp,232633,01-27-2023
286,MCO,Moodys Corp,113538,01-27-2023
287,MS,Morgan Stanley,146996,01-27-2023
288,MOS,Mosaic Co,122453,01-27-2023
289,MSI,Motorola Solutions Inc,96127,01-27-2023
290,MSCI,MSCI Inc,7185,01-27-2023
291,NDAQ,Nasdaq Inc,153569,01-27-2023
292,NTAP,NetApp Inc,192700,01-27-2023
293,NFLX,Netflix Inc,38396,01-27-2023
294,NEM,Newmont Corp,66818,01-27-2023
295,NEE,NextEra Energy Inc,282507,01-27-2023
296,NKE,NIKE Inc,357621,01-27-2023
297,NSC,Norfolk Southern Corp,30711,01-27-2023
298,NTRS,Northern Trust Corp,30014,01-27-2023
299,NOC,Northrop Grumman Corp,48832,01-27-2023
300,NUE,Nucor Corp,272226,01-27-2023
301,NVDA,NVIDIA Corp,592032,01-27-2023
302,NVR,NVR Inc,1493,01-27-2023
303,OXY,Occidental Petroleum Corp,353643,01-27-2023
304,ODFL,Old Dominion Freight Line Inc,49537,01-27-2023
305,OMC,Omnicom Group Inc,132617,01-27-2023
306,ON,ON Semiconductor Corp,291824,01-27-2023
307,OKE,ONEOK Inc,133021,01-27-2023
308,ORCL,Oracle Corp,209763,01-27-2023
309,ORLY,OReilly Automotive Inc,70720,01-27-2023
310,OTIS,Otis Worldwide Corp,105814,01-27-2023
311,OVV,Ovintiv Inc,204208,01-27-2023
312,PCAR,PACCAR Inc,62270,01-27-2023
313,PKG,Packaging Corp of America,19722,01-27-2023
314,PANW,Palo Alto Networks Inc,116742,01-27-2023
315,PH,Parker-Hannifin Corp,59071,01-27-2023
316,PAYX,Paychex Inc,155039,01-27-2023
317,PYPL,PayPal Holdings Inc,175119,01-27-2023
318,PEP,PepsiCo Inc,396547,01-27-2023
319,PKI,PerkinElmer Inc,93609,01-27-2023
320,PFE,Pfizer Inc,1196884,01-27-2023
321,PCG,PG&E Corp,459713,01-27-2023
322,PM,Philip Morris International Inc,512190,01-27-2023
323,PSX,Phillips 66,215996,01-27-2023
324,PINS,Pinterest Inc,384750,01-27-2023
325,PXD,Pioneer Natural Resources Co,55436,01-27-2023
326,PNC,PNC Financial Services Group Inc,45105,01-27-2023
327,POOL,Pool Corp,53255,01-27-2023
328,PPG,PPG Industries Inc,55178,01-27-2023
329,PPL,PPL Corp,237077,01-27-2023
330,PFG,Principal Financial Group Inc,324804,01-27-2023
331,PG,Procter & Gamble Co,541633,01-27-2023
332,PGR,Progressive Corp,207703,01-27-2023
333,PLD,Prologis Inc,70985,01-27-2023
334,PRU,Prudential Financial Inc,115434,01-27-2023
335,PEG,Public Service Enterprise Group Inc,168020,01-27-2023
336,PSA,Public Storage,48795,01-27-2023
337,QCOM,QUALCOMM Inc,256211,01-27-2023
338,PWR,Quanta Services Inc,54367,01-27-2023
339,DGX,Quest Diagnostics Inc,106934,01-27-2023
340,RJF,Raymond James Financial Inc,116056,01-27-2023
341,RTX,Raytheon Technologies Corp,256051,01-27-2023
342,O,Realty Income Corp,160768,01-27-2023
343,REGN,Regeneron Pharmaceuticals Inc,45153,01-27-2023
344,RF,Regions Financial Corp,194080,01-27-2023
345,RSG,Republic Services Inc,138942,01-27-2023
346,RMD,ResMed Inc,101497,01-27-2023
347,ROK,Rockwell Automation Inc,24829,01-27-2023
348,ROP,Roper Technologies Inc,23815,01-27-2023
349,ROST,Ross Stores Inc,70902,01-27-2023
350,RPRX,Royalty Pharma PLC,172800,01-27-2023
351,RPM,RPM International Inc,47921,01-27-2023
352,SPGI,S&P Global Inc,34383,01-27-2023
353,CRM,Salesforce Inc,206300,01-27-2023
354,SBAC,SBA Communications Corp,17164,01-27-2023
355,SLB,Schlumberger Ltd,155116,01-27-2023
356,STX,Seagate Technology Holdings PLC,225063,01-27-2023
357,SGEN,Seagen Inc,92517,01-27-2023
358,SRE,Sempra Energy,108047,01-27-2023
359,NOW,ServiceNow Inc,59341,01-27-2023
360,SHW,Sherwin-Williams Co,85430,01-27-2023
361,SPG,Simon Property Group Inc,33492,01-27-2023
362,SWKS,Skyworks Solutions Inc,138004,01-27-2023
363,SO,Southern Co,255737,01-27-2023
364,LUV,Southwest Airlines Co,225459,01-27-2023
365,SPLK,Splunk Inc,30317,01-27-2023
366,SSNC,SS&C Technologies Holdings Inc,512627,01-27-2023
367,SBUX,Starbucks Corp,165858,01-27-2023
368,STT,State Street Corp,123615,01-27-2023
369,STLD,Steel Dynamics Inc,151258,01-27-2023
370,STLA,Stellantis NV,2621507,01-27-2023
371,STE,STERIS PLC,41369,01-27-2023
372,SYK,Stryker Corp,67989,01-27-2023
373,SUI,Sun Communities Inc,94945,01-27-2023
374,SIVB,SVB Financial Group,23623,01-27-2023
375,SYF,Synchrony Financial,720621,01-27-2023
376,SNPS,Synopsys Inc,106963,01-27-2023
377,SYY,Sysco Corp,279634,01-27-2023
378,TROW,T Rowe Price Group Inc,101565,01-27-2023
379,TMUS,T-Mobile US Inc,137740,01-27-2023
380,TTWO,Take-Two Interactive Software Inc,19145,01-27-2023
381,TRGP,Targa Resources Corp,131300,01-27-2023
382,TGT,Target Corp,209395,01-27-2023
383,TDY,Teledyne Technologies Inc,23841,01-27-2023
384,TER,Teradyne Inc,145778,01-27-2023
385,TSLA,Tesla Inc,557909,01-27-2023
386,TXN,Texas Instruments Inc,283212,01-27-2023
387,TPL,Texas Pacific Land Corp,2274,01-27-2023
388,TXT,Textron Inc,510693,01-27-2023
389,TMO,Thermo Fisher Scientific Inc,92133,01-27-2023
390,TJX,TJX Cos Inc,357700,01-27-2023
391,TSCO,Tractor Supply Co,158404,01-27-2023
392,TT,Trane Technologies PLC,47341,01-27-2023
393,TRV,Travelers Cos Inc,87502,01-27-2023
394,TRMB,Trimble Inc,89692,01-27-2023
395,TFC,Truist Financial Corp,88636,01-27-2023
396,TYL,Tyler Technologies Inc,9174,01-27-2023
397,TSN,Tyson Foods Inc,508695,01-27-2023
398,UDR,UDR Inc,164455,01-27-2023
399,ULTA,Ulta Beauty Inc,66624,01-27-2023
400,UNP,Union Pacific Corp,84254,01-27-2023
401,UAL,United Airlines Holdings Inc,716103,01-27-2023
402,UPS,United Parcel Service Inc,142612,01-27-2023
403,URI,United Rentals Inc,12979,01-27-2023
404,UNH,UnitedHealth Group Inc,238636,01-27-2023
405,USB,US Bancorp,151419,01-27-2023
406,VLO,Valero Energy Corp,373588,01-27-2023
407,VEEV,Veeva Systems Inc,37659,01-27-2023
408,VTR,Ventas Inc,145668,01-27-2023
409,VRSN,VeriSign Inc,111288,01-27-2023
410,VRSK,Verisk Analytics Inc,42822,01-27-2023
411,VZ,Verizon Communications Inc,720859,01-27-2023
412,VRTX,Vertex Pharmaceuticals Inc,104538,01-27-2023
413,VFC,VF Corp,184561,01-27-2023
414,VTRS,Viatris Inc,4960161,01-27-2023
415,VICI,VICI Properties Inc,391612,01-27-2023
416,V,Visa Inc,344401,01-27-2023
417,VMW,VMware Inc,103062,01-27-2023
418,WRB,W R Berkley Corp,180242,01-27-2023
419,WBA,Walgreens Boots Alliance Inc,928017,01-27-2023
420,WMT,Walmart Inc,608515,01-27-2023
421,DIS,Walt Disney Co,129824,01-27-2023
422,WBD,Warner Bros Discovery Inc,2119828,01-27-2023
423,WM,Waste Management Inc,139486,01-27-2023
424,WAT,Waters Corp,56601,01-27-2023
425,WEC,WEC Energy Group Inc,89014,01-27-2023
426,WFC,Wells Fargo & Co,823603,01-27-2023
427,WELL,Welltower Inc,112753,01-27-2023
428,WST,West Pharmaceutical Services Inc,49636,01-27-2023
429,WDC,Western Digital Corp,272208,01-27-2023
430,WAB,Westinghouse Air Brake Technologies Corp,308720,01-27-2023
431,WY,Weyerhaeuser Co,436677,01-27-2023
432,WMB,Williams Cos Inc,440608,01-27-2023
433,WTW,Willis Towers Watson PLC,32274,01-27-2023
434,WDAY,Workday Inc,36115,01-27-2023
435,WPC,WP Carey Inc,129729,01-27-2023
436,GWW,WW Grainger Inc,74423,01-27-2023
437,XEL,Xcel Energy Inc,167985,01-27-2023
438,XYL,Xylem Inc,37915,01-27-2023
439,YUM,Yum! Brands Inc,237763,01-27-2023
440,ZBRA,Zebra Technologies Corp,21520,01-27-2023
441,ZBH,Zimmer Biomet Holdings Inc,27749,01-27-2023
442,ZTS,Zoetis Inc,151113,01-27-2023
443,ZM,Zoom Video Communications Inc,56900,01-27-2023
444,USD,USD U.S. DOLLAR,0,01-27-2023
