,Ticker,Name,Shares,Date
0,MMM,3M Co,133604,02-27-2024
1,ABT,Abbott Laboratories,307729,02-27-2024
2,ABBV,AbbVie Inc,444622,02-27-2024
3,ACN,Accenture PLC,243847,02-27-2024
4,ADBE,Adobe Inc,134305,02-27-2024
5,AMD,Advanced Micro Devices Inc,304221,02-27-2024
6,AFL,Aflac Inc,217200,02-27-2024
7,A,Agilent Technologies Inc,115569,02-27-2024
8,APD,Air Products and Chemicals Inc,37347,02-27-2024
9,ABNB,Airbnb Inc,18173,02-27-2024
10,AKAM,Akamai Technologies Inc,127514,02-27-2024
11,ARE,Alexandria Real Estate Equities Inc,49381,02-27-2024
12,ALGN,Align Technology Inc,35592,02-27-2024
13,LNT,Alliant Energy Corp,171720,02-27-2024
14,ALL,Allstate Corp,37756,02-27-2024
15,GOOGL,Alphabet Inc,1475663,02-27-2024
16,GOOG,Alphabet Inc,1393025,02-27-2024
17,MO,Altria Group Inc,484377,02-27-2024
18,AMZN,Amazon.com Inc,2110667,02-27-2024
19,AEE,Ameren Corp,120240,02-27-2024
20,AEP,American Electric Power Co Inc,142930,02-27-2024
21,AXP,American Express Co,103586,02-27-2024
22,AIG,American International Group Inc,460769,02-27-2024
23,AMT,American Tower Corp,30776,02-27-2024
24,AWK,American Water Works Co Inc,40814,02-27-2024
25,AMP,Ameriprise Financial Inc,53126,02-27-2024
26,AME,AMETEK Inc,98714,02-27-2024
27,AMGN,Amgen Inc,153270,02-27-2024
28,APH,Amphenol Corp,155965,02-27-2024
29,ADI,Analog Devices Inc,108120,02-27-2024
30,ANSS,ANSYS Inc,13537,02-27-2024
31,AON,Aon PLC,36465,02-27-2024
32,APA,APA Corp,224962,02-27-2024
33,APO,Apollo Global Management Inc,178536,02-27-2024
34,AAPL,Apple Inc,3742061,02-27-2024
35,AMAT,Applied Materials Inc,296357,02-27-2024
36,ACGL,Arch Capital Group Ltd,242339,02-27-2024
37,ADM,Archer-Daniels-Midland Co,234793,02-27-2024
38,ARES,Ares Management Corp,53823,02-27-2024
39,ANET,Arista Networks Inc,94977,02-27-2024
40,AJG,Arthur J Gallagher & Co,99294,02-27-2024
41,T,AT&T Inc,1663816,02-27-2024
42,TEAM,Atlassian Corp,79551,02-27-2024
43,ATO,Atmos Energy Corp,85935,02-27-2024
44,ADSK,Autodesk Inc,97814,02-27-2024
45,ADP,Automatic Data Processing Inc,41080,02-27-2024
46,AZO,AutoZone Inc,14387,02-27-2024
47,AVB,AvalonBay Communities Inc,30863,02-27-2024
48,AVTR,Avantor Inc,352111,02-27-2024
49,AVY,Avery Dennison Corp,22263,02-27-2024
50,AXON,Axon Enterprise Inc,37449,02-27-2024
51,BAC,Bank of America Corp,1183306,02-27-2024
52,BK,Bank of New York Mellon Corp,498214,02-27-2024
53,BDX,Becton Dickinson & Co,37282,02-27-2024
54,BRK/B,Berkshire Hathaway Inc,284017,02-27-2024
55,BBY,Best Buy Co Inc,305992,02-27-2024
56,BIIB,Biogen Inc,60957,02-27-2024
57,BLK,BlackRock Inc,10187,02-27-2024
58,BX,Blackstone Inc,29587,02-27-2024
59,BA,Boeing Co,60862,02-27-2024
60,BKNG,Booking Holdings Inc,12443,02-27-2024
61,BAH,Booz Allen Hamilton Holding Corp,115079,02-27-2024
62,BSX,Boston Scientific Corp,365647,02-27-2024
63,BMY,Bristol-Myers Squibb Co,663776,02-27-2024
64,AVGO,Broadcom Inc,93346,02-27-2024
65,BR,Broadridge Financial Solutions Inc,58066,02-27-2024
66,BRO,Brown & Brown Inc,102684,02-27-2024
67,BF/B,Brown-Forman Corp,207195,02-27-2024
68,BLDR,Builders FirstSource Inc,377757,02-27-2024
69,BG,Bunge Global SA,88836,02-27-2024
70,CDNS,Cadence Design Systems Inc,184873,02-27-2024
71,CPT,Camden Property Trust,90248,02-27-2024
72,COF,Capital One Financial Corp,349726,02-27-2024
73,CAH,Cardinal Health Inc,188845,02-27-2024
74,CSL,Carlisle Cos Inc,33546,02-27-2024
75,CCL,Carnival Corp,558499,02-27-2024
76,CARR,Carrier Global Corp,301182,02-27-2024
77,CAT,Caterpillar Inc,60730,02-27-2024
78,CBOE,Cboe Global Markets Inc,81034,02-27-2024
79,CBRE,CBRE Group Inc,146559,02-27-2024
80,CDW,CDW Corp,43999,02-27-2024
81,COR,Cencora Inc,90593,02-27-2024
82,CNC,Centene Corp,507410,02-27-2024
83,CNP,CenterPoint Energy Inc,367261,02-27-2024
84,CF,CF Industries Holdings Inc,77730,02-27-2024
85,SCHW,Charles Schwab Corp,173920,02-27-2024
86,CHTR,Charter Communications Inc,30945,02-27-2024
87,LNG,Cheniere Energy Inc,59631,02-27-2024
88,CVX,Chevron Corp,185253,02-27-2024
89,CMG,Chipotle Mexican Grill Inc,5115,02-27-2024
90,CB,Chubb Ltd,69849,02-27-2024
91,CHD,Church & Dwight Co Inc,146885,02-27-2024
92,CI,Cigna Group,135245,02-27-2024
93,CINF,Cincinnati Financial Corp,28543,02-27-2024
94,CTAS,Cintas Corp,58966,02-27-2024
95,CSCO,Cisco Systems Inc,1020641,02-27-2024
96,C,Citigroup Inc,635298,02-27-2024
97,CFG,Citizens Financial Group Inc,253318,02-27-2024
98,CLX,Clorox Co,136477,02-27-2024
99,CME,CME Group Inc,75811,02-27-2024
100,CMS,CMS Energy Corp,116056,02-27-2024
101,KO,Coca-Cola Co,633158,02-27-2024
102,CTSH,Cognizant Technology Solutions Corp,297002,02-27-2024
103,CL,Colgate-Palmolive Co,376838,02-27-2024
104,CMCSA,Comcast Corp,1317195,02-27-2024
105,CAG,Conagra Brands Inc,713103,02-27-2024
106,COP,ConocoPhillips,172944,02-27-2024
107,ED,Consolidated Edison Inc,164988,02-27-2024
108,STZ,Constellation Brands Inc,49315,02-27-2024
109,CEG,Constellation Energy Corp,122265,02-27-2024
110,COO,Cooper Cos Inc,53260,02-27-2024
111,CPRT,Copart Inc,275955,02-27-2024
112,GLW,Corning Inc,184357,02-27-2024
113,COST,Costco Wholesale Corp,141703,02-27-2024
114,CRWD,Crowdstrike Holdings Inc,37677,02-27-2024
115,CCI,Crown Castle Inc,29173,02-27-2024
116,CSX,CSX Corp,215479,02-27-2024
117,CMI,Cummins Inc,35521,02-27-2024
118,CVS,CVS Health Corp,648608,02-27-2024
119,DHR,Danaher Corp,122010,02-27-2024
120,DRI,Darden Restaurants Inc,70669,02-27-2024
121,DDOG,Datadog Inc,46111,02-27-2024
122,DECK,Deckers Outdoor Corp,33954,02-27-2024
123,DE,Deere & Co,36821,02-27-2024
124,DELL,Dell Technologies Inc,121432,02-27-2024
125,DAL,Delta Air Lines Inc,376931,02-27-2024
126,DVN,Devon Energy Corp,182302,02-27-2024
127,DXCM,Dexcom Inc,67178,02-27-2024
128,FANG,Diamondback Energy Inc,17681,02-27-2024
129,DFS,Discover Financial Services,192422,02-27-2024
130,DG,Dollar General Corp,111769,02-27-2024
131,DLTR,Dollar Tree Inc,141313,02-27-2024
132,D,Dominion Energy Inc,149810,02-27-2024
133,DPZ,Dominos Pizza Inc,30795,02-27-2024
134,DASH,DoorDash Inc,74563,02-27-2024
135,DOV,Dover Corp,67182,02-27-2024
136,DOW,Dow Inc,137519,02-27-2024
137,DHI,DR Horton Inc,209930,02-27-2024
138,DKNG,DraftKings Inc,189486,02-27-2024
139,DTE,DTE Energy Co,82357,02-27-2024
140,DUK,Duke Energy Corp,138161,02-27-2024
141,DD,DuPont de Nemours Inc,40471,02-27-2024
142,ETN,Eaton Corp PLC,79552,02-27-2024
143,EBAY,eBay Inc,367337,02-27-2024
144,ECL,Ecolab Inc,59857,02-27-2024
145,EIX,Edison International,185651,02-27-2024
146,EW,Edwards Lifesciences Corp,291951,02-27-2024
147,EA,Electronic Arts Inc,161469,02-27-2024
148,ELV,Elevance Health Inc,61911,02-27-2024
149,LLY,Eli Lilly & Co,229767,02-27-2024
150,EMR,Emerson Electric Co,122401,02-27-2024
151,ENPH,Enphase Energy Inc,53599,02-27-2024
152,ETR,Entergy Corp,75675,02-27-2024
153,EOG,EOG Resources Inc,114930,02-27-2024
154,EPAM,EPAM Systems Inc,37715,02-27-2024
155,EQT,EQT Corp,315857,02-27-2024
156,EQIX,Equinix Inc,10510,02-27-2024
157,ELS,Equity LifeStyle Properties Inc,34684,02-27-2024
158,EQR,Equity Residential,117206,02-27-2024
159,ESS,Essex Property Trust Inc,29643,02-27-2024
160,EL,Estee Lauder Cos Inc,117795,02-27-2024
161,EG,Everest Group Ltd,27556,02-27-2024
162,EVRG,Evergy Inc,176000,02-27-2024
163,ES,Eversource Energy,85119,02-27-2024
164,EXC,Exelon Corp,409807,02-27-2024
165,EXPE,Expedia Group Inc,173004,02-27-2024
166,EXPD,Expeditors International of Washington Inc,103855,02-27-2024
167,XOM,Exxon Mobil Corp,831642,02-27-2024
168,FDS,FactSet Research Systems Inc,26862,02-27-2024
169,FICO,Fair Isaac Corp,24648,02-27-2024
170,FAST,Fastenal Co,623765,02-27-2024
171,FDX,FedEx Corp,114485,02-27-2024
172,FCNCA,First Citizens BancShares Inc,7812,02-27-2024
173,FE,FirstEnergy Corp,256724,02-27-2024
174,FI,Fiserv Inc,113306,02-27-2024
175,FLT,FleetCor Technologies Inc,25519,02-27-2024
176,F,Ford Motor Co,863056,02-27-2024
177,FTNT,Fortinet Inc,510635,02-27-2024
178,FTV,Fortive Corp,127201,02-27-2024
179,GLPI,Gaming and Leisure Properties Inc,187954,02-27-2024
180,GRMN,Garmin Ltd,103472,02-27-2024
181,IT,Gartner Inc,65941,02-27-2024
182,GEHC,GE HealthCare Technologies Inc,57696,02-27-2024
183,GEN,Gen Digital Inc,564595,02-27-2024
184,GD,General Dynamics Corp,79530,02-27-2024
185,GE,General Electric Co,241461,02-27-2024
186,GIS,General Mills Inc,220437,02-27-2024
187,GPC,Genuine Parts Co,171873,02-27-2024
188,GILD,Gilead Sciences Inc,371149,02-27-2024
189,GDDY,GoDaddy Inc,149425,02-27-2024
190,GGG,Graco Inc,52345,02-27-2024
191,HIG,Hartford Financial Services Group Inc,169101,02-27-2024
192,HCA,HCA Healthcare Inc,48639,02-27-2024
193,HSY,Hershey Co,134945,02-27-2024
194,HPE,Hewlett Packard Enterprise Co,2472396,02-27-2024
195,HLT,Hilton Worldwide Holdings Inc,52077,02-27-2024
196,HOLX,Hologic Inc,135723,02-27-2024
197,HD,Home Depot Inc,298779,02-27-2024
198,HON,Honeywell International Inc,100254,02-27-2024
199,HST,Host Hotels & Resorts Inc,1094423,02-27-2024
200,HWM,Howmet Aerospace Inc,238761,02-27-2024
201,HPQ,HP Inc,379120,02-27-2024
202,HUBB,Hubbell Inc,45586,02-27-2024
203,HUBS,HubSpot Inc,28517,02-27-2024
204,HUM,Humana Inc,56144,02-27-2024
205,IEX,IDEX Corp,34533,02-27-2024
206,IDXX,IDEXX Laboratories Inc,63457,02-27-2024
207,ITW,Illinois Tool Works Inc,96171,02-27-2024
208,INCY,Incyte Corp,276504,02-27-2024
209,IR,Ingersoll Rand Inc,119750,02-27-2024
210,PODD,Insulet Corp,29212,02-27-2024
211,INTC,Intel Corp,562837,02-27-2024
212,ICE,Intercontinental Exchange Inc,108983,02-27-2024
213,IBM,International Business Machines Corp,286801,02-27-2024
214,IP,International Paper Co,320482,02-27-2024
215,IPG,Interpublic Group of Cos Inc,239406,02-27-2024
216,INTU,Intuit Inc,66181,02-27-2024
217,ISRG,Intuitive Surgical Inc,47695,02-27-2024
218,INVH,Invitation Homes Inc,150598,02-27-2024
219,IQV,IQVIA Holdings Inc,54379,02-27-2024
220,IRM,Iron Mountain Inc,87278,02-27-2024
221,SJM,J M Smucker Co,146891,02-27-2024
222,JBL,Jabil Inc,64312,02-27-2024
223,JKHY,Jack Henry & Associates Inc,56923,02-27-2024
224,J,Jacobs Solutions Inc,52403,02-27-2024
225,JBHT,JB Hunt Transport Services Inc,16619,02-27-2024
226,JNJ,Johnson & Johnson,588759,02-27-2024
227,JCI,Johnson Controls International plc,117720,02-27-2024
228,JPM,JPMorgan Chase & Co,577865,02-27-2024
229,K,Kellanova,162300,02-27-2024
230,KVUE,Kenvue Inc,720072,02-27-2024
231,KDP,Keurig Dr Pepper Inc,488236,02-27-2024
232,KEY,KeyCorp,265450,02-27-2024
233,KEYS,Keysight Technologies Inc,78134,02-27-2024
234,KMB,Kimberly-Clark Corp,148812,02-27-2024
235,KIM,Kimco Realty Corp,116570,02-27-2024
236,KMI,Kinder Morgan Inc,488441,02-27-2024
237,KKR,KKR & Co Inc,70155,02-27-2024
238,KLAC,KLA Corp,43524,02-27-2024
239,KHC,Kraft Heinz Co,509176,02-27-2024
240,KR,Kroger Co,1156788,02-27-2024
241,LHX,L3Harris Technologies Inc,69600,02-27-2024
242,LH,Laboratory Corp of America Holdings,54715,02-27-2024
243,LRCX,Lam Research Corp,63798,02-27-2024
244,LW,Lamb Weston Holdings Inc,99460,02-27-2024
245,LVS,Las Vegas Sands Corp,97299,02-27-2024
246,LSCC,Lattice Semiconductor Corp,176870,02-27-2024
247,LDOS,Leidos Holdings Inc,181846,02-27-2024
248,LEN,Lennar Corp,342138,02-27-2024
249,LII,Lennox International Inc,33361,02-27-2024
250,LIN,Linde PLC,69656,02-27-2024
251,LKQ,LKQ Corp,767700,02-27-2024
252,LMT,Lockheed Martin Corp,42595,02-27-2024
253,L,Loews Corp,119959,02-27-2024
254,LOW,Lowes Cos Inc,224727,02-27-2024
255,LPLA,LPL Financial Holdings Inc,38945,02-27-2024
256,LYB,LyondellBasell Industries NV,33107,02-27-2024
257,MTB,M&T Bank Corp,27042,02-27-2024
258,MANH,Manhattan Associates Inc,88158,02-27-2024
259,ESH24,MAR 24 EMINI S&P 500,24,02-27-2024
260,MRO,Marathon Oil Corp,314276,02-27-2024
261,MPC,Marathon Petroleum Corp,261589,02-27-2024
262,MKL,Markel Group Inc,6938,02-27-2024
263,MAR,Marriott International Inc,52202,02-27-2024
264,MMC,Marsh & McLennan Cos Inc,157766,02-27-2024
265,MLM,Martin Marietta Materials Inc,11397,02-27-2024
266,MAS,Masco Corp,205307,02-27-2024
267,MA,Mastercard Inc,181212,02-27-2024
268,MKC,McCormick & Co Inc,90099,02-27-2024
269,MCD,McDonalds Corp,145396,02-27-2024
270,MCK,McKesson Corp,53408,02-27-2024
271,MDT,Medtronic PLC,116131,02-27-2024
272,MRK,Merck & Co Inc,625999,02-27-2024
273,META,Meta Platforms Inc,621141,02-27-2024
274,MET,MetLife Inc,61318,02-27-2024
275,MTD,Mettler-Toledo International Inc,23120,02-27-2024
276,MGM,MGM Resorts International,576003,02-27-2024
277,MCHP,Microchip Technology Inc,145099,02-27-2024
278,MU,Micron Technology Inc,129774,02-27-2024
279,MSFT,Microsoft Corp,1835114,02-27-2024
280,MAA,Mid-America Apartment Communities Inc,44267,02-27-2024
281,MOH,Molina Healthcare Inc,23212,02-27-2024
282,MDLZ,Mondelez International Inc,312485,02-27-2024
283,MDB,MongoDB Inc,10858,02-27-2024
284,MPWR,Monolithic Power Systems Inc,16006,02-27-2024
285,MNST,Monster Beverage Corp,421688,02-27-2024
286,MCO,Moodys Corp,80845,02-27-2024
287,MS,Morgan Stanley,133325,02-27-2024
288,MOS,Mosaic Co,714777,02-27-2024
289,MSI,Motorola Solutions Inc,87192,02-27-2024
290,NDAQ,Nasdaq Inc,113462,02-27-2024
291,NTAP,NetApp Inc,174762,02-27-2024
292,NFLX,Netflix Inc,53860,02-27-2024
293,NEE,NextEra Energy Inc,256113,02-27-2024
294,NKE,NIKE Inc,324223,02-27-2024
295,NI,NiSource Inc,135155,02-27-2024
296,NSC,Norfolk Southern Corp,28160,02-27-2024
297,NTRS,Northern Trust Corp,30893,02-27-2024
298,NOC,Northrop Grumman Corp,29917,02-27-2024
299,NUE,Nucor Corp,95725,02-27-2024
300,NVDA,NVIDIA Corp,564310,02-27-2024
301,NVR,NVR Inc,1592,02-27-2024
302,OXY,Occidental Petroleum Corp,54173,02-27-2024
303,OKTA,Okta Inc,55361,02-27-2024
304,ODFL,Old Dominion Freight Line Inc,31848,02-27-2024
305,OMC,Omnicom Group Inc,121429,02-27-2024
306,ON,ON Semiconductor Corp,264504,02-27-2024
307,OKE,ONEOK Inc,120682,02-27-2024
308,ORCL,Oracle Corp,278010,02-27-2024
309,ORLY,OReilly Automotive Inc,47168,02-27-2024
310,OTIS,Otis Worldwide Corp,95873,02-27-2024
311,PCAR,PACCAR Inc,172019,02-27-2024
312,PKG,Packaging Corp of America,35013,02-27-2024
313,PLTR,Palantir Technologies Inc,216818,02-27-2024
314,PANW,Palo Alto Networks Inc,105769,02-27-2024
315,PH,Parker-Hannifin Corp,53559,02-27-2024
316,PAYX,Paychex Inc,96788,02-27-2024
317,PEP,PepsiCo Inc,359445,02-27-2024
318,PFE,Pfizer Inc,854536,02-27-2024
319,PCG,PG&E Corp,763684,02-27-2024
320,PM,Philip Morris International Inc,432392,02-27-2024
321,PSX,Phillips 66,195767,02-27-2024
322,PINS,Pinterest Inc,348804,02-27-2024
323,PXD,Pioneer Natural Resources Co,35481,02-27-2024
324,PNC,PNC Financial Services Group Inc,41467,02-27-2024
325,POOL,Pool Corp,48315,02-27-2024
326,PPG,PPG Industries Inc,40469,02-27-2024
327,PPL,PPL Corp,217798,02-27-2024
328,PFG,Principal Financial Group Inc,334079,02-27-2024
329,PG,Procter & Gamble Co,490991,02-27-2024
330,PGR,Progressive Corp,119194,02-27-2024
331,PLD,Prologis Inc,44412,02-27-2024
332,PRU,Prudential Financial Inc,64439,02-27-2024
333,PTC,PTC Inc,60026,02-27-2024
334,PEG,Public Service Enterprise Group Inc,152410,02-27-2024
335,PSA,Public Storage,21767,02-27-2024
336,PHM,PulteGroup Inc,468979,02-27-2024
337,QCOM,QUALCOMM Inc,266416,02-27-2024
338,PWR,Quanta Services Inc,55775,02-27-2024
339,DGX,Quest Diagnostics Inc,76725,02-27-2024
340,RJF,Raymond James Financial Inc,30494,02-27-2024
341,O,Realty Income Corp,145791,02-27-2024
342,REGN,Regeneron Pharmaceuticals Inc,40972,02-27-2024
343,RS,Reliance Inc,43260,02-27-2024
344,RSG,Republic Services Inc,126022,02-27-2024
345,ROP,Roper Technologies Inc,41589,02-27-2024
346,ROST,Ross Stores Inc,85094,02-27-2024
347,RCL,Royal Caribbean Cruises Ltd,120771,02-27-2024
348,RPRX,Royalty Pharma PLC,377119,02-27-2024
349,RPM,RPM International Inc,64392,02-27-2024
350,RTX,RTX Corp,232101,02-27-2024
351,SPGI,S&P Global Inc,31030,02-27-2024
352,CRM,Salesforce Inc,203642,02-27-2024
353,STX,Seagate Technology Holdings PLC,46643,02-27-2024
354,SRE,Sempra,195851,02-27-2024
355,NOW,ServiceNow Inc,50586,02-27-2024
356,SHW,Sherwin-Williams Co,77491,02-27-2024
357,SPG,Simon Property Group Inc,30706,02-27-2024
358,SWKS,Skyworks Solutions Inc,186508,02-27-2024
359,SNA,Snap-on Inc,31193,02-27-2024
360,SNOW,Snowflake Inc,11754,02-27-2024
361,SO,Southern Co,231836,02-27-2024
362,SPLK,Splunk Inc,55582,02-27-2024
363,SSNC,SS&C Technologies Holdings Inc,408768,02-27-2024
364,SWK,Stanley Black & Decker Inc,397263,02-27-2024
365,SBUX,Starbucks Corp,180746,02-27-2024
366,STT,State Street Corp,300778,02-27-2024
367,STLD,Steel Dynamics Inc,145149,02-27-2024
368,STE,STERIS PLC,18818,02-27-2024
369,SYK,Stryker Corp,61590,02-27-2024
370,SUI,Sun Communities Inc,86025,02-27-2024
371,SMCI,Super Micro Computer Inc,26926,02-27-2024
372,SYF,Synchrony Financial,1106839,02-27-2024
373,SNPS,Synopsys Inc,71374,02-27-2024
374,SYY,Sysco Corp,282907,02-27-2024
375,TMUS,T-Mobile US Inc,128857,02-27-2024
376,TTWO,Take-Two Interactive Software Inc,45424,02-27-2024
377,TRGP,Targa Resources Corp,40531,02-27-2024
378,TGT,Target Corp,174891,02-27-2024
379,TDY,Teledyne Technologies Inc,21637,02-27-2024
380,TER,Teradyne Inc,132129,02-27-2024
381,TSLA,Tesla Inc,388667,02-27-2024
382,TXN,Texas Instruments Inc,216559,02-27-2024
383,TXT,Textron Inc,345543,02-27-2024
384,TMO,Thermo Fisher Scientific Inc,59853,02-27-2024
385,TJX,TJX Cos Inc,398736,02-27-2024
386,TSCO,Tractor Supply Co,143626,02-27-2024
387,TT,Trane Technologies PLC,61555,02-27-2024
388,TDG,TransDigm Group Inc,14616,02-27-2024
389,TRV,Travelers Cos Inc,53655,02-27-2024
390,TRMB,Trimble Inc,82346,02-27-2024
391,TYL,Tyler Technologies Inc,8374,02-27-2024
392,TSN,Tyson Foods Inc,305360,02-27-2024
393,UBER,Uber Technologies Inc,227043,02-27-2024
394,UDR,UDR Inc,118244,02-27-2024
395,ULTA,Ulta Beauty Inc,60440,02-27-2024
396,UNP,Union Pacific Corp,40379,02-27-2024
397,UPS,United Parcel Service Inc,59298,02-27-2024
398,URI,United Rentals Inc,11946,02-27-2024
399,UNH,UnitedHealth Group Inc,216392,02-27-2024
400,VLO,Valero Energy Corp,260538,02-27-2024
401,VEEV,Veeva Systems Inc,17097,02-27-2024
402,VTR,Ventas Inc,133796,02-27-2024
403,VLTO,Veralto Corp,84737,02-27-2024
404,VRSN,VeriSign Inc,100830,02-27-2024
405,VRSK,Verisk Analytics Inc,55694,02-27-2024
406,VZ,Verizon Communications Inc,481987,02-27-2024
407,VRTX,Vertex Pharmaceuticals Inc,94796,02-27-2024
408,VRT,Vertiv Holdings Co,169779,02-27-2024
409,VTRS,Viatris Inc,5383659,02-27-2024
410,VICI,VICI Properties Inc,383901,02-27-2024
411,V,Visa Inc,312223,02-27-2024
412,VMC,Vulcan Materials Co,39892,02-27-2024
413,WRB,W R Berkley Corp,126925,02-27-2024
414,WBA,Walgreens Boots Alliance Inc,329636,02-27-2024
415,WMT,Walmart Inc,1654943,02-27-2024
416,DIS,Walt Disney Co,153973,02-27-2024
417,WBD,Warner Bros Discovery Inc,4596824,02-27-2024
418,WM,Waste Management Inc,98265,02-27-2024
419,WAT,Waters Corp,51306,02-27-2024
420,WSO,Watsco Inc,18401,02-27-2024
421,WEC,WEC Energy Group Inc,172977,02-27-2024
422,WFC,Wells Fargo & Co,588664,02-27-2024
423,WELL,Welltower Inc,87635,02-27-2024
424,WST,West Pharmaceutical Services Inc,24200,02-27-2024
425,WDC,Western Digital Corp,66484,02-27-2024
426,WAB,Westinghouse Air Brake Technologies Corp,196500,02-27-2024
427,WY,Weyerhaeuser Co,175152,02-27-2024
428,WMB,Williams Cos Inc,281944,02-27-2024
429,WTW,Willis Towers Watson PLC,27829,02-27-2024
430,WDAY,Workday Inc,36666,02-27-2024
431,WPC,WP Carey Inc,98307,02-27-2024
432,GWW,WW Grainger Inc,50420,02-27-2024
433,XEL,Xcel Energy Inc,152230,02-27-2024
434,XYL,Xylem Inc,68511,02-27-2024
435,YUM,Yum! Brands Inc,215500,02-27-2024
436,ZBRA,Zebra Technologies Corp,19770,02-27-2024
437,ZBH,Zimmer Biomet Holdings Inc,73775,02-27-2024
438,ZTS,Zoetis Inc,136968,02-27-2024
439,ZM,Zoom Video Communications Inc,255491,02-27-2024
440,ZS,Zscaler Inc,9872,02-27-2024
441,--,USD U.S. DOLLAR,0,02-27-2024
