,Ticker,Name,Shares,Date
0,MMM,3M Co,133781,01-05-2024
1,ABT,Abbott Laboratories,308172,01-05-2024
2,ABBV,AbbVie Inc,445234,01-05-2024
3,ACN,Accenture PLC,244192,01-05-2024
4,ADBE,Adobe Inc,134502,01-05-2024
5,AMD,Advanced Micro Devices Inc,304635,01-05-2024
6,AFL,Aflac Inc,217512,01-05-2024
7,A,Agilent Technologies Inc,115749,01-05-2024
8,APD,Air Products and Chemicals Inc,37425,01-05-2024
9,ABNB,Airbnb Inc,17970,01-05-2024
10,AKAM,Akamai Technologies Inc,127707,01-05-2024
11,ARE,Alexandria Real Estate Equities Inc,48801,01-05-2024
12,ALGN,Align Technology Inc,35613,01-05-2024
13,LNT,Alliant Energy Corp,171956,01-05-2024
14,ALL,Allstate Corp,37320,01-05-2024
15,GOOGL,Alphabet Inc,1477717,01-05-2024
16,GOOG,Alphabet Inc,1394969,01-05-2024
17,MO,Altria Group Inc,485048,01-05-2024
18,AMZN,Amazon.com Inc,2106222,01-05-2024
19,AEE,Ameren Corp,120422,01-05-2024
20,AEP,American Electric Power Co Inc,143107,01-05-2024
21,AXP,American Express Co,103724,01-05-2024
22,AIG,American International Group Inc,461414,01-05-2024
23,AMT,American Tower Corp,30432,01-05-2024
24,AWK,American Water Works Co Inc,40321,01-05-2024
25,AMP,Ameriprise Financial Inc,53186,01-05-2024
26,AME,AMETEK Inc,98845,01-05-2024
27,AMGN,Amgen Inc,153480,01-05-2024
28,APH,Amphenol Corp,156186,01-05-2024
29,ADI,Analog Devices Inc,108288,01-05-2024
30,ANSS,ANSYS Inc,13391,01-05-2024
31,AON,Aon PLC,74248,01-05-2024
32,APA,APA Corp,222321,01-05-2024
33,APO,Apollo Global Management Inc,178796,01-05-2024
34,AAPL,Apple Inc,3747287,01-05-2024
35,AMAT,Applied Materials Inc,296771,01-05-2024
36,ACGL,Arch Capital Group Ltd,242675,01-05-2024
37,ADM,Archer-Daniels-Midland Co,285127,01-05-2024
38,ARES,Ares Management Corp,53185,01-05-2024
39,ANET,Arista Networks Inc,95110,01-05-2024
40,AJG,Arthur J Gallagher & Co,99417,01-05-2024
41,T,AT&T Inc,1600927,01-05-2024
42,TEAM,Atlassian Corp,79639,01-05-2024
43,ATO,Atmos Energy Corp,86071,01-05-2024
44,ADSK,Autodesk Inc,97963,01-05-2024
45,ADP,Automatic Data Processing Inc,41128,01-05-2024
46,AZO,AutoZone Inc,14400,01-05-2024
47,AVB,AvalonBay Communities Inc,30486,01-05-2024
48,AVTR,Avantor Inc,352596,01-05-2024
49,AVY,Avery Dennison Corp,22002,01-05-2024
50,AXON,Axon Enterprise Inc,37530,01-05-2024
51,BKR,Baker Hughes Co,62712,01-05-2024
52,BAC,Bank of America Corp,1184958,01-05-2024
53,BK,Bank of New York Mellon Corp,498906,01-05-2024
54,BDX,Becton Dickinson & Co,37357,01-05-2024
55,BRK/B,Berkshire Hathaway Inc,281382,01-05-2024
56,BBY,Best Buy Co Inc,306420,01-05-2024
57,BIIB,Biogen Inc,61045,01-05-2024
58,BLK,BlackRock Inc,10214,01-05-2024
59,BA,Boeing Co,60947,01-05-2024
60,BKNG,Booking Holdings Inc,12128,01-05-2024
61,BAH,Booz Allen Hamilton Holding Corp,115254,01-05-2024
62,BSX,Boston Scientific Corp,366153,01-05-2024
63,BMY,Bristol-Myers Squibb Co,664702,01-05-2024
64,AVGO,Broadcom Inc,91506,01-05-2024
65,BR,Broadridge Financial Solutions Inc,38184,01-05-2024
66,BRO,Brown & Brown Inc,87699,01-05-2024
67,BF/B,Brown-Forman Corp,207484,01-05-2024
68,BLDR,Builders FirstSource Inc,486887,01-05-2024
69,BG,Bunge Global SA,88979,01-05-2024
70,CDNS,Cadence Design Systems Inc,198090,01-05-2024
71,CPT,Camden Property Trust,90379,01-05-2024
72,COF,Capital One Financial Corp,350209,01-05-2024
73,CAH,Cardinal Health Inc,189102,01-05-2024
74,CSL,Carlisle Cos Inc,33576,01-05-2024
75,CCL,Carnival Corp,189844,01-05-2024
76,CARR,Carrier Global Corp,301605,01-05-2024
77,CAT,Caterpillar Inc,60811,01-05-2024
78,CBOE,Cboe Global Markets Inc,68017,01-05-2024
79,CBRE,CBRE Group Inc,146774,01-05-2024
80,CDW,CDW Corp,44065,01-05-2024
81,COR,Cencora Inc,90735,01-05-2024
82,CNC,Centene Corp,476860,01-05-2024
83,CNP,CenterPoint Energy Inc,367759,01-05-2024
84,CF,CF Industries Holdings Inc,76802,01-05-2024
85,SCHW,Charles Schwab Corp,228649,01-05-2024
86,CHTR,Charter Communications Inc,30967,01-05-2024
87,LNG,Cheniere Energy Inc,59735,01-05-2024
88,CVX,Chevron Corp,295128,01-05-2024
89,CMG,Chipotle Mexican Grill Inc,4633,01-05-2024
90,CB,Chubb Ltd,69923,01-05-2024
91,CHD,Church & Dwight Co Inc,147107,01-05-2024
92,CI,Cigna Group,135427,01-05-2024
93,CINF,Cincinnati Financial Corp,28195,01-05-2024
94,CTAS,Cintas Corp,59064,01-05-2024
95,CSCO,Cisco Systems Inc,998614,01-05-2024
96,C,Citigroup Inc,636185,01-05-2024
97,CFG,Citizens Financial Group Inc,253666,01-05-2024
98,CLX,Clorox Co,136671,01-05-2024
99,CME,CME Group Inc,75927,01-05-2024
100,CMS,CMS Energy Corp,114692,01-05-2024
101,KO,Coca-Cola Co,634030,01-05-2024
102,CTSH,Cognizant Technology Solutions Corp,297408,01-05-2024
103,CL,Colgate-Palmolive Co,363699,01-05-2024
104,CMCSA,Comcast Corp,1319017,01-05-2024
105,CAG,Conagra Brands Inc,358799,01-05-2024
106,COP,ConocoPhillips,193401,01-05-2024
107,ED,Consolidated Edison Inc,165202,01-05-2024
108,STZ,Constellation Brands Inc,49402,01-05-2024
109,CEG,Constellation Energy Corp,122446,01-05-2024
110,COO,Cooper Cos Inc,13169,01-05-2024
111,CPRT,Copart Inc,276350,01-05-2024
112,GLW,Corning Inc,182181,01-05-2024
113,CTVA,Corteva Inc,121186,01-05-2024
114,COST,Costco Wholesale Corp,141911,01-05-2024
115,CTRA,Coterra Energy Inc,81116,01-05-2024
116,CRWD,Crowdstrike Holdings Inc,24129,01-05-2024
117,CCI,Crown Castle Inc,44328,01-05-2024
118,CSX,CSX Corp,215803,01-05-2024
119,CMI,Cummins Inc,35571,01-05-2024
120,CVS,CVS Health Corp,649519,01-05-2024
121,DHR,Danaher Corp,122189,01-05-2024
122,DRI,Darden Restaurants Inc,70769,01-05-2024
123,DDOG,Datadog Inc,45560,01-05-2024
124,DECK,Deckers Outdoor Corp,33997,01-05-2024
125,DE,Deere & Co,36881,01-05-2024
126,DELL,Dell Technologies Inc,121593,01-05-2024
127,DAL,Delta Air Lines Inc,133118,01-05-2024
128,DVN,Devon Energy Corp,249936,01-05-2024
129,DXCM,Dexcom Inc,79474,01-05-2024
130,FANG,Diamondback Energy Inc,17478,01-05-2024
131,DFS,Discover Financial Services,192687,01-05-2024
132,DG,Dollar General Corp,111918,01-05-2024
133,DLTR,Dollar Tree Inc,141514,01-05-2024
134,D,Dominion Energy Inc,148040,01-05-2024
135,DPZ,Dominos Pizza Inc,73193,01-05-2024
136,DASH,DoorDash Inc,74639,01-05-2024
137,DOV,Dover Corp,67247,01-05-2024
138,DOW,Dow Inc,198139,01-05-2024
139,DHI,DR Horton Inc,210233,01-05-2024
140,DKNG,DraftKings Inc,189739,01-05-2024
141,DTE,DTE Energy Co,82459,01-05-2024
142,DUK,Duke Energy Corp,138335,01-05-2024
143,DD,DuPont de Nemours Inc,69616,01-05-2024
144,ETN,Eaton Corp PLC,79640,01-05-2024
145,EBAY,eBay Inc,367840,01-05-2024
146,ECL,Ecolab Inc,27600,01-05-2024
147,EIX,Edison International,185921,01-05-2024
148,EW,Edwards Lifesciences Corp,292346,01-05-2024
149,EA,Electronic Arts Inc,153151,01-05-2024
150,ELV,Elevance Health Inc,62023,01-05-2024
151,LLY,Eli Lilly & Co,230099,01-05-2024
152,EMR,Emerson Electric Co,122585,01-05-2024
153,ENPH,Enphase Energy Inc,42542,01-05-2024
154,ETR,Entergy Corp,75787,01-05-2024
155,EOG,EOG Resources Inc,115103,01-05-2024
156,EPAM,EPAM Systems Inc,37788,01-05-2024
157,EQT,EQT Corp,282729,01-05-2024
158,EQIX,Equinix Inc,10548,01-05-2024
159,ELS,Equity LifeStyle Properties Inc,34278,01-05-2024
160,EQR,Equity Residential,115814,01-05-2024
161,ESS,Essex Property Trust Inc,29295,01-05-2024
162,EL,Estee Lauder Cos Inc,117974,01-05-2024
163,EG,Everest Group Ltd,18294,01-05-2024
164,EVRG,Evergy Inc,176261,01-05-2024
165,ES,Eversource Energy,84104,01-05-2024
166,EXAS,Exact Sciences Corp,38332,01-05-2024
167,EXC,Exelon Corp,410386,01-05-2024
168,EXPE,Expedia Group Inc,173248,01-05-2024
169,EXPD,Expeditors International of Washington Inc,103975,01-05-2024
170,XOM,Exxon Mobil Corp,832794,01-05-2024
171,FDS,FactSet Research Systems Inc,26902,01-05-2024
172,FICO,Fair Isaac Corp,24692,01-05-2024
173,FAST,Fastenal Co,624632,01-05-2024
174,FDX,FedEx Corp,56119,01-05-2024
175,FCNCA,First Citizens BancShares Inc,3727,01-05-2024
176,FE,FirstEnergy Corp,257096,01-05-2024
177,FI,Fiserv Inc,113457,01-05-2024
178,FLT,FleetCor Technologies Inc,25583,01-05-2024
179,F,Ford Motor Co,3140808,01-05-2024
180,FTNT,Fortinet Inc,511347,01-05-2024
181,FTV,Fortive Corp,127391,01-05-2024
182,FCX,Freeport-McMoRan Inc,98761,01-05-2024
183,GLPI,Gaming and Leisure Properties Inc,188224,01-05-2024
184,GRMN,Garmin Ltd,103637,01-05-2024
185,IT,Gartner Inc,66039,01-05-2024
186,GEHC,GE HealthCare Technologies Inc,57028,01-05-2024
187,GEN,Gen Digital Inc,297533,01-05-2024
188,GD,General Dynamics Corp,79617,01-05-2024
189,GE,General Electric Co,241804,01-05-2024
190,GIS,General Mills Inc,220741,01-05-2024
191,GPC,Genuine Parts Co,172110,01-05-2024
192,GILD,Gilead Sciences Inc,371684,01-05-2024
193,GDDY,GoDaddy Inc,149645,01-05-2024
194,GGG,Graco Inc,97563,01-05-2024
195,HIG,Hartford Financial Services Group Inc,169354,01-05-2024
196,HCA,HCA Healthcare Inc,48705,01-05-2024
197,HSY,Hershey Co,135148,01-05-2024
198,HES,Hess Corp,34047,01-05-2024
199,HPE,Hewlett Packard Enterprise Co,1425928,01-05-2024
200,HLT,Hilton Worldwide Holdings Inc,34800,01-05-2024
201,HOLX,Hologic Inc,135894,01-05-2024
202,HD,Home Depot Inc,299200,01-05-2024
203,HON,Honeywell International Inc,100406,01-05-2024
204,HST,Host Hotels & Resorts Inc,1095956,01-05-2024
205,HWM,Howmet Aerospace Inc,239092,01-05-2024
206,HPQ,HP Inc,379648,01-05-2024
207,HUBB,Hubbell Inc,45629,01-05-2024
208,HUBS,HubSpot Inc,26631,01-05-2024
209,HUM,Humana Inc,56226,01-05-2024
210,IEX,IDEX Corp,34594,01-05-2024
211,IDXX,IDEXX Laboratories Inc,63550,01-05-2024
212,ITW,Illinois Tool Works Inc,96326,01-05-2024
213,INCY,Incyte Corp,276888,01-05-2024
214,IR,Ingersoll Rand Inc,119928,01-05-2024
215,PODD,Insulet Corp,28864,01-05-2024
216,INTC,Intel Corp,563618,01-05-2024
217,ICE,Intercontinental Exchange Inc,109118,01-05-2024
218,IBM,International Business Machines Corp,287187,01-05-2024
219,IP,International Paper Co,320929,01-05-2024
220,IPG,Interpublic Group of Cos Inc,239748,01-05-2024
221,INTU,Intuit Inc,66286,01-05-2024
222,ISRG,Intuitive Surgical Inc,47732,01-05-2024
223,INVH,Invitation Homes Inc,148828,01-05-2024
224,IQV,IQVIA Holdings Inc,54479,01-05-2024
225,IRM,Iron Mountain Inc,86262,01-05-2024
226,SJM,J M Smucker Co,147115,01-05-2024
227,JBL,Jabil Inc,64427,01-05-2024
228,JKHY,Jack Henry & Associates Inc,57026,01-05-2024
229,J,Jacobs Solutions Inc,51793,01-05-2024
230,JBHT,JB Hunt Transport Services Inc,16416,01-05-2024
231,JNJ,Johnson & Johnson,589587,01-05-2024
232,JCI,Johnson Controls International plc,116327,01-05-2024
233,JPM,JPMorgan Chase & Co,578674,01-05-2024
234,K,Kellanova,162507,01-05-2024
235,KVUE,Kenvue Inc,721065,01-05-2024
236,KDP,Keurig Dr Pepper Inc,541806,01-05-2024
237,KEY,KeyCorp,262316,01-05-2024
238,KEYS,Keysight Technologies Inc,78250,01-05-2024
239,KMB,Kimberly-Clark Corp,149026,01-05-2024
240,KIM,Kimco Realty Corp,115206,01-05-2024
241,KMI,Kinder Morgan Inc,489117,01-05-2024
242,KLAC,KLA Corp,43576,01-05-2024
243,KHC,Kraft Heinz Co,509880,01-05-2024
244,KR,Kroger Co,1158409,01-05-2024
245,LHX,L3Harris Technologies Inc,69671,01-05-2024
246,LH,Laboratory Corp of America Holdings,54810,01-05-2024
247,LRCX,Lam Research Corp,63902,01-05-2024
248,LW,Lamb Weston Holdings Inc,99588,01-05-2024
249,LVS,Las Vegas Sands Corp,96139,01-05-2024
250,LSCC,Lattice Semiconductor Corp,177117,01-05-2024
251,LDOS,Leidos Holdings Inc,182083,01-05-2024
252,LEN,Lennar Corp,342626,01-05-2024
253,LII,Lennox International Inc,30606,01-05-2024
254,LIN,Linde PLC,69725,01-05-2024
255,LKQ,LKQ Corp,398292,01-05-2024
256,LMT,Lockheed Martin Corp,42675,01-05-2024
257,L,Loews Corp,120140,01-05-2024
258,LOW,Lowes Cos Inc,243052,01-05-2024
259,LPLA,LPL Financial Holdings Inc,38999,01-05-2024
260,LYB,LyondellBasell Industries NV,32729,01-05-2024
261,MTB,M&T Bank Corp,26723,01-05-2024
262,MANH,Manhattan Associates Inc,88297,01-05-2024
263,ESH24,MAR 24 EMINI S&P 500,71,01-05-2024
264,MRO,Marathon Oil Corp,200153,01-05-2024
265,MPC,Marathon Petroleum Corp,261970,01-05-2024
266,MKL,Markel Group Inc,6104,01-05-2024
267,MAR,Marriott International Inc,39509,01-05-2024
268,MMC,Marsh & McLennan Cos Inc,157972,01-05-2024
269,MLM,Martin Marietta Materials Inc,9111,01-05-2024
270,MRVL,Marvell Technology Inc,51545,01-05-2024
271,MAS,Masco Corp,205600,01-05-2024
272,MA,Mastercard Inc,179065,01-05-2024
273,MKC,McCormick & Co Inc,89026,01-05-2024
274,MCD,McDonalds Corp,145579,01-05-2024
275,MCK,McKesson Corp,53478,01-05-2024
276,MDT,Medtronic PLC,116273,01-05-2024
277,MRK,Merck & Co Inc,626865,01-05-2024
278,META,Meta Platforms Inc,622001,01-05-2024
279,MET,MetLife Inc,146037,01-05-2024
280,MTD,Mettler-Toledo International Inc,23176,01-05-2024
281,MGM,MGM Resorts International,576799,01-05-2024
282,MCHP,Microchip Technology Inc,145297,01-05-2024
283,MU,Micron Technology Inc,129969,01-05-2024
284,MSFT,Microsoft Corp,1837683,01-05-2024
285,MAA,Mid-America Apartment Communities Inc,43745,01-05-2024
286,MOH,Molina Healthcare Inc,23216,01-05-2024
287,MDLZ,Mondelez International Inc,312931,01-05-2024
288,MDB,MongoDB Inc,8017,01-05-2024
289,MPWR,Monolithic Power Systems Inc,15997,01-05-2024
290,MNST,Monster Beverage Corp,422276,01-05-2024
291,MCO,Moodys Corp,80973,01-05-2024
292,MS,Morgan Stanley,133495,01-05-2024
293,MOS,Mosaic Co,547889,01-05-2024
294,MSI,Motorola Solutions Inc,87300,01-05-2024
295,NDAQ,Nasdaq Inc,112127,01-05-2024
296,NLOP,NET Lease Office Properties,7860,01-05-2024
297,NTAP,NetApp Inc,174990,01-05-2024
298,NFLX,Netflix Inc,53944,01-05-2024
299,NEE,NextEra Energy Inc,256478,01-05-2024
300,NKE,NIKE Inc,324676,01-05-2024
301,NI,NiSource Inc,133559,01-05-2024
302,NSC,Norfolk Southern Corp,27840,01-05-2024
303,NTRS,Northern Trust Corp,30516,01-05-2024
304,NOC,Northrop Grumman Corp,33863,01-05-2024
305,NUE,Nucor Corp,171517,01-05-2024
306,NVDA,NVIDIA Corp,542400,01-05-2024
307,NVR,NVR Inc,1401,01-05-2024
308,OXY,Occidental Petroleum Corp,53535,01-05-2024
309,ODFL,Old Dominion Freight Line Inc,44927,01-05-2024
310,OMC,Omnicom Group Inc,156639,01-05-2024
311,ON,ON Semiconductor Corp,264873,01-05-2024
312,OKE,ONEOK Inc,120844,01-05-2024
313,ORCL,Oracle Corp,278405,01-05-2024
314,ORLY,OReilly Automotive Inc,47259,01-05-2024
315,OTIS,Otis Worldwide Corp,96028,01-05-2024
316,OVV,Ovintiv Inc,41192,01-05-2024
317,PCAR,PACCAR Inc,172239,01-05-2024
318,PKG,Packaging Corp of America,34607,01-05-2024
319,PLTR,Palantir Technologies Inc,214265,01-05-2024
320,PANW,Palo Alto Networks Inc,105933,01-05-2024
321,PH,Parker-Hannifin Corp,53634,01-05-2024
322,PAYX,Paychex Inc,96906,01-05-2024
323,PEP,PepsiCo Inc,359941,01-05-2024
324,PFE,Pfizer Inc,1086596,01-05-2024
325,PCG,PG&E Corp,764738,01-05-2024
326,PM,Philip Morris International Inc,451087,01-05-2024
327,PSX,Phillips 66,196055,01-05-2024
328,PINS,Pinterest Inc,349292,01-05-2024
329,PXD,Pioneer Natural Resources Co,35500,01-05-2024
330,PNC,PNC Financial Services Group Inc,40974,01-05-2024
331,POOL,Pool Corp,48371,01-05-2024
332,PPG,PPG Industries Inc,40004,01-05-2024
333,PPL,PPL Corp,215216,01-05-2024
334,PFG,Principal Financial Group Inc,334546,01-05-2024
335,PG,Procter & Gamble Co,491670,01-05-2024
336,PGR,Progressive Corp,119358,01-05-2024
337,PLD,Prologis Inc,43890,01-05-2024
338,PRU,Prudential Financial Inc,63684,01-05-2024
339,PTC,PTC Inc,44493,01-05-2024
340,PEG,Public Service Enterprise Group Inc,152618,01-05-2024
341,PSA,Public Storage,21506,01-05-2024
342,PHM,PulteGroup Inc,469630,01-05-2024
343,QCOM,QUALCOMM Inc,232571,01-05-2024
344,PWR,Quanta Services Inc,55846,01-05-2024
345,DGX,Quest Diagnostics Inc,76828,01-05-2024
346,RJF,Raymond James Financial Inc,30145,01-05-2024
347,O,Realty Income Corp,145984,01-05-2024
348,REGN,Regeneron Pharmaceuticals Inc,41016,01-05-2024
349,RS,Reliance Steel & Aluminum Co,43303,01-05-2024
350,RSG,Republic Services Inc,126181,01-05-2024
351,RMD,ResMed Inc,54510,01-05-2024
352,RVTY,Revvity Inc,37299,01-05-2024
353,ROK,Rockwell Automation Inc,28041,01-05-2024
354,ROP,Roper Technologies Inc,24353,01-05-2024
355,ROST,Ross Stores Inc,85209,01-05-2024
356,RCL,Royal Caribbean Cruises Ltd,156859,01-05-2024
357,RPRX,Royalty Pharma PLC,377634,01-05-2024
358,RPM,RPM International Inc,63637,01-05-2024
359,RTX,RTX Corp,232432,01-05-2024
360,SPGI,S&P Global Inc,31054,01-05-2024
361,CRM,Salesforce Inc,187330,01-05-2024
362,SLB,Schlumberger NV,140863,01-05-2024
363,STX,Seagate Technology Holdings PLC,46092,01-05-2024
364,SRE,Sempra,196140,01-05-2024
365,NOW,ServiceNow Inc,50640,01-05-2024
366,SHW,Sherwin-Williams Co,77586,01-05-2024
367,SPG,Simon Property Group Inc,30357,01-05-2024
368,SWKS,Skyworks Solutions Inc,136417,01-05-2024
369,SNA,Snap-on Inc,31222,01-05-2024
370,SO,Southern Co,232170,01-05-2024
371,SPLK,Splunk Inc,38038,01-05-2024
372,SSNC,SS&C Technologies Holdings Inc,409330,01-05-2024
373,SBUX,Starbucks Corp,181009,01-05-2024
374,STT,State Street Corp,301196,01-05-2024
375,STLD,Steel Dynamics Inc,145349,01-05-2024
376,STE,STERIS PLC,18586,01-05-2024
377,SYK,Stryker Corp,61698,01-05-2024
378,SUI,Sun Communities Inc,86165,01-05-2024
379,SMCI,Super Micro Computer Inc,26967,01-05-2024
380,SYF,Synchrony Financial,1108379,01-05-2024
381,SNPS,Synopsys Inc,71495,01-05-2024
382,SYY,Sysco Corp,269023,01-05-2024
383,TMUS,T-Mobile US Inc,104624,01-05-2024
384,TTWO,Take-Two Interactive Software Inc,15823,01-05-2024
385,TRGP,Targa Resources Corp,40066,01-05-2024
386,TGT,Target Corp,175124,01-05-2024
387,TDY,Teledyne Technologies Inc,21659,01-05-2024
388,TER,Teradyne Inc,132325,01-05-2024
389,TSLA,Tesla Inc,389204,01-05-2024
390,TXN,Texas Instruments Inc,240908,01-05-2024
391,TXT,Textron Inc,346016,01-05-2024
392,TMO,Thermo Fisher Scientific Inc,59909,01-05-2024
393,TJX,TJX Cos Inc,399295,01-05-2024
394,TSCO,Tractor Supply Co,143825,01-05-2024
395,TT,Trane Technologies PLC,61662,01-05-2024
396,TDG,TransDigm Group Inc,14636,01-05-2024
397,TRV,Travelers Cos Inc,53733,01-05-2024
398,TRMB,Trimble Inc,81390,01-05-2024
399,TFC,Truist Financial Corp,80475,01-05-2024
400,TYL,Tyler Technologies Inc,8287,01-05-2024
401,TSN,Tyson Foods Inc,305800,01-05-2024
402,UBER,Uber Technologies Inc,209721,01-05-2024
403,UDR,UDR Inc,116851,01-05-2024
404,ULTA,Ulta Beauty Inc,60511,01-05-2024
405,UNP,Union Pacific Corp,40405,01-05-2024
406,UAL,United Airlines Holdings Inc,831182,01-05-2024
407,UPS,United Parcel Service Inc,78706,01-05-2024
408,URI,United Rentals Inc,11801,01-05-2024
409,UNH,UnitedHealth Group Inc,216685,01-05-2024
410,VLO,Valero Energy Corp,260896,01-05-2024
411,VEEV,Veeva Systems Inc,16894,01-05-2024
412,VTR,Ventas Inc,132229,01-05-2024
413,VLTO,Veralto Corp,40705,01-05-2024
414,VRSN,VeriSign Inc,100988,01-05-2024
415,VRSK,Verisk Analytics Inc,38885,01-05-2024
416,VZ,Verizon Communications Inc,482650,01-05-2024
417,VRTX,Vertex Pharmaceuticals Inc,94924,01-05-2024
418,VRT,Vertiv Holdings Co,169995,01-05-2024
419,VTRS,Viatris Inc,5391160,01-05-2024
420,VICI,VICI Properties Inc,384437,01-05-2024
421,V,Visa Inc,312660,01-05-2024
422,VMC,Vulcan Materials Co,39974,01-05-2024
423,WRB,W R Berkley Corp,127111,01-05-2024
424,WBA,Walgreens Boots Alliance Inc,389701,01-05-2024
425,WMT,Walmart Inc,552411,01-05-2024
426,DIS,Walt Disney Co,117835,01-05-2024
427,WBD,Warner Bros Discovery Inc,4106233,01-05-2024
428,WM,Waste Management Inc,78725,01-05-2024
429,WAT,Waters Corp,51383,01-05-2024
430,WSO,Watsco Inc,15472,01-05-2024
431,WEC,WEC Energy Group Inc,80805,01-05-2024
432,WFC,Wells Fargo & Co,589489,01-05-2024
433,WELL,Welltower Inc,87757,01-05-2024
434,WST,West Pharmaceutical Services Inc,24229,01-05-2024
435,WDC,Western Digital Corp,111795,01-05-2024
436,WAB,Westinghouse Air Brake Technologies Corp,229093,01-05-2024
437,WY,Weyerhaeuser Co,396389,01-05-2024
438,WMB,Williams Cos Inc,248587,01-05-2024
439,WTW,Willis Towers Watson PLC,39133,01-05-2024
440,WDAY,Workday Inc,32743,01-05-2024
441,WPC,WP Carey Inc,117753,01-05-2024
442,GWW,WW Grainger Inc,58165,01-05-2024
443,XEL,Xcel Energy Inc,152439,01-05-2024
444,XYL,Xylem Inc,68617,01-05-2024
445,YUM,Yum! Brands Inc,215811,01-05-2024
446,ZBRA,Zebra Technologies Corp,19538,01-05-2024
447,ZBH,Zimmer Biomet Holdings Inc,73898,01-05-2024
448,ZTS,Zoetis Inc,137171,01-05-2024
449,ZM,Zoom Video Communications Inc,179437,01-05-2024
450,--,USD U.S. DOLLAR,0,01-05-2024
