,Ticker,Name,Shares,Date
0,MMM,3M Co,147358,03-03-2023
1,ABT,Abbott Laboratories,339408,03-03-2023
2,ABBV,AbbVie Inc,490391,03-03-2023
3,ACN,Accenture PLC,268948,03-03-2023
4,ATVI,Activision Blizzard Inc,149014,03-03-2023
5,ADBE,Adobe Inc,148131,03-03-2023
6,AAP,Advance Auto Parts Inc,85781,03-03-2023
7,AMD,Advanced Micro Devices Inc,335535,03-03-2023
8,AES,AES Corp,432793,03-03-2023
9,AFL,Aflac Inc,239559,03-03-2023
10,A,Agilent Technologies Inc,127466,03-03-2023
11,APD,Air Products and Chemicals Inc,41193,03-03-2023
12,AKAM,Akamai Technologies Inc,127226,03-03-2023
13,ALB,Albemarle Corp,23280,03-03-2023
14,ARE,Alexandria Real Estate Equities Inc,42133,03-03-2023
15,ALGN,Align Technology Inc,39254,03-03-2023
16,LNT,Alliant Energy Corp,189398,03-03-2023
17,ALL,Allstate Corp,137025,03-03-2023
18,ALNY,Alnylam Pharmaceuticals Inc,25465,03-03-2023
19,GOOGL,Alphabet Inc-Cl A,1627568,03-03-2023
20,GOOG,Alphabet Inc-Cl C,1536415,03-03-2023
21,MO,Altria Group Inc,506428,03-03-2023
22,AMZN,Amazon.com Inc,2319795,03-03-2023
23,AEE,Ameren Corp,132617,03-03-2023
24,AEP,American Electric Power Co Inc,157642,03-03-2023
25,AXP,American Express Co,114242,03-03-2023
26,AIG,American International Group Inc,508200,03-03-2023
27,AMT,American Tower Corp,41256,03-03-2023
28,AWK,American Water Works Co Inc,44439,03-03-2023
29,AMP,Ameriprise Financial Inc,58594,03-03-2023
30,ABC,AmerisourceBergen Corp,99919,03-03-2023
31,AME,AMETEK Inc,108868,03-03-2023
32,AMGN,Amgen Inc,169048,03-03-2023
33,APH,Amphenol Corp,172019,03-03-2023
34,ADI,Analog Devices Inc,91288,03-03-2023
35,ANSS,ANSYS Inc,14714,03-03-2023
36,AON,Aon PLC,87749,03-03-2023
37,APA,APA Corp,244857,03-03-2023
38,APO,Apollo Global Management Inc,196915,03-03-2023
39,AAPL,Apple Inc,4340885,03-03-2023
40,AMAT,Applied Materials Inc,326863,03-03-2023
41,ACGL,Arch Capital Group Ltd,267286,03-03-2023
42,ADM,Archer-Daniels-Midland Co,535565,03-03-2023
43,ANET,Arista Networks Inc,104753,03-03-2023
44,AJG,Arthur J Gallagher & Co,123900,03-03-2023
45,T,AT&T Inc,1663094,03-03-2023
46,TEAM,Atlassian Corp,87739,03-03-2023
47,ATO,Atmos Energy Corp,94782,03-03-2023
48,ADSK,Autodesk Inc,107883,03-03-2023
49,ADP,Automatic Data Processing Inc,108286,03-03-2023
50,AZO,AutoZone Inc,27019,03-03-2023
51,AVB,AvalonBay Communities Inc,41524,03-03-2023
52,AVTR,Avantor Inc,164639,03-03-2023
53,AVY,Avery Dennison Corp,40206,03-03-2023
54,BAC,Bank of America Corp,1305109,03-03-2023
55,BK,Bank of New York Mellon Corp,352414,03-03-2023
56,BAX,Baxter International Inc,139975,03-03-2023
57,BDX,Becton Dickinson and Co,41121,03-03-2023
58,BRK/B,Berkshire Hathaway Inc,321107,03-03-2023
59,BBY,Best Buy Co Inc,337485,03-03-2023
60,BIIB,Biogen Inc,76648,03-03-2023
61,BMRN,BioMarin Pharmaceutical Inc,18456,03-03-2023
62,BLK,BlackRock Inc,15387,03-03-2023
63,BX,Blackstone Inc,91069,03-03-2023
64,BA,Boeing Co,10149,03-03-2023
65,BKNG,Booking Holdings Inc,7814,03-03-2023
66,BAH,Booz Allen Hamilton Holding Corp,126926,03-03-2023
67,BXP,Boston Properties Inc,47513,03-03-2023
68,BSX,Boston Scientific Corp,250882,03-03-2023
69,BMY,Bristol-Myers Squibb Co,732106,03-03-2023
70,AVGO,Broadcom Inc,100794,03-03-2023
71,BR,Broadridge Financial Solutions Inc,61399,03-03-2023
72,BRO,Brown & Brown Inc,96595,03-03-2023
73,BF/B,Brown-Forman Corp,228522,03-03-2023
74,BG,Bunge Ltd,67191,03-03-2023
75,CDNS,Cadence Design Systems Inc,248413,03-03-2023
76,CPT,Camden Property Trust,99539,03-03-2023
77,COF,Capital One Financial Corp,275611,03-03-2023
78,CAH,Cardinal Health Inc,208285,03-03-2023
79,CSL,Carlisle Cos Inc,36998,03-03-2023
80,CARR,Carrier Global Corp,332179,03-03-2023
81,CAT,Caterpillar Inc,66982,03-03-2023
82,CBOE,Cboe Global Markets Inc,46288,03-03-2023
83,CBRE,CBRE Group Inc,411599,03-03-2023
84,CDW,CDW Corp,48528,03-03-2023
85,CNC,Centene Corp,482058,03-03-2023
86,CNP,CenterPoint Energy Inc,405066,03-03-2023
87,CF,CF Industries Holdings Inc,84567,03-03-2023
88,CHRW,CH Robinson Worldwide Inc,72769,03-03-2023
89,CRL,Charles River Laboratories International Inc,20730,03-03-2023
90,SCHW,Charles Schwab Corp,251848,03-03-2023
91,CHTR,Charter Communications Inc,34130,03-03-2023
92,LNG,Cheniere Energy Inc,95590,03-03-2023
93,CHK,Chesapeake Energy Corp,104226,03-03-2023
94,CVX,Chevron Corp,325056,03-03-2023
95,CMG,Chipotle Mexican Grill Inc,2354,03-03-2023
96,CB,Chubb Ltd,106681,03-03-2023
97,CHD,Church & Dwight Co Inc,162004,03-03-2023
98,CI,Cigna Group,185716,03-03-2023
99,CINF,Cincinnati Financial Corp,51139,03-03-2023
100,CTAS,Cintas Corp,65036,03-03-2023
101,CSCO,Cisco Systems Inc,1057374,03-03-2023
102,C,Citigroup Inc,700689,03-03-2023
103,CFG,Citizens Financial Group Inc,279393,03-03-2023
104,CLX,Clorox Co,150526,03-03-2023
105,CME,CME Group Inc,57494,03-03-2023
106,CMS,CMS Energy Corp,126320,03-03-2023
107,KO,Coca-Cola Co,698337,03-03-2023
108,CTSH,Cognizant Technology Solutions Corp,327573,03-03-2023
109,CL,Colgate-Palmolive Co,400578,03-03-2023
110,CMCSA,Comcast Corp,1452785,03-03-2023
111,CAG,Conagra Brands Inc,395183,03-03-2023
112,COP,ConocoPhillips,213001,03-03-2023
113,ED,Consolidated Edison Inc,181972,03-03-2023
114,STZ,Constellation Brands Inc,54392,03-03-2023
115,CEG,Constellation Energy Corp,134851,03-03-2023
116,COO,Cooper Cos Inc,14474,03-03-2023
117,CPRT,Copart Inc,123957,03-03-2023
118,GLW,Corning Inc,160570,03-03-2023
119,CTVA,Corteva Inc,213840,03-03-2023
120,CSGP,CoStar Group Inc,27430,03-03-2023
121,COST,Costco Wholesale Corp,156291,03-03-2023
122,CTRA,Coterra Energy Inc,248952,03-03-2023
123,CRWD,Crowdstrike Holdings Inc,26584,03-03-2023
124,CCI,Crown Castle Inc,48809,03-03-2023
125,CSX,CSX Corp,237664,03-03-2023
126,CMI,Cummins Inc,76068,03-03-2023
127,CVS,CVS Health Corp,715374,03-03-2023
128,DHR,Danaher Corp,134571,03-03-2023
129,DRI,Darden Restaurants Inc,80595,03-03-2023
130,DAR,Darling Ingredients Inc,55613,03-03-2023
131,DDOG,Datadog Inc,50205,03-03-2023
132,DE,Deere & Co,40612,03-03-2023
133,DVN,Devon Energy Corp,275257,03-03-2023
134,DXCM,Dexcom Inc,87563,03-03-2023
135,FANG,Diamondback Energy Inc,76099,03-03-2023
136,DLR,Digital Realty Trust Inc,32004,03-03-2023
137,DFS,Discover Financial Services,101276,03-03-2023
138,DG,Dollar General Corp,157540,03-03-2023
139,DLTR,Dollar Tree Inc,155860,03-03-2023
140,D,Dominion Energy Inc,163071,03-03-2023
141,DPZ,Dominos Pizza Inc,80614,03-03-2023
142,DOV,Dover Corp,74097,03-03-2023
143,DOW,Dow Inc,249620,03-03-2023
144,DHI,DR Horton Inc,71626,03-03-2023
145,DTE,DTE Energy Co,90834,03-03-2023
146,DUK,Duke Energy Corp,152382,03-03-2023
147,DD,DuPont de Nemours Inc,46280,03-03-2023
148,ETN,Eaton Corp PLC,57358,03-03-2023
149,EBAY,eBay Inc,405147,03-03-2023
150,ECL,Ecolab Inc,30374,03-03-2023
151,EIX,Edison International,204762,03-03-2023
152,EW,Edwards Lifesciences Corp,322003,03-03-2023
153,EA,Electronic Arts Inc,168693,03-03-2023
154,ELV,Elevance Health Inc,83214,03-03-2023
155,LLY,Eli Lilly & Co,261625,03-03-2023
156,EMR,Emerson Electric Co,135000,03-03-2023
157,ENPH,Enphase Energy Inc,46827,03-03-2023
158,ETR,Entergy Corp,83467,03-03-2023
159,EOG,EOG Resources Inc,126762,03-03-2023
160,EPAM,EPAM Systems Inc,26253,03-03-2023
161,EQT,EQT Corp,339976,03-03-2023
162,EQIX,Equinix Inc,8301,03-03-2023
163,EQR,Equity Residential,127536,03-03-2023
164,ESS,Essex Property Trust Inc,32264,03-03-2023
165,EL,Estee Lauder Cos Inc,129922,03-03-2023
166,ETSY,Etsy Inc,106092,03-03-2023
167,EVRG,Evergy Inc,194117,03-03-2023
168,ES,Eversource Energy,92610,03-03-2023
169,EXC,Exelon Corp,451993,03-03-2023
170,EXPE,Expedia Group Inc,61163,03-03-2023
171,EXPD,Expeditors International of Washington Inc,114545,03-03-2023
172,EXR,Extra Space Storage Inc,22217,03-03-2023
173,XOM,Exxon Mobil Corp,917251,03-03-2023
174,FDS,FactSet Research Systems Inc,29628,03-03-2023
175,FAST,Fastenal Co,687975,03-03-2023
176,FDX,FedEx Corp,61809,03-03-2023
177,FIS,Fidelity National Information Services Inc,240215,03-03-2023
178,FHN,First Horizon Corp,266310,03-03-2023
179,FSLR,First Solar Inc,52705,03-03-2023
180,FE,FirstEnergy Corp,283151,03-03-2023
181,FISV,Fiserv Inc,237724,03-03-2023
182,FLT,FleetCor Technologies Inc,28145,03-03-2023
183,FMC,FMC Corp,42230,03-03-2023
184,F,Ford Motor Co,664654,03-03-2023
185,FTNT,Fortinet Inc,563191,03-03-2023
186,FTV,Fortive Corp,140294,03-03-2023
187,GRMN,Garmin Ltd,114124,03-03-2023
188,IT,Gartner Inc,72729,03-03-2023
189,GEHC,GE HealthCare Technologies Inc,62786,03-03-2023
190,GEN,Gen Digital Inc,97443,03-03-2023
191,GD,General Dynamics Corp,103770,03-03-2023
192,GE,General Electric Co,188356,03-03-2023
193,GIS,General Mills Inc,243128,03-03-2023
194,GPC,Genuine Parts Co,189559,03-03-2023
195,GILD,Gilead Sciences Inc,409357,03-03-2023
196,GPN,Global Payments Inc,113158,03-03-2023
197,GDDY,GoDaddy Inc,44218,03-03-2023
198,HAL,Halliburton Co,211441,03-03-2023
199,HIG,Hartford Financial Services Group Inc,186509,03-03-2023
200,HCA,HCA Healthcare Inc,20600,03-03-2023
201,PEAK,Healthpeak Properties Inc,149888,03-03-2023
202,HSY,Hershey Co,162487,03-03-2023
203,HES,Hess Corp,65732,03-03-2023
204,HPE,Hewlett Packard Enterprise Co,2478373,03-03-2023
205,HLT,Hilton Worldwide Holdings Inc,28419,03-03-2023
206,HOLX,Hologic Inc,165811,03-03-2023
207,HD,Home Depot Inc,345892,03-03-2023
208,HON,Honeywell International Inc,128672,03-03-2023
209,HZNP,Horizon Therapeutics Plc,32145,03-03-2023
210,HRL,Hormel Foods Corp,210370,03-03-2023
211,HST,Host Hotels & Resorts Inc,811444,03-03-2023
212,HWM,Howmet Aerospace Inc,263337,03-03-2023
213,HPQ,HP Inc,418139,03-03-2023
214,HUBB,Hubbell Inc,50278,03-03-2023
215,HUBS,HubSpot Inc,29337,03-03-2023
216,HUM,Humana Inc,61923,03-03-2023
217,HBAN,Huntington Bancshares Inc,168415,03-03-2023
218,IEX,IDEX Corp,42460,03-03-2023
219,IDXX,IDEXX Laboratories Inc,69990,03-03-2023
220,ITW,Illinois Tool Works Inc,106071,03-03-2023
221,INCY,Incyte Corp,210864,03-03-2023
222,PODD,Insulet Corp,31804,03-03-2023
223,INTC,Intel Corp,706298,03-03-2023
224,ICE,Intercontinental Exchange Inc,94214,03-03-2023
225,IBM,International Business Machines Corp,316324,03-03-2023
226,IP,International Paper Co,155921,03-03-2023
227,INTU,Intuit Inc,72994,03-03-2023
228,ISRG,Intuitive Surgical Inc,52604,03-03-2023
229,INVH,Invitation Homes Inc,163917,03-03-2023
230,IQV,IQVIA Holdings Inc,59978,03-03-2023
231,IRM,Iron Mountain Inc,94986,03-03-2023
232,SJM,J M Smucker Co,81703,03-03-2023
233,JKHY,Jack Henry & Associates Inc,71107,03-03-2023
234,J,Jacobs Solutions Inc,57027,03-03-2023
235,JBHT,JB Hunt Transport Services Inc,18102,03-03-2023
236,JNJ,Johnson & Johnson,743430,03-03-2023
237,JCI,Johnson Controls International plc,128144,03-03-2023
238,JPM,JPMorgan Chase & Co,637349,03-03-2023
239,K,Kellogg Co,179005,03-03-2023
240,KDP,Keurig Dr Pepper Inc,367136,03-03-2023
241,KEY,KeyCorp,288919,03-03-2023
242,KEYS,Keysight Technologies Inc,86177,03-03-2023
243,KMB,Kimberly-Clark Corp,164131,03-03-2023
244,KMI,Kinder Morgan Inc,901879,03-03-2023
245,KLAC,KLA Corp,48005,03-03-2023
246,KHC,Kraft Heinz Co,561590,03-03-2023
247,KR,Kroger Co,1369860,03-03-2023
248,LHX,L3Harris Technologies Inc,76764,03-03-2023
249,LH,Laboratory Corp of America Holdings,77510,03-03-2023
250,LRCX,Lam Research Corp,70366,03-03-2023
251,LW,Lamb Weston Holdings Inc,131385,03-03-2023
252,LDOS,Leidos Holdings Inc,141432,03-03-2023
253,LEN,Lennar Corp,377359,03-03-2023
254,LBRDK,Liberty Broadband Corp,40048,03-03-2023
255,LIN,Linde PLC,54066,03-03-2023
256,LKQ,LKQ Corp,290671,03-03-2023
257,LMT,Lockheed Martin Corp,64396,03-03-2023
258,LOW,Lowes Cos Inc,325539,03-03-2023
259,LPLA,LPL Financial Holdings Inc,42954,03-03-2023
260,LYB,LyondellBasell Industries NV,36018,03-03-2023
261,MTB,M&T Bank Corp,29436,03-03-2023
262,MRO,Marathon Oil Corp,359566,03-03-2023
263,MPC,Marathon Petroleum Corp,288517,03-03-2023
264,MKL,Markel Corp,8609,03-03-2023
265,MAR,Marriott International Inc,36947,03-03-2023
266,MMC,Marsh & McLennan Cos Inc,174006,03-03-2023
267,MLM,Martin Marietta Materials Inc,10055,03-03-2023
268,MAS,Masco Corp,226441,03-03-2023
269,MA,Mastercard Inc,182061,03-03-2023
270,MTCH,Match Group Inc,155615,03-03-2023
271,MKC,McCormick & Co Inc,124190,03-03-2023
272,MCD,McDonalds Corp,160363,03-03-2023
273,MCK,McKesson Corp,58906,03-03-2023
274,MDT,Medtronic PLC,128085,03-03-2023
275,MRK,Merck & Co Inc,690440,03-03-2023
276,META,Meta Platforms Inc,685081,03-03-2023
277,MET,MetLife Inc,309518,03-03-2023
278,MTD,Mettler-Toledo International Inc,25501,03-03-2023
279,MGM,MGM Resorts International,603955,03-03-2023
280,MCHP,Microchip Technology Inc,160033,03-03-2023
281,MU,Micron Technology Inc,327702,03-03-2023
282,MSFT,Microsoft Corp,2024013,03-03-2023
283,MAA,Mid-America Apartment Communities Inc,48185,03-03-2023
284,MRNA,Moderna Inc,177994,03-03-2023
285,MOH,Molina Healthcare Inc,25600,03-03-2023
286,MDLZ,Mondelez International Inc,245810,03-03-2023
287,MPWR,Monolithic Power Systems Inc,17653,03-03-2023
288,MNST,Monster Beverage Corp,232542,03-03-2023
289,MCO,Moodys Corp,104219,03-03-2023
290,MS,Morgan Stanley,147049,03-03-2023
291,MOS,Mosaic Co,218065,03-03-2023
292,MSI,Motorola Solutions Inc,96167,03-03-2023
293,MSCI,MSCI Inc,7245,03-03-2023
294,NDAQ,Nasdaq Inc,153538,03-03-2023
295,NTAP,NetApp Inc,192750,03-03-2023
296,NFLX,Netflix Inc,38342,03-03-2023
297,NEM,Newmont Corp,41633,03-03-2023
298,NEE,NextEra Energy Inc,282477,03-03-2023
299,NKE,NIKE Inc,357599,03-03-2023
300,NSC,Norfolk Southern Corp,30631,03-03-2023
301,NTRS,Northern Trust Corp,29982,03-03-2023
302,NOC,Northrop Grumman Corp,48799,03-03-2023
303,NUE,Nucor Corp,272164,03-03-2023
304,NVDA,NVIDIA Corp,591972,03-03-2023
305,NVR,NVR Inc,1575,03-03-2023
306,OXY,Occidental Petroleum Corp,353712,03-03-2023
307,ODFL,Old Dominion Freight Line Inc,49456,03-03-2023
308,OMC,Omnicom Group Inc,132550,03-03-2023
309,ON,ON Semiconductor Corp,291726,03-03-2023
310,OKE,ONEOK Inc,133098,03-03-2023
311,ORCL,Oracle Corp,209748,03-03-2023
312,ORLY,OReilly Automotive Inc,70659,03-03-2023
313,OTIS,Otis Worldwide Corp,105742,03-03-2023
314,OVV,Ovintiv Inc,204205,03-03-2023
315,PCAR,PACCAR Inc,132820,03-03-2023
316,PKG,Packaging Corp of America,19658,03-03-2023
317,PANW,Palo Alto Networks Inc,116658,03-03-2023
318,PH,Parker-Hannifin Corp,59073,03-03-2023
319,PAYX,Paychex Inc,155093,03-03-2023
320,PYPL,PayPal Holdings Inc,175084,03-03-2023
321,PEP,PepsiCo Inc,396448,03-03-2023
322,PKI,PerkinElmer Inc,93638,03-03-2023
323,PFE,Pfizer Inc,1196798,03-03-2023
324,PCG,PG&E Corp,527798,03-03-2023
325,PM,Philip Morris International Inc,512074,03-03-2023
326,PSX,Phillips 66,215921,03-03-2023
327,PINS,Pinterest Inc,384711,03-03-2023
328,PXD,Pioneer Natural Resources Co,55504,03-03-2023
329,PNC,PNC Financial Services Group Inc,45143,03-03-2023
330,POOL,Pool Corp,53288,03-03-2023
331,PPG,PPG Industries Inc,44032,03-03-2023
332,PPL,PPL Corp,237027,03-03-2023
333,PFG,Principal Financial Group Inc,336524,03-03-2023
334,PG,Procter & Gamble Co,541533,03-03-2023
335,PGR,Progressive Corp,207645,03-03-2023
336,PLD,Prologis Inc,48340,03-03-2023
337,PRU,Prudential Financial Inc,92688,03-03-2023
338,PEG,Public Service Enterprise Group Inc,168091,03-03-2023
339,PSA,Public Storage,23700,03-03-2023
340,QCOM,QUALCOMM Inc,256141,03-03-2023
341,PWR,Quanta Services Inc,61516,03-03-2023
342,DGX,Quest Diagnostics Inc,106970,03-03-2023
343,RJF,Raymond James Financial Inc,116018,03-03-2023
344,RTX,Raytheon Technologies Corp,255994,03-03-2023
345,O,Realty Income Corp,160798,03-03-2023
346,REGN,Regeneron Pharmaceuticals Inc,45189,03-03-2023
347,RF,Regions Financial Corp,194033,03-03-2023
348,RSG,Republic Services Inc,138994,03-03-2023
349,RMD,ResMed Inc,60012,03-03-2023
350,ROK,Rockwell Automation Inc,24784,03-03-2023
351,ROP,Roper Technologies Inc,23840,03-03-2023
352,ROST,Ross Stores Inc,93854,03-03-2023
353,RPRX,Royalty Pharma PLC,172741,03-03-2023
354,RPM,RPM International Inc,70082,03-03-2023
355,SPGI,S&P Global Inc,29090,03-03-2023
356,CRM,Salesforce Inc,206338,03-03-2023
357,SBAC,SBA Communications Corp,17091,03-03-2023
358,SLB,Schlumberger NV,155165,03-03-2023
359,STX,Seagate Technology Holdings PLC,146566,03-03-2023
360,SGEN,Seagen Inc,92435,03-03-2023
361,SRE,Sempra Energy,108006,03-03-2023
362,NOW,ServiceNow Inc,55792,03-03-2023
363,SHW,Sherwin-Williams Co,85467,03-03-2023
364,SPG,Simon Property Group Inc,33405,03-03-2023
365,SWKS,Skyworks Solutions Inc,137935,03-03-2023
366,SO,Southern Co,255702,03-03-2023
367,SPLK,Splunk Inc,41926,03-03-2023
368,SSNC,SS&C Technologies Holdings Inc,512659,03-03-2023
369,SBUX,Starbucks Corp,165906,03-03-2023
370,STT,State Street Corp,123613,03-03-2023
371,STLD,Steel Dynamics Inc,160089,03-03-2023
372,STLAM,Stellantis NV,2621368,03-03-2023
373,STE,STERIS PLC,27773,03-03-2023
374,SYK,Stryker Corp,67931,03-03-2023
375,SUI,Sun Communities Inc,94882,03-03-2023
376,SIVB,SVB Financial Group,23662,03-03-2023
377,SYF,Synchrony Financial,828038,03-03-2023
378,SNPS,Synopsys Inc,106997,03-03-2023
379,SYY,Sysco Corp,279618,03-03-2023
380,TMUS,T-Mobile US Inc,162153,03-03-2023
381,TRGP,Targa Resources Corp,131324,03-03-2023
382,TGT,Target Corp,192895,03-03-2023
383,TDY,Teledyne Technologies Inc,23864,03-03-2023
384,TER,Teradyne Inc,145728,03-03-2023
385,TSLA,Tesla Inc,491781,03-03-2023
386,TXN,Texas Instruments Inc,283133,03-03-2023
387,TPL,Texas Pacific Land Corp,4567,03-03-2023
388,TXT,Textron Inc,525636,03-03-2023
389,TMO,Thermo Fisher Scientific Inc,92077,03-03-2023
390,TJX,TJX Cos Inc,357671,03-03-2023
391,TSCO,Tractor Supply Co,158411,03-03-2023
392,TT,Trane Technologies PLC,47412,03-03-2023
393,TDG,TransDigm Group Inc,4606,03-03-2023
394,TRV,Travelers Cos Inc,87582,03-03-2023
395,TRMB,Trimble Inc,89621,03-03-2023
396,TFC,Truist Financial Corp,88635,03-03-2023
397,TYL,Tyler Technologies Inc,9097,03-03-2023
398,TSN,Tyson Foods Inc,336794,03-03-2023
399,UDR,UDR Inc,164413,03-03-2023
400,ULTA,Ulta Beauty Inc,66661,03-03-2023
401,UNP,Union Pacific Corp,75766,03-03-2023
402,UAL,United Airlines Holdings Inc,716014,03-03-2023
403,UPS,United Parcel Service Inc,142595,03-03-2023
404,URI,United Rentals Inc,13010,03-03-2023
405,UNH,UnitedHealth Group Inc,238667,03-03-2023
406,USB,US Bancorp,151352,03-03-2023
407,VLO,Valero Energy Corp,287357,03-03-2023
408,VEEV,Veeva Systems Inc,37656,03-03-2023
409,VTR,Ventas Inc,145626,03-03-2023
410,VRSN,VeriSign Inc,111209,03-03-2023
411,VRSK,Verisk Analytics Inc,42833,03-03-2023
412,VZ,Verizon Communications Inc,720802,03-03-2023
413,VRTX,Vertex Pharmaceuticals Inc,104555,03-03-2023
414,VFC,VF Corp,184617,03-03-2023
415,VTRS,Viatris Inc,4959945,03-03-2023
416,VICI,VICI Properties Inc,423415,03-03-2023
417,V,Visa Inc,344364,03-03-2023
418,VMW,VMware Inc,102994,03-03-2023
419,WRB,W R Berkley Corp,195360,03-03-2023
420,WBA,Walgreens Boots Alliance Inc,780545,03-03-2023
421,WMT,Walmart Inc,608433,03-03-2023
422,DIS,Walt Disney Co,129764,03-03-2023
423,WBD,Warner Bros Discovery Inc,2119641,03-03-2023
424,WM,Waste Management Inc,139501,03-03-2023
425,WAT,Waters Corp,56588,03-03-2023
426,WEC,WEC Energy Group Inc,88989,03-03-2023
427,WFC,Wells Fargo & Co,754844,03-03-2023
428,WELL,Welltower Inc,94521,03-03-2023
429,WST,West Pharmaceutical Services Inc,49548,03-03-2023
430,WDC,Western Digital Corp,214828,03-03-2023
431,WAB,Westinghouse Air Brake Technologies Corp,308735,03-03-2023
432,WY,Weyerhaeuser Co,436587,03-03-2023
433,WMB,Williams Cos Inc,440606,03-03-2023
434,WTW,Willis Towers Watson PLC,49419,03-03-2023
435,WDAY,Workday Inc,36033,03-03-2023
436,WPC,WP Carey Inc,129676,03-03-2023
437,GWW,WW Grainger Inc,74478,03-03-2023
438,XEL,Xcel Energy Inc,167901,03-03-2023
439,XYL,Xylem Inc,75564,03-03-2023
440,YUM,Yum! Brands Inc,237684,03-03-2023
441,ZBRA,Zebra Technologies Corp,21519,03-03-2023
442,ZBH,Zimmer Biomet Holdings Inc,56375,03-03-2023
443,ZTS,Zoetis Inc,151066,03-03-2023
444,ZM,Zoom Video Communications Inc,56867,03-03-2023
445,USD,USD U.S. DOLLAR,0,03-03-2023
