,Ticker,Name,Shares,Date
0,MMM,3M Co,80957,05-02-2024
1,ABT,Abbott Laboratories,266568,05-02-2024
2,ABBV,AbbVie Inc,410137,05-02-2024
3,ACN,Accenture PLC,218135,05-02-2024
4,ADBE,Adobe Inc,131985,05-02-2024
5,AMD,Advanced Micro Devices Inc,282371,05-02-2024
6,AFL,Aflac Inc,189022,05-02-2024
7,A,Agilent Technologies Inc,78156,05-02-2024
8,AKAM,Akamai Technologies Inc,152511,05-02-2024
9,ARE,Alexandria Real Estate Equities Inc,47041,05-02-2024
10,ALGN,Align Technology Inc,33837,05-02-2024
11,LNT,Alliant Energy Corp,163413,05-02-2024
12,ALL,Allstate Corp,56101,05-02-2024
13,ALNY,Alnylam Pharmaceuticals Inc,16005,05-02-2024
14,GOOGL,Alphabet Inc,1454116,05-02-2024
15,GOOG,Alphabet Inc,1338288,05-02-2024
16,MO,Altria Group Inc,368618,05-02-2024
17,AMZN,Amazon.com Inc,2097845,05-02-2024
18,AEE,Ameren Corp,30766,05-02-2024
19,AEP,American Electric Power Co Inc,32853,05-02-2024
20,AXP,American Express Co,112253,05-02-2024
21,AIG,American International Group Inc,416400,05-02-2024
22,AMP,Ameriprise Financial Inc,74044,05-02-2024
23,AME,AMETEK Inc,116983,05-02-2024
24,AMGN,Amgen Inc,126784,05-02-2024
25,APH,Amphenol Corp,207974,05-02-2024
26,ADI,Analog Devices Inc,88756,05-02-2024
27,ANSS,ANSYS Inc,8810,05-02-2024
28,AON,Aon PLC,21201,05-02-2024
29,APA,APA Corp,128677,05-02-2024
30,APO,Apollo Global Management Inc,207985,05-02-2024
31,AAPL,Apple Inc,3615436,05-02-2024
32,AMAT,Applied Materials Inc,282627,05-02-2024
33,ACGL,Arch Capital Group Ltd,207465,05-02-2024
34,ADM,Archer-Daniels-Midland Co,319144,05-02-2024
35,ARES,Ares Management Corp,63323,05-02-2024
36,ANET,Arista Networks Inc,77091,05-02-2024
37,AJG,Arthur J Gallagher & Co,89841,05-02-2024
38,T,AT&T Inc,1692207,05-02-2024
39,TEAM,Atlassian Corp,119860,05-02-2024
40,ATO,Atmos Energy Corp,81840,05-02-2024
41,ADSK,Autodesk Inc,98597,05-02-2024
42,ADP,Automatic Data Processing Inc,32296,05-02-2024
43,AZO,AutoZone Inc,11837,05-02-2024
44,AVB,AvalonBay Communities Inc,29342,05-02-2024
45,AVTR,Avantor Inc,290073,05-02-2024
46,AVY,Avery Dennison Corp,57939,05-02-2024
47,AXON,Axon Enterprise Inc,20254,05-02-2024
48,BKR,Baker Hughes Co,115889,05-02-2024
49,BAC,Bank of America Corp,1126207,05-02-2024
50,BK,Bank of New York Mellon Corp,531039,05-02-2024
51,BDX,Becton Dickinson & Co,28826,05-02-2024
52,BRK/B,Berkshire Hathaway Inc,301140,05-02-2024
53,BBY,Best Buy Co Inc,322387,05-02-2024
54,BIIB,Biogen Inc,58032,05-02-2024
55,BLK,BlackRock Inc,14978,05-02-2024
56,BX,Blackstone Inc,52739,05-02-2024
57,BA,Boeing Co,13789,05-02-2024
58,BKNG,Booking Holdings Inc,12616,05-02-2024
59,BAH,Booz Allen Hamilton Holding Corp,87982,05-02-2024
60,BSX,Boston Scientific Corp,312818,05-02-2024
61,BMY,Bristol-Myers Squibb Co,573802,05-02-2024
62,AVGO,Broadcom Inc,90666,05-02-2024
63,BR,Broadridge Financial Solutions Inc,77937,05-02-2024
64,BRO,Brown & Brown Inc,161003,05-02-2024
65,BLDR,Builders FirstSource Inc,348416,05-02-2024
66,BG,Bunge Global SA,162986,05-02-2024
67,CDNS,Cadence Design Systems Inc,167788,05-02-2024
68,COF,Capital One Financial Corp,310294,05-02-2024
69,CAH,Cardinal Health Inc,179719,05-02-2024
70,CSL,Carlisle Cos Inc,31908,05-02-2024
71,CCL,Carnival Corp,959111,05-02-2024
72,CARR,Carrier Global Corp,228166,05-02-2024
73,CAT,Caterpillar Inc,70154,05-02-2024
74,CBOE,Cboe Global Markets Inc,91104,05-02-2024
75,CBRE,CBRE Group Inc,81953,05-02-2024
76,CDW,CDW Corp,78260,05-02-2024
77,CE,Celanese Corp,51965,05-02-2024
78,COR,Cencora Inc,110066,05-02-2024
79,CNC,Centene Corp,457110,05-02-2024
80,CNP,CenterPoint Energy Inc,272554,05-02-2024
81,CF,CF Industries Holdings Inc,117704,05-02-2024
82,SCHW,Charles Schwab Corp,115085,05-02-2024
83,CHTR,Charter Communications Inc,53181,05-02-2024
84,LNG,Cheniere Energy Inc,64085,05-02-2024
85,CVX,Chevron Corp,185689,05-02-2024
86,CMG,Chipotle Mexican Grill Inc,4881,05-02-2024
87,CB,Chubb Ltd,81747,05-02-2024
88,CHD,Church & Dwight Co Inc,129272,05-02-2024
89,CI,Cigna Group,125180,05-02-2024
90,CINF,Cincinnati Financial Corp,78960,05-02-2024
91,CTAS,Cintas Corp,58762,05-02-2024
92,CSCO,Cisco Systems Inc,971381,05-02-2024
93,C,Citigroup Inc,566506,05-02-2024
94,CFG,Citizens Financial Group Inc,274437,05-02-2024
95,CLX,Clorox Co,115281,05-02-2024
96,CME,CME Group Inc,72184,05-02-2024
97,CMS,CMS Energy Corp,76931,05-02-2024
98,KO,Coca-Cola Co,570340,05-02-2024
99,CTSH,Cognizant Technology Solutions Corp,322436,05-02-2024
100,COIN,Coinbase Global Inc,28778,05-02-2024
101,CL,Colgate-Palmolive Co,426395,05-02-2024
102,CMCSA,Comcast Corp,1161169,05-02-2024
103,CAG,Conagra Brands Inc,634379,05-02-2024
104,COP,ConocoPhillips,155334,05-02-2024
105,ED,Consolidated Edison Inc,97697,05-02-2024
106,STZ,Constellation Brands Inc,42636,05-02-2024
107,CEG,Constellation Energy Corp,98596,05-02-2024
108,COO,Cooper Cos Inc,75336,05-02-2024
109,CPRT,Copart Inc,262617,05-02-2024
110,GLW,Corning Inc,241950,05-02-2024
111,CPAY,Corpay Inc,28460,05-02-2024
112,COST,Costco Wholesale Corp,128478,05-02-2024
113,CTRA,Coterra Energy Inc,98623,05-02-2024
114,CRH,CRH PLC,69653,05-02-2024
115,CRWD,Crowdstrike Holdings Inc,43372,05-02-2024
116,CSX,CSX Corp,270381,05-02-2024
117,CMI,Cummins Inc,40577,05-02-2024
118,CVS,CVS Health Corp,589684,05-02-2024
119,DHR,Danaher Corp,100158,05-02-2024
120,DRI,Darden Restaurants Inc,85641,05-02-2024
121,DDOG,Datadog Inc,43888,05-02-2024
122,DECK,Deckers Outdoor Corp,36137,05-02-2024
123,DE,Deere & Co,24694,05-02-2024
124,DELL,Dell Technologies Inc,125014,05-02-2024
125,DAL,Delta Air Lines Inc,298641,05-02-2024
126,DVN,Devon Energy Corp,111167,05-02-2024
127,DXCM,Dexcom Inc,49775,05-02-2024
128,FANG,Diamondback Energy Inc,31506,05-02-2024
129,DLR,Digital Realty Trust Inc,19994,05-02-2024
130,DFS,Discover Financial Services,183179,05-02-2024
131,DG,Dollar General Corp,41911,05-02-2024
132,DLTR,Dollar Tree Inc,97198,05-02-2024
133,DPZ,Dominos Pizza Inc,23542,05-02-2024
134,DASH,DoorDash Inc,80151,05-02-2024
135,DOV,Dover Corp,73095,05-02-2024
136,DOW,Dow Inc,254293,05-02-2024
137,DHI,DR Horton Inc,182351,05-02-2024
138,DKNG,DraftKings Inc,107568,05-02-2024
139,DTE,DTE Energy Co,35805,05-02-2024
140,DUK,Duke Energy Corp,73736,05-02-2024
141,DD,DuPont de Nemours Inc,38482,05-02-2024
142,ETN,Eaton Corp PLC,70983,05-02-2024
143,EBAY,eBay Inc,287281,05-02-2024
144,ECL,Ecolab Inc,56932,05-02-2024
145,EIX,Edison International,47736,05-02-2024
146,EW,Edwards Lifesciences Corp,247950,05-02-2024
147,EA,Electronic Arts Inc,197824,05-02-2024
148,ELV,Elevance Health Inc,48767,05-02-2024
149,LLY,Eli Lilly & Co,211764,05-02-2024
150,EME,EMCOR Group Inc,23352,05-02-2024
151,EMR,Emerson Electric Co,95143,05-02-2024
152,ENPH,Enphase Energy Inc,23566,05-02-2024
153,ETR,Entergy Corp,45679,05-02-2024
154,EOG,EOG Resources Inc,101110,05-02-2024
155,EPAM,EPAM Systems Inc,40817,05-02-2024
156,EQT,EQT Corp,235166,05-02-2024
157,EQIX,Equinix Inc,5623,05-02-2024
158,EQR,Equity Residential,87771,05-02-2024
159,ESS,Essex Property Trust Inc,19970,05-02-2024
160,EL,Estee Lauder Cos Inc,81617,05-02-2024
161,EG,Everest Group Ltd,31440,05-02-2024
162,EVRG,Evergy Inc,100616,05-02-2024
163,EXC,Exelon Corp,164808,05-02-2024
164,EXPE,Expedia Group Inc,164697,05-02-2024
165,EXPD,Expeditors International of Washington Inc,114070,05-02-2024
166,XOM,Exxon Mobil Corp,793114,05-02-2024
167,FDS,FactSet Research Systems Inc,28597,05-02-2024
168,FICO,Fair Isaac Corp,28848,05-02-2024
169,FAST,Fastenal Co,646122,05-02-2024
170,FDX,FedEx Corp,92470,05-02-2024
171,FITB,Fifth Third Bancorp,65469,05-02-2024
172,FCNCA,First Citizens BancShares Inc,11718,05-02-2024
173,FE,FirstEnergy Corp,136242,05-02-2024
174,FI,Fiserv Inc,133779,05-02-2024
175,F,Ford Motor Co,414878,05-02-2024
176,FTNT,Fortinet Inc,455621,05-02-2024
177,FTV,Fortive Corp,136398,05-02-2024
178,GRMN,Garmin Ltd,98441,05-02-2024
179,IT,Gartner Inc,60309,05-02-2024
180,GEHC,GE HealthCare Technologies Inc,35711,05-02-2024
181,GEV,GE Vernova Inc,46487,05-02-2024
182,GEN,Gen Digital Inc,594400,05-02-2024
183,GD,General Dynamics Corp,64578,05-02-2024
184,GE,General Electric Co,214494,05-02-2024
185,GIS,General Mills Inc,136433,05-02-2024
186,GPC,Genuine Parts Co,106823,05-02-2024
187,GILD,Gilead Sciences Inc,318965,05-02-2024
188,GDDY,GoDaddy Inc,142171,05-02-2024
189,GGG,Graco Inc,49771,05-02-2024
190,HAL,Halliburton Co,83448,05-02-2024
191,HIG,Hartford Financial Services Group Inc,222820,05-02-2024
192,HCA,HCA Healthcare Inc,42151,05-02-2024
193,HSY,Hershey Co,82073,05-02-2024
194,HPE,Hewlett Packard Enterprise Co,2113638,05-02-2024
195,HLT,Hilton Worldwide Holdings Inc,65091,05-02-2024
196,HOLX,Hologic Inc,192387,05-02-2024
197,HD,Home Depot Inc,280092,05-02-2024
198,HON,Honeywell International Inc,82523,05-02-2024
199,HST,Host Hotels & Resorts Inc,1041653,05-02-2024
200,HWM,Howmet Aerospace Inc,197802,05-02-2024
201,HPQ,HP Inc,402441,05-02-2024
202,HUBB,Hubbell Inc,37991,05-02-2024
203,HUBS,HubSpot Inc,34244,05-02-2024
204,HUM,Humana Inc,28350,05-02-2024
205,HBAN,Huntington Bancshares Inc,254003,05-02-2024
206,IEX,IDEX Corp,57597,05-02-2024
207,IDXX,IDEXX Laboratories Inc,73675,05-02-2024
208,ITW,Illinois Tool Works Inc,96350,05-02-2024
209,IR,Ingersoll Rand Inc,143682,05-02-2024
210,PODD,Insulet Corp,49394,05-02-2024
211,INTC,Intel Corp,535692,05-02-2024
212,ICE,Intercontinental Exchange Inc,135060,05-02-2024
213,IBM,International Business Machines Corp,272995,05-02-2024
214,IP,International Paper Co,155874,05-02-2024
215,IPG,Interpublic Group of Cos Inc,227823,05-02-2024
216,INTU,Intuit Inc,60907,05-02-2024
217,ISRG,Intuitive Surgical Inc,42349,05-02-2024
218,INVH,Invitation Homes Inc,295377,05-02-2024
219,IQV,IQVIA Holdings Inc,51805,05-02-2024
220,IRM,Iron Mountain Inc,113446,05-02-2024
221,SJM,J M Smucker Co,77208,05-02-2024
222,JBL,Jabil Inc,107428,05-02-2024
223,JKHY,Jack Henry & Associates Inc,68204,05-02-2024
224,J,Jacobs Solutions Inc,65245,05-02-2024
225,JNJ,Johnson & Johnson,552279,05-02-2024
226,JCI,Johnson Controls International plc,66073,05-02-2024
227,JPM,JPMorgan Chase & Co,588771,05-02-2024
228,K,Kellanova,106380,05-02-2024
229,KVUE,Kenvue Inc,585822,05-02-2024
230,KDP,Keurig Dr Pepper Inc,210021,05-02-2024
231,KEY,KeyCorp,252701,05-02-2024
232,KEYS,Keysight Technologies Inc,82315,05-02-2024
233,KMB,Kimberly-Clark Corp,125906,05-02-2024
234,KMI,Kinder Morgan Inc,1040516,05-02-2024
235,KKR,KKR & Co Inc,100369,05-02-2024
236,KLAC,KLA Corp,43217,05-02-2024
237,KHC,Kraft Heinz Co,356735,05-02-2024
238,KR,Kroger Co,1033064,05-02-2024
239,LHX,L3Harris Technologies Inc,33230,05-02-2024
240,LH,Laboratory Corp of America Holdings,97233,05-02-2024
241,LRCX,Lam Research Corp,56778,05-02-2024
242,LVS,Las Vegas Sands Corp,92619,05-02-2024
243,LDOS,Leidos Holdings Inc,173071,05-02-2024
244,LEN,Lennar Corp,292725,05-02-2024
245,LII,Lennox International Inc,44972,05-02-2024
246,LECO,Lincoln Electric Holdings Inc,25234,05-02-2024
247,LIN,Linde PLC,69080,05-02-2024
248,LYV,Live Nation Entertainment Inc,36168,05-02-2024
249,LKQ,LKQ Corp,673509,05-02-2024
250,LMT,Lockheed Martin Corp,28809,05-02-2024
251,L,Loews Corp,218083,05-02-2024
252,LOW,Lowes Cos Inc,209315,05-02-2024
253,LPLA,LPL Financial Holdings Inc,61204,05-02-2024
254,LYB,LyondellBasell Industries NV,103302,05-02-2024
255,MTB,M&T Bank Corp,43510,05-02-2024
256,MANH,Manhattan Associates Inc,128299,05-02-2024
257,MRO,Marathon Oil Corp,378687,05-02-2024
258,MPC,Marathon Petroleum Corp,226407,05-02-2024
259,MKL,Markel Group Inc,9100,05-02-2024
260,MAR,Marriott International Inc,54535,05-02-2024
261,MMC,Marsh & McLennan Cos Inc,164264,05-02-2024
262,MLM,Martin Marietta Materials Inc,18598,05-02-2024
263,MAS,Masco Corp,265124,05-02-2024
264,MA,Mastercard Inc,194819,05-02-2024
265,MKC,McCormick & Co Inc,30440,05-02-2024
266,MCD,McDonalds Corp,121382,05-02-2024
267,MCK,McKesson Corp,46788,05-02-2024
268,MDT,Medtronic PLC,110515,05-02-2024
269,MRK,Merck & Co Inc,572413,05-02-2024
270,META,Meta Platforms Inc,603723,05-02-2024
271,MET,MetLife Inc,42482,05-02-2024
272,MTD,Mettler-Toledo International Inc,26187,05-02-2024
273,MCHP,Microchip Technology Inc,157703,05-02-2024
274,MU,Micron Technology Inc,135223,05-02-2024
275,MSFT,Microsoft Corp,1783830,05-02-2024
276,MSTR,MicroStrategy Inc,4904,05-02-2024
277,MAA,Mid-America Apartment Communities Inc,61146,05-02-2024
278,MOH,Molina Healthcare Inc,31646,05-02-2024
279,MDLZ,Mondelez International Inc,191877,05-02-2024
280,MDB,MongoDB Inc,6282,05-02-2024
281,MPWR,Monolithic Power Systems Inc,12328,05-02-2024
282,MNST,Monster Beverage Corp,209829,05-02-2024
283,MCO,Moodys Corp,82547,05-02-2024
284,MS,Morgan Stanley,176523,05-02-2024
285,MSI,Motorola Solutions Inc,79858,05-02-2024
286,NDAQ,Nasdaq Inc,65548,05-02-2024
287,NTAP,NetApp Inc,166338,05-02-2024
288,NFLX,Netflix Inc,58734,05-02-2024
289,NEE,NextEra Energy Inc,111813,05-02-2024
290,NKE,NIKE Inc,296960,05-02-2024
291,NI,NiSource Inc,168137,05-02-2024
292,NDSN,Nordson Corp,48814,05-02-2024
293,NSC,Norfolk Southern Corp,9976,05-02-2024
294,NTRS,Northern Trust Corp,102841,05-02-2024
295,NOC,Northrop Grumman Corp,12345,05-02-2024
296,NRG,NRG Energy Inc,85951,05-02-2024
297,NUE,Nucor Corp,108867,05-02-2024
298,NTNX,Nutanix Inc,228113,05-02-2024
299,NVDA,NVIDIA Corp,567250,05-02-2024
300,NVR,NVR Inc,1667,05-02-2024
301,OXY,Occidental Petroleum Corp,93848,05-02-2024
302,OKTA,Okta Inc,66196,05-02-2024
303,ODFL,Old Dominion Freight Line Inc,38549,05-02-2024
304,OMC,Omnicom Group Inc,115579,05-02-2024
305,ON,ON Semiconductor Corp,191211,05-02-2024
306,OKE,ONEOK Inc,143568,05-02-2024
307,ORCL,Oracle Corp,245549,05-02-2024
308,ORLY,OReilly Automotive Inc,38879,05-02-2024
309,OTIS,Otis Worldwide Corp,166631,05-02-2024
310,OVV,Ovintiv Inc,139006,05-02-2024
311,OC,Owens Corning,55522,05-02-2024
312,PCAR,PACCAR Inc,163712,05-02-2024
313,PKG,Packaging Corp of America,44118,05-02-2024
314,PLTR,Palantir Technologies Inc,151093,05-02-2024
315,PANW,Palo Alto Networks Inc,83227,05-02-2024
316,PH,Parker-Hannifin Corp,45255,05-02-2024
317,PAYX,Paychex Inc,77132,05-02-2024
318,PYPL,PayPal Holdings Inc,73378,05-02-2024
319,PEP,PepsiCo Inc,308026,05-02-2024
320,PFE,Pfizer Inc,422035,05-02-2024
321,PCG,PG&E Corp,314954,05-02-2024
322,PM,Philip Morris International Inc,334909,05-02-2024
323,PSX,Phillips 66,186290,05-02-2024
324,PINS,Pinterest Inc,703410,05-02-2024
325,PXD,Pioneer Natural Resources Co,28044,05-02-2024
326,PNC,PNC Financial Services Group Inc,46392,05-02-2024
327,POOL,Pool Corp,37234,05-02-2024
328,PPG,PPG Industries Inc,76436,05-02-2024
329,PPL,PPL Corp,247075,05-02-2024
330,PFG,Principal Financial Group Inc,271870,05-02-2024
331,PG,Procter & Gamble Co,457983,05-02-2024
332,PGR,Progressive Corp,108198,05-02-2024
333,PLD,Prologis Inc,28620,05-02-2024
334,PRU,Prudential Financial Inc,99098,05-02-2024
335,PTC,PTC Inc,102159,05-02-2024
336,PEG,Public Service Enterprise Group Inc,99642,05-02-2024
337,PSA,Public Storage,8892,05-02-2024
338,PHM,PulteGroup Inc,401343,05-02-2024
339,PSTG,Pure Storage Inc,273950,05-02-2024
340,QCOM,QUALCOMM Inc,276215,05-02-2024
341,PWR,Quanta Services Inc,40937,05-02-2024
342,DGX,Quest Diagnostics Inc,107870,05-02-2024
343,RJF,Raymond James Financial Inc,69475,05-02-2024
344,O,Realty Income Corp,80680,05-02-2024
345,REGN,Regeneron Pharmaceuticals Inc,36269,05-02-2024
346,RF,Regions Financial Corp,189662,05-02-2024
347,RS,Reliance Inc,52726,05-02-2024
348,RSG,Republic Services Inc,126125,05-02-2024
349,RMD,ResMed Inc,12540,05-02-2024
350,ROP,Roper Technologies Inc,49206,05-02-2024
351,ROST,Ross Stores Inc,95260,05-02-2024
352,RCL,Royal Caribbean Cruises Ltd,102251,05-02-2024
353,RPM,RPM International Inc,112612,05-02-2024
354,RTX,RTX Corp,185150,05-02-2024
355,SPGI,S&P Global Inc,29509,05-02-2024
356,SAIA,Saia Inc,8820,05-02-2024
357,CRM,Salesforce Inc,198418,05-02-2024
358,STX,Seagate Technology Holdings PLC,69276,05-02-2024
359,SRE,Sempra,90500,05-02-2024
360,NOW,ServiceNow Inc,48129,05-02-2024
361,SHW,Sherwin-Williams Co,86371,05-02-2024
362,SPG,Simon Property Group Inc,40121,05-02-2024
363,SWKS,Skyworks Solutions Inc,231420,05-02-2024
364,SNA,Snap-on Inc,35539,05-02-2024
365,SO,Southern Co,109234,05-02-2024
366,SSNC,SS&C Technologies Holdings Inc,408588,05-02-2024
367,SWK,Stanley Black & Decker Inc,284070,05-02-2024
368,SBUX,Starbucks Corp,81097,05-02-2024
369,STT,State Street Corp,310686,05-02-2024
370,STLD,Steel Dynamics Inc,138129,05-02-2024
371,STE,STERIS PLC,31431,05-02-2024
372,SYK,Stryker Corp,54866,05-02-2024
373,SUI,Sun Communities Inc,69851,05-02-2024
374,SMCI,Super Micro Computer Inc,21977,05-02-2024
375,SYF,Synchrony Financial,969319,05-02-2024
376,SNPS,Synopsys Inc,61044,05-02-2024
377,SYY,Sysco Corp,316120,05-02-2024
378,TROW,T Rowe Price Group Inc,46119,05-02-2024
379,TMUS,T-Mobile US Inc,130134,05-02-2024
380,TTWO,Take-Two Interactive Software Inc,56368,05-02-2024
381,TRGP,Targa Resources Corp,75059,05-02-2024
382,TGT,Target Corp,152444,05-02-2024
383,TDY,Teledyne Technologies Inc,31241,05-02-2024
384,TER,Teradyne Inc,136565,05-02-2024
385,TSLA,Tesla Inc,353124,05-02-2024
386,TXN,Texas Instruments Inc,180405,05-02-2024
387,TXT,Textron Inc,277887,05-02-2024
388,TMO,Thermo Fisher Scientific Inc,55068,05-02-2024
389,TJX,TJX Cos Inc,423164,05-02-2024
390,TSCO,Tractor Supply Co,106069,05-02-2024
391,TTD,Trade Desk Inc,27599,05-02-2024
392,TT,Trane Technologies PLC,51224,05-02-2024
393,TDG,TransDigm Group Inc,13023,05-02-2024
394,TRV,Travelers Cos Inc,60970,05-02-2024
395,TRMB,Trimble Inc,96913,05-02-2024
396,TYL,Tyler Technologies Inc,13350,05-02-2024
397,TSN,Tyson Foods Inc,169734,05-02-2024
398,UBER,Uber Technologies Inc,252187,05-02-2024
399,ULTA,Ulta Beauty Inc,65642,05-02-2024
400,UNP,Union Pacific Corp,33786,05-02-2024
401,UPS,United Parcel Service Inc,21574,05-02-2024
402,URI,United Rentals Inc,11361,05-02-2024
403,UNH,UnitedHealth Group Inc,197296,05-02-2024
404,USB,US Bancorp,114615,05-02-2024
405,VLO,Valero Energy Corp,238819,05-02-2024
406,VTR,Ventas Inc,68228,05-02-2024
407,VLTO,Veralto Corp,93072,05-02-2024
408,VRSN,VeriSign Inc,175701,05-02-2024
409,VRSK,Verisk Analytics Inc,59401,05-02-2024
410,VZ,Verizon Communications Inc,592402,05-02-2024
411,VRTX,Vertex Pharmaceuticals Inc,75916,05-02-2024
412,VRT,Vertiv Holdings Co,161589,05-02-2024
413,VTRS,Viatris Inc,4514923,05-02-2024
414,VICI,VICI Properties Inc,423558,05-02-2024
415,V,Visa Inc,321712,05-02-2024
416,VST,Vistra Corp,143488,05-02-2024
417,VMC,Vulcan Materials Co,50746,05-02-2024
418,WRB,W R Berkley Corp,144184,05-02-2024
419,WMT,Walmart Inc,1547413,05-02-2024
420,DIS,Walt Disney Co,183057,05-02-2024
421,WBD,Warner Bros Discovery Inc,4119041,05-02-2024
422,WM,Waste Management Inc,105220,05-02-2024
423,WAT,Waters Corp,39198,05-02-2024
424,WSO,Watsco Inc,20139,05-02-2024
425,WEC,WEC Energy Group Inc,68016,05-02-2024
426,WFC,Wells Fargo & Co,580581,05-02-2024
427,WELL,Welltower Inc,48583,05-02-2024
428,WST,West Pharmaceutical Services Inc,14447,05-02-2024
429,WDC,Western Digital Corp,109103,05-02-2024
430,WAB,Westinghouse Air Brake Technologies Corp,161071,05-02-2024
431,WY,Weyerhaeuser Co,166728,05-02-2024
432,WMB,Williams Cos Inc,468455,05-02-2024
433,WSM,Williams-Sonoma Inc,38460,05-02-2024
434,WTW,Willis Towers Watson PLC,13709,05-02-2024
435,WDAY,Workday Inc,27208,05-02-2024
436,WPC,WP Carey Inc,41088,05-02-2024
437,GWW,WW Grainger Inc,51196,05-02-2024
438,XEL,Xcel Energy Inc,41813,05-02-2024
439,XPO,XPO Inc,47885,05-02-2024
440,XYL,Xylem Inc,84117,05-02-2024
441,YUM,Yum! Brands Inc,236534,05-02-2024
442,ZBRA,Zebra Technologies Corp,7863,05-02-2024
443,ZBH,Zimmer Biomet Holdings Inc,70265,05-02-2024
444,ZTS,Zoetis Inc,113597,05-02-2024
445,ZM,Zoom Video Communications Inc,283914,05-02-2024
446,ZS,Zscaler Inc,25038,05-02-2024
447,USD,USD U.S. DOLLAR,0,05-02-2024
