,Ticker,Name,Shares,Date
0,MMM,3M Co,127169,04-24-2024
1,ABT,Abbott Laboratories,292870,04-24-2024
2,ABBV,AbbVie Inc,423208,04-24-2024
3,ACN,Accenture PLC,232118,04-24-2024
4,ADBE,Adobe Inc,127870,04-24-2024
5,AMD,Advanced Micro Devices Inc,289593,04-24-2024
6,AFL,Aflac Inc,206728,04-24-2024
7,A,Agilent Technologies Inc,109953,04-24-2024
8,APD,Air Products and Chemicals Inc,35592,04-24-2024
9,ABNB,Airbnb Inc,17354,04-24-2024
10,AKAM,Akamai Technologies Inc,121313,04-24-2024
11,ARE,Alexandria Real Estate Equities Inc,47041,04-24-2024
12,ALGN,Align Technology Inc,33837,04-24-2024
13,LNT,Alliant Energy Corp,163413,04-24-2024
14,ALL,Allstate Corp,35884,04-24-2024
15,GOOGL,Alphabet Inc,1404504,04-24-2024
16,GOOG,Alphabet Inc,1325864,04-24-2024
17,MO,Altria Group Inc,460977,04-24-2024
18,AMZN,Amazon.com Inc,2008871,04-24-2024
19,AEE,Ameren Corp,114390,04-24-2024
20,AEP,American Electric Power Co Inc,136027,04-24-2024
21,AXP,American Express Co,98555,04-24-2024
22,AIG,American International Group Inc,438539,04-24-2024
23,AMT,American Tower Corp,29255,04-24-2024
24,AWK,American Water Works Co Inc,38825,04-24-2024
25,AMP,Ameriprise Financial Inc,50552,04-24-2024
26,AME,AMETEK Inc,93917,04-24-2024
27,AMGN,Amgen Inc,145899,04-24-2024
28,APH,Amphenol Corp,148477,04-24-2024
29,ADI,Analog Devices Inc,102855,04-24-2024
30,ANSS,ANSYS Inc,12835,04-24-2024
31,AON,Aon PLC,34710,04-24-2024
32,APA,APA Corp,214081,04-24-2024
33,APO,Apollo Global Management Inc,169878,04-24-2024
34,AAPL,Apple Inc,3561572,04-24-2024
35,AMAT,Applied Materials Inc,282083,04-24-2024
36,ACGL,Arch Capital Group Ltd,230639,04-24-2024
37,ADM,Archer-Daniels-Midland Co,223444,04-24-2024
38,ARES,Ares Management Corp,51249,04-24-2024
39,ANET,Arista Networks Inc,90414,04-24-2024
40,AJG,Arthur J Gallagher & Co,94497,04-24-2024
41,T,AT&T Inc,1583551,04-24-2024
42,TEAM,Atlassian Corp,75690,04-24-2024
43,ATO,Atmos Energy Corp,81840,04-24-2024
44,ADSK,Autodesk Inc,93134,04-24-2024
45,ADP,Automatic Data Processing Inc,39091,04-24-2024
46,AZO,AutoZone Inc,13685,04-24-2024
47,AVB,AvalonBay Communities Inc,29342,04-24-2024
48,AVTR,Avantor Inc,335146,04-24-2024
49,AVY,Avery Dennison Corp,21210,04-24-2024
50,AXON,Axon Enterprise Inc,35694,04-24-2024
51,BAC,Bank of America Corp,1126207,04-24-2024
52,BK,Bank of New York Mellon Corp,474226,04-24-2024
53,BDX,Becton Dickinson & Co,35527,04-24-2024
54,BRK/B,Berkshire Hathaway Inc,270328,04-24-2024
55,BBY,Best Buy Co Inc,291250,04-24-2024
56,BIIB,Biogen Inc,58032,04-24-2024
57,BLK,BlackRock Inc,9719,04-24-2024
58,BX,Blackstone Inc,28183,04-24-2024
59,BA,Boeing Co,57937,04-24-2024
60,BKNG,Booking Holdings Inc,11858,04-24-2024
61,BAH,Booz Allen Hamilton Holding Corp,109577,04-24-2024
62,BSX,Boston Scientific Corp,347980,04-24-2024
63,BMY,Bristol-Myers Squibb Co,631718,04-24-2024
64,AVGO,Broadcom Inc,88897,04-24-2024
65,BR,Broadridge Financial Solutions Inc,55258,04-24-2024
66,BRO,Brown & Brown Inc,97770,04-24-2024
67,BF/B,Brown-Forman Corp,197247,04-24-2024
68,BLDR,Builders FirstSource Inc,359505,04-24-2024
69,BG,Bunge Global SA,84507,04-24-2024
70,CDNS,Cadence Design Systems Inc,175981,04-24-2024
71,CPT,Camden Property Trust,85919,04-24-2024
72,COF,Capital One Financial Corp,332878,04-24-2024
73,CAH,Cardinal Health Inc,179719,04-24-2024
74,CSL,Carlisle Cos Inc,31908,04-24-2024
75,CCL,Carnival Corp,531584,04-24-2024
76,CARR,Carrier Global Corp,286674,04-24-2024
77,CAT,Caterpillar Inc,57805,04-24-2024
78,CBOE,Cboe Global Markets Inc,77173,04-24-2024
79,CBRE,CBRE Group Inc,139536,04-24-2024
80,CDW,CDW Corp,41893,04-24-2024
81,COR,Cencora Inc,86264,04-24-2024
82,CNC,Centene Corp,482954,04-24-2024
83,CNP,CenterPoint Energy Inc,349591,04-24-2024
84,CF,CF Industries Holdings Inc,73986,04-24-2024
85,SCHW,Charles Schwab Corp,165496,04-24-2024
86,CHTR,Charter Communications Inc,29424,04-24-2024
87,LNG,Cheniere Energy Inc,56706,04-24-2024
88,CVX,Chevron Corp,176361,04-24-2024
89,CMG,Chipotle Mexican Grill Inc,4881,04-24-2024
90,CB,Chubb Ltd,66456,04-24-2024
91,CHD,Church & Dwight Co Inc,139748,04-24-2024
92,CI,Cigna Group,128693,04-24-2024
93,CINF,Cincinnati Financial Corp,27139,04-24-2024
94,CTAS,Cintas Corp,56158,04-24-2024
95,CSCO,Cisco Systems Inc,971381,04-24-2024
96,C,Citigroup Inc,604644,04-24-2024
97,CFG,Citizens Financial Group Inc,241147,04-24-2024
98,CLX,Clorox Co,129925,04-24-2024
99,CME,CME Group Inc,72184,04-24-2024
100,CMS,CMS Energy Corp,110440,04-24-2024
101,KO,Coca-Cola Co,602620,04-24-2024
102,CTSH,Cognizant Technology Solutions Corp,282725,04-24-2024
103,CL,Colgate-Palmolive Co,358700,04-24-2024
104,CMCSA,Comcast Corp,1253661,04-24-2024
105,CAG,Conagra Brands Inc,678704,04-24-2024
106,COP,ConocoPhillips,164637,04-24-2024
107,ED,Consolidated Edison Inc,157032,04-24-2024
108,STZ,Constellation Brands Inc,46975,04-24-2024
109,CEG,Constellation Energy Corp,116415,04-24-2024
110,COO,Cooper Cos Inc,50686,04-24-2024
111,CPRT,Copart Inc,262617,04-24-2024
112,GLW,Corning Inc,175465,04-24-2024
113,CPAY,Corpay Inc,24289,04-24-2024
114,COST,Costco Wholesale Corp,134916,04-24-2024
115,CRWD,Crowdstrike Holdings Inc,35853,04-24-2024
116,CCI,Crown Castle Inc,27769,04-24-2024
117,CSX,CSX Corp,205066,04-24-2024
118,CMI,Cummins Inc,33811,04-24-2024
119,CVS,CVS Health Corp,617366,04-24-2024
120,DHR,Danaher Corp,116160,04-24-2024
121,DRI,Darden Restaurants Inc,67276,04-24-2024
122,DDOG,Datadog Inc,43888,04-24-2024
123,DECK,Deckers Outdoor Corp,32316,04-24-2024
124,DE,Deere & Co,35066,04-24-2024
125,DELL,Dell Technologies Inc,115582,04-24-2024
126,DAL,Delta Air Lines Inc,358793,04-24-2024
127,DVN,Devon Energy Corp,173527,04-24-2024
128,DXCM,Dexcom Inc,63902,04-24-2024
129,FANG,Diamondback Energy Inc,16862,04-24-2024
130,DFS,Discover Financial Services,183179,04-24-2024
131,DG,Dollar General Corp,106387,04-24-2024
132,DLTR,Dollar Tree Inc,134527,04-24-2024
133,D,Dominion Energy Inc,142556,04-24-2024
134,DPZ,Dominos Pizza Inc,29274,04-24-2024
135,DASH,DoorDash Inc,70936,04-24-2024
136,DOV,Dover Corp,63906,04-24-2024
137,DOW,Dow Inc,130850,04-24-2024
138,DHI,DR Horton Inc,199760,04-24-2024
139,DKNG,DraftKings Inc,180360,04-24-2024
140,DTE,DTE Energy Co,78379,04-24-2024
141,DUK,Duke Energy Corp,131492,04-24-2024
142,DD,DuPont de Nemours Inc,38482,04-24-2024
143,ETN,Eaton Corp PLC,75691,04-24-2024
144,EBAY,eBay Inc,349667,04-24-2024
145,ECL,Ecolab Inc,56932,04-24-2024
146,EIX,Edison International,176641,04-24-2024
147,EW,Edwards Lifesciences Corp,277908,04-24-2024
148,EA,Electronic Arts Inc,153630,04-24-2024
149,ELV,Elevance Health Inc,58927,04-24-2024
150,LLY,Eli Lilly & Co,218652,04-24-2024
151,EMR,Emerson Electric Co,116548,04-24-2024
152,ENPH,Enphase Energy Inc,51025,04-24-2024
153,ETR,Entergy Corp,72048,04-24-2024
154,EOG,EOG Resources Inc,109431,04-24-2024
155,EPAM,EPAM Systems Inc,35843,04-24-2024
156,EQT,EQT Corp,300646,04-24-2024
157,EQIX,Equinix Inc,10042,04-24-2024
158,ELS,Equity LifeStyle Properties Inc,33046,04-24-2024
159,EQR,Equity Residential,111590,04-24-2024
160,ESS,Essex Property Trust Inc,28239,04-24-2024
161,EL,Estee Lauder Cos Inc,112062,04-24-2024
162,EG,Everest Group Ltd,26269,04-24-2024
163,EVRG,Evergy Inc,167459,04-24-2024
164,ES,Eversource Energy,81024,04-24-2024
165,EXC,Exelon Corp,390034,04-24-2024
166,EXPE,Expedia Group Inc,164697,04-24-2024
167,EXPD,Expeditors International of Washington Inc,98824,04-24-2024
168,XOM,Exxon Mobil Corp,791510,04-24-2024
169,FDS,FactSet Research Systems Inc,25575,04-24-2024
170,FICO,Fair Isaac Corp,23478,04-24-2024
171,FAST,Fastenal Co,593693,04-24-2024
172,FDX,FedEx Corp,108986,04-24-2024
173,FCNCA,First Citizens BancShares Inc,7461,04-24-2024
174,FE,FirstEnergy Corp,244322,04-24-2024
175,FI,Fiserv Inc,107807,04-24-2024
176,F,Ford Motor Co,821403,04-24-2024
177,FTNT,Fortinet Inc,486036,04-24-2024
178,FTV,Fortive Corp,121114,04-24-2024
179,GLPI,Gaming and Leisure Properties Inc,178931,04-24-2024
180,GRMN,Garmin Ltd,98441,04-24-2024
181,IT,Gartner Inc,62782,04-24-2024
182,GEHC,GE HealthCare Technologies Inc,54888,04-24-2024
183,GEV,GE Vernova Inc,57440,04-24-2024
184,GEN,Gen Digital Inc,537334,04-24-2024
185,GD,General Dynamics Corp,75669,04-24-2024
186,GE,General Electric Co,229809,04-24-2024
187,GIS,General Mills Inc,209790,04-24-2024
188,GPC,Genuine Parts Co,163566,04-24-2024
189,GILD,Gilead Sciences Inc,353248,04-24-2024
190,GDDY,GoDaddy Inc,142171,04-24-2024
191,GGG,Graco Inc,49771,04-24-2024
192,HIG,Hartford Financial Services Group Inc,160911,04-24-2024
193,HCA,HCA Healthcare Inc,46299,04-24-2024
194,HSY,Hershey Co,128393,04-24-2024
195,HPE,Hewlett Packard Enterprise Co,2353147,04-24-2024
196,HLT,Hilton Worldwide Holdings Inc,49620,04-24-2024
197,HOLX,Hologic Inc,129171,04-24-2024
198,HD,Home Depot Inc,284388,04-24-2024
199,HON,Honeywell International Inc,95457,04-24-2024
200,HST,Host Hotels & Resorts Inc,1041653,04-24-2024
201,HWM,Howmet Aerospace Inc,227292,04-24-2024
202,HPQ,HP Inc,360865,04-24-2024
203,HUBB,Hubbell Inc,43363,04-24-2024
204,HUBS,HubSpot Inc,27113,04-24-2024
205,HUM,Humana Inc,53453,04-24-2024
206,IEX,IDEX Corp,32895,04-24-2024
207,IDXX,IDEXX Laboratories Inc,60415,04-24-2024
208,ITW,Illinois Tool Works Inc,91491,04-24-2024
209,INCY,Incyte Corp,263166,04-24-2024
210,IR,Ingersoll Rand Inc,114017,04-24-2024
211,PODD,Insulet Corp,27808,04-24-2024
212,INTC,Intel Corp,535692,04-24-2024
213,ICE,Intercontinental Exchange Inc,103718,04-24-2024
214,IBM,International Business Machines Corp,272995,04-24-2024
215,IP,International Paper Co,305038,04-24-2024
216,IPG,Interpublic Group of Cos Inc,227823,04-24-2024
217,INTU,Intuit Inc,63022,04-24-2024
218,ISRG,Intuitive Surgical Inc,45355,04-24-2024
219,INVH,Invitation Homes Inc,143344,04-24-2024
220,IQV,IQVIA Holdings Inc,51805,04-24-2024
221,IRM,Iron Mountain Inc,83066,04-24-2024
222,SJM,J M Smucker Co,139754,04-24-2024
223,JBL,Jabil Inc,61241,04-24-2024
224,JKHY,Jack Henry & Associates Inc,54232,04-24-2024
225,J,Jacobs Solutions Inc,49829,04-24-2024
226,JBHT,JB Hunt Transport Services Inc,15800,04-24-2024
227,JNJ,Johnson & Johnson,560328,04-24-2024
228,JCI,Johnson Controls International plc,112035,04-24-2024
229,JPM,JPMorgan Chase & Co,550016,04-24-2024
230,ESM24,JUN 24 EMINI S&P 500,19,04-24-2024
231,K,Kellanova,154461,04-24-2024
232,KVUE,Kenvue Inc,685322,04-24-2024
233,KDP,Keurig Dr Pepper Inc,464716,04-24-2024
234,KEY,KeyCorp,252701,04-24-2024
235,KEYS,Keysight Technologies Inc,74390,04-24-2024
236,KMB,Kimberly-Clark Corp,141675,04-24-2024
237,KIM,Kimco Realty Corp,110954,04-24-2024
238,KMI,Kinder Morgan Inc,464921,04-24-2024
239,KKR,KKR & Co Inc,66762,04-24-2024
240,KLAC,KLA Corp,41418,04-24-2024
241,KHC,Kraft Heinz Co,484606,04-24-2024
242,KR,Kroger Co,1100976,04-24-2024
243,LHX,L3Harris Technologies Inc,66207,04-24-2024
244,LH,Laboratory Corp of America Holdings,52024,04-24-2024
245,LRCX,Lam Research Corp,60756,04-24-2024
246,LW,Lamb Weston Holdings Inc,94663,04-24-2024
247,LVS,Las Vegas Sands Corp,92619,04-24-2024
248,LSCC,Lattice Semiconductor Corp,168329,04-24-2024
249,LDOS,Leidos Holdings Inc,173071,04-24-2024
250,LEN,Lennar Corp,325641,04-24-2024
251,LII,Lennox International Inc,31723,04-24-2024
252,LIN,Linde PLC,66263,04-24-2024
253,LKQ,LKQ Corp,730699,04-24-2024
254,LMT,Lockheed Martin Corp,40489,04-24-2024
255,L,Loews Corp,114223,04-24-2024
256,LOW,Lowes Cos Inc,213846,04-24-2024
257,LPLA,LPL Financial Holdings Inc,37073,04-24-2024
258,LYB,LyondellBasell Industries NV,31469,04-24-2024
259,MTB,M&T Bank Corp,25755,04-24-2024
260,MANH,Manhattan Associates Inc,83946,04-24-2024
261,MRO,Marathon Oil Corp,299066,04-24-2024
262,MPC,Marathon Petroleum Corp,248953,04-24-2024
263,MKL,Markel Group Inc,6587,04-24-2024
264,MAR,Marriott International Inc,49679,04-24-2024
265,MMC,Marsh & McLennan Cos Inc,150161,04-24-2024
266,MLM,Martin Marietta Materials Inc,10812,04-24-2024
267,MAS,Masco Corp,195362,04-24-2024
268,MA,Mastercard Inc,172437,04-24-2024
269,MKC,McCormick & Co Inc,85770,04-24-2024
270,MCD,McDonalds Corp,138376,04-24-2024
271,MCK,McKesson Corp,50834,04-24-2024
272,MDT,Medtronic PLC,110515,04-24-2024
273,MRK,Merck & Co Inc,595810,04-24-2024
274,META,Meta Platforms Inc,591186,04-24-2024
275,MET,MetLife Inc,58393,04-24-2024
276,MTD,Mettler-Toledo International Inc,22013,04-24-2024
277,MGM,MGM Resorts International,548251,04-24-2024
278,MCHP,Microchip Technology Inc,138079,04-24-2024
279,MU,Micron Technology Inc,123544,04-24-2024
280,MSFT,Microsoft Corp,1746630,04-24-2024
281,MAA,Mid-America Apartment Communities Inc,42161,04-24-2024
282,MOH,Molina Healthcare Inc,22042,04-24-2024
283,MDLZ,Mondelez International Inc,297392,04-24-2024
284,MDB,MongoDB Inc,10390,04-24-2024
285,MPWR,Monolithic Power Systems Inc,15187,04-24-2024
286,MNST,Monster Beverage Corp,401330,04-24-2024
287,MCO,Moodys Corp,76984,04-24-2024
288,MS,Morgan Stanley,126890,04-24-2024
289,MOS,Mosaic Co,680262,04-24-2024
290,MSI,Motorola Solutions Inc,82980,04-24-2024
291,NDAQ,Nasdaq Inc,107963,04-24-2024
292,NTAP,NetApp Inc,166338,04-24-2024
293,NFLX,Netflix Inc,51286,04-24-2024
294,NEE,NextEra Energy Inc,243711,04-24-2024
295,NKE,NIKE Inc,308545,04-24-2024
296,NI,NiSource Inc,128603,04-24-2024
297,NSC,Norfolk Southern Corp,26756,04-24-2024
298,NTRS,Northern Trust Corp,29372,04-24-2024
299,NOC,Northrop Grumman Corp,28513,04-24-2024
300,NUE,Nucor Corp,91159,04-24-2024
301,NVDA,NVIDIA Corp,537049,04-24-2024
302,NVR,NVR Inc,1475,04-24-2024
303,OXY,Occidental Petroleum Corp,51599,04-24-2024
304,OKTA,Okta Inc,52670,04-24-2024
305,ODFL,Old Dominion Freight Line Inc,60654,04-24-2024
306,OMC,Omnicom Group Inc,115579,04-24-2024
307,ON,ON Semiconductor Corp,251751,04-24-2024
308,OKE,ONEOK Inc,114832,04-24-2024
309,ORCL,Oracle Corp,264555,04-24-2024
310,ORLY,OReilly Automotive Inc,44945,04-24-2024
311,OTIS,Otis Worldwide Corp,91241,04-24-2024
312,PCAR,PACCAR Inc,163712,04-24-2024
313,PKG,Packaging Corp of America,33375,04-24-2024
314,PLTR,Palantir Technologies Inc,206402,04-24-2024
315,PANW,Palo Alto Networks Inc,100621,04-24-2024
316,PH,Parker-Hannifin Corp,50985,04-24-2024
317,PAYX,Paychex Inc,92108,04-24-2024
318,PEP,PepsiCo Inc,342129,04-24-2024
319,PFE,Pfizer Inc,813349,04-24-2024
320,PCG,PG&E Corp,726828,04-24-2024
321,PM,Philip Morris International Inc,411563,04-24-2024
322,PSX,Phillips 66,186290,04-24-2024
323,PINS,Pinterest Inc,331956,04-24-2024
324,PXD,Pioneer Natural Resources Co,33726,04-24-2024
325,PNC,PNC Financial Services Group Inc,39478,04-24-2024
326,POOL,Pool Corp,45975,04-24-2024
327,PPG,PPG Industries Inc,38480,04-24-2024
328,PPL,PPL Corp,207268,04-24-2024
329,PFG,Principal Financial Group Inc,317933,04-24-2024
330,PG,Procter & Gamble Co,467354,04-24-2024
331,PGR,Progressive Corp,113461,04-24-2024
332,PLD,Prologis Inc,42306,04-24-2024
333,PRU,Prudential Financial Inc,61280,04-24-2024
334,PTC,PTC Inc,57101,04-24-2024
335,PEG,Public Service Enterprise Group Inc,145039,04-24-2024
336,PSA,Public Storage,20714,04-24-2024
337,PHM,PulteGroup Inc,446395,04-24-2024
338,QCOM,QUALCOMM Inc,253546,04-24-2024
339,PWR,Quanta Services Inc,53084,04-24-2024
340,DGX,Quest Diagnostics Inc,72981,04-24-2024
341,RJF,Raymond James Financial Inc,28973,04-24-2024
342,O,Realty Income Corp,138771,04-24-2024
343,REGN,Regeneron Pharmaceuticals Inc,38983,04-24-2024
344,RS,Reliance Inc,41154,04-24-2024
345,RSG,Republic Services Inc,119938,04-24-2024
346,ROP,Roper Technologies Inc,39600,04-24-2024
347,ROST,Ross Stores Inc,80999,04-24-2024
348,RCL,Royal Caribbean Cruises Ltd,114921,04-24-2024
349,RPRX,Royalty Pharma PLC,358961,04-24-2024
350,RPM,RPM International Inc,61233,04-24-2024
351,RTX,RTX Corp,220869,04-24-2024
352,SPGI,S&P Global Inc,29509,04-24-2024
353,CRM,Salesforce Inc,193814,04-24-2024
354,STX,Seagate Technology Holdings PLC,44420,04-24-2024
355,SRE,Sempra,186374,04-24-2024
356,NOW,ServiceNow Inc,48129,04-24-2024
357,SHW,Sherwin-Williams Co,73747,04-24-2024
358,SPG,Simon Property Group Inc,29185,04-24-2024
359,SWKS,Skyworks Solutions Inc,177499,04-24-2024
360,SNA,Snap-on Inc,29672,04-24-2024
361,SNOW,Snowflake Inc,11169,04-24-2024
362,SOLV,Solventum Corp,31763,04-24-2024
363,SO,Southern Co,220604,04-24-2024
364,SSNC,SS&C Technologies Holdings Inc,389083,04-24-2024
365,SWK,Stanley Black & Decker Inc,378075,04-24-2024
366,SBUX,Starbucks Corp,172025,04-24-2024
367,STT,State Street Corp,286270,04-24-2024
368,STLD,Steel Dynamics Inc,138129,04-24-2024
369,STE,STERIS PLC,17882,04-24-2024
370,SYK,Stryker Corp,58665,04-24-2024
371,SUI,Sun Communities Inc,81928,04-24-2024
372,SMCI,Super Micro Computer Inc,25639,04-24-2024
373,SYF,Synchrony Financial,1053484,04-24-2024
374,SNPS,Synopsys Inc,67981,04-24-2024
375,SYY,Sysco Corp,269218,04-24-2024
376,TMUS,T-Mobile US Inc,122656,04-24-2024
377,TTWO,Take-Two Interactive Software Inc,43201,04-24-2024
378,TRGP,Targa Resources Corp,38542,04-24-2024
379,TGT,Target Corp,166467,04-24-2024
380,TDY,Teledyne Technologies Inc,20584,04-24-2024
381,TER,Teradyne Inc,125808,04-24-2024
382,TSLA,Tesla Inc,369946,04-24-2024
383,TXN,Texas Instruments Inc,206146,04-24-2024
384,TXT,Textron Inc,328926,04-24-2024
385,TMO,Thermo Fisher Scientific Inc,56928,04-24-2024
386,TJX,TJX Cos Inc,379545,04-24-2024
387,TSCO,Tractor Supply Co,136723,04-24-2024
388,TT,Trane Technologies PLC,58630,04-24-2024
389,TDG,TransDigm Group Inc,13914,04-24-2024
390,TRV,Travelers Cos Inc,51081,04-24-2024
391,TRMB,Trimble Inc,78368,04-24-2024
392,TYL,Tyler Technologies Inc,8023,04-24-2024
393,TSN,Tyson Foods Inc,290618,04-24-2024
394,UBER,Uber Technologies Inc,216045,04-24-2024
395,UDR,UDR Inc,112511,04-24-2024
396,ULTA,Ulta Beauty Inc,57515,04-24-2024
397,UNP,Union Pacific Corp,38390,04-24-2024
398,UPS,United Parcel Service Inc,56490,04-24-2024
399,URI,United Rentals Inc,11361,04-24-2024
400,UNH,UnitedHealth Group Inc,205979,04-24-2024
401,VLO,Valero Energy Corp,248016,04-24-2024
402,VEEV,Veeva Systems Inc,16278,04-24-2024
403,VTR,Ventas Inc,127361,04-24-2024
404,VLTO,Veralto Corp,80642,04-24-2024
405,VRSN,VeriSign Inc,95916,04-24-2024
406,VRSK,Verisk Analytics Inc,53003,04-24-2024
407,VZ,Verizon Communications Inc,458704,04-24-2024
408,VRTX,Vertex Pharmaceuticals Inc,90233,04-24-2024
409,VRT,Vertiv Holdings Co,161589,04-24-2024
410,VTRS,Viatris Inc,5123994,04-24-2024
411,VICI,VICI Properties Inc,365412,04-24-2024
412,V,Visa Inc,297130,04-24-2024
413,VMC,Vulcan Materials Co,38020,04-24-2024
414,WRB,W R Berkley Corp,120841,04-24-2024
415,WBA,Walgreens Boots Alliance Inc,313724,04-24-2024
416,WMT,Walmart Inc,1575145,04-24-2024
417,DIS,Walt Disney Co,146599,04-24-2024
418,WBD,Warner Bros Discovery Inc,4375028,04-24-2024
419,WM,Waste Management Inc,93556,04-24-2024
420,WAT,Waters Corp,48849,04-24-2024
421,WSO,Watsco Inc,17465,04-24-2024
422,WEC,WEC Energy Group Inc,164670,04-24-2024
423,WFC,Wells Fargo & Co,560233,04-24-2024
424,WELL,Welltower Inc,83423,04-24-2024
425,WST,West Pharmaceutical Services Inc,23030,04-24-2024
426,WDC,Western Digital Corp,63325,04-24-2024
427,WAB,Westinghouse Air Brake Technologies Corp,187023,04-24-2024
428,WY,Weyerhaeuser Co,166728,04-24-2024
429,WMB,Williams Cos Inc,268372,04-24-2024
430,WTW,Willis Towers Watson PLC,26542,04-24-2024
431,WDAY,Workday Inc,34911,04-24-2024
432,WPC,WP Carey Inc,93558,04-24-2024
433,GWW,WW Grainger Inc,47963,04-24-2024
434,XEL,Xcel Energy Inc,144859,04-24-2024
435,XYL,Xylem Inc,65235,04-24-2024
436,YUM,Yum! Brands Inc,205087,04-24-2024
437,ZBRA,Zebra Technologies Corp,18834,04-24-2024
438,ZBH,Zimmer Biomet Holdings Inc,70265,04-24-2024
439,ZTS,Zoetis Inc,130413,04-24-2024
440,ZM,Zoom Video Communications Inc,243205,04-24-2024
441,ZS,Zscaler Inc,9404,04-24-2024
442,--,USD U.S. DOLLAR,0,04-24-2024
