,Ticker,Name,Shares,Date
0,FLWS,1-800-Flowers.com Inc,20562,01-05-2024
1,SRCE,1st Source Corp,3783,01-05-2024
2,TWOU,2U Inc,27731,01-05-2024
3,FDMT,4D Molecular Therapeutics Inc,3538,01-05-2024
4,EGHT,8x8 Inc,111387,01-05-2024
5,AMRK,A-Mark Precious Metals Inc,13288,01-05-2024
6,ATEN,A10 Networks Inc,46724,01-05-2024
7,AAON,AAON Inc,12187,01-05-2024
8,AIR,AAR Corp,7437,01-05-2024
9,AAN,Aarons Co Inc,19768,01-05-2024
10,ANF,Abercrombie & Fitch Co,15772,01-05-2024
11,ABM,ABM Industries Inc,12791,01-05-2024
12,ASO,Academy Sports & Outdoors Inc,13403,01-05-2024
13,ACAD,ACADIA Pharmaceuticals Inc,40533,01-05-2024
14,AKR,Acadia Realty Trust,19045,01-05-2024
15,ACCO,ACCO Brands Corp,27842,01-05-2024
16,ACIW,ACI Worldwide Inc,19839,01-05-2024
17,ACMR,ACM Research Inc,5569,01-05-2024
18,ACNB,ACNB Corp,1315,01-05-2024
19,GOLF,Acushnet Holdings Corp,10333,01-05-2024
20,ACVA,ACV Auctions Inc,15014,01-05-2024
21,AHCO,AdaptHealth Corp,19680,01-05-2024
22,ADUS,Addus HomeCare Corp,3695,01-05-2024
23,ADEA,Adeia Inc,34840,01-05-2024
24,ADNT,Adient PLC,13915,01-05-2024
25,ADMA,ADMA Biologics Inc,35945,01-05-2024
26,ATGE,Adtalem Global Education Inc,12497,01-05-2024
27,AEIS,Advanced Energy Industries Inc,7135,01-05-2024
28,ASIX,AdvanSix Inc,9164,01-05-2024
29,AEHR,Aehr Test Systems,6707,01-05-2024
30,AVAV,AeroVironment Inc,2815,01-05-2024
31,ASLE,AerSale Corp,1156,01-05-2024
32,AGYS,Agilysys Inc,8905,01-05-2024
33,ALG,Alamo Group Inc,3219,01-05-2024
34,ALRM,Alarm.com Holdings Inc,10279,01-05-2024
35,AIN,Albany International Corp,3807,01-05-2024
36,ALEX,Alexander & Baldwin Inc,28398,01-05-2024
37,ALX,Alexanders Inc,549,01-05-2024
38,ALIT,Alight Inc,43955,01-05-2024
39,ALHC,Alignment Healthcare Inc,17273,01-05-2024
40,ALKT,Alkami Technology Inc,4232,01-05-2024
41,ALKS,Alkermes PLC,52418,01-05-2024
42,ALE,ALLETE Inc,12773,01-05-2024
43,ALNT,Allient Inc,11038,01-05-2024
44,AOSL,Alpha & Omega Semiconductor Ltd,10308,01-05-2024
45,AMR,Alpha Metallurgical Resources Inc,5894,01-05-2024
46,ATEC,Alphatec Holdings Inc,18245,01-05-2024
47,PINE,Alpine Income Property Trust Inc,5775,01-05-2024
48,ALTG,Alta Equipment Group Inc,4183,01-05-2024
49,ALTR,Altair Engineering Inc,10155,01-05-2024
50,AMAL,Amalgamated Financial Corp,5699,01-05-2024
51,AMBC,Ambac Financial Group Inc,26931,01-05-2024
52,AMBA,Ambarella Inc,4219,01-05-2024
53,AMCX,AMC Networks Inc,9441,01-05-2024
54,AMTB,Amerant Bancorp Inc,4972,01-05-2024
55,AAT,American Assets Trust Inc,10850,01-05-2024
56,AXL,American Axle & Manufacturing Holdings Inc,36791,01-05-2024
57,AEO,American Eagle Outfitters Inc,28704,01-05-2024
58,AEL,American Equity Investment Life Holding Co,25481,01-05-2024
59,AMNB,American National Bankshares Inc,4328,01-05-2024
60,AMSWA,American Software Inc,12054,01-05-2024
61,AWR,American States Water Co,9769,01-05-2024
62,AVD,American Vanguard Corp,19238,01-05-2024
63,AMWD,American Woodmark Corp,4294,01-05-2024
64,ABCB,Ameris Bancorp,14518,01-05-2024
65,AMSF,AMERISAFE Inc,6938,01-05-2024
66,ATLO,Ames National Corp,4640,01-05-2024
67,FOLD,Amicus Therapeutics Inc,27713,01-05-2024
68,AMKR,Amkor Technology Inc,31680,01-05-2024
69,AMN,AMN Healthcare Services Inc,13580,01-05-2024
70,AMRX,Amneal Pharmaceuticals Inc,120899,01-05-2024
71,AMPH,Amphastar Pharmaceuticals Inc,11663,01-05-2024
72,AMPY,Amplify Energy Corp,34067,01-05-2024
73,AMLX,Amylyx Pharmaceuticals Inc,20224,01-05-2024
74,ANDE,Andersons Inc,5728,01-05-2024
75,ANGO,AngioDynamics Inc,15503,01-05-2024
76,ANIP,ANI Pharmaceuticals Inc,5689,01-05-2024
77,ANIK,Anika Therapeutics Inc,12750,01-05-2024
78,HOUS,Anywhere Real Estate Inc,34991,01-05-2024
79,AIV,Apartment Investment and Management Co,46335,01-05-2024
80,APG,API Group Corp,28544,01-05-2024
81,APOG,Apogee Enterprises Inc,11604,01-05-2024
82,ARI,Apollo Commercial Real Estate Finance Inc,29968,01-05-2024
83,AMEH,Apollo Medical Holdings Inc,4523,01-05-2024
84,APPF,Appfolio Inc,5333,01-05-2024
85,APPN,Appian Corp,10185,01-05-2024
86,APLE,Apple Hospitality REIT Inc,44150,01-05-2024
87,APLD,Applied Digital Corp,19360,01-05-2024
88,AIT,Applied Industrial Technologies Inc,12007,01-05-2024
89,ABR,Arbor Realty Trust Inc,34651,01-05-2024
90,ALTM,Arcadium Lithium PLC,32165,01-05-2024
91,ARCB,ArcBest Corp,5875,01-05-2024
92,ACLX,Arcellx Inc,4966,01-05-2024
93,ARCH,Arch Resources Inc,6640,01-05-2024
94,ACHR,Archer Aviation Inc,20838,01-05-2024
95,AROC,Archrock Inc,28813,01-05-2024
96,ACA,Arcosa Inc,8768,01-05-2024
97,ARCT,Arcturus Therapeutics Holdings Inc,13234,01-05-2024
98,ARDX,Ardelyx Inc,24860,01-05-2024
99,ASC,Ardmore Shipping Corp,25611,01-05-2024
100,ACRE,Ares Commercial Real Estate Corp,897,01-05-2024
101,AGX,Argan Inc,3326,01-05-2024
102,ARLO,Arlo Technologies Inc,35101,01-05-2024
103,AHH,Armada Hoffler Properties Inc,11057,01-05-2024
104,ARRY,Array Technologies Inc,11250,01-05-2024
105,AROW,Arrow Financial Corp,8845,01-05-2024
106,ARWR,Arrowhead Pharmaceuticals Inc,6065,01-05-2024
107,APAM,Artisan Partners Asset Management Inc,18912,01-05-2024
108,ASAN,Asana Inc,15279,01-05-2024
109,ABG,Asbury Automotive Group Inc,4613,01-05-2024
110,ASGN,ASGN Inc,12562,01-05-2024
111,ASRT,Assertio Holdings Inc,85618,01-05-2024
112,AMK,AssetMark Financial Holdings Inc,4866,01-05-2024
113,ASB,Associated Banc-Corp,24142,01-05-2024
114,ASTS,AST SpaceMobile Inc,18332,01-05-2024
115,ASTE,Astec Industries Inc,7185,01-05-2024
116,ATXS,Astria Therapeutics Inc,3519,01-05-2024
117,ASUR,Asure Software Inc,3259,01-05-2024
118,ATI,ATI Inc,10896,01-05-2024
119,ATKR,Atkore Inc,13144,01-05-2024
120,BATRA,Atlanta Braves Holdings Inc,3299,01-05-2024
121,BATRK,Atlanta Braves Holdings Inc,4499,01-05-2024
122,AUB,Atlantic Union Bankshares Corp,12780,01-05-2024
123,ATLC,Atlanticus Holdings Corp,2252,01-05-2024
124,ATMU,Atmus Filtration Technologies Inc,7511,01-05-2024
125,ATRC,AtriCure Inc,7140,01-05-2024
126,ATRI,Atrion Corp,147,01-05-2024
127,AUPH,Aurinia Pharmaceuticals Inc,15485,01-05-2024
128,AUR,Aurora Innovation Inc,45647,01-05-2024
129,AVNS,Avanos Medical Inc,12945,01-05-2024
130,AVDX,AvidXchange Holdings Inc,13360,01-05-2024
131,AVNT,Avient Corp,16103,01-05-2024
132,AVA,Avista Corp,14240,01-05-2024
133,RCEL,Avita Medical Inc,13462,01-05-2024
134,ACLS,Axcelis Technologies Inc,9042,01-05-2024
135,AXNX,Axonics Inc,4101,01-05-2024
136,AX,Axos Financial Inc,19742,01-05-2024
137,AXSM,Axsome Therapeutics Inc,4942,01-05-2024
138,AZZ,AZZ Inc,5088,01-05-2024
139,BGS,B&G Foods Inc,11248,01-05-2024
140,BW,Babcock & Wilcox Enterprises Inc,3671,01-05-2024
141,BMI,Badger Meter Inc,7479,01-05-2024
142,BCPC,Balchem Corp,3620,01-05-2024
143,BANC,Banc of California Inc,8501,01-05-2024
144,BANF,BancFirst Corp,6859,01-05-2024
145,BLX,Banco Latinoamericano de Comercio Exterior SA,11562,01-05-2024
146,TBBK,Bancorp Inc,15166,01-05-2024
147,BFC,Bank First Corp,2481,01-05-2024
148,BOH,Bank of Hawaii Corp,6138,01-05-2024
149,NTB,Bank of NT Butterfield & Son Ltd,21369,01-05-2024
150,BKU,BankUnited Inc,16100,01-05-2024
151,BWFG,Bankwell Financial Group Inc,5381,01-05-2024
152,BANR,Banner Corp,5987,01-05-2024
153,B,Barnes Group Inc,7291,01-05-2024
154,BBSI,Barrett Business Services Inc,2667,01-05-2024
155,BCML,BayCom Corp,696,01-05-2024
156,BCBP,BCB Bancorp Inc,12216,01-05-2024
157,BECN,Beacon Roofing Supply Inc,13288,01-05-2024
158,SKIN,Beauty Health Co,32779,01-05-2024
159,BZH,Beazer Homes USA Inc,9856,01-05-2024
160,BELFB,Bel Fuse Inc,5866,01-05-2024
161,BDC,Belden Inc,7654,01-05-2024
162,BRBR,BellRing Brands Inc,19437,01-05-2024
163,BHE,Benchmark Electronics Inc,11403,01-05-2024
164,BHLB,Berkshire Hills Bancorp Inc,6478,01-05-2024
165,BRY,Berry Corp,21694,01-05-2024
166,BYON,Beyond Inc,7744,01-05-2024
167,BGC,BGC Group Inc,30289,01-05-2024
168,BIGC,BigCommerce Holdings Inc,15934,01-05-2024
169,BCRX,BioCryst Pharmaceuticals Inc,26734,01-05-2024
170,BHVN,Biohaven Ltd,4287,01-05-2024
171,BTBT,Bit Digital Inc,44666,01-05-2024
172,BJRI,BJs Restaurants Inc,4516,01-05-2024
173,BKH,Black Hills Corp,13749,01-05-2024
174,BLKB,Blackbaud Inc,8131,01-05-2024
175,BL,BlackLine Inc,2389,01-05-2024
176,BXMT,Blackstone Mortgage Trust Inc,21293,01-05-2024
177,BLMN,Bloomin Brands Inc,14479,01-05-2024
178,BLBD,Blue Bird Corp,6144,01-05-2024
179,BRBS,Blue Ridge Bankshares Inc,2579,01-05-2024
180,BVH,Bluegreen Vacations Holding Corp,8268,01-05-2024
181,BXC,BlueLinx Holdings Inc,8742,01-05-2024
182,BPMC,Blueprint Medicines Corp,3629,01-05-2024
183,BCC,Boise Cascade Co,15063,01-05-2024
184,BOOT,Boot Barn Holdings Inc,4974,01-05-2024
185,BORR,Borr Drilling Ltd,21568,01-05-2024
186,BWMN,Bowman Consulting Group Ltd,10042,01-05-2024
187,BOX,Box Inc,32699,01-05-2024
188,BHR,Braemar Hotels & Resorts Inc,15917,01-05-2024
189,BDN,Brandywine Realty Trust,28175,01-05-2024
190,BRZE,Braze Inc,4585,01-05-2024
191,BFH,Bread Financial Holdings Inc,8114,01-05-2024
192,BBIO,Bridgebio Pharma Inc,6177,01-05-2024
193,BCOV,Brightcove Inc,37784,01-05-2024
194,BSIG,Brightsphere Investment Group Inc,13766,01-05-2024
195,EAT,Brinker International Inc,7518,01-05-2024
196,BCO,Brinks Co,5849,01-05-2024
197,VTOL,Bristow Group Inc,7050,01-05-2024
198,BNL,Broadstone Net Lease Inc,25726,01-05-2024
199,BIPC,Brookfield Infrastructure Corp,27287,01-05-2024
200,BRKL,Brookline Bancorp Inc,23624,01-05-2024
201,BRT,BRT Apartments Corp,9101,01-05-2024
202,BKE,Buckle Inc,10572,01-05-2024
203,BBW,Build-A-Bear Workshop Inc,6798,01-05-2024
204,BY,Byline Bancorp Inc,5586,01-05-2024
205,AI,C3.ai Inc,4798,01-05-2024
206,CABA,Cabaletta Bio Inc,7068,01-05-2024
207,CBT,Cabot Corp,9854,01-05-2024
208,WHD,Cactus Inc,7027,01-05-2024
209,CADE,Cadence Bank,32686,01-05-2024
210,CALM,Cal-Maine Foods Inc,13580,01-05-2024
211,CAL,Caleres Inc,16133,01-05-2024
212,CRC,California Resources Corp,19081,01-05-2024
213,CWT,California Water Service Group,9373,01-05-2024
214,CALX,Calix Inc,14406,01-05-2024
215,CPE,Callon Petroleum Co,10576,01-05-2024
216,CMBM,Cambium Networks Corp,2057,01-05-2024
217,CATC,Cambridge Bancorp,607,01-05-2024
218,CAC,Camden National Corp,8978,01-05-2024
219,CWH,Camping World Holdings Inc,5586,01-05-2024
220,CNNE,Cannae Holdings Inc,6064,01-05-2024
221,CCBG,Capital City Bank Group Inc,8583,01-05-2024
222,CDLX,Cardlytics Inc,11729,01-05-2024
223,CDNA,CareDx Inc,43178,01-05-2024
224,CTRE,CareTrust REIT Inc,19670,01-05-2024
225,CARG,Cargurus Inc,23151,01-05-2024
226,PRTS,CarParts.com Inc,32642,01-05-2024
227,CRS,Carpenter Technology Corp,7012,01-05-2024
228,CSV,Carriage Services Inc,6014,01-05-2024
229,TAST,Carrols Restaurant Group Inc,34411,01-05-2024
230,CARS,Cars.com Inc,27729,01-05-2024
231,CVNA,Carvana Co,5907,01-05-2024
232,CWST,Casella Waste Systems Inc,5491,01-05-2024
233,CASS,Cass Information Systems Inc,4768,01-05-2024
234,CPRX,Catalyst Pharmaceuticals Inc,75234,01-05-2024
235,CATY,Cathay General Bancorp,17512,01-05-2024
236,CVCO,Cavco Industries Inc,1523,01-05-2024
237,CBZ,CBIZ Inc,9218,01-05-2024
238,CBL,CBL & Associates Properties Inc,8378,01-05-2024
239,CECO,CECO Environmental Corp,7039,01-05-2024
240,CSR,Centerspace,2649,01-05-2024
241,CENTA,Central Garden & Pet Co,9069,01-05-2024
242,CENT,Central Garden & Pet Co,5350,01-05-2024
243,CPF,Central Pacific Financial Corp,11607,01-05-2024
244,CVCY,Central Valley Community Bancorp,5620,01-05-2024
245,LEU,Centrus Energy Corp,3223,01-05-2024
246,CCS,Century Communities Inc,4154,01-05-2024
247,CRNC,Cerence Inc,5937,01-05-2024
248,CERE,Cerevel Therapeutics Holdings Inc,2340,01-05-2024
249,CERS,Cerus Corp,66131,01-05-2024
250,CEVA,CEVA Inc,5683,01-05-2024
251,CHX,ChampionX Corp,26457,01-05-2024
252,GTLS,Chart Industries Inc,4038,01-05-2024
253,CLDT,Chatham Lodging Trust,16750,01-05-2024
254,CAKE,Cheesecake Factory Inc,5402,01-05-2024
255,CHEF,Chefs Warehouse Inc,4073,01-05-2024
256,CHGG,Chegg Inc,20000,01-05-2024
257,CHMG,Chemung Financial Corp,3402,01-05-2024
258,CPK,Chesapeake Utilities Corp,4793,01-05-2024
259,CIM,Chimera Investment Corp,22541,01-05-2024
260,COFS,ChoiceOne Financial Services Inc,3817,01-05-2024
261,CHRD,Chord Energy Corp,7225,01-05-2024
262,CHUY,Chuys Holdings Inc,4702,01-05-2024
263,CMPR,Cimpress PLC,9642,01-05-2024
264,CNK,Cinemark Holdings Inc,10627,01-05-2024
265,CHCO,City Holding Co,6532,01-05-2024
266,CIO,City Office REIT Inc,23412,01-05-2024
267,CIVB,Civista Bancshares Inc,10706,01-05-2024
268,CIVI,Civitas Resources Inc,9605,01-05-2024
269,CMTG,Claros Mortgage Trust Inc,15809,01-05-2024
270,CLSK,Cleanspark Inc,10916,01-05-2024
271,CLFD,Clearfield Inc,6465,01-05-2024
272,CLW,Clearwater Paper Corp,6065,01-05-2024
273,CLMB,Climb Global Solutions Inc,2944,01-05-2024
274,CCNE,CNB Financial Corp,7295,01-05-2024
275,CNO,CNO Financial Group Inc,34919,01-05-2024
276,CNX,CNX Resources Corp,26000,01-05-2024
277,COKE,Coca-Cola Consolidated Inc,1827,01-05-2024
278,CDXS,Codexis Inc,8622,01-05-2024
279,CVLY,Codorus Valley Bancorp Inc,4402,01-05-2024
280,CCOI,Cogent Communications Holdings Inc,6525,01-05-2024
281,CNS,Cohen & Steers Inc,9238,01-05-2024
282,COHU,Cohu Inc,13690,01-05-2024
283,COLL,Collegium Pharmaceutical Inc,33378,01-05-2024
284,CBAN,Colony Bankcorp Inc,1126,01-05-2024
285,CLBK,Columbia Financial Inc,6849,01-05-2024
286,CMCO,Columbus McKinnon Corp,8545,01-05-2024
287,FIX,Comfort Systems USA Inc,8801,01-05-2024
288,CMC,Commercial Metals Co,28428,01-05-2024
289,CVGI,Commercial Vehicle Group Inc,14237,01-05-2024
290,CBU,Community Bank System Inc,5906,01-05-2024
291,CHCT,Community Healthcare Trust Inc,6151,01-05-2024
292,CTBI,Community Trust Bancorp Inc,5283,01-05-2024
293,CVLT,CommVault Systems Inc,13413,01-05-2024
294,CODI,Compass Diversified Holdings,306,01-05-2024
295,COMP,Compass Inc,155841,01-05-2024
296,CPSI,Computer Programs and Systems Inc,13622,01-05-2024
297,CNDT,Conduent Inc,88745,01-05-2024
298,CNMD,CONMED Corp,2534,01-05-2024
299,CNOB,ConnectOne Bancorp Inc,6946,01-05-2024
300,CCSI,Consensus Cloud Solutions Inc,7391,01-05-2024
301,CEIX,CONSOL Energy Inc,13174,01-05-2024
302,CWCO,Consolidated Water Co Ltd,14873,01-05-2024
303,CSTM,Constellium SE,18814,01-05-2024
304,ROAD,Construction Partners Inc,4020,01-05-2024
305,CPSS,Consumer Portfolio Services Inc,8695,01-05-2024
306,CPS,Cooper-Standard Holdings Inc,7203,01-05-2024
307,CDP,COPT Defense Properties,20275,01-05-2024
308,CORT,Corcept Therapeutics Inc,50273,01-05-2024
309,CMT,Core Molding Technologies Inc,7523,01-05-2024
310,CCRD,CoreCard Corp,5517,01-05-2024
311,CXW,CoreCivic Inc,35541,01-05-2024
312,CRMD,CorMedix Inc,146,01-05-2024
313,CRSR,Corsair Gaming Inc,6790,01-05-2024
314,CRVL,CorVel Corp,3263,01-05-2024
315,CMRE,Costamare Inc,14776,01-05-2024
316,BASE,Couchbase Inc,10295,01-05-2024
317,COUR,Coursera Inc,16835,01-05-2024
318,CVLG,Covenant Logistics Group Inc,3987,01-05-2024
319,PMTS,CPI Card Group Inc,3201,01-05-2024
320,CRAI,CRA International Inc,4000,01-05-2024
321,CBRL,Cracker Barrel Old Country Store Inc,1863,01-05-2024
322,CRDO,Credo Technology Group Holding Ltd,8156,01-05-2024
323,CRNX,Crinetics Pharmaceuticals Inc,2911,01-05-2024
324,CCRN,Cross Country Healthcare Inc,28771,01-05-2024
325,CYRX,CryoPort Inc,9167,01-05-2024
326,CSGS,CSG Systems International Inc,12426,01-05-2024
327,CSWI,CSW Industrials Inc,4466,01-05-2024
328,CTO,CTO Realty Growth Inc,11386,01-05-2024
329,CTS,CTS Corp,6804,01-05-2024
330,CWK,Cushman & Wakefield PLC,38833,01-05-2024
331,CUBI,Customers Bancorp Inc,16691,01-05-2024
332,CVBF,CVB Financial Corp,18922,01-05-2024
333,CVI,CVR Energy Inc,12269,01-05-2024
334,CVRX,CVRx Inc,6206,01-05-2024
335,CBAY,Cymabay Therapeutics Inc,11350,01-05-2024
336,CYTK,Cytokinetics Inc,3817,01-05-2024
337,DAKT,Daktronics Inc,19962,01-05-2024
338,DAN,Dana Inc,25486,01-05-2024
339,PLAY,Dave & Busters Entertainment Inc,5326,01-05-2024
340,DK,Delek US Holdings Inc,9980,01-05-2024
341,DLX,Deluxe Corp,17033,01-05-2024
342,DENN,Dennys Corp,17559,01-05-2024
343,DBI,Designer Brands Inc,12332,01-05-2024
344,DXLG,Destination XL Group Inc,29164,01-05-2024
345,DHX,DHI Group Inc,31712,01-05-2024
346,DHT,DHT Holdings Inc,35202,01-05-2024
347,DHIL,Diamond Hill Investment Group Inc,1877,01-05-2024
348,DO,Diamond Offshore Drilling Inc,17529,01-05-2024
349,DRH,DiamondRock Hospitality Co,44281,01-05-2024
350,DGII,Digi International Inc,11830,01-05-2024
351,APPS,Digital Turbine Inc,28111,01-05-2024
352,DBRG,DigitalBridge Group Inc,9605,01-05-2024
353,DOCN,DigitalOcean Holdings Inc,3059,01-05-2024
354,DDS,Dillards Inc,2071,01-05-2024
355,DCOM,Dime Community Bancshares Inc,11243,01-05-2024
356,DIOD,Diodes Inc,13787,01-05-2024
357,IRON,Disc Medicine Inc,1661,01-05-2024
358,DSGR,Distribution Solutions Group Inc,8800,01-05-2024
359,DOLE,Dole PLC,9052,01-05-2024
360,DOMO,Domo Inc,26870,01-05-2024
361,DFIN,Donnelley Financial Solutions Inc,12325,01-05-2024
362,LPG,Dorian LPG Ltd,11011,01-05-2024
363,DORM,Dorman Products Inc,5986,01-05-2024
364,PLOW,Douglas Dynamics Inc,3359,01-05-2024
365,DOUG,Douglas Elliman Inc,73108,01-05-2024
366,DEI,Douglas Emmett Inc,25137,01-05-2024
367,DFH,Dream Finders Homes Inc,3303,01-05-2024
368,DRQ,Dril-Quip Inc,5473,01-05-2024
369,DCO,Ducommun Inc,2577,01-05-2024
370,DUOL,Duolingo Inc,2467,01-05-2024
371,DXPE,DXP Enterprises Inc,14412,01-05-2024
372,DY,Dycom Industries Inc,4148,01-05-2024
373,DVAX,Dynavax Technologies Corp,65341,01-05-2024
374,DX,Dynex Capital Inc,8876,01-05-2024
375,EGBN,Eagle Bancorp Inc,9298,01-05-2024
376,EGLE,Eagle Bulk Shipping Inc,4075,01-05-2024
377,EGRX,Eagle Pharmaceuticals Inc,6623,01-05-2024
378,DEA,Easterly Government Properties Inc,14426,01-05-2024
379,EBC,Eastern Bankshares Inc,9210,01-05-2024
380,SATS,EchoStar Corp,13772,01-05-2024
381,ECVT,Ecovyst Inc,21986,01-05-2024
382,EPC,Edgewell Personal Care Co,12072,01-05-2024
383,EGAN,eGain Corp,19062,01-05-2024
384,LOCO,El Pollo Loco Holdings Inc,12138,01-05-2024
385,ELF,elf Beauty Inc,7076,01-05-2024
386,EFC,Ellington Financial Inc,11588,01-05-2024
387,ELME,Elme Communities,10650,01-05-2024
388,EMBC,Embecta Corp,17628,01-05-2024
389,EBS,Emergent BioSolutions Inc,11176,01-05-2024
390,EP,Empire Petroleum Corp,4140,01-05-2024
391,ESRT,Empire State Realty Trust Inc,41478,01-05-2024
392,EIG,Employers Holdings Inc,8694,01-05-2024
393,ACT,Enact Holdings Inc,12182,01-05-2024
394,ECPG,Encore Capital Group Inc,5646,01-05-2024
395,WIRE,Encore Wire Corp,7306,01-05-2024
396,ENR,Energizer Holdings Inc,10831,01-05-2024
397,EFR,Energy Fuels Inc,20054,01-05-2024
398,ERII,Energy Recovery Inc,23318,01-05-2024
399,EPAC,Enerpac Tool Group Corp,15417,01-05-2024
400,ENS,EnerSys,7116,01-05-2024
401,ESMT,EngageSmart Inc,4736,01-05-2024
402,EHAB,Enhabit Inc,419,01-05-2024
403,ELVN,Enliven Therapeutics Inc,1753,01-05-2024
404,EBF,Ennis Inc,7357,01-05-2024
405,ENVA,Enova International Inc,17983,01-05-2024
406,ENVX,Enovix Corp,11649,01-05-2024
407,NPO,Enpro Inc,4428,01-05-2024
408,ENSG,Ensign Group Inc,9538,01-05-2024
409,ESGR,Enstar Group Ltd,1855,01-05-2024
410,EFSC,Enterprise Financial Services Corp,7292,01-05-2024
411,TRDA,Entrada Therapeutics Inc,18476,01-05-2024
412,ENV,Envestnet Inc,6257,01-05-2024
413,PLUS,ePlus Inc,8727,01-05-2024
414,ETRN,Equitrans Midstream Corp,44710,01-05-2024
415,EQC,Equity Commonwealth,13381,01-05-2024
416,ESE,ESCO Technologies Inc,3570,01-05-2024
417,ESQ,Esquire Financial Holdings Inc,3814,01-05-2024
418,ESNT,Essent Group Ltd,24626,01-05-2024
419,EPRT,Essential Properties Realty Trust Inc,19941,01-05-2024
420,ETD,Ethan Allen Interiors Inc,20233,01-05-2024
421,EVBN,Evans Bancorp Inc,3673,01-05-2024
422,EVBG,Everbridge Inc,5399,01-05-2024
423,EVRI,Everi Holdings Inc,12782,01-05-2024
424,EVER,EverQuote Inc,18511,01-05-2024
425,EVTC,EVERTEC Inc,16349,01-05-2024
426,EVI,EVI Industries Inc,4236,01-05-2024
427,EVH,Evolent Health Inc,8980,01-05-2024
428,EOLS,Evolus Inc,32809,01-05-2024
429,EPM,Evolution Petroleum Corp,30630,01-05-2024
430,SSP,EW Scripps Co,18751,01-05-2024
431,EXLS,ExlService Holdings Inc,32429,01-05-2024
432,EXPI,eXp World Holdings Inc,50546,01-05-2024
433,EXPO,Exponent Inc,4625,01-05-2024
434,XPRO,Expro Group Holdings NV,8174,01-05-2024
435,EXTR,Extreme Networks Inc,52947,01-05-2024
436,FN,Fabrinet,5298,01-05-2024
437,FMAO,Farmers & Merchants Bancorp Inc/Archbold OH,2316,01-05-2024
438,FMNB,Farmers National Banc Corp,12075,01-05-2024
439,FPI,Farmland Partners Inc,11481,01-05-2024
440,FSLY,Fastly Inc,8331,01-05-2024
441,FBK,FB Financial Corp,9393,01-05-2024
442,AGM,Federal Agricultural Mortgage Corp,6170,01-05-2024
443,FSS,Federal Signal Corp,9005,01-05-2024
444,FDBC,Fidelity D&D Bancorp Inc,2237,01-05-2024
445,FIGS,Figs Inc,51356,01-05-2024
446,FISI,Financial Institutions Inc,10376,01-05-2024
447,FA,First Advantage Corp,10403,01-05-2024
448,FBP,First BanCorp,49184,01-05-2024
449,FNLC,First Bancorp Inc,6103,01-05-2024
450,FBNC,First Bancorp/Southern Pines NC,8462,01-05-2024
451,FBMS,First Bancshares Inc,4296,01-05-2024
452,BUSE,First Busey Corp,9843,01-05-2024
453,FBIZ,First Business Financial Services Inc,7852,01-05-2024
454,FCF,First Commonwealth Financial Corp,22994,01-05-2024
455,FCCO,First Community Corp,4971,01-05-2024
456,FFBC,First Financial Bancorp,20443,01-05-2024
457,FFIN,First Financial Bankshares Inc,24630,01-05-2024
458,THFF,First Financial Corp,4200,01-05-2024
459,FIBK,First Interstate BancSystem Inc,10983,01-05-2024
460,FRME,First Merchants Corp,14126,01-05-2024
461,FMBH,First Mid Bancshares Inc,4739,01-05-2024
462,FLIC,First of Long Island Corp,9230,01-05-2024
463,MYFW,First Western Financial Inc,1253,01-05-2024
464,FCFS,FirstCash Holdings Inc,5725,01-05-2024
465,FLNG,FLEX LNG Ltd,3615,01-05-2024
466,FLNC,Fluence Energy Inc,5418,01-05-2024
467,FLR,Fluor Corp,19897,01-05-2024
468,FFIC,Flushing Financial Corp,13110,01-05-2024
469,FLYW,Flywire Corp,5651,01-05-2024
470,FL,Foot Locker Inc,5811,01-05-2024
471,FOR,Forestar Group Inc,11679,01-05-2024
472,FORM,FormFactor Inc,16721,01-05-2024
473,FORR,Forrester Research Inc,7674,01-05-2024
474,FWRD,Forward Air Corp,10723,01-05-2024
475,FOSL,Fossil Group Inc,27771,01-05-2024
476,FCPT,Four Corners Property Trust Inc,16111,01-05-2024
477,FOXF,Fox Factory Holding Corp,6941,01-05-2024
478,FBRT,Franklin BSP Realty Trust Inc,13067,01-05-2024
479,FC,Franklin Covey Co,11943,01-05-2024
480,FELE,Franklin Electric Co Inc,12147,01-05-2024
481,FDP,Fresh Del Monte Produce Inc,10671,01-05-2024
482,FRSH,Freshworks Inc,14806,01-05-2024
483,FTDR,Frontdoor Inc,21484,01-05-2024
484,FRPH,FRP Holdings Inc,3835,01-05-2024
485,FSBW,FS Bancorp Inc,3164,01-05-2024
486,FTAI,FTAI Aviation Ltd,10993,01-05-2024
487,FUBO,fuboTV Inc,30789,01-05-2024
488,FLGT,Fulgent Genetics Inc,10582,01-05-2024
489,FULT,Fulton Financial Corp,32797,01-05-2024
490,FVCB,FVCBankcorp Inc,2376,01-05-2024
491,GIII,G-III Apparel Group Ltd,11453,01-05-2024
492,GCI,Gannett Co Inc,87002,01-05-2024
493,GATX,GATX Corp,3624,01-05-2024
494,GNK,Genco Shipping & Trading Ltd,12585,01-05-2024
495,GENC,Gencor Industries Inc,7779,01-05-2024
496,GCO,Genesco Inc,9727,01-05-2024
497,GNE,Genie Energy Ltd,19753,01-05-2024
498,THRM,Gentherm Inc,7266,01-05-2024
499,GNW,Genworth Financial Inc,114512,01-05-2024
500,GEO,GEO Group Inc,51367,01-05-2024
501,GABC,German American Bancorp Inc,10586,01-05-2024
502,GTY,Getty Realty Corp,8711,01-05-2024
503,ROCK,Gibraltar Industries Inc,5955,01-05-2024
504,GBCI,Glacier Bancorp Inc,12953,01-05-2024
505,GOOD,Gladstone Commercial Corp,11660,01-05-2024
506,LAND,Gladstone Land Corp,3927,01-05-2024
507,GKOS,Glaukos Corp,3610,01-05-2024
508,GIC,Global Industrial Co,12676,01-05-2024
509,GMRE,Global Medical REIT Inc,9792,01-05-2024
510,GNL,Global Net Lease Inc,48125,01-05-2024
511,GMS,GMS Inc,21706,01-05-2024
512,GOGO,Gogo Inc,15347,01-05-2024
513,GLNG,Golar LNG Ltd,6891,01-05-2024
514,GDEN,Golden Entertainment Inc,5266,01-05-2024
515,GT,Goodyear Tire & Rubber Co,47267,01-05-2024
516,GSHD,Goosehead Insurance Inc,5182,01-05-2024
517,GPRO,GoPro Inc,39267,01-05-2024
518,GRC,Gorman-Rupp Co,3933,01-05-2024
519,EAF,GrafTech International Ltd,65527,01-05-2024
520,GHC,Graham Holdings Co,862,01-05-2024
521,GVA,Granite Construction Inc,4798,01-05-2024
522,GTN,Gray Television Inc,19441,01-05-2024
523,GSBC,Great Southern Bancorp Inc,6712,01-05-2024
524,GRBK,Green Brick Partners Inc,6759,01-05-2024
525,GPRE,Green Plains Inc,4431,01-05-2024
526,GBX,Greenbrier Cos Inc,3455,01-05-2024
527,GCBC,Greene County Bancorp Inc,6468,01-05-2024
528,GEF,Greif Inc,5715,01-05-2024
529,GDYN,Grid Dynamics Holdings Inc,15904,01-05-2024
530,GFF,Griffon Corp,13446,01-05-2024
531,GPI,Group 1 Automotive Inc,4120,01-05-2024
532,GES,Guess? Inc,8776,01-05-2024
533,GPOR,Gulfport Energy Corp,6031,01-05-2024
534,HEES,H&E Equipment Services Inc,7253,01-05-2024
535,HCKT,Hackett Group Inc,22492,01-05-2024
536,HAE,Haemonetics Corp,5881,01-05-2024
537,HAIN,Hain Celestial Group Inc,20133,01-05-2024
538,HALO,Halozyme Therapeutics Inc,18604,01-05-2024
539,HLNE,Hamilton Lane Inc,8724,01-05-2024
540,HWC,Hancock Whitney Corp,14739,01-05-2024
541,HAFC,Hanmi Financial Corp,11963,01-05-2024
542,HONE,HarborOne Bancorp Inc,15179,01-05-2024
543,HLIT,Harmonic Inc,30442,01-05-2024
544,HRMY,Harmony Biosciences Holdings Inc,19704,01-05-2024
545,HBIO,Harvard Bioscience Inc,37990,01-05-2024
546,HVT,Haverty Furniture Cos Inc,14625,01-05-2024
547,HWKN,Hawkins Inc,5234,01-05-2024
548,HAYN,Haynes International Inc,533,01-05-2024
549,FUL,HB Fuller Co,9048,01-05-2024
550,HQY,HealthEquity Inc,9089,01-05-2024
551,HSTM,HealthStream Inc,9407,01-05-2024
552,HTLD,Heartland Express Inc,7437,01-05-2024
553,HTLF,Heartland Financial USA Inc,8636,01-05-2024
554,HL,Hecla Mining Co,38924,01-05-2024
555,HSII,Heidrick & Struggles International Inc,5356,01-05-2024
556,HELE,Helen of Troy Ltd,3451,01-05-2024
557,HLIO,Helios Technologies Inc,3401,01-05-2024
558,HLX,Helix Energy Solutions Group Inc,45599,01-05-2024
559,HP,Helmerich & Payne Inc,12022,01-05-2024
560,HLF,Herbalife Ltd,22157,01-05-2024
561,HRI,Herc Holdings Inc,3691,01-05-2024
562,HTBK,Heritage Commerce Corp,18527,01-05-2024
563,HFWA,Heritage Financial Corp,6396,01-05-2024
564,HIBB,Hibbett Inc,6456,01-05-2024
565,HI,Hillenbrand Inc,10504,01-05-2024
566,HLMN,Hillman Solutions Corp,17541,01-05-2024
567,HTH,Hilltop Holdings Inc,14010,01-05-2024
568,HGV,Hilton Grand Vacations Inc,11255,01-05-2024
569,HIMS,Hims & Hers Health Inc,10916,01-05-2024
570,HIFS,Hingham Institution For Savings The,647,01-05-2024
571,HQI,HireQuest Inc,3032,01-05-2024
572,HNI,HNI Corp,21958,01-05-2024
573,HBCP,Home Bancorp Inc,3836,01-05-2024
574,HOMB,Home BancShares Inc,30236,01-05-2024
575,HTBI,HomeTrust Bancshares Inc,6048,01-05-2024
576,HOPE,Hope Bancorp Inc,28224,01-05-2024
577,HMN,Horace Mann Educators Corp,8553,01-05-2024
578,HBNC,Horizon Bancorp Inc,13175,01-05-2024
579,HOV,Hovnanian Enterprises Inc,2246,01-05-2024
580,HUBG,Hub Group Inc,9753,01-05-2024
581,HPP,Hudson Pacific Properties Inc,25742,01-05-2024
582,HDSN,Hudson Technologies Inc,39652,01-05-2024
583,HURN,Huron Consulting Group Inc,6126,01-05-2024
584,HY,Hyster-Yale Materials Handling Inc,82,01-05-2024
585,IIIV,I3 Verticals Inc,2048,01-05-2024
586,ICFI,ICF International Inc,5353,01-05-2024
587,ICHR,Ichor Holdings Ltd,7981,01-05-2024
588,IDYA,Ideaya Biosciences Inc,3853,01-05-2024
589,IDT,IDT Corp,14259,01-05-2024
590,IESC,IES Holdings Inc,8187,01-05-2024
591,IHRT,iHeartMedia Inc,35945,01-05-2024
592,IMAX,IMAX Corp,8242,01-05-2024
593,IMMR,Immersion Corp,3665,01-05-2024
594,IMGN,ImmunoGen Inc,15208,01-05-2024
595,IMVT,Immunovant Inc,4617,01-05-2024
596,PI,Impinj Inc,6679,01-05-2024
597,NARI,Inari Medical Inc,8431,01-05-2024
598,IRT,Independence Realty Trust Inc,26665,01-05-2024
599,INDB,Independent Bank Corp,7526,01-05-2024
600,IBCP,Independent Bank Corp,13940,01-05-2024
601,IBTX,Independent Bank Group Inc,5537,01-05-2024
602,INFN,Infinera Corp,47990,01-05-2024
603,III,Information Services Group Inc,33941,01-05-2024
604,INFU,InfuSystem Holdings Inc,17444,01-05-2024
605,NGVT,Ingevity Corp,7356,01-05-2024
606,IMKTA,Ingles Markets Inc,8342,01-05-2024
607,INMD,Inmode Ltd,14710,01-05-2024
608,INOD,Innodata Inc,23299,01-05-2024
609,IOSP,Innospec Inc,7808,01-05-2024
610,IIPR,Innovative Industrial Properties Inc,3992,01-05-2024
611,INVA,Innoviva Inc,47958,01-05-2024
612,NSIT,Insight Enterprises Inc,8602,01-05-2024
613,INSM,Insmed Inc,9031,01-05-2024
614,NSP,Insperity Inc,9243,01-05-2024
615,INSE,Inspired Entertainment Inc,20907,01-05-2024
616,IBP,Installed Building Products Inc,4472,01-05-2024
617,IIIN,Insteel Industries Inc,6936,01-05-2024
618,INTA,Intapp Inc,3280,01-05-2024
619,ITGR,Integer Holdings Corp,6938,01-05-2024
620,IAS,Integral Ad Science Holding Corp,8799,01-05-2024
621,NTLA,Intellia Therapeutics Inc,3949,01-05-2024
622,IPAR,Inter Parfums Inc,4105,01-05-2024
623,IDCC,InterDigital Inc,5118,01-05-2024
624,TILE,Interface Inc,23966,01-05-2024
625,IBOC,International Bancshares Corp,12102,01-05-2024
626,IGT,International Game Technology PLC,16485,01-05-2024
627,IMXI,International Money Express Inc,14802,01-05-2024
628,INSW,International Seaways Inc,10879,01-05-2024
629,INTT,inTEST Corp,10424,01-05-2024
630,ITCI,Intra-Cellular Therapies Inc,17981,01-05-2024
631,IVT,InvenTrust Properties Corp,9099,01-05-2024
632,ITIC,Investors Title Co,1185,01-05-2024
633,IONQ,IonQ Inc,9560,01-05-2024
634,IRMD,iRadimed Corp,2689,01-05-2024
635,IRTC,iRhythm Technologies Inc,6665,01-05-2024
636,IRBT,iRobot Corp,3284,01-05-2024
637,IRWD,Ironwood Pharmaceuticals Inc,75717,01-05-2024
638,ITOS,iTeos Therapeutics Inc,7420,01-05-2024
639,ITRI,Itron Inc,4959,01-05-2024
640,JJSF,J & J Snack Foods Corp,2436,01-05-2024
641,JACK,Jack in the Box Inc,3809,01-05-2024
642,JXN,Jackson Financial Inc,20142,01-05-2024
643,JAKK,JAKKS Pacific Inc,7016,01-05-2024
644,JBI,Janus International Group Inc,24184,01-05-2024
645,JBGS,JBG SMITH Properties,16254,01-05-2024
646,JELD,JELD-WEN Holding Inc,21586,01-05-2024
647,JOBY,Joby Aviation Inc,35080,01-05-2024
648,JBSS,John B Sanfilippo & Son Inc,4735,01-05-2024
649,JBT,John Bean Technologies Corp,5218,01-05-2024
650,WLY,John Wiley & Sons Inc,13251,01-05-2024
651,JOUT,Johnson Outdoors Inc,3975,01-05-2024
652,JYNT,Joint Corp,10731,01-05-2024
653,KAI,Kadant Inc,4009,01-05-2024
654,KALU,Kaiser Aluminum Corp,1645,01-05-2024
655,KAMN,Kaman Corp,5323,01-05-2024
656,KPTI,Karyopharm Therapeutics Inc,93943,01-05-2024
657,KBH,KB Home,10681,01-05-2024
658,KELYA,Kelly Services Inc,17187,01-05-2024
659,KMT,Kennametal Inc,10699,01-05-2024
660,KW,Kennedy-Wilson Holdings Inc,8490,01-05-2024
661,KFRC,Kforce Inc,14599,01-05-2024
662,KE,Kimball Electronics Inc,10016,01-05-2024
663,KNTK,Kinetik Holdings Inc,2800,01-05-2024
664,KNSA,Kiniksa Pharmaceuticals Ltd,19451,01-05-2024
665,KRG,Kite Realty Group Trust,38542,01-05-2024
666,KREF,KKR Real Estate Finance Trust Inc,9401,01-05-2024
667,KLXE,KLX Energy Services Holdings Inc,12302,01-05-2024
668,KNF,Knife River Corp,3733,01-05-2024
669,KN,Knowles Corp,23781,01-05-2024
670,KTB,Kontoor Brands Inc,11185,01-05-2024
671,KOP,Koppers Holdings Inc,5060,01-05-2024
672,KFY,Korn Ferry,10778,01-05-2024
673,KOS,Kosmos Energy Ltd,49900,01-05-2024
674,KTOS,Kratos Defense & Security Solutions Inc,10273,01-05-2024
675,DNUT,Krispy Kreme Inc,10092,01-05-2024
676,KRYS,Krystal Biotech Inc,1293,01-05-2024
677,KLIC,Kulicke & Soffa Industries Inc,13662,01-05-2024
678,LZB,La-Z-Boy Inc,15939,01-05-2024
679,LADR,Ladder Capital Corp,19603,01-05-2024
680,LBAI,Lakeland Bancorp Inc,12231,01-05-2024
681,LKFN,Lakeland Financial Corp,9359,01-05-2024
682,LANC,Lancaster Colony Corp,3673,01-05-2024
683,LNTH,Lantheus Holdings Inc,12060,01-05-2024
684,LAUR,Laureate Education Inc,24506,01-05-2024
685,LCII,LCI Industries,7259,01-05-2024
686,LZ,Legalzoom.com Inc,35811,01-05-2024
687,LMAT,LeMaitre Vascular Inc,7699,01-05-2024
688,LC,LendingClub Corp,30836,01-05-2024
689,DRS,Leonardo DRS Inc,19711,01-05-2024
690,LESL,Leslies Inc,18023,01-05-2024
691,LGIH,LGI Homes Inc,1485,01-05-2024
692,LBRT,Liberty Energy Inc,53433,01-05-2024
693,LILA,Liberty Latin America Ltd,7538,01-05-2024
694,LILAK,Liberty Latin America Ltd,36116,01-05-2024
695,LTH,Life Time Group Holdings Inc,7579,01-05-2024
696,LGND,Ligand Pharmaceuticals Inc,5994,01-05-2024
697,LNW,Light & Wonder Inc,11053,01-05-2024
698,LMB,Limbach Holdings Inc,3850,01-05-2024
699,LINC,Lincoln Educational Services Corp,23004,01-05-2024
700,LNN,Lindsay Corp,2045,01-05-2024
701,LGF/B,Lions Gate Entertainment Corp,9577,01-05-2024
702,LGF/A,Lions Gate Entertainment Corp,9029,01-05-2024
703,LIVN,LivaNova PLC,6897,01-05-2024
704,LOB,Live Oak Bancshares Inc,9968,01-05-2024
705,RAMP,LiveRamp Holdings Inc,12134,01-05-2024
706,LPTV,Loop Media Inc,28122,01-05-2024
707,LOVE,Lovesac Co,9052,01-05-2024
708,LXU,LSB Industries Inc,12818,01-05-2024
709,LYTS,LSI Industries Inc,25616,01-05-2024
710,LTC,LTC Properties Inc,7325,01-05-2024
711,LUNA,Luna Innovations Inc,23182,01-05-2024
712,LXP,LXP Industrial Trust,39328,01-05-2024
713,MHO,M/I Homes Inc,6740,01-05-2024
714,MCBC,Macatawa Bank Corp,20679,01-05-2024
715,MAC,Macerich Co,33323,01-05-2024
716,MTSI,MACOM Technology Solutions Holdings Inc,6514,01-05-2024
717,MSGE,Madison Square Garden Entertainment Corp,4450,01-05-2024
718,MDGL,Madrigal Pharmaceuticals Inc,593,01-05-2024
719,MGNI,Magnite Inc,15662,01-05-2024
720,MGY,Magnolia Oil & Gas Corp,59194,01-05-2024
721,MNSB,MainStreet Bancshares Inc,5983,01-05-2024
722,MBUU,Malibu Boats Inc,5717,01-05-2024
723,MTW,Manitowoc Co Inc,11704,01-05-2024
724,RTYH24,MAR 24 CME EMINIRUS2K,8,01-05-2024
725,MARA,Marathon Digital Holdings Inc,9290,01-05-2024
726,MMI,Marcus & Millichap Inc,19945,01-05-2024
727,MCS,Marcus Corp,9194,01-05-2024
728,HZO,MarineMax Inc,5627,01-05-2024
729,MQ,Marqeta Inc,27176,01-05-2024
730,MRTN,Marten Transport Ltd,7740,01-05-2024
731,DOOR,Masonite International Corp,5028,01-05-2024
732,MBC,Masterbrand Inc,12519,01-05-2024
733,MCFT,MasterCraft Boat Holdings Inc,15329,01-05-2024
734,MTDR,Matador Resources Co,23740,01-05-2024
735,MTRN,Materion Corp,4355,01-05-2024
736,MATV,Mativ Holdings Inc,9672,01-05-2024
737,MATX,Matson Inc,10083,01-05-2024
738,MATW,Matthews International Corp,7078,01-05-2024
739,MMS,Maximus Inc,11912,01-05-2024
740,MXL,MaxLinear Inc,29147,01-05-2024
741,MEC,Mayville Engineering Co Inc,4462,01-05-2024
742,MBI,MBIA Inc,34366,01-05-2024
743,MGRC,McGrath RentCorp,2637,01-05-2024
744,MDC,MDC Holdings Inc,9094,01-05-2024
745,MED,Medifast Inc,3230,01-05-2024
746,MBWM,Mercantile Bank Corp,7490,01-05-2024
747,MMSI,Merit Medical Systems Inc,8116,01-05-2024
748,MTH,Meritage Homes Corp,6398,01-05-2024
749,MLAB,Mesa Laboratories Inc,2063,01-05-2024
750,MEI,Methode Electronics Inc,9777,01-05-2024
751,MCB,Metropolitan Bank Holding Corp,3661,01-05-2024
752,MFA,MFA Financial Inc,10487,01-05-2024
753,MGEE,MGE Energy Inc,7740,01-05-2024
754,MGPI,MGP Ingredients Inc,1449,01-05-2024
755,MSTR,MicroStrategy Inc,642,01-05-2024
756,MBCN,Middlefield Banc Corp,3109,01-05-2024
757,MSEX,Middlesex Water Co,3149,01-05-2024
758,MSBI,Midland States Bancorp Inc,5670,01-05-2024
759,MOFG,MidWestOne Financial Group Inc,4673,01-05-2024
760,MLR,Miller Industries Inc,2799,01-05-2024
761,MLKN,MillerKnoll Inc,15370,01-05-2024
762,MDXG,MiMedx Group Inc,92361,01-05-2024
763,MTX,Minerals Technologies Inc,6456,01-05-2024
764,MIRM,Mirum Pharmaceuticals Inc,3366,01-05-2024
765,MG,Mistras Group Inc,18621,01-05-2024
766,MITK,Mitek Systems Inc,20671,01-05-2024
767,MODN,Model N Inc,7904,01-05-2024
768,MOD,Modine Manufacturing Co,14900,01-05-2024
769,MC,Moelis & Co,8995,01-05-2024
770,MCRI,Monarch Casino & Resort Inc,3843,01-05-2024
771,MNRO,Monro Inc,4161,01-05-2024
772,MNTK,Montauk Renewables Inc,55540,01-05-2024
773,MOG/A,Moog Inc,5929,01-05-2024
774,MORF,Morphic Holding Inc,4327,01-05-2024
775,MOV,Movado Group Inc,9051,01-05-2024
776,COOP,Mr Cooper Group Inc,15514,01-05-2024
777,MRC,MRC Global Inc,33563,01-05-2024
778,MLI,Mueller Industries Inc,36012,01-05-2024
779,MWA,Mueller Water Products Inc,21885,01-05-2024
780,MPLN,Multiplan Corp,135218,01-05-2024
781,MUR,Murphy Oil Corp,23387,01-05-2024
782,MYE,Myers Industries Inc,33480,01-05-2024
783,MYRG,MYR Group Inc,4915,01-05-2024
784,MYGN,Myriad Genetics Inc,38387,01-05-2024
785,NABL,N-able Inc,9895,01-05-2024
786,NBR,Nabors Industries Ltd,2193,01-05-2024
787,NC,NACCO Industries Inc,3871,01-05-2024
788,NSSC,Napco Security Technologies Inc,20460,01-05-2024
789,NATH,Nathans Famous Inc,2261,01-05-2024
790,NBHC,National Bank Holdings Corp,5653,01-05-2024
791,NKSH,National Bankshares Inc,5567,01-05-2024
792,FIZZ,National Beverage Corp,12336,01-05-2024
793,NHI,National Health Investors Inc,7169,01-05-2024
794,NHC,National HealthCare Corp,5425,01-05-2024
795,NPK,National Presto Industries Inc,1373,01-05-2024
796,NRC,National Research Corp,8335,01-05-2024
797,EYE,National Vision Holdings Inc,9755,01-05-2024
798,NWLI,National Western Life Group Inc,848,01-05-2024
799,NAVI,Navient Corp,48329,01-05-2024
800,NVTS,Navitas Semiconductor Corp,15692,01-05-2024
801,NBTB,NBT Bancorp Inc,9128,01-05-2024
802,NNI,Nelnet Inc,4699,01-05-2024
803,NEOG,Neogen Corp,17997,01-05-2024
804,NEO,NeoGenomics Inc,12040,01-05-2024
805,NRDY,Nerdy Inc,36581,01-05-2024
806,NTGR,NETGEAR Inc,9688,01-05-2024
807,NTCT,NetScout Systems Inc,18484,01-05-2024
808,NVRO,Nevro Corp,6236,01-05-2024
809,NJR,New Jersey Resources Corp,17383,01-05-2024
810,NYMT,New York Mortgage Trust Inc,523,01-05-2024
811,NMRK,Newmark Group Inc,22396,01-05-2024
812,NEWT,NewtekOne Inc,3758,01-05-2024
813,NREF,Nexpoint Real Estate Finance Inc,7487,01-05-2024
814,NXRT,NexPoint Residential Trust Inc,6120,01-05-2024
815,NXT,NEXTracker Inc,4626,01-05-2024
816,NIC,Nicolet Bankshares Inc,2914,01-05-2024
817,NMIH,NMI Holdings Inc,22556,01-05-2024
818,NE,Noble Corp PLC,12327,01-05-2024
819,NAT,Nordic American Tankers Ltd,24466,01-05-2024
820,NBN,Northeast Bank,6603,01-05-2024
821,NECB,Northeast Community Bancorp Inc,6177,01-05-2024
822,NOG,Northern Oil and Gas Inc,17518,01-05-2024
823,NWBI,Northwest Bancshares Inc,17175,01-05-2024
824,NWN,Northwest Natural Holding Co,5536,01-05-2024
825,NWPX,Northwest Pipe Co,5513,01-05-2024
826,NWE,Northwestern Energy Group Inc,11338,01-05-2024
827,NWFL,Norwood Financial Corp,4390,01-05-2024
828,NOVT,Novanta Inc,6007,01-05-2024
829,DNOW,NOW Inc,67906,01-05-2024
830,NUS,Nu Skin Enterprises Inc,10804,01-05-2024
831,NUVL,Nuvalent Inc,2143,01-05-2024
832,NVEE,NV5 Global Inc,3986,01-05-2024
833,NVEC,NVE Corp,3162,01-05-2024
834,OI,O-I Glass Inc,23289,01-05-2024
835,OVLY,Oak Valley Bancorp,6537,01-05-2024
836,OII,Oceaneering International Inc,20904,01-05-2024
837,OCFC,OceanFirst Financial Corp,8608,01-05-2024
838,OCUL,Ocular Therapeutix Inc,60555,01-05-2024
839,ODP,ODP Corp,9889,01-05-2024
840,OPI,Office Properties Income Trust,18067,01-05-2024
841,OFG,OFG Bancorp,17592,01-05-2024
842,OIS,Oil States International Inc,26622,01-05-2024
843,ONB,Old National Bancorp,44585,01-05-2024
844,OSBC,Old Second Bancorp Inc,16309,01-05-2024
845,OLMA,Olema Pharmaceuticals Inc,8397,01-05-2024
846,ZEUS,Olympic Steel Inc,9328,01-05-2024
847,OFLX,Omega Flex Inc,2961,01-05-2024
848,OMGA,Omega Therapeutics Inc,9717,01-05-2024
849,OMER,Omeros Corp,24896,01-05-2024
850,OMCL,Omnicell Inc,5971,01-05-2024
851,OGS,ONE Gas Inc,14035,01-05-2024
852,OSPN,OneSpan Inc,14717,01-05-2024
853,OSW,OneSpaWorld Holdings Ltd,12255,01-05-2024
854,ONTO,Onto Innovation Inc,9479,01-05-2024
855,OOMA,Ooma Inc,21038,01-05-2024
856,LPRO,Open Lending Corp,19021,01-05-2024
857,OPEN,Opendoor Technologies Inc,39076,01-05-2024
858,KAR,OPENLANE Inc,12552,01-05-2024
859,OPK,OPKO Health Inc,89912,01-05-2024
860,OPCH,Option Care Health Inc,23509,01-05-2024
861,OSUR,OraSure Technologies Inc,41634,01-05-2024
862,ORGO,Organogenesis Holdings Inc,66836,01-05-2024
863,OBK,Origin Bancorp Inc,3291,01-05-2024
864,ONL,Orion Office REIT Inc,17696,01-05-2024
865,OEC,Orion SA,25065,01-05-2024
866,ORA,Ormat Technologies Inc,10674,01-05-2024
867,OFIX,Orthofix Medical Inc,16875,01-05-2024
868,OSCR,Oscar Health Inc,12411,01-05-2024
869,OSIS,OSI Systems Inc,3972,01-05-2024
870,OTTR,Otter Tail Corp,13813,01-05-2024
871,OUT,Outfront Media Inc,28203,01-05-2024
872,OSG,Overseas Shipholding Group Inc,24085,01-05-2024
873,OVID,Ovid therapeutics Inc,23251,01-05-2024
874,OMI,Owens & Minor Inc,20654,01-05-2024
875,OXM,Oxford Industries Inc,6825,01-05-2024
876,PACB,Pacific Biosciences of California Inc,15388,01-05-2024
877,PPBI,Pacific Premier Bancorp Inc,12982,01-05-2024
878,PCRX,Pacira BioSciences Inc,16373,01-05-2024
879,PTVE,Pactiv Evergreen Inc,13327,01-05-2024
880,PD,PagerDuty Inc,6678,01-05-2024
881,PAGS,Pagseguro Digital Ltd,18163,01-05-2024
882,PLMR,Palomar Holdings Inc,3673,01-05-2024
883,PTSI,PAM Transportation Services Inc,3576,01-05-2024
884,PANL,Pangaea Logistics Solutions Ltd,8847,01-05-2024
885,PZZA,Papa Johns International Inc,8195,01-05-2024
886,PARR,Par Pacific Holdings Inc,9557,01-05-2024
887,PAR,PAR Technology Corp,2451,01-05-2024
888,PGRE,Paramount Group Inc,43343,01-05-2024
889,PRK,Park National Corp,3882,01-05-2024
890,PKBK,Parke Bancorp Inc,9654,01-05-2024
891,PSN,Parsons Corp,10262,01-05-2024
892,CASH,Pathward Financial Inc,11938,01-05-2024
893,PAX,Patria Investments Ltd,9566,01-05-2024
894,PATK,Patrick Industries Inc,8581,01-05-2024
895,PDCO,Patterson Cos Inc,21773,01-05-2024
896,PTEN,Patterson-UTI Energy Inc,53783,01-05-2024
897,PAYO,Payoneer Global Inc,21843,01-05-2024
898,PBF,PBF Energy Inc,23979,01-05-2024
899,CNXN,PC Connection Inc,11038,01-05-2024
900,PCB,PCB Bancorp,10593,01-05-2024
901,PDFS,PDF Solutions Inc,10663,01-05-2024
902,BTU,Peabody Energy Corp,22503,01-05-2024
903,PGC,Peapack-Gladstone Financial Corp,7642,01-05-2024
904,PEB,Pebblebrook Hotel Trust,22377,01-05-2024
905,MD,Pediatrix Medical Group Inc,21457,01-05-2024
906,PFSI,PennyMac Financial Services Inc,7930,01-05-2024
907,PMT,PennyMac Mortgage Investment Trust,15367,01-05-2024
908,PEBO,Peoples Bancorp Inc,14570,01-05-2024
909,PFIS,Peoples Financial Services Corp,3998,01-05-2024
910,PRDO,Perdoceo Education Corp,64017,01-05-2024
911,PRFT,Perficient Inc,8887,01-05-2024
912,PR,Permian Resources Corp,64466,01-05-2024
913,PETQ,PetIQ Inc,16156,01-05-2024
914,PGTI,PGT Innovations Inc,21572,01-05-2024
915,PHAT,Phathom Pharmaceuticals Inc,837,01-05-2024
916,PAHC,Phibro Animal Health Corp,19477,01-05-2024
917,PECO,Phillips Edison & Co Inc,15467,01-05-2024
918,PLAB,Photronics Inc,27652,01-05-2024
919,PHR,Phreesia Inc,9922,01-05-2024
920,DOC,Physicians Realty Trust,32967,01-05-2024
921,PDM,Piedmont Office Realty Trust Inc,28029,01-05-2024
922,PIPR,Piper Sandler Cos,2600,01-05-2024
923,PJT,PJT Partners Inc,7013,01-05-2024
924,AGS,PlayAGS Inc,17528,01-05-2024
925,MYPS,Playstudios Inc,25388,01-05-2024
926,PLXS,Plexus Corp,5844,01-05-2024
927,PLBC,Plumas Bancorp,2849,01-05-2024
928,PLYM,Plymouth Industrial REIT Inc,6597,01-05-2024
929,PNM,PNM Resources Inc,18405,01-05-2024
930,POR,Portland General Electric Co,20395,01-05-2024
931,PSTX,Poseida Therapeutics Inc,25816,01-05-2024
932,PSTL,Postal Realty Trust Inc,11660,01-05-2024
933,PBPB,Potbelly Corp,22896,01-05-2024
934,PCH,PotlatchDeltic Corp,21917,01-05-2024
935,POWL,Powell Industries Inc,4995,01-05-2024
936,POWI,Power Integrations Inc,11221,01-05-2024
937,PWSC,PowerSchool Holdings Inc,4833,01-05-2024
938,PRAA,PRA Group Inc,5075,01-05-2024
939,PFBC,Preferred Bank,8355,01-05-2024
940,PLPC,Preformed Line Products Co,2407,01-05-2024
941,PFC,Premier Financial Corp,7749,01-05-2024
942,PBH,Prestige Consumer Healthcare Inc,17127,01-05-2024
943,PSMT,PriceSmart Inc,2587,01-05-2024
944,FRST,Primis Financial Corp,6252,01-05-2024
945,PRMW,Primo Water Corp,37977,01-05-2024
946,PRIM,Primoris Services Corp,12743,01-05-2024
947,PRVA,Privia Health Group Inc,4533,01-05-2024
948,PRA,ProAssurance Corp,9690,01-05-2024
949,ACDC,ProFrac Holding Corp,23311,01-05-2024
950,PRG,PROG Holdings Inc,15822,01-05-2024
951,PRGS,Progress Software Corp,12908,01-05-2024
952,PGNY,Progyny Inc,5861,01-05-2024
953,PUMP,ProPetro Holding Corp,41464,01-05-2024
954,PRO,PROS Holdings Inc,7012,01-05-2024
955,PTGX,Protagonist Therapeutics Inc,5836,01-05-2024
956,PLX,Protalix BioTherapeutics Inc,54545,01-05-2024
957,PRLB,Proto Labs Inc,6642,01-05-2024
958,PFS,Provident Financial Services Inc,16184,01-05-2024
959,PTCT,PTC Therapeutics Inc,17278,01-05-2024
960,LUNG,Pulmonx Corp,1248,01-05-2024
961,PCYO,Pure Cycle Corp,18598,01-05-2024
962,PRPL,Purple Innovation Inc,1004,01-05-2024
963,QTWO,Q2 Holdings Inc,4212,01-05-2024
964,QCRH,QCR Holdings Inc,6700,01-05-2024
965,KWR,Quaker Chemical Corp,1471,01-05-2024
966,QLYS,Qualys Inc,7101,01-05-2024
967,NX,Quanex Building Products Corp,15623,01-05-2024
968,QTRX,Quanterix Corp,4108,01-05-2024
969,QNST,QuinStreet Inc,2506,01-05-2024
970,RXT,Rackspace Technology Inc,56511,01-05-2024
971,RDN,Radian Group Inc,47661,01-05-2024
972,RLGT,Radiant Logistics Inc,35871,01-05-2024
973,RDNT,RadNet Inc,9833,01-05-2024
974,METC,Ramaco Resources Inc,17175,01-05-2024
975,METCB,Ramaco Resources Inc,2418,01-05-2024
976,RMBS,Rambus Inc,24961,01-05-2024
977,RPD,Rapid7 Inc,8416,01-05-2024
978,RYAM,Rayonier Advanced Materials Inc,37704,01-05-2024
979,RICK,RCI Hospitality Holdings Inc,3438,01-05-2024
980,RMAX,RE/MAX Holdings Inc,15170,01-05-2024
981,RC,Ready Capital Corp,38000,01-05-2024
982,RRR,Red Rock Resorts Inc,8580,01-05-2024
983,RDVT,Red Violet Inc,2061,01-05-2024
984,RDFN,Redfin Corp,17074,01-05-2024
985,RM,Regional Management Corp,6631,01-05-2024
986,RELY,Remitly Global Inc,11396,01-05-2024
987,RNST,Renasant Corp,10473,01-05-2024
988,RBCAA,Republic Bancorp Inc,6176,01-05-2024
989,REZI,Resideo Technologies Inc,27695,01-05-2024
990,RGP,Resources Connection Inc,30332,01-05-2024
991,ROIC,Retail Opportunity Investments Corp,21165,01-05-2024
992,REVG,REV Group Inc,16335,01-05-2024
993,RVMD,REVOLUTION Medicines Inc,5343,01-05-2024
994,RVLV,Revolve Group Inc,8528,01-05-2024
995,REX,REX American Resources Corp,7273,01-05-2024
996,RGCO,RGC Resources Inc,3969,01-05-2024
997,RYTM,Rhythm Pharmaceuticals Inc,5034,01-05-2024
998,RBBN,Ribbon Communications Inc,44423,01-05-2024
999,RELL,Richardson Electronics Ltd,3963,01-05-2024
1000,REI,Ring Energy Inc,22389,01-05-2024
1001,RIOT,Riot Platforms Inc,13568,01-05-2024
1002,RLJ,RLJ Lodging Trust,28202,01-05-2024
1003,RMR,RMR Group Inc,11673,01-05-2024
1004,RKLB,Rocket Lab USA Inc,27343,01-05-2024
1005,ROG,Rogers Corp,1484,01-05-2024
1006,ROVR,Rover Group Inc,8821,01-05-2024
1007,RES,RPC Inc,74106,01-05-2024
1008,RUSHA,Rush Enterprises Inc,21280,01-05-2024
1009,RUSHB,Rush Enterprises Inc,9349,01-05-2024
1010,RSI,Rush Street Interactive Inc,42457,01-05-2024
1011,RXO,RXO Inc,35741,01-05-2024
1012,RXST,RxSight Inc,3623,01-05-2024
1013,RYI,Ryerson Holding Corp,20810,01-05-2024
1014,RHP,Ryman Hospitality Properties Inc,9775,01-05-2024
1015,STBA,S&T Bancorp Inc,8225,01-05-2024
1016,SBRA,Sabra Health Care REIT Inc,37229,01-05-2024
1017,SABR,Sabre Corp,23602,01-05-2024
1018,SB,Safe Bulkers Inc,45886,01-05-2024
1019,SAFT,Safety Insurance Group Inc,3900,01-05-2024
1020,SBH,Sally Beauty Holdings Inc,25766,01-05-2024
1021,SMTI,Sanara Medtech Inc,3688,01-05-2024
1022,SD,SandRidge Energy Inc,13038,01-05-2024
1023,SASR,Sandy Spring Bancorp Inc,11625,01-05-2024
1024,SGMO,Sangamo Therapeutics Inc,22901,01-05-2024
1025,SANM,Sanmina Corp,11296,01-05-2024
1026,SPNS,Sapiens International Corp NV,9213,01-05-2024
1027,BFS,Saul Centers Inc,2578,01-05-2024
1028,SVRA,Savara Inc,30202,01-05-2024
1029,SCSC,ScanSource Inc,9148,01-05-2024
1030,RDUS,Schnitzer Steel Industries Inc,12565,01-05-2024
1031,SRRK,Scholar Rock Holding Corp,5316,01-05-2024
1032,SCHL,Scholastic Corp,12740,01-05-2024
1033,SDGR,Schrodinger Inc,3399,01-05-2024
1034,STNG,Scorpio Tankers Inc,10161,01-05-2024
1035,SCPH,scPharmaceuticals Inc,25,01-05-2024
1036,SBCF,Seacoast Banking Corp of Florida,8619,01-05-2024
1037,SDRL,Seadrill Ltd,4803,01-05-2024
1038,SEAS,SeaWorld Entertainment Inc,5815,01-05-2024
1039,SEM,Select Medical Holdings Corp,15189,01-05-2024
1040,SIGI,Selective Insurance Group Inc,12646,01-05-2024
1041,SMLR,Semler Scientific Inc,4857,01-05-2024
1042,SEMR,SEMrush Holdings Inc,21171,01-05-2024
1043,SXT,Sensient Technologies Corp,8425,01-05-2024
1044,SVC,Service Properties Trust,44533,01-05-2024
1045,SFBS,ServisFirst Bancshares Inc,12670,01-05-2024
1046,SFL,SFL Corp Ltd,21512,01-05-2024
1047,SHAK,Shake Shack Inc,2474,01-05-2024
1048,SHLS,Shoals Technologies Group Inc,7792,01-05-2024
1049,SCVL,Shoe Carnival Inc,15237,01-05-2024
1050,SHBI,Shore Bancshares Inc,726,01-05-2024
1051,SSTK,Shutterstock Inc,7874,01-05-2024
1052,SHYF,Shyft Group Inc,19695,01-05-2024
1053,SIBN,SI-BONE Inc,10763,01-05-2024
1054,BSRR,Sierra Bancorp,7107,01-05-2024
1055,SIGA,SIGA Technologies Inc,44746,01-05-2024
1056,SIG,Signet Jewelers Ltd,9290,01-05-2024
1057,SLAB,Silicon Laboratories Inc,4594,01-05-2024
1058,SILK,Silk Road Medical Inc,11970,01-05-2024
1059,SBOW,SilverBow Resources Inc,8212,01-05-2024
1060,SFNC,Simmons First National Corp,16949,01-05-2024
1061,SMPL,Simply Good Foods Co,12208,01-05-2024
1062,SSD,Simpson Manufacturing Co Inc,10891,01-05-2024
1063,SPNT,SiriusPoint Ltd,24792,01-05-2024
1064,SITC,SITE Centers Corp,30468,01-05-2024
1065,SITM,SiTime Corp,842,01-05-2024
1066,STR,Sitio Royalties Corp,10569,01-05-2024
1067,SIX,Six Flags Entertainment Corp,5116,01-05-2024
1068,SJW,SJW Group,5565,01-05-2024
1069,SKY,Skyline Champion Corp,8004,01-05-2024
1070,SKWD,Skyward Specialty Insurance Group Inc,4371,01-05-2024
1071,SKYW,SkyWest Inc,6484,01-05-2024
1072,SLG,SL Green Realty Corp,5232,01-05-2024
1073,SNBR,Sleep Number Corp,9577,01-05-2024
1074,SM,SM Energy Co,39246,01-05-2024
1075,SGH,SMART Global Holdings Inc,18151,01-05-2024
1076,SWBI,Smith & Wesson Brands Inc,23566,01-05-2024
1077,SOI,Solaris Oilfield Infrastructure Inc,401,01-05-2024
1078,SWI,SolarWinds Corp,18894,01-05-2024
1079,SAH,Sonic Automotive Inc,5200,01-05-2024
1080,SONO,Sonos Inc,25315,01-05-2024
1081,SSTI,SoundThinking Inc,5265,01-05-2024
1082,SFST,Southern First Bancshares Inc,6095,01-05-2024
1083,SMBC,Southern Missouri Bancorp Inc,6734,01-05-2024
1084,SBSI,Southside Bancshares Inc,6552,01-05-2024
1085,SSB,SouthState Corp,10217,01-05-2024
1086,SWX,Southwest Gas Holdings Inc,11814,01-05-2024
1087,SOVO,Sovos Brands Inc,6383,01-05-2024
1088,SP,SP Plus Corp,7692,01-05-2024
1089,SPTN,SpartanNash Co,18889,01-05-2024
1090,SPHR,Sphere Entertainment Co,4215,01-05-2024
1091,SR,Spire Inc,9693,01-05-2024
1092,SAVE,Spirit Airlines Inc,6440,01-05-2024
1093,SPOK,Spok Holdings Inc,10961,01-05-2024
1094,SWTX,SpringWorks Therapeutics Inc,5110,01-05-2024
1095,CXM,Sprinklr Inc,21717,01-05-2024
1096,SPT,Sprout Social Inc,7528,01-05-2024
1097,SFM,Sprouts Farmers Market Inc,25140,01-05-2024
1098,SPSC,SPS Commerce Inc,8288,01-05-2024
1099,SPXC,SPX Technologies Inc,6781,01-05-2024
1100,SQSP,Squarespace Inc,12125,01-05-2024
1101,JOE,St Joe Co,6188,01-05-2024
1102,STAA,STAAR Surgical Co,9509,01-05-2024
1103,STGW,Stagwell Inc,25618,01-05-2024
1104,SMP,Standard Motor Products Inc,10891,01-05-2024
1105,SXI,Standex International Corp,2462,01-05-2024
1106,SCS,Steelcase Inc,34050,01-05-2024
1107,STEL,Stellar Bancorp Inc,8265,01-05-2024
1108,SCL,Stepan Co,1810,01-05-2024
1109,STEP,StepStone Group Inc,4019,01-05-2024
1110,STRL,Sterling Infrastructure Inc,8326,01-05-2024
1111,SHOO,Steven Madden Ltd,18381,01-05-2024
1112,STC,Stewart Information Services Corp,9446,01-05-2024
1113,SFIX,Stitch Fix Inc,34195,01-05-2024
1114,SYBT,Stock Yards Bancorp Inc,7312,01-05-2024
1115,STNE,StoneCo Ltd,37403,01-05-2024
1116,SRI,Stoneridge Inc,15156,01-05-2024
1117,SNEX,StoneX Group Inc,9697,01-05-2024
1118,STRA,Strategic Education Inc,4331,01-05-2024
1119,LRN,Stride Inc,19669,01-05-2024
1120,RGR,Sturm Ruger & Co Inc,6619,01-05-2024
1121,INN,Summit Hotel Properties Inc,36792,01-05-2024
1122,SUM,Summit Materials Inc,16050,01-05-2024
1123,SXC,SunCoke Energy Inc,39917,01-05-2024
1124,SHO,Sunstone Hotel Investors Inc,37722,01-05-2024
1125,SMCI,Super Micro Computer Inc,7904,01-05-2024
1126,SUPN,Supernus Pharmaceuticals Inc,34706,01-05-2024
1127,SGRY,Surgery Partners Inc,6530,01-05-2024
1128,SRDX,Surmodics Inc,6660,01-05-2024
1129,SG,Sweetgreen Inc,9281,01-05-2024
1130,SLVM,Sylvamo Corp,4503,01-05-2024
1131,SYNA,Synaptics Inc,9147,01-05-2024
1132,TCMD,Tactile Systems Technology Inc,22711,01-05-2024
1133,TALO,Talos Energy Inc,23625,01-05-2024
1134,SKT,Tanger Inc,23013,01-05-2024
1135,TH,Target Hospitality Corp,21679,01-05-2024
1136,TARO,Taro Pharmaceutical Industries Ltd,7134,01-05-2024
1137,TARS,Tarsus Pharmaceuticals Inc,5400,01-05-2024
1138,TMHC,Taylor Morrison Home Corp,22703,01-05-2024
1139,TK,Teekay Corp,41090,01-05-2024
1140,TNK,Teekay Tankers Ltd,11091,01-05-2024
1141,TGNA,TEGNA Inc,41663,01-05-2024
1142,TELA,Tela Bio Inc,10863,01-05-2024
1143,TDS,Telephone and Data Systems Inc,5221,01-05-2024
1144,TENB,Tenable Holdings Inc,15660,01-05-2024
1145,TNC,Tennant Co,8061,01-05-2024
1146,WULF,Terawulf Inc,67649,01-05-2024
1147,TEX,Terex Corp,13613,01-05-2024
1148,TRNO,Terreno Realty Corp,10697,01-05-2024
1149,TTI,TETRA Technologies Inc,80902,01-05-2024
1150,TCBI,Texas Capital Bancshares Inc,8514,01-05-2024
1151,TGH,Textainer Group Holdings Ltd,10997,01-05-2024
1152,TGTX,TG Therapeutics Inc,25886,01-05-2024
1153,TBPH,Theravance Biopharma Inc,13159,01-05-2024
1154,THR,Thermon Group Holdings Inc,7303,01-05-2024
1155,TWKS,Thoughtworks Holding Inc,32453,01-05-2024
1156,THRY,Thryv Holdings Inc,12023,01-05-2024
1157,TDW,Tidewater Inc,4033,01-05-2024
1158,TSBK,Timberland Bancorp Inc,3645,01-05-2024
1159,TMST,TimkenSteel Corp,21044,01-05-2024
1160,TIO,Tingo Group Inc,118595,01-05-2024
1161,TWI,Titan International Inc,15197,01-05-2024
1162,TITN,Titan Machinery Inc,14906,01-05-2024
1163,TMP,Tompkins Financial Corp,3687,01-05-2024
1164,MODG,Topgolf Callaway Brands Corp,8212,01-05-2024
1165,TOWN,Towne Bank,14107,01-05-2024
1166,TRNS,Transcat Inc,6246,01-05-2024
1167,TMDX,TransMedics Group Inc,1559,01-05-2024
1168,THS,TreeHouse Foods Inc,11383,01-05-2024
1169,TPH,Tri Pointe Homes Inc,23986,01-05-2024
1170,TCBK,TriCo Bancshares,9239,01-05-2024
1171,TRS,TriMas Corp,9686,01-05-2024
1172,TNET,TriNet Group Inc,6500,01-05-2024
1173,TRN,Trinity Industries Inc,6129,01-05-2024
1174,TSE,Trinseo PLC,2745,01-05-2024
1175,TFIN,Triumph Financial Inc,3925,01-05-2024
1176,TGI,Triumph Group Inc,8296,01-05-2024
1177,TROX,Tronox Holdings PLC,17617,01-05-2024
1178,TBI,TrueBlue Inc,29420,01-05-2024
1179,TRUE,TrueCar Inc,88118,01-05-2024
1180,TRST,TrustCo Bank Corp NY,5723,01-05-2024
1181,TRMK,Trustmark Corp,13036,01-05-2024
1182,TTEC,TTEC Holdings Inc,5012,01-05-2024
1183,TTMI,TTM Technologies Inc,31395,01-05-2024
1184,TPB,Turning Point Brands Inc,7606,01-05-2024
1185,HEAR,Turtle Beach Corp,5063,01-05-2024
1186,TPC,Tutor Perini Corp,17101,01-05-2024
1187,TWO,Two Harbors Investment Corp,7626,01-05-2024
1188,UDMY,Udemy Inc,24140,01-05-2024
1189,UFPI,UFP Industries Inc,16937,01-05-2024
1190,UFPT,UFP Technologies Inc,1677,01-05-2024
1191,UCTT,Ultra Clean Holdings Inc,12283,01-05-2024
1192,UMBF,UMB Financial Corp,8872,01-05-2024
1193,UMH,UMH Properties Inc,11208,01-05-2024
1194,UNF,UniFirst Corp,2935,01-05-2024
1195,UIS,Unisys Corp,31711,01-05-2024
1196,UBSI,United Bankshares Inc,18161,01-05-2024
1197,UCBI,United Community Banks Inc,15808,01-05-2024
1198,UNFI,United Natural Foods Inc,17492,01-05-2024
1199,USLM,United States Lime & Minerals Inc,1993,01-05-2024
1200,UNIT,Uniti Group Inc,65077,01-05-2024
1201,UTL,Unitil Corp,5254,01-05-2024
1202,UNTY,Unity Bancorp Inc,6724,01-05-2024
1203,UVV,Universal Corp,7029,01-05-2024
1204,UHT,Universal Health Realty Income Trust,3070,01-05-2024
1205,UVE,Universal Insurance Holdings Inc,8374,01-05-2024
1206,UVSP,Univest Financial Corp,6800,01-05-2024
1207,UPBD,Upbound Group Inc,22696,01-05-2024
1208,UPST,Upstart Holdings Inc,4491,01-05-2024
1209,UPWK,Upwork Inc,23436,01-05-2024
1210,UEC,Uranium Energy Corp,26716,01-05-2024
1211,UE,Urban Edge Properties,15718,01-05-2024
1212,URBN,Urban Outfitters Inc,8356,01-05-2024
1213,URGN,UroGen Pharma Ltd,19547,01-05-2024
1214,USPH,US Physical Therapy Inc,2652,01-05-2024
1215,SLCA,US Silica Holdings Inc,19847,01-05-2024
1216,USNA,USANA Health Sciences Inc,5763,01-05-2024
1217,UTZ,Utz Brands Inc,7720,01-05-2024
1218,VVX,V2X Inc,7061,01-05-2024
1219,EGY,VAALCO Energy Inc,48588,01-05-2024
1220,VAL,Valaris Ltd,7179,01-05-2024
1221,VLY,Valley National Bancorp,71173,01-05-2024
1222,VNDA,Vanda Pharmaceuticals Inc,53015,01-05-2024
1223,VREX,Varex Imaging Corp,14844,01-05-2024
1224,VRNS,Varonis Systems Inc,15204,01-05-2024
1225,PCVX,Vaxcyte Inc,5257,01-05-2024
1226,VGR,Vector Group Ltd,41483,01-05-2024
1227,VECO,Veeco Instruments Inc,10855,01-05-2024
1228,VRA,Vera Bradley Inc,22953,01-05-2024
1229,VERA,Vera Therapeutics Inc,7203,01-05-2024
1230,VCYT,Veracyte Inc,8177,01-05-2024
1231,MDRX,Veradigm Inc,37900,01-05-2024
1232,VCEL,Vericel Corp,24284,01-05-2024
1233,VRNT,Verint Systems Inc,13464,01-05-2024
1234,VRE,Veris Residential Inc,20805,01-05-2024
1235,VBTX,Veritex Holdings Inc,10016,01-05-2024
1236,VRRM,Verra Mobility Corp,21696,01-05-2024
1237,VRCA,Verrica Pharmaceuticals Inc,10270,01-05-2024
1238,VTNR,Vertex Energy Inc,31599,01-05-2024
1239,VIAV,Viavi Solutions Inc,39138,01-05-2024
1240,VICR,Vicor Corp,7291,01-05-2024
1241,VCTR,Victory Capital Holdings Inc,4390,01-05-2024
1242,VMD,Viemed Healthcare Inc,33153,01-05-2024
1243,VIGL,Vigil Neuroscience Inc,8122,01-05-2024
1244,VKTX,Viking Therapeutics Inc,7009,01-05-2024
1245,VLGEA,Village Super Market Inc,8087,01-05-2024
1246,VIR,Vir Biotechnology Inc,1837,01-05-2024
1247,VABK,Virginia National Bankshares Corp,4588,01-05-2024
1248,VRTS,Virtus Investment Partners Inc,2517,01-05-2024
1249,VSH,Vishay Intertechnology Inc,28536,01-05-2024
1250,VPG,Vishay Precision Group Inc,7988,01-05-2024
1251,VSTO,Vista Outdoor Inc,14176,01-05-2024
1252,VC,Visteon Corp,2881,01-05-2024
1253,COCO,Vita Coco Co Inc,5060,01-05-2024
1254,VTLE,Vital Energy Inc,5463,01-05-2024
1255,VITL,Vital Farms Inc,17974,01-05-2024
1256,VYGR,Voyager Therapeutics Inc,27145,01-05-2024
1257,WTI,W&T Offshore Inc,88720,01-05-2024
1258,WNC,Wabash National Corp,16725,01-05-2024
1259,WAFD,WaFd Inc,15099,01-05-2024
1260,WD,Walker & Dunlop Inc,4879,01-05-2024
1261,HCC,Warrior Met Coal Inc,22227,01-05-2024
1262,WASH,Washington Trust Bancorp Inc,6725,01-05-2024
1263,WSBF,Waterstone Financial Inc,16568,01-05-2024
1264,WTS,Watts Water Technologies Inc,7906,01-05-2024
1265,WDFC,WD-40 Co,3159,01-05-2024
1266,WFRD,Weatherford International PLC,9862,01-05-2024
1267,WEAV,Weave Communications Inc,11281,01-05-2024
1268,WMK,Weis Markets Inc,5916,01-05-2024
1269,WERN,Werner Enterprises Inc,8157,01-05-2024
1270,WSBC,WesBanco Inc,11843,01-05-2024
1271,WTBA,West BanCorp Inc,12839,01-05-2024
1272,WABC,Westamerica BanCorp,8209,01-05-2024
1273,WSR,Whitestone REIT,22161,01-05-2024
1274,WLDN,Willdan Group Inc,8257,01-05-2024
1275,WINA,Winmark Corp,1718,01-05-2024
1276,WGO,Winnebago Industries Inc,10294,01-05-2024
1277,WT,WisdomTree Inc,50086,01-05-2024
1278,WWW,Wolverine World Wide Inc,14188,01-05-2024
1279,WK,Workiva Inc,8001,01-05-2024
1280,WRLD,World Acceptance Corp,833,01-05-2024
1281,WKC,World Kinect Corp,15064,01-05-2024
1282,WOR,Worthington Enterprises Inc,7186,01-05-2024
1283,WS,Worthington Steel Inc,7040,01-05-2024
1284,WSFS,WSFS Financial Corp,12769,01-05-2024
1285,WW,WW International Inc,43867,01-05-2024
1286,XNCR,Xencor Inc,6913,01-05-2024
1287,XHR,Xenia Hotels & Resorts Inc,24847,01-05-2024
1288,XERS,Xeris Biopharma Holdings Inc,4219,01-05-2024
1289,XRX,Xerox Holdings Corp,25117,01-05-2024
1290,XPEL,XPEL Inc,10827,01-05-2024
1291,XPER,Xperi Inc,12662,01-05-2024
1292,YMAB,Y-mAbs Therapeutics Inc,8813,01-05-2024
1293,YELP,Yelp Inc,22457,01-05-2024
1294,YEXT,Yext Inc,46591,01-05-2024
1295,YORW,York Water Co,5008,01-05-2024
1296,ZETA,Zeta Global Holdings Corp,35860,01-05-2024
1297,ZD,Ziff Davis Inc,6624,01-05-2024
1298,ZIMV,Zimvie Inc,11480,01-05-2024
1299,ZIP,ZipRecruiter Inc,7971,01-05-2024
1300,ZUMZ,Zumiez Inc,12288,01-05-2024
1301,ZUO,Zuora Inc,24105,01-05-2024
1302,ZWS,Zurn Elkay Water Solutions Corp,11941,01-05-2024
1303,ZYXI,Zynex Inc,19137,01-05-2024
1304,EUR,EUR EUROPEAN UNION EURO,0,01-05-2024
1305,--,USD U.S. DOLLAR,0,01-05-2024
