,Ticker,Name,Shares,Date
0,FLWS,1-800-Flowers.com Inc,19665,04-30-2024
1,SRCE,1st Source Corp,3615,04-30-2024
2,EGHT,8x8 Inc,106538,04-30-2024
3,AMRK,A-Mark Precious Metals Inc,12706,04-30-2024
4,ATEN,A10 Networks Inc,44691,04-30-2024
5,AAON,AAON Inc,11756,04-30-2024
6,AIR,AAR Corp,7115,04-30-2024
7,AAN,Aarons Co Inc,18907,04-30-2024
8,ANF,Abercrombie & Fitch Co,13141,04-30-2024
9,ABM,ABM Industries Inc,12235,04-30-2024
10,ASO,Academy Sports & Outdoors Inc,12822,04-30-2024
11,ACAD,ACADIA Pharmaceuticals Inc,38768,04-30-2024
12,AKR,Acadia Realty Trust,18216,04-30-2024
13,ACCO,ACCO Brands Corp,36840,04-30-2024
14,ACIW,ACI Worldwide Inc,18977,04-30-2024
15,ACMR,ACM Research Inc,5325,04-30-2024
16,ACNB,ACNB Corp,853,04-30-2024
17,GOLF,Acushnet Holdings Corp,9885,04-30-2024
18,ACVA,ACV Auctions Inc,14899,04-30-2024
19,AHCO,AdaptHealth Corp,24109,04-30-2024
20,ADUS,Addus HomeCare Corp,3534,04-30-2024
21,ADEA,Adeia Inc,33321,04-30-2024
22,ADNT,Adient PLC,13310,04-30-2024
23,ADMA,ADMA Biologics Inc,34381,04-30-2024
24,ATGE,Adtalem Global Education Inc,11950,04-30-2024
25,AEIS,Advanced Energy Industries Inc,6306,04-30-2024
26,ASIX,AdvanSix Inc,9094,04-30-2024
27,AEHR,Aehr Test Systems,18711,04-30-2024
28,AVAV,AeroVironment Inc,3081,04-30-2024
29,AGYS,Agilysys Inc,6767,04-30-2024
30,ALG,Alamo Group Inc,3079,04-30-2024
31,ALRM,Alarm.com Holdings Inc,9831,04-30-2024
32,AIN,Albany International Corp,3639,04-30-2024
33,ALEX,Alexander & Baldwin Inc,27163,04-30-2024
34,ALX,Alexanders Inc,528,04-30-2024
35,ALIT,Alight Inc,48760,04-30-2024
36,ALHC,Alignment Healthcare Inc,4126,04-30-2024
37,ALKS,Alkermes PLC,50565,04-30-2024
38,ALE,ALLETE Inc,12219,04-30-2024
39,ALNT,Allient Inc,10554,04-30-2024
40,AOSL,Alpha & Omega Semiconductor Ltd,10230,04-30-2024
41,AMR,Alpha Metallurgical Resources Inc,5178,04-30-2024
42,ATEC,Alphatec Holdings Inc,18107,04-30-2024
43,PINE,Alpine Income Property Trust Inc,5523,04-30-2024
44,ALTG,Alta Equipment Group Inc,332,04-30-2024
45,ALTR,Altair Engineering Inc,9714,04-30-2024
46,AMAL,Amalgamated Financial Corp,7705,04-30-2024
47,AMBC,Ambac Financial Group Inc,20864,04-30-2024
48,AMBA,Ambarella Inc,4037,04-30-2024
49,AMCX,AMC Networks Inc,9029,04-30-2024
50,AMTB,Amerant Bancorp Inc,4755,04-30-2024
51,AAT,American Assets Trust Inc,12812,04-30-2024
52,AXL,American Axle & Manufacturing Holdings Inc,35188,04-30-2024
53,AEO,American Eagle Outfitters Inc,32098,04-30-2024
54,AEL,American Equity Investment Life Holding Co,17842,04-30-2024
55,AMSWA,American Software Inc,11529,04-30-2024
56,AWR,American States Water Co,9342,04-30-2024
57,AVD,American Vanguard Corp,18398,04-30-2024
58,AMWD,American Woodmark Corp,4105,04-30-2024
59,ABCB,Ameris Bancorp,13888,04-30-2024
60,AMSF,AMERISAFE Inc,6637,04-30-2024
61,ATLO,Ames National Corp,4437,04-30-2024
62,FOLD,Amicus Therapeutics Inc,34918,04-30-2024
63,AMKR,Amkor Technology Inc,30560,04-30-2024
64,AMN,AMN Healthcare Services Inc,12991,04-30-2024
65,AMRX,Amneal Pharmaceuticals Inc,115636,04-30-2024
66,AMPH,Amphastar Pharmaceuticals Inc,11156,04-30-2024
67,AMPY,Amplify Energy Corp,32582,04-30-2024
68,AMLX,Amylyx Pharmaceuticals Inc,48862,04-30-2024
69,ANDE,Andersons Inc,6555,04-30-2024
70,ANGO,AngioDynamics Inc,7390,04-30-2024
71,ANIP,ANI Pharmaceuticals Inc,5444,04-30-2024
72,ANIK,Anika Therapeutics Inc,12197,04-30-2024
73,HOUS,Anywhere Real Estate Inc,33469,04-30-2024
74,AIV,Apartment Investment and Management Co,44318,04-30-2024
75,APG,API Group Corp,28821,04-30-2024
76,APOG,Apogee Enterprises Inc,11100,04-30-2024
77,ARI,Apollo Commercial Real Estate Finance Inc,28665,04-30-2024
78,APPF,Appfolio Inc,4393,04-30-2024
79,APPN,Appian Corp,9744,04-30-2024
80,APLE,Apple Hospitality REIT Inc,45548,04-30-2024
81,AIT,Applied Industrial Technologies Inc,8683,04-30-2024
82,ABR,Arbor Realty Trust Inc,37269,04-30-2024
83,ALTM,Arcadium Lithium PLC,52136,04-30-2024
84,ARCB,ArcBest Corp,5269,04-30-2024
85,ACLX,Arcellx Inc,4928,04-30-2024
86,ARCH,Arch Resources Inc,4954,04-30-2024
87,AROC,Archrock Inc,27560,04-30-2024
88,ACA,Arcosa Inc,8387,04-30-2024
89,ARCT,Arcturus Therapeutics Holdings Inc,13030,04-30-2024
90,ARDX,Ardelyx Inc,23779,04-30-2024
91,ASC,Ardmore Shipping Corp,25215,04-30-2024
92,AGX,Argan Inc,3179,04-30-2024
93,ARLO,Arlo Technologies Inc,38337,04-30-2024
94,AHH,Armada Hoffler Properties Inc,15609,04-30-2024
95,ARRY,Array Technologies Inc,10760,04-30-2024
96,AROW,Arrow Financial Corp,8460,04-30-2024
97,ARWR,Arrowhead Pharmaceuticals Inc,5799,04-30-2024
98,APAM,Artisan Partners Asset Management Inc,18086,04-30-2024
99,ASAN,Asana Inc,14614,04-30-2024
100,ABG,Asbury Automotive Group Inc,4450,04-30-2024
101,ASGN,ASGN Inc,12117,04-30-2024
102,ASRT,Assertio Holdings Inc,71567,04-30-2024
103,AMK,AssetMark Financial Holdings Inc,4656,04-30-2024
104,ASB,Associated Banc-Corp,23092,04-30-2024
105,ASTE,Astec Industries Inc,7132,04-30-2024
106,ASTH,Astrana Health Inc,4327,04-30-2024
107,ATI,ATI Inc,10420,04-30-2024
108,ATKR,Atkore Inc,11189,04-30-2024
109,BATRA,Atlanta Braves Holdings Inc,3156,04-30-2024
110,BATRK,Atlanta Braves Holdings Inc,4303,04-30-2024
111,AUB,Atlantic Union Bankshares Corp,17811,04-30-2024
112,ATLC,Atlanticus Holdings Corp,1807,04-30-2024
113,ATMU,Atmus Filtration Technologies Inc,9266,04-30-2024
114,ATRC,AtriCure Inc,8429,04-30-2024
115,ATRI,Atrion Corp,33,04-30-2024
116,AVNS,Avanos Medical Inc,12382,04-30-2024
117,AVDX,AvidXchange Holdings Inc,12779,04-30-2024
118,AVNT,Avient Corp,12625,04-30-2024
119,AVA,Avista Corp,13621,04-30-2024
120,RCEL,Avita Medical Inc,13360,04-30-2024
121,ACLS,Axcelis Technologies Inc,8650,04-30-2024
122,AXNX,Axonics Inc,4691,04-30-2024
123,AX,Axos Financial Inc,16115,04-30-2024
124,AXSM,Axsome Therapeutics Inc,6167,04-30-2024
125,AZZ,AZZ Inc,5050,04-30-2024
126,BGS,B&G Foods Inc,15511,04-30-2024
127,BMI,Badger Meter Inc,7214,04-30-2024
128,BCPC,Balchem Corp,3463,04-30-2024
129,BANC,Banc of California Inc,8130,04-30-2024
130,BANF,BancFirst Corp,6559,04-30-2024
131,BLX,Banco Latinoamericano de Comercio Exterior SA,11058,04-30-2024
132,TBBK,Bancorp Inc,14508,04-30-2024
133,BFC,Bank First Corp,2376,04-30-2024
134,BOH,Bank of Hawaii Corp,6718,04-30-2024
135,NTB,Bank of NT Butterfield & Son Ltd,20437,04-30-2024
136,BKU,BankUnited Inc,15400,04-30-2024
137,BWFG,Bankwell Financial Group Inc,5149,04-30-2024
138,BANR,Banner Corp,5728,04-30-2024
139,B,Barnes Group Inc,7236,04-30-2024
140,BBSI,Barrett Business Services Inc,2548,04-30-2024
141,BCML,BayCom Corp,93,04-30-2024
142,BCBP,BCB Bancorp Inc,11684,04-30-2024
143,BECN,Beacon Roofing Supply Inc,13981,04-30-2024
144,SKIN,Beauty Health Co,31350,04-30-2024
145,BZH,Beazer Homes USA Inc,9429,04-30-2024
146,BELFB,Bel Fuse Inc,5776,04-30-2024
147,BDC,Belden Inc,7317,04-30-2024
148,BRBR,BellRing Brands Inc,18750,04-30-2024
149,BHE,Benchmark Electronics Inc,10906,04-30-2024
150,BHLB,Berkshire Hills Bancorp Inc,6198,04-30-2024
151,BRY,Berry Corp,20748,04-30-2024
152,BYON,Beyond Inc,7684,04-30-2024
153,BGC,BGC Group Inc,30059,04-30-2024
154,BIGC,BigCommerce Holdings Inc,21989,04-30-2024
155,BCRX,BioCryst Pharmaceuticals Inc,73036,04-30-2024
156,BHVN,Biohaven Ltd,4098,04-30-2024
157,BTBT,Bit Digital Inc,42720,04-30-2024
158,BJRI,BJs Restaurants Inc,4320,04-30-2024
159,BKH,Black Hills Corp,14182,04-30-2024
160,BLKB,Blackbaud Inc,7774,04-30-2024
161,BL,BlackLine Inc,2284,04-30-2024
162,BXMT,Blackstone Mortgage Trust Inc,23001,04-30-2024
163,BLMN,Bloomin Brands Inc,14255,04-30-2024
164,BLBD,Blue Bird Corp,12133,04-30-2024
165,BRBS,Blue Ridge Bankshares Inc,2467,04-30-2024
166,BXC,BlueLinx Holdings Inc,8144,04-30-2024
167,BPMC,Blueprint Medicines Corp,3467,04-30-2024
168,BCC,Boise Cascade Co,13354,04-30-2024
169,BOOT,Boot Barn Holdings Inc,4757,04-30-2024
170,BORR,Borr Drilling Ltd,20630,04-30-2024
171,BWMN,Bowman Consulting Group Ltd,9607,04-30-2024
172,BOX,Box Inc,31277,04-30-2024
173,BHR,Braemar Hotels & Resorts Inc,15224,04-30-2024
174,BDN,Brandywine Realty Trust,26950,04-30-2024
175,BRZE,Braze Inc,5357,04-30-2024
176,BFH,Bread Financial Holdings Inc,9412,04-30-2024
177,BBIO,Bridgebio Pharma Inc,5911,04-30-2024
178,BCOV,Brightcove Inc,36138,04-30-2024
179,BSIG,Brightsphere Investment Group Inc,17888,04-30-2024
180,EAT,Brinker International Inc,7189,04-30-2024
181,BCO,Brinks Co,5597,04-30-2024
182,VTOL,Bristow Group Inc,6742,04-30-2024
183,BNL,Broadstone Net Lease Inc,24605,04-30-2024
184,BIPC,Brookfield Infrastructure Corp,26097,04-30-2024
185,BRKL,Brookline Bancorp Inc,22594,04-30-2024
186,BRT,BRT Apartments Corp,8701,04-30-2024
187,BKE,Buckle Inc,10110,04-30-2024
188,BBW,Build-A-Bear Workshop Inc,6504,04-30-2024
189,BY,Byline Bancorp Inc,5341,04-30-2024
190,AI,C3.ai Inc,4588,04-30-2024
191,CABA,Cabaletta Bio Inc,6760,04-30-2024
192,CBT,Cabot Corp,10069,04-30-2024
193,WHD,Cactus Inc,8909,04-30-2024
194,CADE,Cadence Bank,23365,04-30-2024
195,CALM,Cal-Maine Foods Inc,12991,04-30-2024
196,CAL,Caleres Inc,15433,04-30-2024
197,CRC,California Resources Corp,18407,04-30-2024
198,CWT,California Water Service Group,8967,04-30-2024
199,CALX,Calix Inc,13776,04-30-2024
200,CMBM,Cambium Networks Corp,1966,04-30-2024
201,CATC,Cambridge Bancorp,102,04-30-2024
202,CAC,Camden National Corp,8586,04-30-2024
203,CWH,Camping World Holdings Inc,5341,04-30-2024
204,CNNE,Cannae Holdings Inc,5798,04-30-2024
205,CCBG,Capital City Bank Group Inc,8518,04-30-2024
206,CDLX,Cardlytics Inc,3579,04-30-2024
207,CDNA,CareDx Inc,41299,04-30-2024
208,CTRE,CareTrust REIT Inc,18816,04-30-2024
209,CARG,Cargurus Inc,22142,04-30-2024
210,PRTS,CarParts.com Inc,21067,04-30-2024
211,CRS,Carpenter Technology Corp,6703,04-30-2024
212,CSV,Carriage Services Inc,5755,04-30-2024
213,TAST,Carrols Restaurant Group Inc,33880,04-30-2024
214,CARS,Cars.com Inc,26522,04-30-2024
215,CVNA,Carvana Co,6334,04-30-2024
216,CWST,Casella Waste Systems Inc,5253,04-30-2024
217,CASS,Cass Information Systems Inc,4733,04-30-2024
218,CPRX,Catalyst Pharmaceuticals Inc,72575,04-30-2024
219,CATY,Cathay General Bancorp,16749,04-30-2024
220,CVCO,Cavco Industries Inc,1460,04-30-2024
221,CBZ,CBIZ Inc,8819,04-30-2024
222,CBL,CBL & Associates Properties Inc,8014,04-30-2024
223,CECO,CECO Environmental Corp,6731,04-30-2024
224,CSR,Centerspace,2536,04-30-2024
225,CENTA,Central Garden & Pet Co,12122,04-30-2024
226,CENT,Central Garden & Pet Co,5311,04-30-2024
227,CPF,Central Pacific Financial Corp,11103,04-30-2024
228,LEU,Centrus Energy Corp,3083,04-30-2024
229,CCS,Century Communities Inc,4090,04-30-2024
230,CRNC,Cerence Inc,12594,04-30-2024
231,CERE,Cerevel Therapeutics Holdings Inc,4037,04-30-2024
232,CERS,Cerus Corp,63252,04-30-2024
233,CEVA,CEVA Inc,5438,04-30-2024
234,CHX,ChampionX Corp,25306,04-30-2024
235,GTLS,Chart Industries Inc,3863,04-30-2024
236,CLDT,Chatham Lodging Trust,16022,04-30-2024
237,CAKE,Cheesecake Factory Inc,5163,04-30-2024
238,CHEF,Chefs Warehouse Inc,3898,04-30-2024
239,CHGG,Chegg Inc,25745,04-30-2024
240,CHMG,Chemung Financial Corp,3255,04-30-2024
241,CPK,Chesapeake Utilities Corp,4583,04-30-2024
242,CIM,Chimera Investment Corp,33351,04-30-2024
243,COFS,ChoiceOne Financial Services Inc,3649,04-30-2024
244,CHRD,Chord Energy Corp,6970,04-30-2024
245,CHUY,Chuys Holdings Inc,4499,04-30-2024
246,CMPR,Cimpress PLC,7503,04-30-2024
247,CNK,Cinemark Holdings Inc,10165,04-30-2024
248,CHCO,City Holding Co,6244,04-30-2024
249,CIO,City Office REIT Inc,22394,04-30-2024
250,CIVB,Civista Bancshares Inc,10237,04-30-2024
251,CIVI,Civitas Resources Inc,9185,04-30-2024
252,CMTG,Claros Mortgage Trust Inc,15319,04-30-2024
253,CLSK,Cleanspark Inc,10440,04-30-2024
254,YOU,Clear Secure Inc,4826,04-30-2024
255,CLFD,Clearfield Inc,6185,04-30-2024
256,CLW,Clearwater Paper Corp,6020,04-30-2024
257,CLMB,Climb Global Solutions Inc,2818,04-30-2024
258,CCNE,CNB Financial Corp,6980,04-30-2024
259,CNO,CNO Financial Group Inc,33399,04-30-2024
260,CNX,CNX Resources Corp,24866,04-30-2024
261,COKE,Coca-Cola Consolidated Inc,1763,04-30-2024
262,CDXS,Codexis Inc,1246,04-30-2024
263,CVLY,Codorus Valley Bancorp Inc,4213,04-30-2024
264,CCOI,Cogent Communications Holdings Inc,6237,04-30-2024
265,CNS,Cohen & Steers Inc,8838,04-30-2024
266,COHU,Cohu Inc,13095,04-30-2024
267,COLL,Collegium Pharmaceutical Inc,32198,04-30-2024
268,CBAN,Colony Bankcorp Inc,45,04-30-2024
269,CLBK,Columbia Financial Inc,6547,04-30-2024
270,CMCO,Columbus McKinnon Corp,8174,04-30-2024
271,FIX,Comfort Systems USA Inc,6577,04-30-2024
272,CMC,Commercial Metals Co,27423,04-30-2024
273,CVGI,Commercial Vehicle Group Inc,12084,04-30-2024
274,CBU,Community Bank System Inc,5647,04-30-2024
275,CHCT,Community Healthcare Trust Inc,5885,04-30-2024
276,CTBI,Community Trust Bancorp Inc,5052,04-30-2024
277,CWBC,Community West Bancshares,5375,04-30-2024
278,CVLT,CommVault Systems Inc,12939,04-30-2024
279,COMP,Compass Inc,149057,04-30-2024
280,CNDT,Conduent Inc,84884,04-30-2024
281,CNMD,CONMED Corp,2422,04-30-2024
282,CNOB,ConnectOne Bancorp Inc,6645,04-30-2024
283,CCSI,Consensus Cloud Solutions Inc,11324,04-30-2024
284,CEIX,CONSOL Energy Inc,12709,04-30-2024
285,CWCO,Consolidated Water Co Ltd,14226,04-30-2024
286,CSTM,Constellium SE,17995,04-30-2024
287,ROAD,Construction Partners Inc,3845,04-30-2024
288,CPSS,Consumer Portfolio Services Inc,8317,04-30-2024
289,CPS,Cooper-Standard Holdings Inc,6888,04-30-2024
290,CDP,COPT Defense Properties,19393,04-30-2024
291,CORT,Corcept Therapeutics Inc,48497,04-30-2024
292,CMT,Core Molding Technologies Inc,7194,04-30-2024
293,CCRD,CoreCard Corp,4367,04-30-2024
294,CXW,CoreCivic Inc,33993,04-30-2024
295,CRSR,Corsair Gaming Inc,10662,04-30-2024
296,CRVL,CorVel Corp,3123,04-30-2024
297,CMRE,Costamare Inc,14132,04-30-2024
298,BASE,Couchbase Inc,9847,04-30-2024
299,COUR,Coursera Inc,19564,04-30-2024
300,CVLG,Covenant Logistics Group Inc,3812,04-30-2024
301,PMTS,CPI Card Group Inc,2539,04-30-2024
302,CRAI,CRA International Inc,3825,04-30-2024
303,CBRL,Cracker Barrel Old Country Store Inc,1779,04-30-2024
304,CRDO,Credo Technology Group Holding Ltd,7799,04-30-2024
305,CRNX,Crinetics Pharmaceuticals Inc,2785,04-30-2024
306,CCRN,Cross Country Healthcare Inc,30417,04-30-2024
307,CYRX,CryoPort Inc,8768,04-30-2024
308,CSGS,CSG Systems International Inc,11887,04-30-2024
309,CSWI,CSW Industrials Inc,4308,04-30-2024
310,CTO,CTO Realty Growth Inc,10889,04-30-2024
311,CTS,CTS Corp,6510,04-30-2024
312,CWK,Cushman & Wakefield PLC,37143,04-30-2024
313,CUBI,Customers Bancorp Inc,15962,04-30-2024
314,CVBF,CVB Financial Corp,18096,04-30-2024
315,CVI,CVR Energy Inc,13345,04-30-2024
316,CVRX,CVRx Inc,5932,04-30-2024
317,CYTK,Cytokinetics Inc,3649,04-30-2024
318,DAKT,Daktronics Inc,26594,04-30-2024
319,DAN,Dana Inc,20774,04-30-2024
320,PLAY,Dave & Busters Entertainment Inc,5285,04-30-2024
321,DK,Delek US Holdings Inc,9546,04-30-2024
322,DLX,Deluxe Corp,19012,04-30-2024
323,DENN,Dennys Corp,16796,04-30-2024
324,DBI,Designer Brands Inc,11792,04-30-2024
325,DXLG,Destination XL Group Inc,27896,04-30-2024
326,DHX,DHI Group Inc,30333,04-30-2024
327,DHT,DHT Holdings Inc,33668,04-30-2024
328,DHIL,Diamond Hill Investment Group Inc,1793,04-30-2024
329,DO,Diamond Offshore Drilling Inc,17397,04-30-2024
330,DRH,DiamondRock Hospitality Co,47903,04-30-2024
331,DGII,Digi International Inc,11647,04-30-2024
332,APPS,Digital Turbine Inc,71127,04-30-2024
333,DBRG,DigitalBridge Group Inc,9185,04-30-2024
334,DOCN,DigitalOcean Holdings Inc,4188,04-30-2024
335,DDS,Dillards Inc,1980,04-30-2024
336,DCOM,Dime Community Bancshares Inc,10753,04-30-2024
337,DIOD,Diodes Inc,13184,04-30-2024
338,IRON,Disc Medicine Inc,1591,04-30-2024
339,DSGR,Distribution Solutions Group Inc,8735,04-30-2024
340,DNOW,DNOW Inc,65506,04-30-2024
341,DOLE,Dole PLC,8660,04-30-2024
342,DOMO,Domo Inc,25701,04-30-2024
343,DFIN,Donnelley Financial Solutions Inc,11785,04-30-2024
344,LPG,Dorian LPG Ltd,10532,04-30-2024
345,DORM,Dorman Products Inc,5727,04-30-2024
346,PLOW,Douglas Dynamics Inc,523,04-30-2024
347,DOUG,Douglas Elliman Inc,69926,04-30-2024
348,DEI,Douglas Emmett Inc,24045,04-30-2024
349,DFH,Dream Finders Homes Inc,3155,04-30-2024
350,DRQ,Dril-Quip Inc,5235,04-30-2024
351,DCO,Ducommun Inc,2465,04-30-2024
352,DUOL,Duolingo Inc,2602,04-30-2024
353,DXPE,DXP Enterprises Inc,13090,04-30-2024
354,DY,Dycom Industries Inc,4361,04-30-2024
355,DVAX,Dynavax Technologies Corp,54170,04-30-2024
356,DX,Dynex Capital Inc,8491,04-30-2024
357,EGBN,Eagle Bancorp Inc,8892,04-30-2024
358,EGRX,Eagle Pharmaceuticals Inc,2996,04-30-2024
359,DEA,Easterly Government Properties Inc,18538,04-30-2024
360,EBC,Eastern Bankshares Inc,8811,04-30-2024
361,SATS,EchoStar Corp,13169,04-30-2024
362,ECVT,Ecovyst Inc,21026,04-30-2024
363,EPC,Edgewell Personal Care Co,11547,04-30-2024
364,EGAN,eGain Corp,18233,04-30-2024
365,LOCO,El Pollo Loco Holdings Inc,11610,04-30-2024
366,ELF,elf Beauty Inc,6826,04-30-2024
367,EFC,Ellington Financial Inc,15850,04-30-2024
368,ELME,Elme Communities,10188,04-30-2024
369,EMBC,Embecta Corp,20617,04-30-2024
370,EP,Empire Petroleum Corp,3958,04-30-2024
371,ESRT,Empire State Realty Trust Inc,39671,04-30-2024
372,EIG,Employers Holdings Inc,8316,04-30-2024
373,ACT,Enact Holdings Inc,11649,04-30-2024
374,ECPG,Encore Capital Group Inc,3298,04-30-2024
375,WIRE,Encore Wire Corp,5907,04-30-2024
376,ENR,Energizer Holdings Inc,10664,04-30-2024
377,EFR,Energy Fuels Inc,19178,04-30-2024
378,ERII,Energy Recovery Inc,22303,04-30-2024
379,EPAC,Enerpac Tool Group Corp,14745,04-30-2024
380,ENS,EnerSys,6808,04-30-2024
381,ELVN,Enliven Therapeutics Inc,228,04-30-2024
382,EBF,Ennis Inc,7035,04-30-2024
383,ENVA,Enova International Inc,16247,04-30-2024
384,ENVX,Enovix Corp,11144,04-30-2024
385,NPO,Enpro Inc,4232,04-30-2024
386,ENSG,Ensign Group Inc,9201,04-30-2024
387,ESGR,Enstar Group Ltd,2452,04-30-2024
388,EFSC,Enterprise Financial Services Corp,6977,04-30-2024
389,TRDA,Entrada Therapeutics Inc,18336,04-30-2024
390,ENV,Envestnet Inc,5984,04-30-2024
391,PLUS,ePlus Inc,8349,04-30-2024
392,ETRN,Equitrans Midstream Corp,42763,04-30-2024
393,EQC,Equity Commonwealth,15551,04-30-2024
394,ESE,ESCO Technologies Inc,3416,04-30-2024
395,ESQ,Esquire Financial Holdings Inc,3646,04-30-2024
396,ESNT,Essent Group Ltd,23755,04-30-2024
397,EPRT,Essential Properties Realty Trust Inc,21204,04-30-2024
398,ETD,Ethan Allen Interiors Inc,19350,04-30-2024
399,EVBN,Evans Bancorp Inc,3512,04-30-2024
400,EVBG,Everbridge Inc,5160,04-30-2024
401,EVRI,Everi Holdings Inc,18017,04-30-2024
402,EVER,EverQuote Inc,18372,04-30-2024
403,EVTC,EVERTEC Inc,15634,04-30-2024
404,EVI,EVI Industries Inc,4054,04-30-2024
405,EVH,Evolent Health Inc,8842,04-30-2024
406,EOLS,Evolus Inc,31380,04-30-2024
407,EPM,Evolution Petroleum Corp,29297,04-30-2024
408,SSP,EW Scripps Co,9256,04-30-2024
409,EXLS,ExlService Holdings Inc,26782,04-30-2024
410,EXPI,eXp World Holdings Inc,48346,04-30-2024
411,EXPO,Exponent Inc,4422,04-30-2024
412,XPRO,Expro Group Holdings NV,7817,04-30-2024
413,EXTR,Extreme Networks Inc,50642,04-30-2024
414,FN,Fabrinet,4850,04-30-2024
415,FMAO,Farmers & Merchants Bancorp Inc/Archbold OH,1800,04-30-2024
416,FMNB,Farmers National Banc Corp,11550,04-30-2024
417,FPI,Farmland Partners Inc,10984,04-30-2024
418,FSLY,Fastly Inc,7967,04-30-2024
419,FBK,FB Financial Corp,8987,04-30-2024
420,AGM,Federal Agricultural Mortgage Corp,5952,04-30-2024
421,FSS,Federal Signal Corp,8613,04-30-2024
422,FDBC,Fidelity D&D Bancorp Inc,2139,04-30-2024
423,FIGS,Figs Inc,49119,04-30-2024
424,FISI,Financial Institutions Inc,9925,04-30-2024
425,FA,First Advantage Corp,9947,04-30-2024
426,FBP,First BanCorp,47042,04-30-2024
427,FNLC,First Bancorp Inc,5837,04-30-2024
428,FBNC,First Bancorp/Southern Pines NC,8090,04-30-2024
429,FBMS,First Bancshares Inc,4107,04-30-2024
430,BUSE,First Busey Corp,9769,04-30-2024
431,FBIZ,First Business Financial Services Inc,7509,04-30-2024
432,FCF,First Commonwealth Financial Corp,21993,04-30-2024
433,FCCO,First Community Corp,4754,04-30-2024
434,FFBC,First Financial Bancorp,19554,04-30-2024
435,FFIN,First Financial Bankshares Inc,23559,04-30-2024
436,THFF,First Financial Corp,4018,04-30-2024
437,FIBK,First Interstate BancSystem Inc,10507,04-30-2024
438,FRME,First Merchants Corp,13510,04-30-2024
439,FMBH,First Mid Bancshares Inc,4535,04-30-2024
440,FLIC,First of Long Island Corp,8831,04-30-2024
441,MYFW,First Western Financial Inc,1197,04-30-2024
442,FCFS,FirstCash Holdings Inc,5472,04-30-2024
443,FLR,Fluor Corp,19028,04-30-2024
444,FFIC,Flushing Financial Corp,12540,04-30-2024
445,FLYW,Flywire Corp,5406,04-30-2024
446,FL,Foot Locker Inc,5559,04-30-2024
447,FOR,Forestar Group Inc,11167,04-30-2024
448,FORM,FormFactor Inc,15993,04-30-2024
449,FORR,Forrester Research Inc,7338,04-30-2024
450,FWRD,Forward Air Corp,10253,04-30-2024
451,FOSL,Fossil Group Inc,15910,04-30-2024
452,FCPT,Four Corners Property Trust Inc,15411,04-30-2024
453,FOXF,Fox Factory Holding Corp,6640,04-30-2024
454,FBRT,Franklin BSP Realty Trust Inc,12500,04-30-2024
455,FC,Franklin Covey Co,11189,04-30-2024
456,FELE,Franklin Electric Co Inc,11718,04-30-2024
457,FDP,Fresh Del Monte Produce Inc,12522,04-30-2024
458,FRSH,Freshworks Inc,16883,04-30-2024
459,FTDR,Frontdoor Inc,22294,04-30-2024
460,FRPH,FRP Holdings Inc,7608,04-30-2024
461,FSBW,FS Bancorp Inc,3024,04-30-2024
462,FTAI,FTAI Aviation Ltd,13255,04-30-2024
463,FLGT,Fulgent Genetics Inc,10120,04-30-2024
464,FULT,Fulton Financial Corp,31368,04-30-2024
465,FVCB,FVCBankcorp Inc,2271,04-30-2024
466,GIII,G-III Apparel Group Ltd,12732,04-30-2024
467,GCI,Gannett Co Inc,88080,04-30-2024
468,GATX,GATX Corp,3463,04-30-2024
469,GNK,Genco Shipping & Trading Ltd,12489,04-30-2024
470,GENC,Gencor Industries Inc,7443,04-30-2024
471,GCO,Genesco Inc,9304,04-30-2024
472,GNE,Genie Energy Ltd,18891,04-30-2024
473,THRM,Gentherm Inc,4756,04-30-2024
474,GNW,Genworth Financial Inc,109526,04-30-2024
475,GEO,GEO Group Inc,49130,04-30-2024
476,GABC,German American Bancorp Inc,10124,04-30-2024
477,GTY,Getty Realty Corp,8645,04-30-2024
478,ROCK,Gibraltar Industries Inc,6403,04-30-2024
479,GBCI,Glacier Bancorp Inc,12390,04-30-2024
480,GOOD,Gladstone Commercial Corp,11153,04-30-2024
481,LAND,Gladstone Land Corp,485,04-30-2024
482,GKOS,Glaukos Corp,3554,04-30-2024
483,GIC,Global Industrial Co,12123,04-30-2024
484,GMRE,Global Medical REIT Inc,4337,04-30-2024
485,GNL,Global Net Lease Inc,46030,04-30-2024
486,GMS,GMS Inc,18792,04-30-2024
487,GOGO,Gogo Inc,14681,04-30-2024
488,GLNG,Golar LNG Ltd,6590,04-30-2024
489,GDEN,Golden Entertainment Inc,5035,04-30-2024
490,GOGL,Golden Ocean Group Ltd,8025,04-30-2024
491,GT,Goodyear Tire & Rubber Co,45208,04-30-2024
492,GSHD,Goosehead Insurance Inc,5655,04-30-2024
493,GPRO,GoPro Inc,10783,04-30-2024
494,GRC,Gorman-Rupp Co,3765,04-30-2024
495,EAF,GrafTech International Ltd,62674,04-30-2024
496,GHC,Graham Holdings Co,827,04-30-2024
497,GVA,Granite Construction Inc,4761,04-30-2024
498,GTN,Gray Television Inc,18593,04-30-2024
499,GSBC,Great Southern Bancorp Inc,6418,04-30-2024
500,GRBK,Green Brick Partners Inc,6759,04-30-2024
501,GBX,Greenbrier Cos Inc,3305,04-30-2024
502,GCBC,Greene County Bancorp Inc,6188,04-30-2024
503,GEF,Greif Inc,5627,04-30-2024
504,GDYN,Grid Dynamics Holdings Inc,15211,04-30-2024
505,GFF,Griffon Corp,12858,04-30-2024
506,GPI,Group 1 Automotive Inc,3733,04-30-2024
507,GES,Guess? Inc,8710,04-30-2024
508,GPOR,Gulfport Energy Corp,5769,04-30-2024
509,HEES,H&E Equipment Services Inc,6938,04-30-2024
510,HCKT,Hackett Group Inc,21511,04-30-2024
511,HAE,Haemonetics Corp,5621,04-30-2024
512,HAIN,Hain Celestial Group Inc,25069,04-30-2024
513,HALO,Halozyme Therapeutics Inc,17791,04-30-2024
514,HLNE,Hamilton Lane Inc,8346,04-30-2024
515,HWC,Hancock Whitney Corp,14094,04-30-2024
516,HBI,Hanesbrands Inc,18521,04-30-2024
517,HAFC,Hanmi Financial Corp,11445,04-30-2024
518,HONE,HarborOne Bancorp Inc,14520,04-30-2024
519,HLIT,Harmonic Inc,29118,04-30-2024
520,HRMY,Harmony Biosciences Holdings Inc,18847,04-30-2024
521,HBIO,Harvard Bioscience Inc,36337,04-30-2024
522,HVT,Haverty Furniture Cos Inc,13988,04-30-2024
523,HWKN,Hawkins Inc,5003,04-30-2024
524,FUL,HB Fuller Co,8656,04-30-2024
525,HCI,HCI Group Inc,1091,04-30-2024
526,HQY,HealthEquity Inc,8694,04-30-2024
527,HSTM,HealthStream Inc,9336,04-30-2024
528,HTLD,Heartland Express Inc,11476,04-30-2024
529,HTLF,Heartland Financial USA Inc,8258,04-30-2024
530,HSII,Heidrick & Struggles International Inc,3513,04-30-2024
531,HELE,Helen of Troy Ltd,3304,04-30-2024
532,HLIO,Helios Technologies Inc,3254,04-30-2024
533,HLX,Helix Energy Solutions Group Inc,43615,04-30-2024
534,HP,Helmerich & Payne Inc,11498,04-30-2024
535,HLF,Herbalife Ltd,21190,04-30-2024
536,HRI,Herc Holdings Inc,3530,04-30-2024
537,HTBK,Heritage Commerce Corp,17722,04-30-2024
538,HFWA,Heritage Financial Corp,6116,04-30-2024
539,HIBB,Hibbett Inc,6176,04-30-2024
540,HI,Hillenbrand Inc,10049,04-30-2024
541,HLMN,Hillman Solutions Corp,16778,04-30-2024
542,HTH,Hilltop Holdings Inc,13401,04-30-2024
543,HGV,Hilton Grand Vacations Inc,10765,04-30-2024
544,HIMS,Hims & Hers Health Inc,10440,04-30-2024
545,HIFS,Hingham Institution For Savings The,619,04-30-2024
546,HQI,HireQuest Inc,2899,04-30-2024
547,HNI,HNI Corp,21003,04-30-2024
548,HBCP,Home Bancorp Inc,3668,04-30-2024
549,HOMB,Home BancShares Inc,28919,04-30-2024
550,HTBI,HomeTrust Bancshares Inc,5781,04-30-2024
551,HOPE,Hope Bancorp Inc,26996,04-30-2024
552,HMN,Horace Mann Educators Corp,8420,04-30-2024
553,HBNC,Horizon Bancorp Inc,12601,04-30-2024
554,HOV,Hovnanian Enterprises Inc,2148,04-30-2024
555,HUBG,Hub Group Inc,18656,04-30-2024
556,HPP,Hudson Pacific Properties Inc,32775,04-30-2024
557,HDSN,Hudson Technologies Inc,37927,04-30-2024
558,HURN,Huron Consulting Group Inc,5860,04-30-2024
559,HY,Hyster-Yale Materials Handling Inc,1732,04-30-2024
560,ICFI,ICF International Inc,5122,04-30-2024
561,ICHR,Ichor Holdings Ltd,7857,04-30-2024
562,IDYA,Ideaya Biosciences Inc,3685,04-30-2024
563,IDT,IDT Corp,13635,04-30-2024
564,IESC,IES Holdings Inc,7830,04-30-2024
565,IHRT,iHeartMedia Inc,20947,04-30-2024
566,IMAX,IMAX Corp,7885,04-30-2024
567,IMVT,Immunovant Inc,4414,04-30-2024
568,PI,Impinj Inc,6385,04-30-2024
569,NARI,Inari Medical Inc,9302,04-30-2024
570,IRT,Independence Realty Trust Inc,25502,04-30-2024
571,INDB,Independent Bank Corp,7197,04-30-2024
572,IBCP,Independent Bank Corp,13330,04-30-2024
573,IBTX,Independent Bank Group Inc,5299,04-30-2024
574,INFN,Infinera Corp,57300,04-30-2024
575,III,Information Services Group Inc,32463,04-30-2024
576,INFU,InfuSystem Holdings Inc,16685,04-30-2024
577,NGVT,Ingevity Corp,7242,04-30-2024
578,IMKTA,Ingles Markets Inc,7978,04-30-2024
579,INMD,Inmode Ltd,16494,04-30-2024
580,INOD,Innodata Inc,22283,04-30-2024
581,IOSP,Innospec Inc,7532,04-30-2024
582,IIPR,Innovative Industrial Properties Inc,4865,04-30-2024
583,INVA,Innoviva Inc,45870,04-30-2024
584,NSIT,Insight Enterprises Inc,7437,04-30-2024
585,INSM,Insmed Inc,8639,04-30-2024
586,NSP,Insperity Inc,8841,04-30-2024
587,INSE,Inspired Entertainment Inc,19997,04-30-2024
588,IBP,Installed Building Products Inc,4314,04-30-2024
589,IIIN,Insteel Industries Inc,6882,04-30-2024
590,INTA,Intapp Inc,3140,04-30-2024
591,ITGR,Integer Holdings Corp,6637,04-30-2024
592,NTLA,Intellia Therapeutics Inc,3773,04-30-2024
593,IPAR,Inter Parfums Inc,3923,04-30-2024
594,IDCC,InterDigital Inc,4894,04-30-2024
595,TILE,Interface Inc,22923,04-30-2024
596,IBOC,International Bancshares Corp,12591,04-30-2024
597,IGT,International Game Technology PLC,15768,04-30-2024
598,IMXI,International Money Express Inc,16746,04-30-2024
599,INSW,International Seaways Inc,11454,04-30-2024
600,INTT,inTEST Corp,9969,04-30-2024
601,ITCI,Intra-Cellular Therapies Inc,18863,04-30-2024
602,IVT,InvenTrust Properties Corp,10750,04-30-2024
603,ITIC,Investors Title Co,1136,04-30-2024
604,IOVA,Iovance Biotherapeutics Inc,8109,04-30-2024
605,IRMD,iRadimed Corp,2570,04-30-2024
606,IRTC,iRhythm Technologies Inc,6377,04-30-2024
607,IRWD,Ironwood Pharmaceuticals Inc,72419,04-30-2024
608,ITOS,iTeos Therapeutics Inc,3556,04-30-2024
609,ITRI,Itron Inc,4742,04-30-2024
610,JJSF,J & J Snack Foods Corp,2694,04-30-2024
611,JACK,Jack in the Box Inc,2250,04-30-2024
612,JXN,Jackson Financial Inc,19430,04-30-2024
613,JAKK,JAKKS Pacific Inc,6707,04-30-2024
614,JRVR,James River Group Holdings Ltd,19189,04-30-2024
615,JBI,Janus International Group Inc,23133,04-30-2024
616,JBGS,JBG SMITH Properties,15547,04-30-2024
617,JELD,JELD-WEN Holding Inc,20648,04-30-2024
618,JOBY,Joby Aviation Inc,33553,04-30-2024
619,JBSS,John B Sanfilippo & Son Inc,4532,04-30-2024
620,JBT,John Bean Technologies Corp,3498,04-30-2024
621,WLY,John Wiley & Sons Inc,12676,04-30-2024
622,JOUT,Johnson Outdoors Inc,3800,04-30-2024
623,JYNT,Joint Corp,10263,04-30-2024
624,RTYM24,JUN 24 CME EMINIRUS2K,35,04-30-2024
625,KAI,Kadant Inc,3590,04-30-2024
626,KALU,Kaiser Aluminum Corp,1575,04-30-2024
627,KPTI,Karyopharm Therapeutics Inc,89853,04-30-2024
628,KBH,KB Home,11022,04-30-2024
629,KELYA,Kelly Services Inc,18638,04-30-2024
630,KMT,Kennametal Inc,10234,04-30-2024
631,KFRC,Kforce Inc,14084,04-30-2024
632,KE,Kimball Electronics Inc,9582,04-30-2024
633,KNSA,Kiniksa Pharmaceuticals Ltd,19149,04-30-2024
634,KRG,Kite Realty Group Trust,36862,04-30-2024
635,KLXE,KLX Energy Services Holdings Inc,9894,04-30-2024
636,KNF,Knife River Corp,6092,04-30-2024
637,KN,Knowles Corp,22744,04-30-2024
638,KTB,Kontoor Brands Inc,10695,04-30-2024
639,KOP,Koppers Holdings Inc,5022,04-30-2024
640,KFY,Korn Ferry,10309,04-30-2024
641,KOS,Kosmos Energy Ltd,49128,04-30-2024
642,KTOS,Kratos Defense & Security Solutions Inc,9825,04-30-2024
643,DNUT,Krispy Kreme Inc,9651,04-30-2024
644,KRYS,Krystal Biotech Inc,1284,04-30-2024
645,KLIC,Kulicke & Soffa Industries Inc,11612,04-30-2024
646,LZB,La-Z-Boy Inc,15246,04-30-2024
647,LADR,Ladder Capital Corp,18748,04-30-2024
648,LBAI,Lakeland Bancorp Inc,11699,04-30-2024
649,LKFN,Lakeland Financial Corp,8953,04-30-2024
650,LANC,Lancaster Colony Corp,3512,04-30-2024
651,LNTH,Lantheus Holdings Inc,11535,04-30-2024
652,LAUR,Laureate Education Inc,23441,04-30-2024
653,LCII,LCI Industries,6944,04-30-2024
654,LZ,Legalzoom.com Inc,38219,04-30-2024
655,LMAT,LeMaitre Vascular Inc,7363,04-30-2024
656,LC,LendingClub Corp,30605,04-30-2024
657,DRS,Leonardo DRS Inc,18854,04-30-2024
658,LESL,Leslies Inc,17239,04-30-2024
659,LGIH,LGI Homes Inc,1422,04-30-2024
660,LBRT,Liberty Energy Inc,53869,04-30-2024
661,LILA,Liberty Latin America Ltd,2842,04-30-2024
662,LILAK,Liberty Latin America Ltd,35843,04-30-2024
663,LTH,Life Time Group Holdings Inc,7250,04-30-2024
664,LGND,Ligand Pharmaceuticals Inc,5735,04-30-2024
665,LNW,Light & Wonder Inc,12147,04-30-2024
666,LMB,Limbach Holdings Inc,3682,04-30-2024
667,LINC,Lincoln Educational Services Corp,22003,04-30-2024
668,LNN,Lindsay Corp,2028,04-30-2024
669,LGF/B,Lions Gate Entertainment Corp,14491,04-30-2024
670,LIVN,LivaNova PLC,6790,04-30-2024
671,LOB,Live Oak Bancshares Inc,9534,04-30-2024
672,RAMP,LiveRamp Holdings Inc,13155,04-30-2024
673,LPTV,Loop Media Inc,26896,04-30-2024
674,LOVE,Lovesac Co,12589,04-30-2024
675,LXU,LSB Industries Inc,19349,04-30-2024
676,LYTS,LSI Industries Inc,25220,04-30-2024
677,LTC,LTC Properties Inc,8812,04-30-2024
678,LUNA,Luna Innovations Inc,22174,04-30-2024
679,LXP,LXP Industrial Trust,38719,04-30-2024
680,MHO,M/I Homes Inc,6446,04-30-2024
681,MCBC,Macatawa Bank Corp,19776,04-30-2024
682,MAC,Macerich Co,31874,04-30-2024
683,MTSI,MACOM Technology Solutions Holdings Inc,6231,04-30-2024
684,MSGE,Madison Square Garden Entertainment Corp,4254,04-30-2024
685,MDGL,Madrigal Pharmaceuticals Inc,565,04-30-2024
686,MGNI,Magnite Inc,14982,04-30-2024
687,MGY,Magnolia Oil & Gas Corp,57101,04-30-2024
688,MNSB,MainStreet Bancshares Inc,5724,04-30-2024
689,MBUU,Malibu Boats Inc,5465,04-30-2024
690,MTW,Manitowoc Co Inc,11193,04-30-2024
691,MARA,Marathon Digital Holdings Inc,8884,04-30-2024
692,MMI,Marcus & Millichap Inc,17032,04-30-2024
693,MCS,Marcus Corp,12600,04-30-2024
694,HZO,MarineMax Inc,5382,04-30-2024
695,MQ,Marqeta Inc,34407,04-30-2024
696,MRTN,Marten Transport Ltd,7404,04-30-2024
697,DOOR,Masonite International Corp,4811,04-30-2024
698,MBC,Masterbrand Inc,12424,04-30-2024
699,MCFT,MasterCraft Boat Holdings Inc,14664,04-30-2024
700,MTDR,Matador Resources Co,22902,04-30-2024
701,MTRN,Materion Corp,4166,04-30-2024
702,MATV,Mativ Holdings Inc,9252,04-30-2024
703,MATX,Matson Inc,9727,04-30-2024
704,MATW,Matthews International Corp,6770,04-30-2024
705,MMS,Maximus Inc,11492,04-30-2024
706,MXL,MaxLinear Inc,27880,04-30-2024
707,MEC,Mayville Engineering Co Inc,4266,04-30-2024
708,MBI,MBIA Inc,32868,04-30-2024
709,MGRC,McGrath RentCorp,2525,04-30-2024
710,MED,Medifast Inc,5842,04-30-2024
711,MBWM,Mercantile Bank Corp,7160,04-30-2024
712,MMSI,Merit Medical Systems Inc,7763,04-30-2024
713,MTH,Meritage Homes Corp,6172,04-30-2024
714,MLAB,Mesa Laboratories Inc,2815,04-30-2024
715,MTUS,Metallus Inc,20126,04-30-2024
716,MEI,Methode Electronics Inc,9350,04-30-2024
717,MCB,Metropolitan Bank Holding Corp,3500,04-30-2024
718,MFA,MFA Financial Inc,14831,04-30-2024
719,MGEE,MGE Energy Inc,7404,04-30-2024
720,MGPI,MGP Ingredients Inc,1386,04-30-2024
721,MSTR,MicroStrategy Inc,1205,04-30-2024
722,MBCN,Middlefield Banc Corp,2976,04-30-2024
723,MSEX,Middlesex Water Co,3010,04-30-2024
724,MSBI,Midland States Bancorp Inc,5425,04-30-2024
725,MOFG,MidWestOne Financial Group Inc,4470,04-30-2024
726,MLR,Miller Industries Inc,2680,04-30-2024
727,MLKN,MillerKnoll Inc,16504,04-30-2024
728,MDXG,MiMedx Group Inc,88338,04-30-2024
729,MTX,Minerals Technologies Inc,6176,04-30-2024
730,MG,Mistras Group Inc,17808,04-30-2024
731,MITK,Mitek Systems Inc,20514,04-30-2024
732,MODN,Model N Inc,7561,04-30-2024
733,MOD,Modine Manufacturing Co,13612,04-30-2024
734,MC,Moelis & Co,8603,04-30-2024
735,MCRI,Monarch Casino & Resort Inc,3813,04-30-2024
736,MNRO,Monro Inc,3979,04-30-2024
737,MNTK,Montauk Renewables Inc,53121,04-30-2024
738,MOG/A,Moog Inc,5670,04-30-2024
739,MORF,Morphic Holding Inc,4138,04-30-2024
740,MOV,Movado Group Inc,8983,04-30-2024
741,COOP,Mr Cooper Group Inc,14966,04-30-2024
742,MRC,MRC Global Inc,36472,04-30-2024
743,MLI,Mueller Industries Inc,33743,04-30-2024
744,MWA,Mueller Water Products Inc,20933,04-30-2024
745,MPLN,Multiplan Corp,129332,04-30-2024
746,MUR,Murphy Oil Corp,22561,04-30-2024
747,MYE,Myers Industries Inc,32023,04-30-2024
748,MYRG,MYR Group Inc,3964,04-30-2024
749,MYGN,Myriad Genetics Inc,36714,04-30-2024
750,NABL,N-able Inc,9465,04-30-2024
751,NBR,Nabors Industries Ltd,2095,04-30-2024
752,NC,NACCO Industries Inc,3703,04-30-2024
753,NSSC,Napco Security Technologies Inc,19571,04-30-2024
754,NATH,Nathans Famous Inc,2163,04-30-2024
755,NBHC,National Bank Holdings Corp,5408,04-30-2024
756,NKSH,National Bankshares Inc,5323,04-30-2024
757,FIZZ,National Beverage Corp,11796,04-30-2024
758,NHI,National Health Investors Inc,6853,04-30-2024
759,NHC,National HealthCare Corp,5187,04-30-2024
760,NPK,National Presto Industries Inc,1311,04-30-2024
761,NRC,National Research Corp,8207,04-30-2024
762,EYE,National Vision Holdings Inc,9681,04-30-2024
763,NWLI,National Western Life Group Inc,813,04-30-2024
764,NAVI,Navient Corp,37017,04-30-2024
765,NBTB,NBT Bancorp Inc,8729,04-30-2024
766,NNI,Nelnet Inc,3937,04-30-2024
767,NEOG,Neogen Corp,17213,04-30-2024
768,NRDY,Nerdy Inc,34989,04-30-2024
769,NTGR,NETGEAR Inc,13063,04-30-2024
770,NTCT,NetScout Systems Inc,17679,04-30-2024
771,NTST,NETSTREIT Corp,8702,04-30-2024
772,NVRO,Nevro Corp,9498,04-30-2024
773,NJR,New Jersey Resources Corp,16627,04-30-2024
774,NMRK,Newmark Group Inc,21423,04-30-2024
775,NEWT,NewtekOne Inc,1508,04-30-2024
776,NREF,Nexpoint Real Estate Finance Inc,7158,04-30-2024
777,NXRT,NexPoint Residential Trust Inc,5854,04-30-2024
778,NXT,NEXTracker Inc,14600,04-30-2024
779,NIC,Nicolet Bankshares Inc,2892,04-30-2024
780,NMIH,NMI Holdings Inc,21576,04-30-2024
781,NE,Noble Corp PLC,11787,04-30-2024
782,NAT,Nordic American Tankers Ltd,36599,04-30-2024
783,NBN,Northeast Bank,6316,04-30-2024
784,NECB,Northeast Community Bancorp Inc,5335,04-30-2024
785,NOG,Northern Oil & Gas Inc,18249,04-30-2024
786,NWBI,Northwest Bancshares Inc,16425,04-30-2024
787,NWN,Northwest Natural Holding Co,5298,04-30-2024
788,NWPX,Northwest Pipe Co,5275,04-30-2024
789,NWE,Northwestern Energy Group Inc,10845,04-30-2024
790,NWFL,Norwood Financial Corp,4201,04-30-2024
791,NOVT,Novanta Inc,5794,04-30-2024
792,NUS,Nu Skin Enterprises Inc,14502,04-30-2024
793,NUVL,Nuvalent Inc,2052,04-30-2024
794,NVEE,NV5 Global Inc,3811,04-30-2024
795,NVEC,NVE Corp,3137,04-30-2024
796,OI,O-I Glass Inc,22928,04-30-2024
797,OVLY,Oak Valley Bancorp,6251,04-30-2024
798,OII,Oceaneering International Inc,19994,04-30-2024
799,OCFC,OceanFirst Financial Corp,8234,04-30-2024
800,OCUL,Ocular Therapeutix Inc,48693,04-30-2024
801,ODP,ODP Corp,9459,04-30-2024
802,OFG,OFG Bancorp,16828,04-30-2024
803,OIS,Oil States International Inc,25464,04-30-2024
804,ONB,Old National Bancorp,45970,04-30-2024
805,OSBC,Old Second Bancorp Inc,15601,04-30-2024
806,OLMA,Olema Pharmaceuticals Inc,8033,04-30-2024
807,ZEUS,Olympic Steel Inc,8922,04-30-2024
808,OFLX,Omega Flex Inc,2835,04-30-2024
809,OMER,Omeros Corp,23810,04-30-2024
810,OMCL,Omnicell Inc,9436,04-30-2024
811,OGS,ONE Gas Inc,13426,04-30-2024
812,OSPN,OneSpan Inc,14077,04-30-2024
813,OSW,OneSpaWorld Holdings Ltd,11723,04-30-2024
814,ONTO,Onto Innovation Inc,8703,04-30-2024
815,OOMA,Ooma Inc,20120,04-30-2024
816,LPRO,Open Lending Corp,18195,04-30-2024
817,OPEN,Opendoor Technologies Inc,37374,04-30-2024
818,KAR,OPENLANE Inc,15230,04-30-2024
819,OPK,OPKO Health Inc,141931,04-30-2024
820,OPCH,Option Care Health Inc,22487,04-30-2024
821,OSUR,OraSure Technologies Inc,47345,04-30-2024
822,ORGO,Organogenesis Holdings Inc,63927,04-30-2024
823,OBK,Origin Bancorp Inc,3150,04-30-2024
824,ONL,Orion Office REIT Inc,8852,04-30-2024
825,OEC,Orion SA,23972,04-30-2024
826,ORA,Ormat Technologies Inc,10212,04-30-2024
827,OFIX,Orthofix Medical Inc,16748,04-30-2024
828,OSCR,Oscar Health Inc,11872,04-30-2024
829,OSIS,OSI Systems Inc,3797,04-30-2024
830,OTTR,Otter Tail Corp,13325,04-30-2024
831,OUT,Outfront Media Inc,26977,04-30-2024
832,OSG,Overseas Shipholding Group Inc,23034,04-30-2024
833,OVID,Ovid therapeutics Inc,18957,04-30-2024
834,OMI,Owens & Minor Inc,21884,04-30-2024
835,OXM,Oxford Industries Inc,6531,04-30-2024
836,PPBI,Pacific Premier Bancorp Inc,12414,04-30-2024
837,PCRX,Pacira BioSciences Inc,17394,04-30-2024
838,PTVE,Pactiv Evergreen Inc,12746,04-30-2024
839,PD,PagerDuty Inc,8655,04-30-2024
840,PAGS,Pagseguro Digital Ltd,25402,04-30-2024
841,PLMR,Palomar Holdings Inc,4221,04-30-2024
842,PTSI,PAM Transportation Services Inc,3422,04-30-2024
843,PANL,Pangaea Logistics Solutions Ltd,4198,04-30-2024
844,PZZA,Papa Johns International Inc,7838,04-30-2024
845,PARR,Par Pacific Holdings Inc,10601,04-30-2024
846,PAR,PAR Technology Corp,2346,04-30-2024
847,PGRE,Paramount Group Inc,41457,04-30-2024
848,PRK,Park National Corp,3714,04-30-2024
849,PKBK,Parke Bancorp Inc,9234,04-30-2024
850,PSN,Parsons Corp,9814,04-30-2024
851,CASH,Pathward Financial Inc,11420,04-30-2024
852,PAX,Patria Investments Ltd,9150,04-30-2024
853,PATK,Patrick Industries Inc,6663,04-30-2024
854,PDCO,Patterson Cos Inc,20827,04-30-2024
855,PTEN,Patterson-UTI Energy Inc,51441,04-30-2024
856,PBF,PBF Energy Inc,23131,04-30-2024
857,CNXN,PC Connection Inc,10554,04-30-2024
858,PCB,PCB Bancorp,10131,04-30-2024
859,PDFS,PDF Solutions Inc,11738,04-30-2024
860,BTU,Peabody Energy Corp,21522,04-30-2024
861,PGC,Peapack-Gladstone Financial Corp,7310,04-30-2024
862,PEB,Pebblebrook Hotel Trust,21404,04-30-2024
863,MD,Pediatrix Medical Group Inc,31482,04-30-2024
864,PFSI,PennyMac Financial Services Inc,6320,04-30-2024
865,PMT,PennyMac Mortgage Investment Trust,18300,04-30-2024
866,PEBO,Peoples Bancorp Inc,13933,04-30-2024
867,PFIS,Peoples Financial Services Corp,3823,04-30-2024
868,PRDO,Perdoceo Education Corp,61754,04-30-2024
869,PRFT,Perficient Inc,8502,04-30-2024
870,PR,Permian Resources Corp,62187,04-30-2024
871,PETQ,PetIQ Inc,15453,04-30-2024
872,PAHC,Phibro Animal Health Corp,19331,04-30-2024
873,PECO,Phillips Edison & Co Inc,16296,04-30-2024
874,PLAB,Photronics Inc,26447,04-30-2024
875,PHR,Phreesia Inc,9847,04-30-2024
876,PDM,Piedmont Office Realty Trust Inc,35585,04-30-2024
877,PIPR,Piper Sandler Cos,2488,04-30-2024
878,PJT,PJT Partners Inc,6704,04-30-2024
879,AGS,PlayAGS Inc,16765,04-30-2024
880,MYPS,Playstudios Inc,19681,04-30-2024
881,PLXS,Plexus Corp,5592,04-30-2024
882,PLBC,Plumas Bancorp,2723,04-30-2024
883,PLYM,Plymouth Industrial REIT Inc,6310,04-30-2024
884,PNM,PNM Resources Inc,17604,04-30-2024
885,POR,Portland General Electric Co,19505,04-30-2024
886,PSTX,Poseida Therapeutics Inc,15126,04-30-2024
887,PSTL,Postal Realty Trust Inc,11153,04-30-2024
888,PBPB,Potbelly Corp,22723,04-30-2024
889,PCH,PotlatchDeltic Corp,14840,04-30-2024
890,POWL,Powell Industries Inc,3016,04-30-2024
891,POWI,Power Integrations Inc,10731,04-30-2024
892,PRAA,PRA Group Inc,1462,04-30-2024
893,PFBC,Preferred Bank,7991,04-30-2024
894,PLPC,Preformed Line Products Co,2371,04-30-2024
895,PFC,Premier Financial Corp,7413,04-30-2024
896,PBH,Prestige Consumer Healthcare Inc,14272,04-30-2024
897,PSMT,PriceSmart Inc,2475,04-30-2024
898,FRST,Primis Financial Corp,4279,04-30-2024
899,PRMW,Primo Water Corp,36324,04-30-2024
900,PRIM,Primoris Services Corp,12190,04-30-2024
901,PRA,ProAssurance Corp,9270,04-30-2024
902,ACDC,ProFrac Holding Corp,22295,04-30-2024
903,PRG,PROG Holdings Inc,15135,04-30-2024
904,PRGS,Progress Software Corp,12348,04-30-2024
905,PGNY,Progyny Inc,5609,04-30-2024
906,PUMP,ProPetro Holding Corp,47574,04-30-2024
907,PRO,PROS Holdings Inc,8145,04-30-2024
908,PTGX,Protagonist Therapeutics Inc,5584,04-30-2024
909,PLX,Protalix BioTherapeutics Inc,44567,04-30-2024
910,PRLB,Proto Labs Inc,6591,04-30-2024
911,PFS,Provident Financial Services Inc,15477,04-30-2024
912,PTCT,PTC Therapeutics Inc,16526,04-30-2024
913,PCYO,Pure Cycle Corp,17786,04-30-2024
914,QTWO,Q2 Holdings Inc,4030,04-30-2024
915,QCRH,QCR Holdings Inc,6406,04-30-2024
916,KWR,Quaker Chemical Corp,1666,04-30-2024
917,QLYS,Qualys Inc,6850,04-30-2024
918,NX,Quanex Building Products Corp,14944,04-30-2024
919,QTRX,Quanterix Corp,3925,04-30-2024
920,RXT,Rackspace Technology Inc,54050,04-30-2024
921,RDN,Radian Group Inc,45977,04-30-2024
922,RLGT,Radiant Logistics Inc,34309,04-30-2024
923,RDUS,Radius Recycling Inc,12019,04-30-2024
924,RDNT,RadNet Inc,9406,04-30-2024
925,METC,Ramaco Resources Inc,16909,04-30-2024
926,METCB,Ramaco Resources Inc,1362,04-30-2024
927,RMBS,Rambus Inc,24079,04-30-2024
928,RPD,Rapid7 Inc,8052,04-30-2024
929,RYAM,Rayonier Advanced Materials Inc,36063,04-30-2024
930,RICK,RCI Hospitality Holdings Inc,3291,04-30-2024
931,RMAX,RE/MAX Holdings Inc,14512,04-30-2024
932,RC,Ready Capital Corp,47963,04-30-2024
933,RRR,Red Rock Resorts Inc,8209,04-30-2024
934,RDVT,Red Violet Inc,1337,04-30-2024
935,RDFN,Redfin Corp,16332,04-30-2024
936,RM,Regional Management Corp,6344,04-30-2024
937,RELY,Remitly Global Inc,10899,04-30-2024
938,RNST,Renasant Corp,10018,04-30-2024
939,RBCAA,Republic Bancorp Inc,5910,04-30-2024
940,REZI,Resideo Technologies Inc,26491,04-30-2024
941,RGP,Resources Connection Inc,29013,04-30-2024
942,ROIC,Retail Opportunity Investments Corp,20241,04-30-2024
943,REVG,REV Group Inc,15621,04-30-2024
944,RVMD,REVOLUTION Medicines Inc,7076,04-30-2024
945,RVLV,Revolve Group Inc,8157,04-30-2024
946,REX,REX American Resources Corp,6958,04-30-2024
947,RGCO,RGC Resources Inc,3794,04-30-2024
948,RYTM,Rhythm Pharmaceuticals Inc,4817,04-30-2024
949,RBBN,Ribbon Communications Inc,42489,04-30-2024
950,RELL,Richardson Electronics Ltd,1625,04-30-2024
951,RIOT,Riot Platforms Inc,12980,04-30-2024
952,RLJ,RLJ Lodging Trust,35977,04-30-2024
953,RMR,RMR Group Inc,11162,04-30-2024
954,RKLB,Rocket Lab USA Inc,26152,04-30-2024
955,ROG,Rogers Corp,1421,04-30-2024
956,RES,RPC Inc,78026,04-30-2024
957,RUSHA,Rush Enterprises Inc,20527,04-30-2024
958,RUSHB,Rush Enterprises Inc,8773,04-30-2024
959,RSI,Rush Street Interactive Inc,50374,04-30-2024
960,RXO,RXO Inc,34187,04-30-2024
961,RXST,RxSight Inc,3462,04-30-2024
962,RYI,Ryerson Holding Corp,21673,04-30-2024
963,RHP,Ryman Hospitality Properties Inc,9856,04-30-2024
964,STBA,S&T Bancorp Inc,8162,04-30-2024
965,SBRA,Sabra Health Care REIT Inc,35609,04-30-2024
966,SABR,Sabre Corp,49145,04-30-2024
967,SB,Safe Bulkers Inc,45540,04-30-2024
968,SAFE,Safehold Inc,4766,04-30-2024
969,SAFT,Safety Insurance Group Inc,3732,04-30-2024
970,SBH,Sally Beauty Holdings Inc,24646,04-30-2024
971,SMTI,Sanara Medtech Inc,3527,04-30-2024
972,SD,SandRidge Energy Inc,12471,04-30-2024
973,SASR,Sandy Spring Bancorp Inc,11121,04-30-2024
974,SGMO,Sangamo Therapeutics Inc,7119,04-30-2024
975,SANM,Sanmina Corp,9901,04-30-2024
976,SPNS,Sapiens International Corp NV,9144,04-30-2024
977,BFS,Saul Centers Inc,2466,04-30-2024
978,SVRA,Savara Inc,28885,04-30-2024
979,SCSC,ScanSource Inc,9983,04-30-2024
980,SCHL,Scholastic Corp,12187,04-30-2024
981,STNG,Scorpio Tankers Inc,9720,04-30-2024
982,SBCF,Seacoast Banking Corp of Florida,8240,04-30-2024
983,SDRL,Seadrill Ltd,4766,04-30-2024
984,SEM,Select Medical Holdings Corp,14954,04-30-2024
985,SIGI,Selective Insurance Group Inc,12199,04-30-2024
986,SMLR,Semler Scientific Inc,4647,04-30-2024
987,SEMR,SEMrush Holdings Inc,25523,04-30-2024
988,SXT,Sensient Technologies Corp,8061,04-30-2024
989,SVC,Service Properties Trust,57616,04-30-2024
990,SFBS,ServisFirst Bancshares Inc,12117,04-30-2024
991,SFL,SFL Corp Ltd,21350,04-30-2024
992,SHAK,Shake Shack Inc,2456,04-30-2024
993,SHLS,Shoals Technologies Group Inc,7455,04-30-2024
994,SCVL,Shoe Carnival Inc,14571,04-30-2024
995,SSTK,Shutterstock Inc,7531,04-30-2024
996,SHYF,Shyft Group Inc,18838,04-30-2024
997,SIBN,SI-BONE Inc,10294,04-30-2024
998,BSRR,Sierra Bancorp,6799,04-30-2024
999,SIGA,SIGA Technologies Inc,44329,04-30-2024
1000,SIG,Signet Jewelers Ltd,8884,04-30-2024
1001,SLAB,Silicon Laboratories Inc,4390,04-30-2024
1002,SILK,Silk Road Medical Inc,11451,04-30-2024
1003,SBOW,SilverBow Resources Inc,7855,04-30-2024
1004,SFNC,Simmons First National Corp,16213,04-30-2024
1005,SMPL,Simply Good Foods Co,11676,04-30-2024
1006,SSD,Simpson Manufacturing Co Inc,10507,04-30-2024
1007,SPNT,SiriusPoint Ltd,28666,04-30-2024
1008,SITC,SITE Centers Corp,29142,04-30-2024
1009,STR,Sitio Royalties Corp,10489,04-30-2024
1010,SIX,Six Flags Entertainment Corp,4892,04-30-2024
1011,SJW,SJW Group,5319,04-30-2024
1012,SKY,Skyline Champion Corp,7654,04-30-2024
1013,SKWD,Skyward Specialty Insurance Group Inc,4182,04-30-2024
1014,SKYW,SkyWest Inc,6383,04-30-2024
1015,SLG,SL Green Realty Corp,6179,04-30-2024
1016,SNBR,Sleep Number Corp,9157,04-30-2024
1017,SM,SM Energy Co,27556,04-30-2024
1018,SGH,SMART Global Holdings Inc,17870,04-30-2024
1019,SWBI,Smith & Wesson Brands Inc,19000,04-30-2024
1020,SWI,SolarWinds Corp,22664,04-30-2024
1021,SAH,Sonic Automotive Inc,4976,04-30-2024
1022,SONO,Sonos Inc,24213,04-30-2024
1023,SSTI,SoundThinking Inc,4433,04-30-2024
1024,SFST,Southern First Bancshares Inc,5829,04-30-2024
1025,SMBC,Southern Missouri Bancorp Inc,6440,04-30-2024
1026,SBSI,Southside Bancshares Inc,6265,04-30-2024
1027,SSB,SouthState Corp,10450,04-30-2024
1028,SWX,Southwest Gas Holdings Inc,11300,04-30-2024
1029,SP,SP Plus Corp,7356,04-30-2024
1030,SPTN,SpartanNash Co,18067,04-30-2024
1031,SPHR,Sphere Entertainment Co,4033,04-30-2024
1032,SR,Spire Inc,9273,04-30-2024
1033,SPOK,Spok Holdings Inc,10485,04-30-2024
1034,SWTX,SpringWorks Therapeutics Inc,4886,04-30-2024
1035,CXM,Sprinklr Inc,24626,04-30-2024
1036,SPT,Sprout Social Inc,7199,04-30-2024
1037,SFM,Sprouts Farmers Market Inc,24251,04-30-2024
1038,SPSC,SPS Commerce Inc,7995,04-30-2024
1039,SPXC,SPX Technologies Inc,6487,04-30-2024
1040,SQSP,Squarespace Inc,13262,04-30-2024
1041,JOE,St Joe Co,5919,04-30-2024
1042,STAA,STAAR Surgical Co,9362,04-30-2024
1043,STGW,Stagwell Inc,25618,04-30-2024
1044,SMP,Standard Motor Products Inc,12117,04-30-2024
1045,SXI,Standex International Corp,2357,04-30-2024
1046,SCS,Steelcase Inc,36725,04-30-2024
1047,STEL,Stellar Bancorp Inc,7908,04-30-2024
1048,SCL,Stepan Co,1733,04-30-2024
1049,STEP,StepStone Group Inc,3844,04-30-2024
1050,STRL,Sterling Infrastructure Inc,7022,04-30-2024
1051,SHOO,Steven Madden Ltd,17583,04-30-2024
1052,STC,Stewart Information Services Corp,9033,04-30-2024
1053,SFIX,Stitch Fix Inc,62930,04-30-2024
1054,SYBT,Stock Yards Bancorp Inc,6994,04-30-2024
1055,STNE,StoneCo Ltd,35776,04-30-2024
1056,SRI,Stoneridge Inc,15040,04-30-2024
1057,SNEX,StoneX Group Inc,9277,04-30-2024
1058,STRA,Strategic Education Inc,4142,04-30-2024
1059,LRN,Stride Inc,18973,04-30-2024
1060,RGR,Sturm Ruger & Co Inc,6332,04-30-2024
1061,INN,Summit Hotel Properties Inc,45508,04-30-2024
1062,SUM,Summit Materials Inc,15349,04-30-2024
1063,SXC,SunCoke Energy Inc,39300,04-30-2024
1064,SHO,Sunstone Hotel Investors Inc,45244,04-30-2024
1065,SMCI,Super Micro Computer Inc,7625,04-30-2024
1066,SUPN,Supernus Pharmaceuticals Inc,33479,04-30-2024
1067,SGRY,Surgery Partners Inc,8159,04-30-2024
1068,SRDX,Surmodics Inc,6373,04-30-2024
1069,SG,Sweetgreen Inc,8875,04-30-2024
1070,SLVM,Sylvamo Corp,4468,04-30-2024
1071,SYNA,Synaptics Inc,8748,04-30-2024
1072,TCMD,Tactile Systems Technology Inc,21724,04-30-2024
1073,TALO,Talos Energy Inc,23259,04-30-2024
1074,SKT,Tanger Inc,22012,04-30-2024
1075,TH,Target Hospitality Corp,29044,04-30-2024
1076,TARO,Taro Pharmaceutical Industries Ltd,6826,04-30-2024
1077,TARS,Tarsus Pharmaceuticals Inc,5161,04-30-2024
1078,TMHC,Taylor Morrison Home Corp,19659,04-30-2024
1079,TK,Teekay Corp,50738,04-30-2024
1080,TNK,Teekay Tankers Ltd,11631,04-30-2024
1081,TGNA,TEGNA Inc,39849,04-30-2024
1082,TELA,Tela Bio Inc,8829,04-30-2024
1083,TDS,Telephone and Data Systems Inc,8188,04-30-2024
1084,TENB,Tenable Holdings Inc,16152,04-30-2024
1085,TNC,Tennant Co,7711,04-30-2024
1086,WULF,Terawulf Inc,64705,04-30-2024
1087,TEX,Terex Corp,13017,04-30-2024
1088,TRNO,Terreno Realty Corp,10232,04-30-2024
1089,TTI,TETRA Technologies Inc,97823,04-30-2024
1090,TCBI,Texas Capital Bancshares Inc,8143,04-30-2024
1091,TGTX,TG Therapeutics Inc,31035,04-30-2024
1092,TBPH,Theravance Biopharma Inc,12585,04-30-2024
1093,THR,Thermon Group Holdings Inc,6988,04-30-2024
1094,TWKS,Thoughtworks Holding Inc,16489,04-30-2024
1095,THRY,Thryv Holdings Inc,11933,04-30-2024
1096,TDW,Tidewater Inc,4003,04-30-2024
1097,TSBK,Timberland Bancorp Inc,3484,04-30-2024
1098,TWI,Titan International Inc,14536,04-30-2024
1099,TITN,Titan Machinery Inc,14254,04-30-2024
1100,TMP,Tompkins Financial Corp,2613,04-30-2024
1101,MODG,Topgolf Callaway Brands Corp,7855,04-30-2024
1102,TOWN,Towne Bank,13490,04-30-2024
1103,TRNS,Transcat Inc,5459,04-30-2024
1104,TMDX,TransMedics Group Inc,1489,04-30-2024
1105,THS,TreeHouse Foods Inc,10886,04-30-2024
1106,TPH,Tri Pointe Homes Inc,22943,04-30-2024
1107,TCBK,TriCo Bancshares,8839,04-30-2024
1108,TRS,TriMas Corp,9613,04-30-2024
1109,TNET,TriNet Group Inc,6220,04-30-2024
1110,TRN,Trinity Industries Inc,5863,04-30-2024
1111,TFIN,Triumph Financial Inc,3864,04-30-2024
1112,TGI,Triumph Group Inc,7931,04-30-2024
1113,TROX,Tronox Holdings PLC,13167,04-30-2024
1114,TBRG,TruBridge Inc,13026,04-30-2024
1115,TBI,TrueBlue Inc,28138,04-30-2024
1116,TRUE,TrueCar Inc,84280,04-30-2024
1117,TRST,TrustCo Bank Corp NY,5470,04-30-2024
1118,TRMK,Trustmark Corp,12469,04-30-2024
1119,TTEC,TTEC Holdings Inc,9351,04-30-2024
1120,TTMI,TTM Technologies Inc,30030,04-30-2024
1121,TPB,Turning Point Brands Inc,7277,04-30-2024
1122,HEAR,Turtle Beach Corp,3069,04-30-2024
1123,TPC,Tutor Perini Corp,16359,04-30-2024
1124,UDMY,Udemy Inc,23090,04-30-2024
1125,UFPI,UFP Industries Inc,16338,04-30-2024
1126,UFPT,UFP Technologies Inc,1607,04-30-2024
1127,UCTT,Ultra Clean Holdings Inc,12093,04-30-2024
1128,UMBF,UMB Financial Corp,8487,04-30-2024
1129,UMH,UMH Properties Inc,10717,04-30-2024
1130,UNF,UniFirst Corp,2809,04-30-2024
1131,UIS,Unisys Corp,41053,04-30-2024
1132,UBSI,United Bankshares Inc,17370,04-30-2024
1133,UCBI,United Community Banks Inc,15122,04-30-2024
1134,UNFI,United Natural Foods Inc,16728,04-30-2024
1135,PRKS,United Parks & Resorts Inc,5563,04-30-2024
1136,USLM,United States Lime & Minerals Inc,1909,04-30-2024
1137,UNIT,Uniti Group Inc,62245,04-30-2024
1138,UTL,Unitil Corp,5215,04-30-2024
1139,UNTY,Unity Bancorp Inc,6430,04-30-2024
1140,UVV,Universal Corp,6721,04-30-2024
1141,UHT,Universal Health Realty Income Trust,2937,04-30-2024
1142,UVE,Universal Insurance Holdings Inc,8010,04-30-2024
1143,UVSP,Univest Financial Corp,6506,04-30-2024
1144,UPBD,Upbound Group Inc,21709,04-30-2024
1145,UPST,Upstart Holdings Inc,4295,04-30-2024
1146,UPWK,Upwork Inc,26485,04-30-2024
1147,UEC,Uranium Energy Corp,25554,04-30-2024
1148,UE,Urban Edge Properties,18058,04-30-2024
1149,URBN,Urban Outfitters Inc,9279,04-30-2024
1150,URGN,UroGen Pharma Ltd,18697,04-30-2024
1151,USPH,US Physical Therapy Inc,2633,04-30-2024
1152,SLCA,US Silica Holdings Inc,19696,04-30-2024
1153,USNA,USANA Health Sciences Inc,5511,04-30-2024
1154,UTZ,Utz Brands Inc,7384,04-30-2024
1155,VVX,V2X Inc,6753,04-30-2024
1156,EGY,VAALCO Energy Inc,48221,04-30-2024
1157,VAL,Valaris Ltd,6863,04-30-2024
1158,VLY,Valley National Bancorp,68075,04-30-2024
1159,VNDA,Vanda Pharmaceuticals Inc,50709,04-30-2024
1160,VREX,Varex Imaging Corp,17155,04-30-2024
1161,VRNS,Varonis Systems Inc,15666,04-30-2024
1162,PCVX,Vaxcyte Inc,8572,04-30-2024
1163,VGR,Vector Group Ltd,39676,04-30-2024
1164,VECO,Veeco Instruments Inc,10383,04-30-2024
1165,VRA,Vera Bradley Inc,21951,04-30-2024
1166,VERA,Vera Therapeutics Inc,5011,04-30-2024
1167,VCYT,Veracyte Inc,7820,04-30-2024
1168,VCEL,Vericel Corp,22249,04-30-2024
1169,VRNT,Verint Systems Inc,12875,04-30-2024
1170,VRE,Veris Residential Inc,19901,04-30-2024
1171,VBTX,Veritex Holdings Inc,9582,04-30-2024
1172,VRRM,Verra Mobility Corp,20750,04-30-2024
1173,VRCA,Verrica Pharmaceuticals Inc,5500,04-30-2024
1174,VIAV,Viavi Solutions Inc,38531,04-30-2024
1175,VICR,Vicor Corp,6976,04-30-2024
1176,VCTR,Victory Capital Holdings Inc,4201,04-30-2024
1177,VMD,Viemed Healthcare Inc,32842,04-30-2024
1178,VIGL,Vigil Neuroscience Inc,7769,04-30-2024
1179,VKTX,Viking Therapeutics Inc,6957,04-30-2024
1180,VLGEA,Village Super Market Inc,7737,04-30-2024
1181,VABK,Virginia National Bankshares Corp,4385,04-30-2024
1182,VRTS,Virtus Investment Partners Inc,2405,04-30-2024
1183,VSH,Vishay Intertechnology Inc,22151,04-30-2024
1184,VPG,Vishay Precision Group Inc,7929,04-30-2024
1185,VSTO,Vista Outdoor Inc,13560,04-30-2024
1186,VC,Visteon Corp,2837,04-30-2024
1187,COCO,Vita Coco Co Inc,4842,04-30-2024
1188,VTLE,Vital Energy Inc,5225,04-30-2024
1189,VITL,Vital Farms Inc,17837,04-30-2024
1190,VYGR,Voyager Therapeutics Inc,26939,04-30-2024
1191,WTI,W&T Offshore Inc,84859,04-30-2024
1192,WNC,Wabash National Corp,17942,04-30-2024
1193,WAFD,WaFd Inc,14441,04-30-2024
1194,WD,Walker & Dunlop Inc,4669,04-30-2024
1195,WRBY,Warby Parker Inc,8307,04-30-2024
1196,HCC,Warrior Met Coal Inc,21441,04-30-2024
1197,WASH,Washington Trust Bancorp Inc,6431,04-30-2024
1198,WSBF,Waterstone Financial Inc,15847,04-30-2024
1199,WTS,Watts Water Technologies Inc,7627,04-30-2024
1200,WDFC,WD-40 Co,3019,04-30-2024
1201,WFRD,Weatherford International PLC,9957,04-30-2024
1202,WEAV,Weave Communications Inc,10791,04-30-2024
1203,WMK,Weis Markets Inc,5824,04-30-2024
1204,WERN,Werner Enterprises Inc,7800,04-30-2024
1205,WSBC,WesBanco Inc,11324,04-30-2024
1206,WTBA,West BanCorp Inc,12279,04-30-2024
1207,WABC,Westamerica BanCorp,8954,04-30-2024
1208,WSR,Whitestone REIT,21993,04-30-2024
1209,WLDN,Willdan Group Inc,8194,04-30-2024
1210,WINA,Winmark Corp,1641,04-30-2024
1211,WGO,Winnebago Industries Inc,9846,04-30-2024
1212,WT,WisdomTree Inc,49312,04-30-2024
1213,WWW,Wolverine World Wide Inc,13572,04-30-2024
1214,WK,Workiva Inc,7651,04-30-2024
1215,WRLD,World Acceptance Corp,1209,04-30-2024
1216,WKC,World Kinect Corp,14405,04-30-2024
1217,WOR,Worthington Enterprises Inc,6871,04-30-2024
1218,WS,Worthington Steel Inc,6732,04-30-2024
1219,WSFS,WSFS Financial Corp,12215,04-30-2024
1220,WW,WW International Inc,41956,04-30-2024
1221,XNCR,Xencor Inc,6612,04-30-2024
1222,XHR,Xenia Hotels & Resorts Inc,23766,04-30-2024
1223,XRX,Xerox Holdings Corp,27172,04-30-2024
1224,XPEL,XPEL Inc,11405,04-30-2024
1225,XPER,Xperi Inc,17030,04-30-2024
1226,YMAB,Y-mAbs Therapeutics Inc,12380,04-30-2024
1227,YELP,Yelp Inc,21477,04-30-2024
1228,YEXT,Yext Inc,54824,04-30-2024
1229,YORW,York Water Co,4791,04-30-2024
1230,ZETA,Zeta Global Holdings Corp,34298,04-30-2024
1231,ZD,Ziff Davis Inc,6337,04-30-2024
1232,ZIMV,Zimvie Inc,10983,04-30-2024
1233,ZUMZ,Zumiez Inc,11755,04-30-2024
1234,ZUO,Zuora Inc,23054,04-30-2024
1235,ZWS,Zurn Elkay Water Solutions Corp,11757,04-30-2024
1236,ZYXI,Zynex Inc,17535,04-30-2024
1237,--,USD U.S. DOLLAR,0,04-30-2024
