,Ticker,Name,Shares,Date
0,FLWS,1-800-Flowers.com Inc,20562,11-30-2023
1,SRCE,1st Source Corp,3783,11-30-2023
2,TWOU,2U Inc,64413,11-30-2023
3,FDMT,4D Molecular Therapeutics Inc,7476,11-30-2023
4,ETNB,89bio Inc,7453,11-30-2023
5,EGHT,8x8 Inc,95478,11-30-2023
6,AMRK,A-Mark Precious Metals Inc,11383,11-30-2023
7,ATEN,A10 Networks Inc,45780,11-30-2023
8,AAON,AAON Inc,10520,11-30-2023
9,AIR,AAR Corp,9165,11-30-2023
10,AAN,Aarons Co Inc,19768,11-30-2023
11,ANF,Abercrombie & Fitch Co,17966,11-30-2023
12,ABM,ABM Industries Inc,12533,11-30-2023
13,ASO,Academy Sports & Outdoors Inc,13132,11-30-2023
14,ACAD,ACADIA Pharmaceuticals Inc,39715,11-30-2023
15,AKR,Acadia Realty Trust,15562,11-30-2023
16,ACCO,ACCO Brands Corp,27842,11-30-2023
17,ACIW,ACI Worldwide Inc,19439,11-30-2023
18,ACNB,ACNB Corp,1315,11-30-2023
19,GOLF,Acushnet Holdings Corp,10123,11-30-2023
20,ACVA,ACV Auctions Inc,15014,11-30-2023
21,AHCO,AdaptHealth Corp,19680,11-30-2023
22,ADUS,Addus HomeCare Corp,3591,11-30-2023
23,ADEA,Adeia Inc,33864,11-30-2023
24,ADNT,Adient PLC,13634,11-30-2023
25,ADMA,ADMA Biologics Inc,35945,11-30-2023
26,ATGE,Adtalem Global Education Inc,12244,11-30-2023
27,AEIS,Advanced Energy Industries Inc,6991,11-30-2023
28,ASIX,AdvanSix Inc,9164,11-30-2023
29,AEHR,Aehr Test Systems,4707,11-30-2023
30,AVAV,AeroVironment Inc,2815,11-30-2023
31,ASLE,AerSale Corp,6185,11-30-2023
32,AGYS,Agilysys Inc,8725,11-30-2023
33,AGIO,Agios Pharmaceuticals Inc,3596,11-30-2023
34,ATSG,Air Transport Services Group Inc,4350,11-30-2023
35,AKRO,Akero Therapeutics Inc,2873,11-30-2023
36,ALG,Alamo Group Inc,3155,11-30-2023
37,ALRM,Alarm.com Holdings Inc,10072,11-30-2023
38,AIN,Albany International Corp,4317,11-30-2023
39,ALEX,Alexander & Baldwin Inc,27825,11-30-2023
40,ALX,Alexanders Inc,549,11-30-2023
41,ALIT,Alight Inc,43955,11-30-2023
42,ALHC,Alignment Healthcare Inc,23859,11-30-2023
43,ALKS,Alkermes PLC,51360,11-30-2023
44,ALE,ALLETE Inc,11746,11-30-2023
45,ALNT,Allient Inc,10729,11-30-2023
46,AOSL,Alpha & Omega Semiconductor Ltd,10308,11-30-2023
47,AMR,Alpha Metallurgical Resources Inc,6521,11-30-2023
48,ATEC,Alphatec Holdings Inc,18245,11-30-2023
49,PINE,Alpine Income Property Trust Inc,5775,11-30-2023
50,ALTG,Alta Equipment Group Inc,7548,11-30-2023
51,ALTR,Altair Engineering Inc,9950,11-30-2023
52,AMAL,Amalgamated Financial Corp,5699,11-30-2023
53,AMBC,Ambac Financial Group Inc,26388,11-30-2023
54,AMBA,Ambarella Inc,5362,11-30-2023
55,AMCX,AMC Networks Inc,9441,11-30-2023
56,AMTB,Amerant Bancorp Inc,4972,11-30-2023
57,AAT,American Assets Trust Inc,8371,11-30-2023
58,AXL,American Axle & Manufacturing Holdings Inc,35761,11-30-2023
59,AEO,American Eagle Outfitters Inc,21324,11-30-2023
60,AEL,American Equity Investment Life Holding Co,24967,11-30-2023
61,AMNB,American National Bankshares Inc,4328,11-30-2023
62,AMSWA,American Software Inc,12054,11-30-2023
63,AWR,American States Water Co,11260,11-30-2023
64,AVD,American Vanguard Corp,19238,11-30-2023
65,AMWD,American Woodmark Corp,4175,11-30-2023
66,ABCB,Ameris Bancorp,14224,11-30-2023
67,AMSF,AMERISAFE Inc,6744,11-30-2023
68,ATLO,Ames National Corp,4640,11-30-2023
69,FOLD,Amicus Therapeutics Inc,23044,11-30-2023
70,AMKR,Amkor Technology Inc,31040,11-30-2023
71,AMN,AMN Healthcare Services Inc,13306,11-30-2023
72,AMRX,Amneal Pharmaceuticals Inc,118458,11-30-2023
73,AMPH,Amphastar Pharmaceuticals Inc,13787,11-30-2023
74,AMPY,Amplify Energy Corp,34067,11-30-2023
75,ANDE,Andersons Inc,5728,11-30-2023
76,ANGO,AngioDynamics Inc,15503,11-30-2023
77,ANIP,ANI Pharmaceuticals Inc,3493,11-30-2023
78,ANIK,Anika Therapeutics Inc,12394,11-30-2023
79,HOUS,Anywhere Real Estate Inc,34991,11-30-2023
80,AIV,Apartment Investment and Management Co,60874,11-30-2023
81,APG,API Group Corp,27968,11-30-2023
82,APOG,Apogee Enterprises Inc,11370,11-30-2023
83,ARI,Apollo Commercial Real Estate Finance Inc,29130,11-30-2023
84,AMEH,Apollo Medical Holdings Inc,2979,11-30-2023
85,APPF,Appfolio Inc,5226,11-30-2023
86,APPN,Appian Corp,8693,11-30-2023
87,APLE,Apple Hospitality REIT Inc,43259,11-30-2023
88,APLD,Applied Digital Corp,19360,11-30-2023
89,AIT,Applied Industrial Technologies Inc,11764,11-30-2023
90,ABR,Arbor Realty Trust Inc,30615,11-30-2023
91,ARCB,ArcBest Corp,6583,11-30-2023
92,ACLX,Arcellx Inc,4966,11-30-2023
93,ARCH,Arch Resources Inc,6506,11-30-2023
94,ACHR,Archer Aviation Inc,13330,11-30-2023
95,AROC,Archrock Inc,28006,11-30-2023
96,ACA,Arcosa Inc,9555,11-30-2023
97,ARCT,Arcturus Therapeutics Holdings Inc,13234,11-30-2023
98,ARDX,Ardelyx Inc,24860,11-30-2023
99,ASC,Ardmore Shipping Corp,25611,11-30-2023
100,ACRE,Ares Commercial Real Estate Corp,7303,11-30-2023
101,AGX,Argan Inc,3326,11-30-2023
102,ARLO,Arlo Technologies Inc,29300,11-30-2023
103,AHH,Armada Hoffler Properties Inc,11057,11-30-2023
104,ARR,ARMOUR Residential REIT Inc,4095,11-30-2023
105,ARRY,Array Technologies Inc,11250,11-30-2023
106,AROW,Arrow Financial Corp,8845,11-30-2023
107,ARWR,Arrowhead Pharmaceuticals Inc,6065,11-30-2023
108,APAM,Artisan Partners Asset Management Inc,18530,11-30-2023
109,ASAN,Asana Inc,10041,11-30-2023
110,ABG,Asbury Automotive Group Inc,4520,11-30-2023
111,ASGN,ASGN Inc,12308,11-30-2023
112,ASRT,Assertio Holdings Inc,85618,11-30-2023
113,AMK,AssetMark Financial Holdings Inc,4866,11-30-2023
114,ASB,Associated Banc-Corp,23654,11-30-2023
115,ASTE,Astec Industries Inc,7185,11-30-2023
116,ATXS,Astria Therapeutics Inc,6614,11-30-2023
117,ASUR,Asure Software Inc,8029,11-30-2023
118,ATI,ATI Inc,10676,11-30-2023
119,ATKR,Atkore Inc,12879,11-30-2023
120,BATRA,Atlanta Braves Holdings Inc,3299,11-30-2023
121,BATRK,Atlanta Braves Holdings Inc,4499,11-30-2023
122,AUB,Atlantic Union Bankshares Corp,12523,11-30-2023
123,ATLC,Atlanticus Holdings Corp,2252,11-30-2023
124,ATRC,AtriCure Inc,7140,11-30-2023
125,ATRI,Atrion Corp,236,11-30-2023
126,AUPH,Aurinia Pharmaceuticals Inc,9627,11-30-2023
127,AUR,Aurora Innovation Inc,28154,11-30-2023
128,AVNS,Avanos Medical Inc,12583,11-30-2023
129,AVDX,AvidXchange Holdings Inc,13360,11-30-2023
130,AVNT,Avient Corp,15777,11-30-2023
131,AVA,Avista Corp,13953,11-30-2023
132,RCEL,Avita Medical Inc,13462,11-30-2023
133,ACLS,Axcelis Technologies Inc,8859,11-30-2023
134,AXNX,Axonics Inc,3162,11-30-2023
135,AX,Axos Financial Inc,19342,11-30-2023
136,AXSM,Axsome Therapeutics Inc,4805,11-30-2023
137,AZZ,AZZ Inc,5088,11-30-2023
138,BGS,B&G Foods Inc,11248,11-30-2023
139,BW,Babcock & Wilcox Enterprises Inc,22422,11-30-2023
140,BMI,Badger Meter Inc,7328,11-30-2023
141,BCPC,Balchem Corp,3546,11-30-2023
142,BANC,Banc of California Inc,8501,11-30-2023
143,BANF,BancFirst Corp,6720,11-30-2023
144,BLX,Banco Latinoamericano de Comercio Exterior SA,11238,11-30-2023
145,TBBK,Bancorp Inc,14860,11-30-2023
146,BFC,Bank First Corp,2481,11-30-2023
147,BOH,Bank of Hawaii Corp,5966,11-30-2023
148,NTB,Bank of NT Butterfield & Son Ltd,20938,11-30-2023
149,BKU,BankUnited Inc,15775,11-30-2023
150,BWFG,Bankwell Financial Group Inc,5381,11-30-2023
151,BANR,Banner Corp,5820,11-30-2023
152,B,Barnes Group Inc,7291,11-30-2023
153,BBSI,Barrett Business Services Inc,2592,11-30-2023
154,BCML,BayCom Corp,696,11-30-2023
155,BCBP,BCB Bancorp Inc,12216,11-30-2023
156,BECN,Beacon Roofing Supply Inc,13021,11-30-2023
157,SKIN,Beauty Health Co,16985,11-30-2023
158,BZH,Beazer Homes USA Inc,9580,11-30-2023
159,BELFB,Bel Fuse Inc,5866,11-30-2023
160,BDC,Belden Inc,7500,11-30-2023
161,BRBR,BellRing Brands Inc,18179,11-30-2023
162,BHE,Benchmark Electronics Inc,11083,11-30-2023
163,BHLB,Berkshire Hills Bancorp Inc,6478,11-30-2023
164,BRY,Berry Corp,21694,11-30-2023
165,BYON,Beyond Inc,7744,11-30-2023
166,BGC,BGC Group Inc,30289,11-30-2023
167,BIGC,BigCommerce Holdings Inc,10307,11-30-2023
168,BTBT,Bit Digital Inc,44666,11-30-2023
169,BJRI,BJs Restaurants Inc,4516,11-30-2023
170,BKH,Black Hills Corp,12598,11-30-2023
171,BLKB,Blackbaud Inc,7966,11-30-2023
172,BL,BlackLine Inc,2389,11-30-2023
173,BXMT,Blackstone Mortgage Trust Inc,20863,11-30-2023
174,BLMN,Bloomin Brands Inc,14479,11-30-2023
175,BLBD,Blue Bird Corp,6144,11-30-2023
176,BRBS,Blue Ridge Bankshares Inc,5467,11-30-2023
177,BVH,Bluegreen Vacations Holding Corp,8037,11-30-2023
178,BXC,BlueLinx Holdings Inc,8565,11-30-2023
179,BPMC,Blueprint Medicines Corp,2836,11-30-2023
180,BCC,Boise Cascade Co,16221,11-30-2023
181,BOOT,Boot Barn Holdings Inc,4874,11-30-2023
182,BORR,Borr Drilling Ltd,13458,11-30-2023
183,BWMN,Bowman Consulting Group Ltd,9761,11-30-2023
184,BOX,Box Inc,32039,11-30-2023
185,BHR,Braemar Hotels & Resorts Inc,20723,11-30-2023
186,BDN,Brandywine Realty Trust,28175,11-30-2023
187,BRZE,Braze Inc,1873,11-30-2023
188,BFH,Bread Financial Holdings Inc,8114,11-30-2023
189,BBIO,Bridgebio Pharma Inc,6177,11-30-2023
190,BCOV,Brightcove Inc,37784,11-30-2023
191,BSIG,Brightsphere Investment Group Inc,13766,11-30-2023
192,EAT,Brinker International Inc,7307,11-30-2023
193,BCO,Brinks Co,5731,11-30-2023
194,VTOL,Bristow Group Inc,7050,11-30-2023
195,BNL,Broadstone Net Lease Inc,22176,11-30-2023
196,BIPC,Brookfield Infrastructure Corp,26709,11-30-2023
197,BRKL,Brookline Bancorp Inc,23624,11-30-2023
198,BRP,BRP Group Inc,4356,11-30-2023
199,BRT,BRT Apartments Corp,9101,11-30-2023
200,BKE,Buckle Inc,10274,11-30-2023
201,BBW,Build-A-Bear Workshop Inc,4574,11-30-2023
202,BMBL,Bumble Inc,5906,11-30-2023
203,BY,Byline Bancorp Inc,5586,11-30-2023
204,AI,C3.ai Inc,4798,11-30-2023
205,CABA,Cabaletta Bio Inc,7068,11-30-2023
206,CBT,Cabot Corp,9056,11-30-2023
207,WHD,Cactus Inc,6830,11-30-2023
208,CADE,Cadence Bank,32026,11-30-2023
209,CALM,Cal-Maine Foods Inc,13307,11-30-2023
210,CVGW,Calavo Growers Inc,414,11-30-2023
211,CAL,Caleres Inc,15807,11-30-2023
212,CRC,California Resources Corp,18696,11-30-2023
213,CWT,California Water Service Group,9184,11-30-2023
214,CALX,Calix Inc,14116,11-30-2023
215,CPE,Callon Petroleum Co,10576,11-30-2023
216,CMBM,Cambium Networks Corp,5865,11-30-2023
217,CATC,Cambridge Bancorp,1154,11-30-2023
218,CAC,Camden National Corp,8727,11-30-2023
219,CWH,Camping World Holdings Inc,5586,11-30-2023
220,CNNE,Cannae Holdings Inc,6064,11-30-2023
221,CCBG,Capital City Bank Group Inc,8583,11-30-2023
222,CFFN,Capitol Federal Financial Inc,4045,11-30-2023
223,CDLX,Cardlytics Inc,5030,11-30-2023
224,CDNA,CareDx Inc,42306,11-30-2023
225,CTRE,CareTrust REIT Inc,17049,11-30-2023
226,CARG,Cargurus Inc,22683,11-30-2023
227,PRTS,CarParts.com Inc,32642,11-30-2023
228,CRS,Carpenter Technology Corp,6871,11-30-2023
229,CSV,Carriage Services Inc,6014,11-30-2023
230,TAST,Carrols Restaurant Group Inc,34411,11-30-2023
231,CARS,Cars.com Inc,27169,11-30-2023
232,CVNA,Carvana Co,4606,11-30-2023
233,CWST,Casella Waste Systems Inc,5380,11-30-2023
234,CASS,Cass Information Systems Inc,4768,11-30-2023
235,CPRX,Catalyst Pharmaceuticals Inc,73715,11-30-2023
236,CATY,Cathay General Bancorp,17159,11-30-2023
237,CVCO,Cavco Industries Inc,1493,11-30-2023
238,CBZ,CBIZ Inc,10566,11-30-2023
239,CBL,CBL & Associates Properties Inc,8378,11-30-2023
240,CECO,CECO Environmental Corp,7039,11-30-2023
241,CLDX,Celldex Therapeutics Inc,4116,11-30-2023
242,CSR,Centerspace,2649,11-30-2023
243,CENTA,Central Garden & Pet Co,8814,11-30-2023
244,CENT,Central Garden & Pet Co,5350,11-30-2023
245,CPF,Central Pacific Financial Corp,11607,11-30-2023
246,CVCY,Central Valley Community Bancorp,5620,11-30-2023
247,LEU,Centrus Energy Corp,3223,11-30-2023
248,CCS,Century Communities Inc,4154,11-30-2023
249,CRNC,Cerence Inc,5937,11-30-2023
250,CERS,Cerus Corp,66131,11-30-2023
251,CEVA,CEVA Inc,5683,11-30-2023
252,CHX,ChampionX Corp,24293,11-30-2023
253,GTLS,Chart Industries Inc,3957,11-30-2023
254,CLDT,Chatham Lodging Trust,16750,11-30-2023
255,CAKE,Cheesecake Factory Inc,5402,11-30-2023
256,CHEF,Chefs Warehouse Inc,4073,11-30-2023
257,CHGG,Chegg Inc,20000,11-30-2023
258,CHMG,Chemung Financial Corp,3402,11-30-2023
259,CPK,Chesapeake Utilities Corp,4696,11-30-2023
260,CHS,Chicos FAS Inc,33562,11-30-2023
261,CIM,Chimera Investment Corp,22541,11-30-2023
262,COFS,ChoiceOne Financial Services Inc,3817,11-30-2023
263,CHRD,Chord Energy Corp,7079,11-30-2023
264,CHUY,Chuys Holdings Inc,4702,11-30-2023
265,CMPR,Cimpress PLC,9447,11-30-2023
266,CNK,Cinemark Holdings Inc,10627,11-30-2023
267,CHCO,City Holding Co,6400,11-30-2023
268,CIO,City Office REIT Inc,23412,11-30-2023
269,CIVB,Civista Bancshares Inc,10706,11-30-2023
270,CIVI,Civitas Resources Inc,13690,11-30-2023
271,CMTG,Claros Mortgage Trust Inc,15809,11-30-2023
272,CLFD,Clearfield Inc,6465,11-30-2023
273,CLW,Clearwater Paper Corp,6065,11-30-2023
274,CLMB,Climb Global Solutions Inc,2944,11-30-2023
275,CCNE,CNB Financial Corp,7295,11-30-2023
276,CNO,CNO Financial Group Inc,34215,11-30-2023
277,CNX,CNX Resources Corp,25476,11-30-2023
278,COKE,Coca-Cola Consolidated Inc,2130,11-30-2023
279,CDXS,Codexis Inc,18827,11-30-2023
280,CVLY,Codorus Valley Bancorp Inc,4402,11-30-2023
281,CCOI,Cogent Communications Holdings Inc,6392,11-30-2023
282,CNS,Cohen & Steers Inc,9052,11-30-2023
283,COHU,Cohu Inc,13413,11-30-2023
284,COLL,Collegium Pharmaceutical Inc,32705,11-30-2023
285,CBAN,Colony Bankcorp Inc,1126,11-30-2023
286,CLBK,Columbia Financial Inc,6849,11-30-2023
287,CMCO,Columbus McKinnon Corp,8305,11-30-2023
288,FIX,Comfort Systems USA Inc,8623,11-30-2023
289,CMC,Commercial Metals Co,27854,11-30-2023
290,CVGI,Commercial Vehicle Group Inc,14237,11-30-2023
291,COMM,CommScope Holding Co Inc,44313,11-30-2023
292,CBU,Community Bank System Inc,5740,11-30-2023
293,CHCT,Community Healthcare Trust Inc,6151,11-30-2023
294,CTBI,Community Trust Bancorp Inc,5283,11-30-2023
295,CVLT,CommVault Systems Inc,13143,11-30-2023
296,CODI,Compass Diversified Holdings,2412,11-30-2023
297,COMP,Compass Inc,152695,11-30-2023
298,CPSI,Computer Programs and Systems Inc,13622,11-30-2023
299,CRK,Comstock Resources Inc,56876,11-30-2023
300,CNDT,Conduent Inc,86262,11-30-2023
301,CNMD,CONMED Corp,2034,11-30-2023
302,CNOB,ConnectOne Bancorp Inc,6946,11-30-2023
303,CCSI,Consensus Cloud Solutions Inc,7391,11-30-2023
304,CEIX,CONSOL Energy Inc,12908,11-30-2023
305,CWCO,Consolidated Water Co Ltd,14572,11-30-2023
306,CSTM,Constellium SE,18288,11-30-2023
307,ROAD,Construction Partners Inc,2820,11-30-2023
308,CPSS,Consumer Portfolio Services Inc,8695,11-30-2023
309,CPS,Cooper-Standard Holdings Inc,7203,11-30-2023
310,CDP,COPT Defense Properties,17941,11-30-2023
311,CORT,Corcept Therapeutics Inc,53572,11-30-2023
312,CLB,Core Laboratories Inc,4099,11-30-2023
313,CMT,Core Molding Technologies Inc,7523,11-30-2023
314,CCRD,CoreCard Corp,5517,11-30-2023
315,CXW,CoreCivic Inc,34545,11-30-2023
316,CRMD,CorMedix Inc,8835,11-30-2023
317,CRSR,Corsair Gaming Inc,6790,11-30-2023
318,CRVL,CorVel Corp,3198,11-30-2023
319,CMRE,Costamare Inc,14776,11-30-2023
320,BASE,Couchbase Inc,7846,11-30-2023
321,COUR,Coursera Inc,7631,11-30-2023
322,CVLG,Covenant Logistics Group Inc,3987,11-30-2023
323,PMTS,CPI Card Group Inc,3201,11-30-2023
324,CRAI,CRA International Inc,3919,11-30-2023
325,CBRL,Cracker Barrel Old Country Store Inc,1863,11-30-2023
326,CRDO,Credo Technology Group Holding Ltd,8156,11-30-2023
327,CRCT,Cricut Inc,1152,11-30-2023
328,CCRN,Cross Country Healthcare Inc,28190,11-30-2023
329,CYRX,CryoPort Inc,9167,11-30-2023
330,CSGS,CSG Systems International Inc,12176,11-30-2023
331,CSWI,CSW Industrials Inc,4376,11-30-2023
332,CTO,CTO Realty Growth Inc,11386,11-30-2023
333,CTS,CTS Corp,6614,11-30-2023
334,CWK,Cushman & Wakefield PLC,37746,11-30-2023
335,CUBI,Customers Bancorp Inc,16353,11-30-2023
336,CVBF,CVB Financial Corp,18394,11-30-2023
337,CVI,CVR Energy Inc,7299,11-30-2023
338,CVRX,CVRx Inc,6206,11-30-2023
339,CBAY,Cymabay Therapeutics Inc,11350,11-30-2023
340,CYTK,Cytokinetics Inc,3817,11-30-2023
341,DAKT,Daktronics Inc,13778,11-30-2023
342,DAN,Dana Inc,25486,11-30-2023
343,PLAY,Dave & Busters Entertainment Inc,5326,11-30-2023
344,RTYZ3,DEC 23 CME EMINIRUS2K,105,11-30-2023
345,DK,Delek US Holdings Inc,9980,11-30-2023
346,DLX,Deluxe Corp,16555,11-30-2023
347,DNLI,Denali Therapeutics Inc,4907,11-30-2023
348,DENN,Dennys Corp,17559,11-30-2023
349,DBI,Designer Brands Inc,12332,11-30-2023
350,DXLG,Destination XL Group Inc,29164,11-30-2023
351,DHX,DHI Group Inc,31712,11-30-2023
352,DHT,DHT Holdings Inc,34216,11-30-2023
353,DHIL,Diamond Hill Investment Group Inc,1824,11-30-2023
354,DO,Diamond Offshore Drilling Inc,17529,11-30-2023
355,DRH,DiamondRock Hospitality Co,37705,11-30-2023
356,DGII,Digi International Inc,11830,11-30-2023
357,APPS,Digital Turbine Inc,28111,11-30-2023
358,DBRG,DigitalBridge Group Inc,5348,11-30-2023
359,DDS,Dillards Inc,2255,11-30-2023
360,DCOM,Dime Community Bancshares Inc,10926,11-30-2023
361,DIN,Dine Brands Global Inc,1890,11-30-2023
362,DIOD,Diodes Inc,13509,11-30-2023
363,IRON,Disc Medicine Inc,1661,11-30-2023
364,DSGR,Distribution Solutions Group Inc,8800,11-30-2023
365,DOLE,Dole PLC,9052,11-30-2023
366,DOMO,Domo Inc,20988,11-30-2023
367,DFIN,Donnelley Financial Solutions Inc,12076,11-30-2023
368,LPG,Dorian LPG Ltd,10703,11-30-2023
369,DORM,Dorman Products Inc,5865,11-30-2023
370,PLOW,Douglas Dynamics Inc,3359,11-30-2023
371,DOUG,Douglas Elliman Inc,73108,11-30-2023
372,DEI,Douglas Emmett Inc,21315,11-30-2023
373,DFH,Dream Finders Homes Inc,3303,11-30-2023
374,DRQ,Dril-Quip Inc,5473,11-30-2023
375,DCO,Ducommun Inc,2577,11-30-2023
376,DLTH,Duluth Holdings Inc,182,11-30-2023
377,DUOL,Duolingo Inc,2417,11-30-2023
378,DXPE,DXP Enterprises Inc,14121,11-30-2023
379,DY,Dycom Industries Inc,4064,11-30-2023
380,DVAX,Dynavax Technologies Corp,64021,11-30-2023
381,DYN,Dyne Therapeutics Inc,3418,11-30-2023
382,DX,Dynex Capital Inc,8876,11-30-2023
383,EGBN,Eagle Bancorp Inc,9038,11-30-2023
384,EGLE,Eagle Bulk Shipping Inc,5212,11-30-2023
385,EGRX,Eagle Pharmaceuticals Inc,9905,11-30-2023
386,DEA,Easterly Government Properties Inc,14426,11-30-2023
387,EBC,Eastern Bankshares Inc,9210,11-30-2023
388,EBIX,Ebix Inc,20462,11-30-2023
389,SATS,EchoStar Corp,13772,11-30-2023
390,ECVT,Ecovyst Inc,21986,11-30-2023
391,EPC,Edgewell Personal Care Co,11828,11-30-2023
392,EGAN,eGain Corp,19062,11-30-2023
393,LOCO,El Pollo Loco Holdings Inc,12138,11-30-2023
394,ELF,elf Beauty Inc,6934,11-30-2023
395,EFC,Ellington Financial Inc,11588,11-30-2023
396,ELME,Elme Communities,10650,11-30-2023
397,EMBC,Embecta Corp,17135,11-30-2023
398,EBS,Emergent BioSolutions Inc,36650,11-30-2023
399,EP,Empire Petroleum Corp,4140,11-30-2023
400,ESRT,Empire State Realty Trust Inc,40316,11-30-2023
401,EIG,Employers Holdings Inc,8451,11-30-2023
402,ACT,Enact Holdings Inc,10147,11-30-2023
403,ECPG,Encore Capital Group Inc,6949,11-30-2023
404,WIRE,Encore Wire Corp,8009,11-30-2023
405,ENR,Energizer Holdings Inc,10831,11-30-2023
406,EFR,Energy Fuels Inc,20054,11-30-2023
407,ERII,Energy Recovery Inc,22847,11-30-2023
408,EPAC,Enerpac Tool Group Corp,13460,11-30-2023
409,ENS,EnerSys,5958,11-30-2023
410,EHAB,Enhabit Inc,8631,11-30-2023
411,ELVN,Enliven Therapeutics Inc,3123,11-30-2023
412,EBF,Ennis Inc,7357,11-30-2023
413,ENVA,Enova International Inc,17620,11-30-2023
414,ENVX,Enovix Corp,7424,11-30-2023
415,NPO,Enpro Industries Inc,4994,11-30-2023
416,ENSG,Ensign Group Inc,9836,11-30-2023
417,ESGR,Enstar Group Ltd,1378,11-30-2023
418,EFSC,Enterprise Financial Services Corp,7088,11-30-2023
419,TRDA,Entrada Therapeutics Inc,18476,11-30-2023
420,ENV,Envestnet Inc,6083,11-30-2023
421,NVRI,Enviri Corp,3537,11-30-2023
422,PLUS,ePlus Inc,8551,11-30-2023
423,ETRN,Equitrans Midstream Corp,43807,11-30-2023
424,EQC,Equity Commonwealth,10566,11-30-2023
425,ESE,ESCO Technologies Inc,3498,11-30-2023
426,ESQ,Esquire Financial Holdings Inc,3814,11-30-2023
427,ESNT,Essent Group Ltd,24128,11-30-2023
428,EPRT,Essential Properties Realty Trust Inc,13651,11-30-2023
429,ETD,Ethan Allen Interiors Inc,19824,11-30-2023
430,EVBN,Evans Bancorp Inc,3673,11-30-2023
431,EB,Eventbrite Inc,9729,11-30-2023
432,EVBG,Everbridge Inc,5399,11-30-2023
433,EVRI,Everi Holdings Inc,12782,11-30-2023
434,EVER,EverQuote Inc,18511,11-30-2023
435,EVTC,EVERTEC Inc,16019,11-30-2023
436,EVI,EVI Industries Inc,4236,11-30-2023
437,EVH,Evolent Health Inc,8980,11-30-2023
438,EOLS,Evolus Inc,25449,11-30-2023
439,EPM,Evolution Petroleum Corp,30630,11-30-2023
440,EVLV,Evolv Technologies Holdings Inc,15126,11-30-2023
441,SSP,EW Scripps Co,18751,11-30-2023
442,EXLS,ExlService Holdings Inc,31775,11-30-2023
443,EXPI,eXp World Holdings Inc,49525,11-30-2023
444,EXPO,Exponent Inc,4531,11-30-2023
445,XPRO,Expro Group Holdings NV,8174,11-30-2023
446,EXTR,Extreme Networks Inc,51878,11-30-2023
447,FN,Fabrinet,5190,11-30-2023
448,FMAO,Farmers & Merchants Bancorp Inc/Archbold OH,2316,11-30-2023
449,FMNB,Farmers National Banc Corp,12075,11-30-2023
450,FPI,Farmland Partners Inc,11481,11-30-2023
451,FSLY,Fastly Inc,5394,11-30-2023
452,FBK,FB Financial Corp,9129,11-30-2023
453,AGM,Federal Agricultural Mortgage Corp,6046,11-30-2023
454,FSS,Federal Signal Corp,8823,11-30-2023
455,FDBC,Fidelity D&D Bancorp Inc,2237,11-30-2023
456,FIGS,Figs Inc,49918,11-30-2023
457,FISI,Financial Institutions Inc,10376,11-30-2023
458,FA,First Advantage Corp,10403,11-30-2023
459,FBP,First BanCorp,48191,11-30-2023
460,FNLC,First Bancorp Inc,6103,11-30-2023
461,FBNC,First Bancorp/Southern Pines NC,8226,11-30-2023
462,FBMS,First Bancshares Inc,4296,11-30-2023
463,BUSE,First Busey Corp,9843,11-30-2023
464,FBIZ,First Business Financial Services Inc,7632,11-30-2023
465,FCF,First Commonwealth Financial Corp,22350,11-30-2023
466,FCCO,First Community Corp,4971,11-30-2023
467,FFBC,First Financial Bancorp,20031,11-30-2023
468,FFIN,First Financial Bankshares Inc,24132,11-30-2023
469,THFF,First Financial Corp,4200,11-30-2023
470,FIBK,First Interstate BancSystem Inc,10676,11-30-2023
471,FRME,First Merchants Corp,13841,11-30-2023
472,FMBH,First Mid Bancshares Inc,4739,11-30-2023
473,FLIC,First of Long Island Corp,9230,11-30-2023
474,MYFW,First Western Financial Inc,1253,11-30-2023
475,FCFS,FirstCash Holdings Inc,5609,11-30-2023
476,FLNG,FLEX LNG Ltd,3615,11-30-2023
477,FLNC,Fluence Energy Inc,5418,11-30-2023
478,FLR,Fluor Corp,19496,11-30-2023
479,FFIC,Flushing Financial Corp,13110,11-30-2023
480,FLYW,Flywire Corp,5651,11-30-2023
481,FL,Foot Locker Inc,5811,11-30-2023
482,FOR,Forestar Group Inc,11352,11-30-2023
483,FORM,FormFactor Inc,16384,11-30-2023
484,FORR,Forrester Research Inc,7674,11-30-2023
485,FWRD,Forward Air Corp,10506,11-30-2023
486,FOSL,Fossil Group Inc,35233,11-30-2023
487,FCPT,Four Corners Property Trust Inc,15785,11-30-2023
488,FOXF,Fox Factory Holding Corp,6801,11-30-2023
489,FBRT,Franklin BSP Realty Trust Inc,13067,11-30-2023
490,FC,Franklin Covey Co,11943,11-30-2023
491,FELE,Franklin Electric Co Inc,11902,11-30-2023
492,FDP,Fresh Del Monte Produce Inc,10671,11-30-2023
493,FRSH,Freshworks Inc,12215,11-30-2023
494,FTDR,Frontdoor Inc,21051,11-30-2023
495,FRPH,FRP Holdings Inc,3835,11-30-2023
496,FSBW,FS Bancorp Inc,3164,11-30-2023
497,FTAI,FTAI Aviation Ltd,10771,11-30-2023
498,FLGT,Fulgent Genetics Inc,10286,11-30-2023
499,FULT,Fulton Financial Corp,32134,11-30-2023
500,FNKO,Funko Inc,115,11-30-2023
501,FVCB,FVCBankcorp Inc,2979,11-30-2023
502,GIII,G-III Apparel Group Ltd,11133,11-30-2023
503,GCI,Gannett Co Inc,87002,11-30-2023
504,GATX,GATX Corp,3550,11-30-2023
505,GNK,Genco Shipping & Trading Ltd,12585,11-30-2023
506,GENC,Gencor Industries Inc,7779,11-30-2023
507,GCO,Genesco Inc,9453,11-30-2023
508,GNE,Genie Energy Ltd,19201,11-30-2023
509,THRM,Gentherm Inc,7266,11-30-2023
510,GNW,Genworth Financial Inc,112202,11-30-2023
511,GEO,GEO Group Inc,50330,11-30-2023
512,GABC,German American Bancorp Inc,10291,11-30-2023
513,GTY,Getty Realty Corp,8711,11-30-2023
514,ROCK,Gibraltar Industries Inc,5834,11-30-2023
515,GBCI,Glacier Bancorp Inc,16838,11-30-2023
516,GOOD,Gladstone Commercial Corp,11660,11-30-2023
517,LAND,Gladstone Land Corp,6305,11-30-2023
518,GKOS,Glaukos Corp,3610,11-30-2023
519,GIC,Global Industrial Co,12419,11-30-2023
520,GMRE,Global Medical REIT Inc,9792,11-30-2023
521,GNL,Global Net Lease Inc,47155,11-30-2023
522,GMS,GMS Inc,22433,11-30-2023
523,GOGO,Gogo Inc,15347,11-30-2023
524,GLNG,Golar LNG Ltd,6891,11-30-2023
525,GDEN,Golden Entertainment Inc,5266,11-30-2023
526,GT,Goodyear Tire & Rubber Co,46313,11-30-2023
527,GSHD,Goosehead Insurance Inc,4421,11-30-2023
528,GPRO,GoPro Inc,39267,11-30-2023
529,GRC,Gorman-Rupp Co,3933,11-30-2023
530,EAF,GrafTech International Ltd,65527,11-30-2023
531,GHC,Graham Holdings Co,845,11-30-2023
532,GVA,Granite Construction Inc,4798,11-30-2023
533,GTN,Gray Television Inc,19441,11-30-2023
534,GSBC,Great Southern Bancorp Inc,6523,11-30-2023
535,GRBK,Green Brick Partners Inc,6759,11-30-2023
536,GDOT,Green Dot Corp,7930,11-30-2023
537,GPRE,Green Plains Inc,4431,11-30-2023
538,GBX,Greenbrier Cos Inc,3455,11-30-2023
539,GCBC,Greene County Bancorp Inc,6468,11-30-2023
540,GEF,Greif Inc,5715,11-30-2023
541,GDYN,Grid Dynamics Holdings Inc,15904,11-30-2023
542,GFF,Griffon Corp,13175,11-30-2023
543,GPI,Group 1 Automotive Inc,4037,11-30-2023
544,GES,Guess? Inc,8776,11-30-2023
545,GPOR,Gulfport Energy Corp,5553,11-30-2023
546,HEES,H&E Equipment Services Inc,7051,11-30-2023
547,HCKT,Hackett Group Inc,22038,11-30-2023
548,HAE,Haemonetics Corp,5762,11-30-2023
549,HAIN,Hain Celestial Group Inc,20133,11-30-2023
550,HALO,Halozyme Therapeutics Inc,19971,11-30-2023
551,HLNE,Hamilton Lane Inc,8548,11-30-2023
552,HWC,Hancock Whitney Corp,14441,11-30-2023
553,HAFC,Hanmi Financial Corp,11963,11-30-2023
554,HONE,HarborOne Bancorp Inc,15179,11-30-2023
555,HLIT,Harmonic Inc,25167,11-30-2023
556,HRMY,Harmony Biosciences Holdings Inc,17787,11-30-2023
557,HROW,Harrow Inc,7446,11-30-2023
558,HBIO,Harvard Bioscience Inc,37990,11-30-2023
559,HVT,Haverty Furniture Cos Inc,14330,11-30-2023
560,HWKN,Hawkins Inc,5087,11-30-2023
561,HAYN,Haynes International Inc,1092,11-30-2023
562,FUL,HB Fuller Co,8865,11-30-2023
563,HQY,HealthEquity Inc,8906,11-30-2023
564,HSTM,HealthStream Inc,9407,11-30-2023
565,HTLD,Heartland Express Inc,7437,11-30-2023
566,HTLF,Heartland Financial USA Inc,8395,11-30-2023
567,HL,Hecla Mining Co,38924,11-30-2023
568,HSII,Heidrick & Struggles International Inc,5356,11-30-2023
569,HELE,Helen of Troy Ltd,3381,11-30-2023
570,HLIO,Helios Technologies Inc,3401,11-30-2023
571,HLX,Helix Energy Solutions Group Inc,44679,11-30-2023
572,HP,Helmerich & Payne Inc,11779,11-30-2023
573,HLF,Herbalife Ltd,21537,11-30-2023
574,HRI,Herc Holdings Inc,3617,11-30-2023
575,HTBK,Heritage Commerce Corp,18527,11-30-2023
576,HFWA,Heritage Financial Corp,6396,11-30-2023
577,HIBB,Hibbett Inc,6276,11-30-2023
578,HI,Hillenbrand Inc,14311,11-30-2023
579,HLMN,Hillman Solutions Corp,11370,11-30-2023
580,HTH,Hilltop Holdings Inc,13727,11-30-2023
581,HGV,Hilton Grand Vacations Inc,11029,11-30-2023
582,HIFS,Hingham Institution For Savings The,647,11-30-2023
583,HQI,HireQuest Inc,3032,11-30-2023
584,HNI,HNI Corp,21515,11-30-2023
585,HBCP,Home Bancorp Inc,3836,11-30-2023
586,HOMB,Home BancShares Inc,29626,11-30-2023
587,HTBI,HomeTrust Bancshares Inc,6048,11-30-2023
588,HOPE,Hope Bancorp Inc,27433,11-30-2023
589,HMN,Horace Mann Educators Corp,8553,11-30-2023
590,HBNC,Horizon Bancorp Inc,13175,11-30-2023
591,HOV,Hovnanian Enterprises Inc,2182,11-30-2023
592,HUBG,Hub Group Inc,10325,11-30-2023
593,HPP,Hudson Pacific Properties Inc,25742,11-30-2023
594,HDSN,Hudson Technologies Inc,38852,11-30-2023
595,HURN,Huron Consulting Group Inc,6002,11-30-2023
596,HY,Hyster-Yale Materials Handling Inc,778,11-30-2023
597,IIIV,I3 Verticals Inc,4214,11-30-2023
598,ICFI,ICF International Inc,5246,11-30-2023
599,ICHR,Ichor Holdings Ltd,7981,11-30-2023
600,IDYA,Ideaya Biosciences Inc,3853,11-30-2023
601,IDT,IDT Corp,13861,11-30-2023
602,IESC,IES Holdings Inc,8021,11-30-2023
603,IHRT,iHeartMedia Inc,35945,11-30-2023
604,IMAX,IMAX Corp,5164,11-30-2023
605,IMMR,Immersion Corp,7753,11-30-2023
606,IMGN,ImmunoGen Inc,12648,11-30-2023
607,IMVT,Immunovant Inc,4617,11-30-2023
608,PI,Impinj Inc,6545,11-30-2023
609,NARI,Inari Medical Inc,7504,11-30-2023
610,IRT,Independence Realty Trust Inc,22681,11-30-2023
611,INDB,Independent Bank Corp,7373,11-30-2023
612,IBCP,Independent Bank Corp,13550,11-30-2023
613,IBTX,Independent Bank Group Inc,6522,11-30-2023
614,INFN,Infinera Corp,36610,11-30-2023
615,III,Information Services Group Inc,33941,11-30-2023
616,INFU,InfuSystem Holdings Inc,17444,11-30-2023
617,NGVT,Ingevity Corp,7356,11-30-2023
618,IMKTA,Ingles Markets Inc,9129,11-30-2023
619,INMD,Inmode Ltd,12228,11-30-2023
620,INOD,Innodata Inc,23299,11-30-2023
621,IOSP,Innospec Inc,7650,11-30-2023
622,IIPR,Innovative Industrial Properties Inc,3380,11-30-2023
623,INVA,Innoviva Inc,46990,11-30-2023
624,INGN,Inogen Inc,3506,11-30-2023
625,NSIT,Insight Enterprises Inc,8429,11-30-2023
626,INSM,Insmed Inc,7067,11-30-2023
627,NSP,Insperity Inc,9057,11-30-2023
628,INSE,Inspired Entertainment Inc,20907,11-30-2023
629,IBP,Installed Building Products Inc,4382,11-30-2023
630,IIIN,Insteel Industries Inc,6936,11-30-2023
631,INTA,Intapp Inc,3280,11-30-2023
632,ITGR,Integer Holdings Corp,6798,11-30-2023
633,IAS,Integral Ad Science Holding Corp,8799,11-30-2023
634,NTLA,Intellia Therapeutics Inc,3949,11-30-2023
635,IPAR,Inter Parfums Inc,4023,11-30-2023
636,IDCC,InterDigital Inc,4574,11-30-2023
637,TILE,Interface Inc,23296,11-30-2023
638,IBOC,International Bancshares Corp,10905,11-30-2023
639,IGT,International Game Technology PLC,16153,11-30-2023
640,IMXI,International Money Express Inc,12114,11-30-2023
641,INSW,International Seaways Inc,9606,11-30-2023
642,INTT,inTEST Corp,10424,11-30-2023
643,ITCI,Intra-Cellular Therapies Inc,16832,11-30-2023
644,IVT,InvenTrust Properties Corp,6994,11-30-2023
645,ITIC,Investors Title Co,1185,11-30-2023
646,IONQ,IonQ Inc,9560,11-30-2023
647,IRMD,iRadimed Corp,2689,11-30-2023
648,IRTC,iRhythm Technologies Inc,6530,11-30-2023
649,IRBT,iRobot Corp,6760,11-30-2023
650,IRWD,Ironwood Pharmaceuticals Inc,74188,11-30-2023
651,ITOS,iTeos Therapeutics Inc,12151,11-30-2023
652,ITRI,Itron Inc,4821,11-30-2023
653,JJSF,J & J Snack Foods Corp,2095,11-30-2023
654,JACK,Jack in the Box Inc,3702,11-30-2023
655,JXN,Jackson Financial Inc,19735,11-30-2023
656,JAKK,JAKKS Pacific Inc,7016,11-30-2023
657,JBI,Janus International Group Inc,19279,11-30-2023
658,JBGS,JBG SMITH Properties,12880,11-30-2023
659,JELD,JELD-WEN Holding Inc,18404,11-30-2023
660,JOBY,Joby Aviation Inc,35080,11-30-2023
661,JBSS,John B Sanfilippo & Son Inc,4639,11-30-2023
662,JBT,John Bean Technologies Corp,5112,11-30-2023
663,WLY,John Wiley & Sons Inc,12984,11-30-2023
664,JOUT,Johnson Outdoors Inc,3975,11-30-2023
665,JYNT,Joint Corp,10731,11-30-2023
666,KAI,Kadant Inc,4139,11-30-2023
667,KALU,Kaiser Aluminum Corp,1645,11-30-2023
668,KAMN,Kaman Corp,5323,11-30-2023
669,KPTI,Karyopharm Therapeutics Inc,109984,11-30-2023
670,KBH,KB Home,10464,11-30-2023
671,KELYA,Kelly Services Inc,16706,11-30-2023
672,KMT,Kennametal Inc,10399,11-30-2023
673,KW,Kennedy-Wilson Holdings Inc,8490,11-30-2023
674,KROS,Keros Therapeutics Inc,43,11-30-2023
675,KFRC,Kforce Inc,14978,11-30-2023
676,KE,Kimball Electronics Inc,10016,11-30-2023
677,KNSA,Kiniksa Pharmaceuticals Ltd,19451,11-30-2023
678,KRG,Kite Realty Group Trust,37764,11-30-2023
679,KREF,KKR Real Estate Finance Trust Inc,9401,11-30-2023
680,KLXE,KLX Energy Services Holdings Inc,12302,11-30-2023
681,KNF,Knife River Corp,3733,11-30-2023
682,KN,Knowles Corp,23116,11-30-2023
683,KTB,Kontoor Brands Inc,10958,11-30-2023
684,KOP,Koppers Holdings Inc,5060,11-30-2023
685,KFY,Korn Ferry,10561,11-30-2023
686,KOS,Kosmos Energy Ltd,49900,11-30-2023
687,KTOS,Kratos Defense & Security Solutions Inc,6538,11-30-2023
688,DNUT,Krispy Kreme Inc,10092,11-30-2023
689,KRYS,Krystal Biotech Inc,1293,11-30-2023
690,KLIC,Kulicke & Soffa Industries Inc,16306,11-30-2023
691,LZB,La-Z-Boy Inc,15617,11-30-2023
692,LADR,Ladder Capital Corp,14911,11-30-2023
693,LBAI,Lakeland Bancorp Inc,12231,11-30-2023
694,LKFN,Lakeland Financial Corp,9169,11-30-2023
695,LANC,Lancaster Colony Corp,3599,11-30-2023
696,LNTH,Lantheus Holdings Inc,11817,11-30-2023
697,LAUR,Laureate Education Inc,23820,11-30-2023
698,LCII,LCI Industries,7113,11-30-2023
699,LZ,Legalzoom.com Inc,34809,11-30-2023
700,LMAT,LeMaitre Vascular Inc,7544,11-30-2023
701,LC,LendingClub Corp,30836,11-30-2023
702,DRS,Leonardo DRS Inc,19158,11-30-2023
703,LGIH,LGI Homes Inc,1485,11-30-2023
704,LBRT,Liberty Energy Inc,49712,11-30-2023
705,LILA,Liberty Latin America Ltd,11013,11-30-2023
706,LILAK,Liberty Latin America Ltd,36116,11-30-2023
707,LTH,Life Time Group Holdings Inc,7579,11-30-2023
708,LGND,Ligand Pharmaceuticals Inc,5827,11-30-2023
709,LNW,Light & Wonder Inc,9705,11-30-2023
710,LMB,Limbach Holdings Inc,3850,11-30-2023
711,LINC,Lincoln Educational Services Corp,23004,11-30-2023
712,LNN,Lindsay Corp,2045,11-30-2023
713,LQDA,Liquidia Corp,3987,11-30-2023
714,LIVN,LivaNova PLC,6897,11-30-2023
715,LOB,Live Oak Bancshares Inc,9690,11-30-2023
716,LTHM,Livent Corp,13369,11-30-2023
717,RAMP,LiveRamp Holdings Inc,11794,11-30-2023
718,LPTV,Loop Media Inc,28122,11-30-2023
719,LOVE,Lovesac Co,6961,11-30-2023
720,LXU,LSB Industries Inc,12818,11-30-2023
721,LYTS,LSI Industries Inc,25616,11-30-2023
722,LTC,LTC Properties Inc,7325,11-30-2023
723,LAZR,Luminar Technologies Inc,18911,11-30-2023
724,LUNA,Luna Innovations Inc,23182,11-30-2023
725,LXP,LXP Industrial Trust,39328,11-30-2023
726,MHO,M/I Homes Inc,6604,11-30-2023
727,MCBC,Macatawa Bank Corp,20679,11-30-2023
728,MAC,Macerich Co,32650,11-30-2023
729,MTSI,MACOM Technology Solutions Holdings Inc,6383,11-30-2023
730,MSGE,Madison Square Garden Entertainment Corp,2874,11-30-2023
731,MDGL,Madrigal Pharmaceuticals Inc,593,11-30-2023
732,MGNI,Magnite Inc,15662,11-30-2023
733,MGY,Magnolia Oil & Gas Corp,57999,11-30-2023
734,MNSB,MainStreet Bancshares Inc,5983,11-30-2023
735,MBUU,Malibu Boats Inc,5556,11-30-2023
736,MTW,Manitowoc Co Inc,11704,11-30-2023
737,MNKD,MannKind Corp,24585,11-30-2023
738,MARA,Marathon Digital Holdings Inc,9290,11-30-2023
739,MMI,Marcus & Millichap Inc,21226,11-30-2023
740,MCS,Marcus Corp,9194,11-30-2023
741,HZO,MarineMax Inc,5627,11-30-2023
742,MQ,Marqeta Inc,18886,11-30-2023
743,MRTN,Marten Transport Ltd,7740,11-30-2023
744,DOOR,Masonite International Corp,4927,11-30-2023
745,MBC,Masterbrand Inc,12519,11-30-2023
746,MCFT,MasterCraft Boat Holdings Inc,14900,11-30-2023
747,MTDR,Matador Resources Co,23260,11-30-2023
748,MTRN,Materion Corp,4267,11-30-2023
749,MATV,Mativ Holdings Inc,9672,11-30-2023
750,MATX,Matson Inc,10921,11-30-2023
751,MATW,Matthews International Corp,7078,11-30-2023
752,MMS,Maximus Inc,11672,11-30-2023
753,MXL,MaxLinear Inc,24042,11-30-2023
754,MEC,Mayville Engineering Co Inc,5170,11-30-2023
755,MBI,MBIA Inc,33404,11-30-2023
756,MGRC,McGrath RentCorp,2563,11-30-2023
757,MDC,MDC Holdings Inc,8911,11-30-2023
758,MED,Medifast Inc,3230,11-30-2023
759,MBWM,Mercantile Bank Corp,7280,11-30-2023
760,MMSI,Merit Medical Systems Inc,7953,11-30-2023
761,MTH,Meritage Homes Corp,6269,11-30-2023
762,MLAB,Mesa Laboratories Inc,2063,11-30-2023
763,MEI,Methode Electronics Inc,9777,11-30-2023
764,MCB,Metropolitan Bank Holding Corp,3661,11-30-2023
765,MFA,MFA Financial Inc,10487,11-30-2023
766,MGEE,MGE Energy Inc,7584,11-30-2023
767,MGPI,MGP Ingredients Inc,1986,11-30-2023
768,MSTR,MicroStrategy Inc,624,11-30-2023
769,MBCN,Middlefield Banc Corp,3109,11-30-2023
770,MSEX,Middlesex Water Co,3149,11-30-2023
771,MSBI,Midland States Bancorp Inc,5670,11-30-2023
772,MOFG,MidWestOne Financial Group Inc,4673,11-30-2023
773,MLR,Miller Industries Inc,2799,11-30-2023
774,MLKN,MillerKnoll Inc,13254,11-30-2023
775,MDXG,MiMedx Group Inc,90497,11-30-2023
776,MTX,Minerals Technologies Inc,6276,11-30-2023
777,MIRM,Mirum Pharmaceuticals Inc,3366,11-30-2023
778,MG,Mistras Group Inc,18621,11-30-2023
779,MITK,Mitek Systems Inc,20671,11-30-2023
780,MODN,Model N Inc,7904,11-30-2023
781,MOD,Modine Manufacturing Co,14599,11-30-2023
782,MC,Moelis & Co,10317,11-30-2023
783,MCRI,Monarch Casino & Resort Inc,3843,11-30-2023
784,MNRO,Monro Inc,4161,11-30-2023
785,MNTK,Montauk Renewables Inc,54419,11-30-2023
786,MOG/A,Moog Inc,5810,11-30-2023
787,MORF,Morphic Holding Inc,2455,11-30-2023
788,MOV,Movado Group Inc,9051,11-30-2023
789,COOP,Mr Cooper Group Inc,15200,11-30-2023
790,MRC,MRC Global Inc,28163,11-30-2023
791,MLI,Mueller Industries Inc,35285,11-30-2023
792,MWA,Mueller Water Products Inc,21271,11-30-2023
793,MPLN,Multiplan Corp,135218,11-30-2023
794,MURA,Mural Oncology PLC,5136,11-30-2023
795,MUR,Murphy Oil Corp,22914,11-30-2023
796,MYE,Myers Industries Inc,32803,11-30-2023
797,MYRG,MYR Group Inc,5302,11-30-2023
798,MYGN,Myriad Genetics Inc,37613,11-30-2023
799,NABL,N-able Inc,9895,11-30-2023
800,NBR,Nabors Industries Ltd,2193,11-30-2023
801,NC,NACCO Industries Inc,3871,11-30-2023
802,NSSC,Napco Security Technologies Inc,20047,11-30-2023
803,NATH,Nathans Famous Inc,2261,11-30-2023
804,NBHC,National Bank Holdings Corp,5653,11-30-2023
805,NKSH,National Bankshares Inc,5567,11-30-2023
806,FIZZ,National Beverage Corp,12086,11-30-2023
807,NHI,National Health Investors Inc,6969,11-30-2023
808,NHC,National HealthCare Corp,5274,11-30-2023
809,NPK,National Presto Industries Inc,1373,11-30-2023
810,NRC,National Research Corp,8335,11-30-2023
811,EYE,National Vision Holdings Inc,9755,11-30-2023
812,NWLI,National Western Life Group Inc,831,11-30-2023
813,NAVI,Navient Corp,47354,11-30-2023
814,NVTS,Navitas Semiconductor Corp,15692,11-30-2023
815,NBTB,NBT Bancorp Inc,8873,11-30-2023
816,NNI,Nelnet Inc,5317,11-30-2023
817,NEOG,Neogen Corp,17997,11-30-2023
818,NEO,NeoGenomics Inc,12040,11-30-2023
819,NRDY,Nerdy Inc,36581,11-30-2023
820,NTGR,NETGEAR Inc,9688,11-30-2023
821,NTCT,NetScout Systems Inc,18111,11-30-2023
822,NTST,NETSTREIT Corp,5563,11-30-2023
823,NVRO,Nevro Corp,6236,11-30-2023
824,NJR,New Jersey Resources Corp,17032,11-30-2023
825,NYMT,New York Mortgage Trust Inc,9970,11-30-2023
826,NMRK,Newmark Group Inc,22396,11-30-2023
827,NEWT,NewtekOne Inc,5594,11-30-2023
828,NREF,Nexpoint Real Estate Finance Inc,7487,11-30-2023
829,NXRT,NexPoint Residential Trust Inc,6120,11-30-2023
830,NXT,NEXTracker Inc,3358,11-30-2023
831,NIC,Nicolet Bankshares Inc,2914,11-30-2023
832,NMIH,NMI Holdings Inc,22100,11-30-2023
833,NE,Noble Corp PLC,10973,11-30-2023
834,NAT,Nordic American Tankers Ltd,24466,11-30-2023
835,NBN,Northeast Bank,6419,11-30-2023
836,NECB,Northeast Community Bancorp Inc,6177,11-30-2023
837,NOG,Northern Oil and Gas Inc,17164,11-30-2023
838,NWBI,Northwest Bancshares Inc,17175,11-30-2023
839,NWN,Northwest Natural Holding Co,5536,11-30-2023
840,NWPX,Northwest Pipe Co,5513,11-30-2023
841,NWE,Northwestern Energy Group Inc,11108,11-30-2023
842,NWFL,Norwood Financial Corp,4390,11-30-2023
843,NG,Novagold Resources Inc,4347,11-30-2023
844,NOVT,Novanta Inc,5886,11-30-2023
845,DNOW,NOW Inc,66535,11-30-2023
846,NUS,Nu Skin Enterprises Inc,10804,11-30-2023
847,NUVL,Nuvalent Inc,2143,11-30-2023
848,NVEE,NV5 Global Inc,4813,11-30-2023
849,NVEC,NVE Corp,3162,11-30-2023
850,OI,O-I Glass Inc,23289,11-30-2023
851,OVLY,Oak Valley Bancorp,6537,11-30-2023
852,OII,Oceaneering International Inc,20481,11-30-2023
853,OCFC,OceanFirst Financial Corp,8608,11-30-2023
854,OCUL,Ocular Therapeutix Inc,60555,11-30-2023
855,ODP,ODP Corp,9689,11-30-2023
856,OPI,Office Properties Income Trust,18067,11-30-2023
857,OFG,OFG Bancorp,17236,11-30-2023
858,OIS,Oil States International Inc,26622,11-30-2023
859,ONB,Old National Bancorp,43685,11-30-2023
860,OSBC,Old Second Bancorp Inc,16309,11-30-2023
861,ZEUS,Olympic Steel Inc,9140,11-30-2023
862,OFLX,Omega Flex Inc,2961,11-30-2023
863,OMGA,Omega Therapeutics Inc,9717,11-30-2023
864,OMER,Omeros Corp,31975,11-30-2023
865,OMCL,Omnicell Inc,5971,11-30-2023
866,OGS,ONE Gas Inc,13751,11-30-2023
867,OSPN,OneSpan Inc,14717,11-30-2023
868,OSW,OneSpaWorld Holdings Ltd,12255,11-30-2023
869,ONTO,Onto Innovation Inc,9917,11-30-2023
870,OOMA,Ooma Inc,21038,11-30-2023
871,LPRO,Open Lending Corp,19021,11-30-2023
872,OPEN,Opendoor Technologies Inc,25178,11-30-2023
873,KAR,OPENLANE Inc,9038,11-30-2023
874,OPK,OPKO Health Inc,89912,11-30-2023
875,OPCH,Option Care Health Inc,23035,11-30-2023
876,OSUR,OraSure Technologies Inc,34155,11-30-2023
877,ORGO,Organogenesis Holdings Inc,66836,11-30-2023
878,OBK,Origin Bancorp Inc,3291,11-30-2023
879,ONL,Orion Office REIT Inc,17696,11-30-2023
880,OEC,Orion SA,24558,11-30-2023
881,ORA,Ormat Technologies Inc,10458,11-30-2023
882,OFIX,Orthofix Medical Inc,16875,11-30-2023
883,OSIS,OSI Systems Inc,3892,11-30-2023
884,OTTR,Otter Tail Corp,13534,11-30-2023
885,OUT,Outfront Media Inc,23877,11-30-2023
886,OSG,Overseas Shipholding Group Inc,24085,11-30-2023
887,OVID,Ovid therapeutics Inc,23251,11-30-2023
888,OMI,Owens & Minor Inc,20077,11-30-2023
889,OXM,Oxford Industries Inc,6688,11-30-2023
890,PACB,Pacific Biosciences of California Inc,15388,11-30-2023
891,PPBI,Pacific Premier Bancorp Inc,12618,11-30-2023
892,PCRX,Pacira BioSciences Inc,14334,11-30-2023
893,PTVE,Pactiv Evergreen Inc,13327,11-30-2023
894,PD,PagerDuty Inc,6678,11-30-2023
895,PAGS,Pagseguro Digital Ltd,18163,11-30-2023
896,PLMR,Palomar Holdings Inc,2041,11-30-2023
897,PTSI,PAM Transportation Services Inc,3576,11-30-2023
898,PANL,Pangaea Logistics Solutions Ltd,10590,11-30-2023
899,PZZA,Papa Johns International Inc,8029,11-30-2023
900,PARR,Par Pacific Holdings Inc,9289,11-30-2023
901,PGRE,Paramount Group Inc,43343,11-30-2023
902,PRK,Park National Corp,4371,11-30-2023
903,PKBK,Parke Bancorp Inc,9654,11-30-2023
904,PSN,Parsons Corp,10913,11-30-2023
905,CASH,Pathward Financial Inc,11697,11-30-2023
906,PAX,Patria Investments Ltd,9566,11-30-2023
907,PATK,Patrick Industries Inc,8408,11-30-2023
908,PDCO,Patterson Cos Inc,21333,11-30-2023
909,PTEN,Patterson-UTI Energy Inc,52697,11-30-2023
910,PAYO,Payoneer Global Inc,21843,11-30-2023
911,PBF,PBF Energy Inc,23495,11-30-2023
912,CNXN,PC Connection Inc,10815,11-30-2023
913,PCB,PCB Bancorp,10593,11-30-2023
914,PDFS,PDF Solutions Inc,7142,11-30-2023
915,BTU,Peabody Energy Corp,22049,11-30-2023
916,PGC,Peapack-Gladstone Financial Corp,7642,11-30-2023
917,PEB,Pebblebrook Hotel Trust,21750,11-30-2023
918,MD,Pediatrix Medical Group Inc,21457,11-30-2023
919,PFSI,PennyMac Financial Services Inc,7770,11-30-2023
920,PMT,PennyMac Mortgage Investment Trust,11703,11-30-2023
921,PEBO,Peoples Bancorp Inc,14276,11-30-2023
922,PFIS,Peoples Financial Services Corp,3998,11-30-2023
923,PRDO,Perdoceo Education Corp,65397,11-30-2023
924,PRFT,Perficient Inc,8707,11-30-2023
925,PR,Permian Resources Corp,63047,11-30-2023
926,PETQ,PetIQ Inc,15703,11-30-2023
927,PETS,PetMed Express Inc,955,11-30-2023
928,PGTI,PGT Innovations Inc,21136,11-30-2023
929,PHAT,Phathom Pharmaceuticals Inc,7663,11-30-2023
930,PAHC,Phibro Animal Health Corp,19477,11-30-2023
931,PECO,Phillips Edison & Co Inc,12521,11-30-2023
932,PLAB,Photronics Inc,27094,11-30-2023
933,PHR,Phreesia Inc,9922,11-30-2023
934,DOC,Physicians Realty Trust,32300,11-30-2023
935,PDM,Piedmont Office Realty Trust Inc,28029,11-30-2023
936,PIPR,Piper Sandler Cos,2961,11-30-2023
937,PJT,PJT Partners Inc,6871,11-30-2023
938,AGS,PlayAGS Inc,17528,11-30-2023
939,MYPS,Playstudios Inc,29079,11-30-2023
940,PLXS,Plexus Corp,5727,11-30-2023
941,PLBC,Plumas Bancorp,2849,11-30-2023
942,PLYM,Plymouth Industrial REIT Inc,6597,11-30-2023
943,PNM,PNM Resources Inc,18033,11-30-2023
944,PNT,Point Biopharma Global Inc,15604,11-30-2023
945,POR,Portland General Electric Co,19983,11-30-2023
946,PSTX,Poseida Therapeutics Inc,31354,11-30-2023
947,PSTL,Postal Realty Trust Inc,11660,11-30-2023
948,PBPB,Potbelly Corp,22896,11-30-2023
949,PCH,PotlatchDeltic Corp,21474,11-30-2023
950,POWL,Powell Industries Inc,5473,11-30-2023
951,POWI,Power Integrations Inc,10994,11-30-2023
952,PWSC,PowerSchool Holdings Inc,4833,11-30-2023
953,PRAA,PRA Group Inc,9259,11-30-2023
954,PFBC,Preferred Bank,8186,11-30-2023
955,PLPC,Preformed Line Products Co,2407,11-30-2023
956,PFC,Premier Financial Corp,7749,11-30-2023
957,PBH,Prestige Consumer Healthcare Inc,16781,11-30-2023
958,PSMT,PriceSmart Inc,2587,11-30-2023
959,FRST,Primis Financial Corp,6252,11-30-2023
960,PRMW,Primo Water Corp,37210,11-30-2023
961,PRIM,Primoris Services Corp,12486,11-30-2023
962,PRA,ProAssurance Corp,9690,11-30-2023
963,ACDC,ProFrac Holding Corp,16988,11-30-2023
964,PRG,PROG Holdings Inc,13927,11-30-2023
965,PRGS,Progress Software Corp,12648,11-30-2023
966,PGNY,Progyny Inc,5861,11-30-2023
967,PUMP,ProPetro Holding Corp,41464,11-30-2023
968,PRO,PROS Holdings Inc,5565,11-30-2023
969,PTGX,Protagonist Therapeutics Inc,5836,11-30-2023
970,PLX,Protalix BioTherapeutics Inc,54545,11-30-2023
971,PRTA,Prothena Corp PLC,3397,11-30-2023
972,PRLB,Proto Labs Inc,6642,11-30-2023
973,PFS,Provident Financial Services Inc,15731,11-30-2023
974,PTCT,PTC Therapeutics Inc,15108,11-30-2023
975,LUNG,Pulmonx Corp,4082,11-30-2023
976,PCYO,Pure Cycle Corp,18598,11-30-2023
977,PRPL,Purple Innovation Inc,18660,11-30-2023
978,QTWO,Q2 Holdings Inc,4212,11-30-2023
979,QCRH,QCR Holdings Inc,6511,11-30-2023
980,KWR,Quaker Chemical Corp,1185,11-30-2023
981,QLYS,Qualys Inc,6958,11-30-2023
982,NX,Quanex Building Products Corp,15308,11-30-2023
983,QTRX,Quanterix Corp,4108,11-30-2023
984,QNST,QuinStreet Inc,7317,11-30-2023
985,RXT,Rackspace Technology Inc,56511,11-30-2023
986,RDN,Radian Group Inc,46699,11-30-2023
987,RLGT,Radiant Logistics Inc,35871,11-30-2023
988,RDNT,RadNet Inc,9558,11-30-2023
989,METC,Ramaco Resources Inc,17175,11-30-2023
990,METCB,Ramaco Resources Inc,2418,11-30-2023
991,RMBS,Rambus Inc,24458,11-30-2023
992,RPD,Rapid7 Inc,8246,11-30-2023
993,RYAM,Rayonier Advanced Materials Inc,37704,11-30-2023
994,RICK,RCI Hospitality Holdings Inc,3438,11-30-2023
995,RMAX,RE/MAX Holdings Inc,15170,11-30-2023
996,RC,Ready Capital Corp,37232,11-30-2023
997,RRR,Red Rock Resorts Inc,8407,11-30-2023
998,RDVT,Red Violet Inc,2061,11-30-2023
999,RDFN,Redfin Corp,17074,11-30-2023
1000,RWT,Redwood Trust Inc,11988,11-30-2023
1001,RM,Regional Management Corp,6631,11-30-2023
1002,RELY,Remitly Global Inc,11396,11-30-2023
1003,RNST,Renasant Corp,10180,11-30-2023
1004,RBCAA,Republic Bancorp Inc,6003,11-30-2023
1005,REZI,Resideo Technologies Inc,27136,11-30-2023
1006,RGP,Resources Connection Inc,29720,11-30-2023
1007,ROIC,Retail Opportunity Investments Corp,20573,11-30-2023
1008,REVG,REV Group Inc,15878,11-30-2023
1009,RVMD,REVOLUTION Medicines Inc,5343,11-30-2023
1010,RVLV,Revolve Group Inc,8528,11-30-2023
1011,REX,REX American Resources Corp,7070,11-30-2023
1012,RGCO,RGC Resources Inc,3969,11-30-2023
1013,RYTM,Rhythm Pharmaceuticals Inc,5034,11-30-2023
1014,RBBN,Ribbon Communications Inc,44423,11-30-2023
1015,RELL,Richardson Electronics Ltd,5177,11-30-2023
1016,REI,Ring Energy Inc,57422,11-30-2023
1017,RIOT,Riot Platforms Inc,13568,11-30-2023
1018,RLJ,RLJ Lodging Trust,28202,11-30-2023
1019,RMR,RMR Group Inc,11346,11-30-2023
1020,RKLB,Rocket Lab USA Inc,16558,11-30-2023
1021,ROG,Rogers Corp,947,11-30-2023
1022,RES,RPC Inc,59067,11-30-2023
1023,RPT,RPT Realty,24601,11-30-2023
1024,RUSHA,Rush Enterprises Inc,20850,11-30-2023
1025,RUSHB,Rush Enterprises Inc,9160,11-30-2023
1026,RSI,Rush Street Interactive Inc,42457,11-30-2023
1027,RXO,RXO Inc,35020,11-30-2023
1028,RXST,RxSight Inc,3623,11-30-2023
1029,RYI,Ryerson Holding Corp,18871,11-30-2023
1030,RHP,Ryman Hospitality Properties Inc,9133,11-30-2023
1031,STBA,S&T Bancorp Inc,8225,11-30-2023
1032,SBRA,Sabra Health Care REIT Inc,36478,11-30-2023
1033,SB,Safe Bulkers Inc,45886,11-30-2023
1034,SAFT,Safety Insurance Group Inc,3790,11-30-2023
1035,SBH,Sally Beauty Holdings Inc,25046,11-30-2023
1036,SMTI,Sanara Medtech Inc,3688,11-30-2023
1037,SD,SandRidge Energy Inc,18570,11-30-2023
1038,SASR,Sandy Spring Bancorp Inc,11300,11-30-2023
1039,SGMO,Sangamo Therapeutics Inc,53610,11-30-2023
1040,SANM,Sanmina Corp,14776,11-30-2023
1041,SPNS,Sapiens International Corp NV,9213,11-30-2023
1042,BFS,Saul Centers Inc,2578,11-30-2023
1043,SVRA,Savara Inc,30202,11-30-2023
1044,SCSC,ScanSource Inc,8892,11-30-2023
1045,RDUS,Schnitzer Steel Industries Inc,14639,11-30-2023
1046,SCHL,Scholastic Corp,12483,11-30-2023
1047,SDGR,Schrodinger Inc,3399,11-30-2023
1048,STNG,Scorpio Tankers Inc,9955,11-30-2023
1049,SCPH,scPharmaceuticals Inc,3496,11-30-2023
1050,SBCF,Seacoast Banking Corp of Florida,8619,11-30-2023
1051,SDRL,Seadrill Ltd,4803,11-30-2023
1052,SEAS,SeaWorld Entertainment Inc,5653,11-30-2023
1053,SEM,Select Medical Holdings Corp,15189,11-30-2023
1054,SIGI,Selective Insurance Group Inc,12390,11-30-2023
1055,SMLR,Semler Scientific Inc,4857,11-30-2023
1056,SEMR,SEMrush Holdings Inc,21171,11-30-2023
1057,SMTC,Semtech Corp,7724,11-30-2023
1058,SXT,Sensient Technologies Corp,8255,11-30-2023
1059,SVC,Service Properties Trust,37292,11-30-2023
1060,SFBS,ServisFirst Bancshares Inc,14397,11-30-2023
1061,SFL,SFL Corp Ltd,21512,11-30-2023
1062,SHAK,Shake Shack Inc,2474,11-30-2023
1063,SHLS,Shoals Technologies Group Inc,7792,11-30-2023
1064,SCVL,Shoe Carnival Inc,14808,11-30-2023
1065,SHBI,Shore Bancshares Inc,1573,11-30-2023
1066,SSTK,Shutterstock Inc,7653,11-30-2023
1067,SHYF,Shyft Group Inc,19695,11-30-2023
1068,SIBN,SI-BONE Inc,10763,11-30-2023
1069,BSRR,Sierra Bancorp,7107,11-30-2023
1070,SIGA,SIGA Technologies Inc,44746,11-30-2023
1071,SIG,Signet Jewelers Ltd,9103,11-30-2023
1072,SLAB,Silicon Laboratories Inc,4502,11-30-2023
1073,SILK,Silk Road Medical Inc,6694,11-30-2023
1074,SBOW,SilverBow Resources Inc,10867,11-30-2023
1075,SFNC,Simmons First National Corp,16476,11-30-2023
1076,SMPL,Simply Good Foods Co,11961,11-30-2023
1077,SSD,Simpson Manufacturing Co Inc,11399,11-30-2023
1078,SPNT,SiriusPoint Ltd,24792,11-30-2023
1079,SITC,SITE Centers Corp,26158,11-30-2023
1080,SITM,SiTime Corp,842,11-30-2023
1081,STR,Sitio Royalties Corp,10569,11-30-2023
1082,SIX,Six Flags Entertainment Corp,5116,11-30-2023
1083,SJW,SJW Group,5408,11-30-2023
1084,SKY,Skyline Champion Corp,7842,11-30-2023
1085,SKYW,SkyWest Inc,6484,11-30-2023
1086,SLG,SL Green Realty Corp,5232,11-30-2023
1087,SNBR,Sleep Number Corp,9577,11-30-2023
1088,SM,SM Energy Co,38453,11-30-2023
1089,SGH,SMART Global Holdings Inc,18151,11-30-2023
1090,SWBI,Smith & Wesson Brands Inc,22905,11-30-2023
1091,SOI,Solaris Oilfield Infrastructure Inc,3229,11-30-2023
1092,SWI,SolarWinds Corp,18894,11-30-2023
1093,SAH,Sonic Automotive Inc,5054,11-30-2023
1094,SONO,Sonos Inc,24606,11-30-2023
1095,SSTI,SoundThinking Inc,5265,11-30-2023
1096,SFST,Southern First Bancshares Inc,6095,11-30-2023
1097,SMBC,Southern Missouri Bancorp Inc,6544,11-30-2023
1098,SBSI,Southside Bancshares Inc,6552,11-30-2023
1099,SSB,SouthState Corp,10011,11-30-2023
1100,SWX,Southwest Gas Holdings Inc,11576,11-30-2023
1101,SOVO,Sovos Brands Inc,4109,11-30-2023
1102,SP,SP Plus Corp,7475,11-30-2023
1103,SPTN,SpartanNash Co,18507,11-30-2023
1104,SPHR,Sphere Entertainment Co,2658,11-30-2023
1105,SR,Spire Inc,9497,11-30-2023
1106,SAVE,Spirit Airlines Inc,6440,11-30-2023
1107,SPOK,Spok Holdings Inc,10961,11-30-2023
1108,SWTX,SpringWorks Therapeutics Inc,5110,11-30-2023
1109,CXM,Sprinklr Inc,12721,11-30-2023
1110,SPT,Sprout Social Inc,7375,11-30-2023
1111,SFM,Sprouts Farmers Market Inc,24633,11-30-2023
1112,SPSC,SPS Commerce Inc,8121,11-30-2023
1113,SPXC,SPX Technologies Inc,6645,11-30-2023
1114,SQSP,Squarespace Inc,11786,11-30-2023
1115,JOE,St Joe Co,6014,11-30-2023
1116,STAA,STAAR Surgical Co,9509,11-30-2023
1117,STGW,Stagwell Inc,25618,11-30-2023
1118,SMP,Standard Motor Products Inc,10586,11-30-2023
1119,SXI,Standex International Corp,2393,11-30-2023
1120,SCS,Steelcase Inc,33095,11-30-2023
1121,STEL,Stellar Bancorp Inc,8265,11-30-2023
1122,SCL,Stepan Co,2566,11-30-2023
1123,STEP,StepStone Group Inc,4019,11-30-2023
1124,STRL,Sterling Infrastructure Inc,8158,11-30-2023
1125,SHOO,Steven Madden Ltd,18010,11-30-2023
1126,STC,Stewart Information Services Corp,10388,11-30-2023
1127,SFIX,Stitch Fix Inc,34195,11-30-2023
1128,SYBT,Stock Yards Bancorp Inc,7107,11-30-2023
1129,STNE,StoneCo Ltd,36648,11-30-2023
1130,SRI,Stoneridge Inc,15156,11-30-2023
1131,SNEX,StoneX Group Inc,9501,11-30-2023
1132,STRA,Strategic Education Inc,4210,11-30-2023
1133,LRN,Stride Inc,21489,11-30-2023
1134,RGR,Sturm Ruger & Co Inc,6434,11-30-2023
1135,INN,Summit Hotel Properties Inc,36792,11-30-2023
1136,SUM,Summit Materials Inc,15726,11-30-2023
1137,SXC,SunCoke Energy Inc,39917,11-30-2023
1138,SHO,Sunstone Hotel Investors Inc,36664,11-30-2023
1139,SMCI,Super Micro Computer Inc,7744,11-30-2023
1140,SUPN,Supernus Pharmaceuticals Inc,34006,11-30-2023
1141,SGRY,Surgery Partners Inc,6530,11-30-2023
1142,SRDX,Surmodics Inc,6660,11-30-2023
1143,SLVM,Sylvamo Corp,4503,11-30-2023
1144,SYNA,Synaptics Inc,8962,11-30-2023
1145,TCMD,Tactile Systems Technology Inc,18521,11-30-2023
1146,TALO,Talos Energy Inc,23625,11-30-2023
1147,SKT,Tanger Inc,22549,11-30-2023
1148,TH,Target Hospitality Corp,21679,11-30-2023
1149,TARO,Taro Pharmaceutical Industries Ltd,6935,11-30-2023
1150,TMHC,Taylor Morrison Home Corp,22246,11-30-2023
1151,TK,Teekay Corp,32328,11-30-2023
1152,TNK,Teekay Tankers Ltd,9888,11-30-2023
1153,TGNA,TEGNA Inc,40822,11-30-2023
1154,TELA,Tela Bio Inc,12464,11-30-2023
1155,TENB,Tenable Holdings Inc,14215,11-30-2023
1156,TNC,Tennant Co,7898,11-30-2023
1157,TEX,Terex Corp,12418,11-30-2023
1158,TRNO,Terreno Realty Corp,10480,11-30-2023
1159,TTI,TETRA Technologies Inc,46915,11-30-2023
1160,TCBI,Texas Capital Bancshares Inc,7530,11-30-2023
1161,TGH,Textainer Group Holdings Ltd,10774,11-30-2023
1162,TGTX,TG Therapeutics Inc,12987,11-30-2023
1163,TBPH,Theravance Biopharma Inc,13159,11-30-2023
1164,THR,Thermon Group Holdings Inc,5600,11-30-2023
1165,TWKS,Thoughtworks Holding Inc,32453,11-30-2023
1166,THRY,Thryv Holdings Inc,12023,11-30-2023
1167,TDW,Tidewater Inc,4033,11-30-2023
1168,TSBK,Timberland Bancorp Inc,3645,11-30-2023
1169,TMST,TimkenSteel Corp,20620,11-30-2023
1170,TIO,Tingo Group Inc,118595,11-30-2023
1171,TWI,Titan International Inc,15197,11-30-2023
1172,TITN,Titan Machinery Inc,14605,11-30-2023
1173,TMP,Tompkins Financial Corp,3687,11-30-2023
1174,MODG,Topgolf Callaway Brands Corp,8212,11-30-2023
1175,TOWN,Towne Bank,13712,11-30-2023
1176,TRNS,Transcat Inc,6855,11-30-2023
1177,TMDX,TransMedics Group Inc,1559,11-30-2023
1178,TVTX,Travere Therapeutics Inc,9753,11-30-2023
1179,THS,TreeHouse Foods Inc,11153,11-30-2023
1180,TPH,Tri Pointe Homes Inc,23502,11-30-2023
1181,TCBK,TriCo Bancshares,8979,11-30-2023
1182,TRS,TriMas Corp,9686,11-30-2023
1183,TNET,TriNet Group Inc,6369,11-30-2023
1184,TRN,Trinity Industries Inc,6129,11-30-2023
1185,TSE,Trinseo PLC,11570,11-30-2023
1186,TFIN,Triumph Financial Inc,3925,11-30-2023
1187,TROX,Tronox Holdings PLC,17617,11-30-2023
1188,TBI,TrueBlue Inc,25412,11-30-2023
1189,TRUE,TrueCar Inc,85652,11-30-2023
1190,TRST,TrustCo Bank Corp NY,5723,11-30-2023
1191,TRMK,Trustmark Corp,12671,11-30-2023
1192,TTEC,TTEC Holdings Inc,5012,11-30-2023
1193,TTMI,TTM Technologies Inc,30761,11-30-2023
1194,TPB,Turning Point Brands Inc,7606,11-30-2023
1195,HEAR,Turtle Beach Corp,6630,11-30-2023
1196,TPC,Tutor Perini Corp,17101,11-30-2023
1197,TWO,Two Harbors Investment Corp,7626,11-30-2023
1198,UDMY,Udemy Inc,23465,11-30-2023
1199,UFPI,UFP Industries Inc,16595,11-30-2023
1200,UFPT,UFP Technologies Inc,2080,11-30-2023
1201,UCTT,Ultra Clean Holdings Inc,12283,11-30-2023
1202,UMBF,UMB Financial Corp,8692,11-30-2023
1203,UMH,UMH Properties Inc,11208,11-30-2023
1204,UNF,UniFirst Corp,2875,11-30-2023
1205,UIS,Unisys Corp,31711,11-30-2023
1206,UBSI,United Bankshares Inc,17794,11-30-2023
1207,UCBI,United Community Banks Inc,18047,11-30-2023
1208,UNFI,United Natural Foods Inc,17492,11-30-2023
1209,USLM,United States Lime & Minerals Inc,1953,11-30-2023
1210,UNIT,Uniti Group Inc,54767,11-30-2023
1211,UTL,Unitil Corp,5254,11-30-2023
1212,UNTY,Unity Bancorp Inc,6724,11-30-2023
1213,UVV,Universal Corp,6831,11-30-2023
1214,UHT,Universal Health Realty Income Trust,3070,11-30-2023
1215,UVE,Universal Insurance Holdings Inc,8374,11-30-2023
1216,UVSP,Univest Financial Corp,6800,11-30-2023
1217,UPBD,Upbound Group Inc,22239,11-30-2023
1218,UPST,Upstart Holdings Inc,3080,11-30-2023
1219,UPWK,Upwork Inc,22780,11-30-2023
1220,UEC,Uranium Energy Corp,19235,11-30-2023
1221,UE,Urban Edge Properties,12573,11-30-2023
1222,URBN,Urban Outfitters Inc,8123,11-30-2023
1223,URGN,UroGen Pharma Ltd,18998,11-30-2023
1224,USPH,US Physical Therapy Inc,2652,11-30-2023
1225,SLCA,US Silica Holdings Inc,19847,11-30-2023
1226,USNA,USANA Health Sciences Inc,5603,11-30-2023
1227,UTZ,Utz Brands Inc,7720,11-30-2023
1228,VVX,V2X Inc,6862,11-30-2023
1229,EGY,VAALCO Energy Inc,48588,11-30-2023
1230,VAL,Valaris Ltd,7034,11-30-2023
1231,VLY,Valley National Bancorp,69736,11-30-2023
1232,VNDA,Vanda Pharmaceuticals Inc,53015,11-30-2023
1233,VREX,Varex Imaging Corp,14429,11-30-2023
1234,VRNS,Varonis Systems Inc,14897,11-30-2023
1235,PCVX,Vaxcyte Inc,5257,11-30-2023
1236,VGR,Vector Group Ltd,40645,11-30-2023
1237,VECO,Veeco Instruments Inc,10551,11-30-2023
1238,VRA,Vera Bradley Inc,22953,11-30-2023
1239,VERA,Vera Therapeutics Inc,7203,11-30-2023
1240,VCYT,Veracyte Inc,8177,11-30-2023
1241,MDRX,Veradigm Inc,37900,11-30-2023
1242,VCEL,Vericel Corp,23793,11-30-2023
1243,VRNT,Verint Systems Inc,13087,11-30-2023
1244,VRE,Veris Residential Inc,20223,11-30-2023
1245,VBTX,Veritex Holdings Inc,10016,11-30-2023
1246,VRRM,Verra Mobility Corp,21258,11-30-2023
1247,VRCA,Verrica Pharmaceuticals Inc,10270,11-30-2023
1248,VIAV,Viavi Solutions Inc,39138,11-30-2023
1249,VICR,Vicor Corp,7291,11-30-2023
1250,VCTR,Victory Capital Holdings Inc,4390,11-30-2023
1251,VMD,Viemed Healthcare Inc,33153,11-30-2023
1252,VIGL,Vigil Neuroscience Inc,8122,11-30-2023
1253,VKTX,Viking Therapeutics Inc,7009,11-30-2023
1254,VLGEA,Village Super Market Inc,8087,11-30-2023
1255,VIR,Vir Biotechnology Inc,19497,11-30-2023
1256,VABK,Virginia National Bankshares Corp,4588,11-30-2023
1257,VRTS,Virtus Investment Partners Inc,2466,11-30-2023
1258,VSH,Vishay Intertechnology Inc,27960,11-30-2023
1259,VPG,Vishay Precision Group Inc,7988,11-30-2023
1260,VSTO,Vista Outdoor Inc,13890,11-30-2023
1261,VC,Visteon Corp,2881,11-30-2023
1262,COCO,Vita Coco Co Inc,3215,11-30-2023
1263,VTLE,Vital Energy Inc,5463,11-30-2023
1264,VITL,Vital Farms Inc,17974,11-30-2023
1265,VYGR,Voyager Therapeutics Inc,27145,11-30-2023
1266,WTI,W&T Offshore Inc,88720,11-30-2023
1267,WNC,Wabash National Corp,14510,11-30-2023
1268,WAFD,WaFd Inc,14794,11-30-2023
1269,WD,Walker & Dunlop Inc,4780,11-30-2023
1270,WRBY,Warby Parker Inc,8162,11-30-2023
1271,HCC,Warrior Met Coal Inc,24063,11-30-2023
1272,WASH,Washington Trust Bancorp Inc,6725,11-30-2023
1273,WSBF,Waterstone Financial Inc,16568,11-30-2023
1274,WTS,Watts Water Technologies Inc,7746,11-30-2023
1275,WDFC,WD-40 Co,3095,11-30-2023
1276,WFRD,Weatherford International PLC,9120,11-30-2023
1277,WEAV,Weave Communications Inc,11281,11-30-2023
1278,WMK,Weis Markets Inc,5916,11-30-2023
1279,WERN,Werner Enterprises Inc,9358,11-30-2023
1280,WSBC,WesBanco Inc,11511,11-30-2023
1281,WTBA,West BanCorp Inc,12839,11-30-2023
1282,WABC,Westamerica BanCorp,7978,11-30-2023
1283,WSR,Whitestone REIT,22161,11-30-2023
1284,WLDN,Willdan Group Inc,8257,11-30-2023
1285,WINA,Winmark Corp,1978,11-30-2023
1286,WGO,Winnebago Industries Inc,11126,11-30-2023
1287,WT,WisdomTree Inc,50086,11-30-2023
1288,WWW,Wolverine World Wide Inc,14188,11-30-2023
1289,WK,Workiva Inc,7840,11-30-2023
1290,WRLD,World Acceptance Corp,833,11-30-2023
1291,WKC,World Kinect Corp,14641,11-30-2023
1292,WOR,Worthington Industries Inc,7040,11-30-2023
1293,WSFS,WSFS Financial Corp,12512,11-30-2023
1294,WW,WW International Inc,43867,11-30-2023
1295,XNCR,Xencor Inc,6913,11-30-2023
1296,XHR,Xenia Hotels & Resorts Inc,20488,11-30-2023
1297,XERS,Xeris Biopharma Holdings Inc,17441,11-30-2023
1298,XRX,Xerox Holdings Corp,24610,11-30-2023
1299,XPEL,XPEL Inc,9661,11-30-2023
1300,XPER,Xperi Inc,12662,11-30-2023
1301,XPOF,Xponential Fitness Inc,5742,11-30-2023
1302,YMAB,Y-mAbs Therapeutics Inc,11051,11-30-2023
1303,YELP,Yelp Inc,22003,11-30-2023
1304,YEXT,Yext Inc,36719,11-30-2023
1305,YORW,York Water Co,5008,11-30-2023
1306,ZNTL,Zentalis Pharmaceuticals Inc,5246,11-30-2023
1307,ZETA,Zeta Global Holdings Corp,34856,11-30-2023
1308,ZD,Ziff Davis Inc,6490,11-30-2023
1309,ZIMV,Zimvie Inc,11480,11-30-2023
1310,ZIP,ZipRecruiter Inc,7971,11-30-2023
1311,ZUMZ,Zumiez Inc,12288,11-30-2023
1312,ZUO,Zuora Inc,24105,11-30-2023
1313,ZWS,Zurn Elkay Water Solutions Corp,11941,11-30-2023
1314,ZYXI,Zynex Inc,19137,11-30-2023
1315,EUR,EUR EUROPEAN UNION EURO,0,11-30-2023
1316,--,USD U.S. DOLLAR,0,11-30-2023
