,Ticker,Name,Shares,Date
0,FLWS,1-800-Flowers.com Inc,19153,05-14-2024
1,SRCE,1st Source Corp,3519,05-14-2024
2,EGHT,8x8 Inc,103755,05-14-2024
3,AMRK,A-Mark Precious Metals Inc,12374,05-14-2024
4,ATEN,A10 Networks Inc,43524,05-14-2024
5,AAON,AAON Inc,11448,05-14-2024
6,AIR,AAR Corp,6931,05-14-2024
7,AAN,Aarons Co Inc,18412,05-14-2024
8,ANF,Abercrombie & Fitch Co,12797,05-14-2024
9,ABM,ABM Industries Inc,11915,05-14-2024
10,ASO,Academy Sports & Outdoors Inc,12486,05-14-2024
11,ACAD,ACADIA Pharmaceuticals Inc,37756,05-14-2024
12,AKR,Acadia Realty Trust,17740,05-14-2024
13,ACCO,ACCO Brands Corp,35877,05-14-2024
14,ACIW,ACI Worldwide Inc,18481,05-14-2024
15,ACMR,ACM Research Inc,5185,05-14-2024
16,ACNB,ACNB Corp,829,05-14-2024
17,GOLF,Acushnet Holdings Corp,9626,05-14-2024
18,ACVA,ACV Auctions Inc,14511,05-14-2024
19,AHCO,AdaptHealth Corp,23478,05-14-2024
20,ADUS,Addus HomeCare Corp,3442,05-14-2024
21,ADEA,Adeia Inc,32450,05-14-2024
22,ADNT,Adient PLC,12962,05-14-2024
23,ADMA,ADMA Biologics Inc,33482,05-14-2024
24,ATGE,Adtalem Global Education Inc,11638,05-14-2024
25,AEIS,Advanced Energy Industries Inc,6142,05-14-2024
26,ASIX,AdvanSix Inc,8858,05-14-2024
27,AEHR,Aehr Test Systems,18223,05-14-2024
28,AVAV,AeroVironment Inc,3001,05-14-2024
29,AGYS,Agilysys Inc,6591,05-14-2024
30,ALG,Alamo Group Inc,2999,05-14-2024
31,ALRM,Alarm.com Holdings Inc,9575,05-14-2024
32,AIN,Albany International Corp,3543,05-14-2024
33,ALEX,Alexander & Baldwin Inc,26455,05-14-2024
34,ALX,Alexanders Inc,516,05-14-2024
35,ALIT,Alight Inc,47485,05-14-2024
36,ALHC,Alignment Healthcare Inc,4018,05-14-2024
37,ALKS,Alkermes PLC,49245,05-14-2024
38,ALE,ALLETE Inc,11899,05-14-2024
39,ALNT,Allient Inc,10278,05-14-2024
40,AOSL,Alpha & Omega Semiconductor Ltd,9962,05-14-2024
41,AMR,Alpha Metallurgical Resources Inc,5042,05-14-2024
42,ATEC,Alphatec Holdings Inc,17635,05-14-2024
43,PINE,Alpine Income Property Trust Inc,5379,05-14-2024
44,ALTG,Alta Equipment Group Inc,324,05-14-2024
45,ALTR,Altair Engineering Inc,9462,05-14-2024
46,AMAL,Amalgamated Financial Corp,7505,05-14-2024
47,AMBC,Ambac Financial Group Inc,20320,05-14-2024
48,AMBA,Ambarella Inc,3933,05-14-2024
49,AMCX,AMC Networks Inc,8793,05-14-2024
50,AMTB,Amerant Bancorp Inc,4631,05-14-2024
51,AAT,American Assets Trust Inc,12476,05-14-2024
52,AXL,American Axle & Manufacturing Holdings Inc,34269,05-14-2024
53,AEO,American Eagle Outfitters Inc,31259,05-14-2024
54,AMSWA,American Software Inc,11229,05-14-2024
55,AWR,American States Water Co,9098,05-14-2024
56,AVD,American Vanguard Corp,17918,05-14-2024
57,AMWD,American Woodmark Corp,3997,05-14-2024
58,ABCB,Ameris Bancorp,13524,05-14-2024
59,AMSF,AMERISAFE Inc,6465,05-14-2024
60,ATLO,Ames National Corp,4321,05-14-2024
61,FOLD,Amicus Therapeutics Inc,34006,05-14-2024
62,AMKR,Amkor Technology Inc,29761,05-14-2024
63,AMN,AMN Healthcare Services Inc,12651,05-14-2024
64,AMRX,Amneal Pharmaceuticals Inc,112617,05-14-2024
65,AMPH,Amphastar Pharmaceuticals Inc,10864,05-14-2024
66,AMPY,Amplify Energy Corp,31731,05-14-2024
67,AMLX,Amylyx Pharmaceuticals Inc,47586,05-14-2024
68,ANDE,Andersons Inc,6383,05-14-2024
69,ANGO,AngioDynamics Inc,7198,05-14-2024
70,ANIP,ANI Pharmaceuticals Inc,5301,05-14-2024
71,ANIK,Anika Therapeutics Inc,11877,05-14-2024
72,HOUS,Anywhere Real Estate Inc,32594,05-14-2024
73,AIV,Apartment Investment and Management Co,43159,05-14-2024
74,APG,API Group Corp,28069,05-14-2024
75,APOG,Apogee Enterprises Inc,10809,05-14-2024
76,ARI,Apollo Commercial Real Estate Finance Inc,27917,05-14-2024
77,APPF,Appfolio Inc,4277,05-14-2024
78,APPN,Appian Corp,9488,05-14-2024
79,APLE,Apple Hospitality REIT Inc,44357,05-14-2024
80,AIT,Applied Industrial Technologies Inc,8455,05-14-2024
81,ABR,Arbor Realty Trust Inc,36297,05-14-2024
82,ALTM,Arcadium Lithium PLC,50773,05-14-2024
83,ARCB,ArcBest Corp,5133,05-14-2024
84,ACLX,Arcellx Inc,4800,05-14-2024
85,ARCH,Arch Resources Inc,4826,05-14-2024
86,AROC,Archrock Inc,26840,05-14-2024
87,ACA,Arcosa Inc,8167,05-14-2024
88,ARCT,Arcturus Therapeutics Holdings Inc,12690,05-14-2024
89,ARDX,Ardelyx Inc,23159,05-14-2024
90,ASC,Ardmore Shipping Corp,24556,05-14-2024
91,AGX,Argan Inc,3095,05-14-2024
92,ARLO,Arlo Technologies Inc,37337,05-14-2024
93,AHH,Armada Hoffler Properties Inc,15201,05-14-2024
94,ARRY,Array Technologies Inc,10480,05-14-2024
95,AROW,Arrow Financial Corp,8240,05-14-2024
96,ARWR,Arrowhead Pharmaceuticals Inc,5647,05-14-2024
97,APAM,Artisan Partners Asset Management Inc,17614,05-14-2024
98,ASAN,Asana Inc,14234,05-14-2024
99,ABG,Asbury Automotive Group Inc,4334,05-14-2024
100,ASGN,ASGN Inc,11801,05-14-2024
101,ASRT,Assertio Holdings Inc,69696,05-14-2024
102,AMK,AssetMark Financial Holdings Inc,4536,05-14-2024
103,ASB,Associated Banc-Corp,22488,05-14-2024
104,ASTE,Astec Industries Inc,6945,05-14-2024
105,ASTH,Astrana Health Inc,4215,05-14-2024
106,ATI,ATI Inc,10148,05-14-2024
107,ATKR,Atkore Inc,10897,05-14-2024
108,BATRA,Atlanta Braves Holdings Inc,3072,05-14-2024
109,BATRK,Atlanta Braves Holdings Inc,4191,05-14-2024
110,AUB,Atlantic Union Bankshares Corp,17347,05-14-2024
111,ATLC,Atlanticus Holdings Corp,1759,05-14-2024
112,ATMU,Atmus Filtration Technologies Inc,9023,05-14-2024
113,ATRC,AtriCure Inc,8209,05-14-2024
114,ATRI,Atrion Corp,33,05-14-2024
115,AVNS,Avanos Medical Inc,12058,05-14-2024
116,AVDX,AvidXchange Holdings Inc,12447,05-14-2024
117,AVNT,Avient Corp,12297,05-14-2024
118,AVA,Avista Corp,13265,05-14-2024
119,RCEL,Avita Medical Inc,13012,05-14-2024
120,ACLS,Axcelis Technologies Inc,8423,05-14-2024
121,AXNX,Axonics Inc,4567,05-14-2024
122,AX,Axos Financial Inc,15695,05-14-2024
123,AXSM,Axsome Therapeutics Inc,6007,05-14-2024
124,AZZ,AZZ Inc,4918,05-14-2024
125,BGS,B&G Foods Inc,15107,05-14-2024
126,BMI,Badger Meter Inc,7026,05-14-2024
127,BCPC,Balchem Corp,3371,05-14-2024
128,BANC,Banc of California Inc,7918,05-14-2024
129,BANF,BancFirst Corp,6387,05-14-2024
130,BLX,Banco Latinoamericano de Comercio Exterior SA,10770,05-14-2024
131,TBBK,Bancorp Inc,14128,05-14-2024
132,BFC,Bank First Corp,2313,05-14-2024
133,BOH,Bank of Hawaii Corp,6542,05-14-2024
134,NTB,Bank of NT Butterfield & Son Ltd,19902,05-14-2024
135,BKU,BankUnited Inc,14997,05-14-2024
136,BWFG,Bankwell Financial Group Inc,5013,05-14-2024
137,BANR,Banner Corp,5580,05-14-2024
138,B,Barnes Group Inc,7048,05-14-2024
139,BBSI,Barrett Business Services Inc,2480,05-14-2024
140,BCML,BayCom Corp,89,05-14-2024
141,BCBP,BCB Bancorp Inc,11380,05-14-2024
142,BECN,Beacon Roofing Supply Inc,13617,05-14-2024
143,SKIN,Beauty Health Co,30531,05-14-2024
144,BZH,Beazer Homes USA Inc,9182,05-14-2024
145,BELFB,Bel Fuse Inc,5624,05-14-2024
146,BDC,Belden Inc,7125,05-14-2024
147,BRBR,BellRing Brands Inc,18262,05-14-2024
148,BHE,Benchmark Electronics Inc,10622,05-14-2024
149,BHLB,Berkshire Hills Bancorp Inc,6038,05-14-2024
150,BRY,Berry Corp,20205,05-14-2024
151,BYON,Beyond Inc,7484,05-14-2024
152,BGC,BGC Group Inc,29275,05-14-2024
153,BIGC,BigCommerce Holdings Inc,21414,05-14-2024
154,BCRX,BioCryst Pharmaceuticals Inc,71129,05-14-2024
155,BHVN,Biohaven Ltd,3990,05-14-2024
156,BTBT,Bit Digital Inc,41604,05-14-2024
157,BJRI,BJs Restaurants Inc,4208,05-14-2024
158,BKH,Black Hills Corp,13811,05-14-2024
159,BLKB,Blackbaud Inc,7570,05-14-2024
160,BL,BlackLine Inc,2224,05-14-2024
161,BXMT,Blackstone Mortgage Trust Inc,22401,05-14-2024
162,BLMN,Bloomin Brands Inc,13883,05-14-2024
163,BLBD,Blue Bird Corp,11817,05-14-2024
164,BRBS,Blue Ridge Bankshares Inc,2403,05-14-2024
165,BXC,BlueLinx Holdings Inc,7932,05-14-2024
166,BPMC,Blueprint Medicines Corp,3375,05-14-2024
167,BCC,Boise Cascade Co,13006,05-14-2024
168,BOOT,Boot Barn Holdings Inc,4633,05-14-2024
169,BORR,Borr Drilling Ltd,20091,05-14-2024
170,BWMN,Bowman Consulting Group Ltd,9355,05-14-2024
171,BOX,Box Inc,30461,05-14-2024
172,BHR,Braemar Hotels & Resorts Inc,14828,05-14-2024
173,BDN,Brandywine Realty Trust,26246,05-14-2024
174,BRZE,Braze Inc,5217,05-14-2024
175,BFH,Bread Financial Holdings Inc,9168,05-14-2024
176,BBIO,Bridgebio Pharma Inc,5755,05-14-2024
177,BCOV,Brightcove Inc,35194,05-14-2024
178,BSIG,Brightsphere Investment Group Inc,17420,05-14-2024
179,EAT,Brinker International Inc,7001,05-14-2024
180,BCO,Brinks Co,5450,05-14-2024
181,VTOL,Bristow Group Inc,6566,05-14-2024
182,BNL,Broadstone Net Lease Inc,23962,05-14-2024
183,BIPC,Brookfield Infrastructure Corp,25417,05-14-2024
184,BRKL,Brookline Bancorp Inc,22003,05-14-2024
185,BRT,BRT Apartments Corp,8473,05-14-2024
186,BKE,Buckle Inc,9846,05-14-2024
187,BBW,Build-A-Bear Workshop Inc,6336,05-14-2024
188,BY,Byline Bancorp Inc,5201,05-14-2024
189,AI,C3.ai Inc,4468,05-14-2024
190,CABA,Cabaletta Bio Inc,6584,05-14-2024
191,CBT,Cabot Corp,9805,05-14-2024
192,WHD,Cactus Inc,8677,05-14-2024
193,CADE,Cadence Bank,22754,05-14-2024
194,CALM,Cal-Maine Foods Inc,12651,05-14-2024
195,CAL,Caleres Inc,15029,05-14-2024
196,CRC,California Resources Corp,17927,05-14-2024
197,CWT,California Water Service Group,8732,05-14-2024
198,CALX,Calix Inc,13416,05-14-2024
199,CMBM,Cambium Networks Corp,1914,05-14-2024
200,CATC,Cambridge Bancorp,98,05-14-2024
201,CAC,Camden National Corp,8362,05-14-2024
202,CWH,Camping World Holdings Inc,5201,05-14-2024
203,CNNE,Cannae Holdings Inc,5646,05-14-2024
204,CCBG,Capital City Bank Group Inc,8294,05-14-2024
205,CDLX,Cardlytics Inc,3487,05-14-2024
206,CDNA,CareDx Inc,40220,05-14-2024
207,CTRE,CareTrust REIT Inc,18324,05-14-2024
208,CARG,Cargurus Inc,21563,05-14-2024
209,PRTS,CarParts.com Inc,20516,05-14-2024
210,CRS,Carpenter Technology Corp,6527,05-14-2024
211,CSV,Carriage Services Inc,5603,05-14-2024
212,TAST,Carrols Restaurant Group Inc,32996,05-14-2024
213,CARS,Cars.com Inc,25830,05-14-2024
214,CVNA,Carvana Co,6170,05-14-2024
215,CWST,Casella Waste Systems Inc,5117,05-14-2024
216,CASS,Cass Information Systems Inc,4609,05-14-2024
217,CPRX,Catalyst Pharmaceuticals Inc,70680,05-14-2024
218,CATY,Cathay General Bancorp,16313,05-14-2024
219,CVCO,Cavco Industries Inc,1420,05-14-2024
220,CBZ,CBIZ Inc,8588,05-14-2024
221,CBL,CBL & Associates Properties Inc,7806,05-14-2024
222,CECO,CECO Environmental Corp,6555,05-14-2024
223,CSR,Centerspace,2468,05-14-2024
224,CENTA,Central Garden & Pet Co,11806,05-14-2024
225,CENT,Central Garden & Pet Co,5171,05-14-2024
226,CPF,Central Pacific Financial Corp,10812,05-14-2024
227,LEU,Centrus Energy Corp,3003,05-14-2024
228,CCS,Century Communities Inc,3982,05-14-2024
229,CRNC,Cerence Inc,12266,05-14-2024
230,CERE,Cerevel Therapeutics Holdings Inc,3933,05-14-2024
231,CERS,Cerus Corp,61601,05-14-2024
232,CEVA,CEVA Inc,5295,05-14-2024
233,CHX,ChampionX Corp,24646,05-14-2024
234,GTLS,Chart Industries Inc,3763,05-14-2024
235,CLDT,Chatham Lodging Trust,15603,05-14-2024
236,CAKE,Cheesecake Factory Inc,5027,05-14-2024
237,CHEF,Chefs Warehouse Inc,3798,05-14-2024
238,CHGG,Chegg Inc,25073,05-14-2024
239,CHMG,Chemung Financial Corp,3171,05-14-2024
240,CPK,Chesapeake Utilities Corp,4463,05-14-2024
241,CIM,Chimera Investment Corp,32480,05-14-2024
242,COFS,ChoiceOne Financial Services Inc,3553,05-14-2024
243,CHRD,Chord Energy Corp,6787,05-14-2024
244,CHUY,Chuys Holdings Inc,4383,05-14-2024
245,CMPR,Cimpress PLC,7307,05-14-2024
246,CNK,Cinemark Holdings Inc,9901,05-14-2024
247,CHCO,City Holding Co,6080,05-14-2024
248,CIO,City Office REIT Inc,21810,05-14-2024
249,CIVB,Civista Bancshares Inc,9969,05-14-2024
250,CIVI,Civitas Resources Inc,8945,05-14-2024
251,CMTG,Claros Mortgage Trust Inc,15319,05-14-2024
252,CLSK,Cleanspark Inc,10168,05-14-2024
253,YOU,Clear Secure Inc,4699,05-14-2024
254,CLFD,Clearfield Inc,6025,05-14-2024
255,CLW,Clearwater Paper Corp,5864,05-14-2024
256,CLMB,Climb Global Solutions Inc,2746,05-14-2024
257,CCNE,CNB Financial Corp,6796,05-14-2024
258,CNO,CNO Financial Group Inc,32527,05-14-2024
259,CNX,CNX Resources Corp,24218,05-14-2024
260,COKE,Coca-Cola Consolidated Inc,1716,05-14-2024
261,CDXS,Codexis Inc,1214,05-14-2024
262,CVLY,Codorus Valley Bancorp Inc,4102,05-14-2024
263,CCOI,Cogent Communications Holdings Inc,6073,05-14-2024
264,CNS,Cohen & Steers Inc,8606,05-14-2024
265,COHU,Cohu Inc,12752,05-14-2024
266,COLL,Collegium Pharmaceutical Inc,31358,05-14-2024
267,CBAN,Colony Bankcorp Inc,45,05-14-2024
268,CLBK,Columbia Financial Inc,6375,05-14-2024
269,CMCO,Columbus McKinnon Corp,7962,05-14-2024
270,FIX,Comfort Systems USA Inc,6405,05-14-2024
271,CMC,Commercial Metals Co,26707,05-14-2024
272,CVGI,Commercial Vehicle Group Inc,11768,05-14-2024
273,CBU,Community Bank System Inc,5499,05-14-2024
274,CHCT,Community Healthcare Trust Inc,5733,05-14-2024
275,CTBI,Community Trust Bancorp Inc,4920,05-14-2024
276,CWBC,Community West Bancshares,5235,05-14-2024
277,CVLT,CommVault Systems Inc,12600,05-14-2024
278,COMP,Compass Inc,145163,05-14-2024
279,CNDT,Conduent Inc,82666,05-14-2024
280,CNMD,CONMED Corp,2358,05-14-2024
281,CNOB,ConnectOne Bancorp Inc,6473,05-14-2024
282,CCSI,Consensus Cloud Solutions Inc,11028,05-14-2024
283,CEIX,CONSOL Energy Inc,12377,05-14-2024
284,CWCO,Consolidated Water Co Ltd,13854,05-14-2024
285,CSTM,Constellium SE,17524,05-14-2024
286,ROAD,Construction Partners Inc,3745,05-14-2024
287,CPSS,Consumer Portfolio Services Inc,8101,05-14-2024
288,CPS,Cooper-Standard Holdings Inc,6708,05-14-2024
289,CDP,COPT Defense Properties,18886,05-14-2024
290,CORT,Corcept Therapeutics Inc,47230,05-14-2024
291,CMT,Core Molding Technologies Inc,7006,05-14-2024
292,CCRD,CoreCard Corp,4252,05-14-2024
293,CXW,CoreCivic Inc,33105,05-14-2024
294,CRSR,Corsair Gaming Inc,10382,05-14-2024
295,CRVL,CorVel Corp,3043,05-14-2024
296,CMRE,Costamare Inc,13764,05-14-2024
297,BASE,Couchbase Inc,9591,05-14-2024
298,COUR,Coursera Inc,19052,05-14-2024
299,CVLG,Covenant Logistics Group Inc,3712,05-14-2024
300,PMTS,CPI Card Group Inc,2471,05-14-2024
301,CRAI,CRA International Inc,3725,05-14-2024
302,CBRL,Cracker Barrel Old Country Store Inc,1731,05-14-2024
303,CRDO,Credo Technology Group Holding Ltd,7595,05-14-2024
304,CRNX,Crinetics Pharmaceuticals Inc,2713,05-14-2024
305,CCRN,Cross Country Healthcare Inc,29622,05-14-2024
306,CYRX,CryoPort Inc,8540,05-14-2024
307,CSGS,CSG Systems International Inc,11576,05-14-2024
308,CSWI,CSW Industrials Inc,4196,05-14-2024
309,CTO,CTO Realty Growth Inc,10605,05-14-2024
310,CTS,CTS Corp,6339,05-14-2024
311,CWK,Cushman & Wakefield PLC,36172,05-14-2024
312,CUBI,Customers Bancorp Inc,15546,05-14-2024
313,CVBF,CVB Financial Corp,17624,05-14-2024
314,CVI,CVR Energy Inc,12997,05-14-2024
315,CVRX,CVRx Inc,5776,05-14-2024
316,CYTK,Cytokinetics Inc,3553,05-14-2024
317,DAKT,Daktronics Inc,25899,05-14-2024
318,DAN,Dana Inc,20231,05-14-2024
319,PLAY,Dave & Busters Entertainment Inc,5146,05-14-2024
320,DK,Delek US Holdings Inc,9298,05-14-2024
321,DLX,Deluxe Corp,18516,05-14-2024
322,DENN,Dennys Corp,16357,05-14-2024
323,DBI,Designer Brands Inc,11484,05-14-2024
324,DXLG,Destination XL Group Inc,27168,05-14-2024
325,DHX,DHI Group Inc,29541,05-14-2024
326,DHT,DHT Holdings Inc,32789,05-14-2024
327,DHIL,Diamond Hill Investment Group Inc,1745,05-14-2024
328,DO,Diamond Offshore Drilling Inc,16942,05-14-2024
329,DRH,DiamondRock Hospitality Co,46652,05-14-2024
330,DGII,Digi International Inc,11343,05-14-2024
331,APPS,Digital Turbine Inc,69268,05-14-2024
332,DBRG,DigitalBridge Group Inc,8945,05-14-2024
333,DOCN,DigitalOcean Holdings Inc,4080,05-14-2024
334,DDS,Dillards Inc,1928,05-14-2024
335,DCOM,Dime Community Bancshares Inc,10473,05-14-2024
336,DIOD,Diodes Inc,12840,05-14-2024
337,IRON,Disc Medicine Inc,1551,05-14-2024
338,DSGR,Distribution Solutions Group Inc,8507,05-14-2024
339,DNOW,DNOW Inc,63795,05-14-2024
340,DOLE,Dole PLC,8433,05-14-2024
341,DOMO,Domo Inc,25029,05-14-2024
342,DFIN,Donnelley Financial Solutions Inc,11477,05-14-2024
343,LPG,Dorian LPG Ltd,10256,05-14-2024
344,DORM,Dorman Products Inc,5579,05-14-2024
345,PLOW,Douglas Dynamics Inc,511,05-14-2024
346,DOUG,Douglas Elliman Inc,68099,05-14-2024
347,DEI,Douglas Emmett Inc,23417,05-14-2024
348,DFH,Dream Finders Homes Inc,3071,05-14-2024
349,DRQ,Dril-Quip Inc,5099,05-14-2024
350,DCO,Ducommun Inc,2401,05-14-2024
351,DUOL,Duolingo Inc,2534,05-14-2024
352,DXPE,DXP Enterprises Inc,12747,05-14-2024
353,DY,Dycom Industries Inc,4249,05-14-2024
354,DVAX,Dynavax Technologies Corp,52755,05-14-2024
355,DX,Dynex Capital Inc,8271,05-14-2024
356,EGBN,Eagle Bancorp Inc,8660,05-14-2024
357,EGRX,Eagle Pharmaceuticals Inc,2916,05-14-2024
358,DEA,Easterly Government Properties Inc,18054,05-14-2024
359,EBC,Eastern Bankshares Inc,8580,05-14-2024
360,SATS,EchoStar Corp,12825,05-14-2024
361,ECVT,Ecovyst Inc,20478,05-14-2024
362,EPC,Edgewell Personal Care Co,11247,05-14-2024
363,EGAN,eGain Corp,17757,05-14-2024
364,LOCO,El Pollo Loco Holdings Inc,11306,05-14-2024
365,ELF,elf Beauty Inc,6646,05-14-2024
366,EFC,Ellington Financial Inc,15435,05-14-2024
367,ELME,Elme Communities,9921,05-14-2024
368,EMBC,Embecta Corp,20078,05-14-2024
369,EP,Empire Petroleum Corp,3854,05-14-2024
370,ESRT,Empire State Realty Trust Inc,38635,05-14-2024
371,EIG,Employers Holdings Inc,8100,05-14-2024
372,ACT,Enact Holdings Inc,11345,05-14-2024
373,ECPG,Encore Capital Group Inc,3210,05-14-2024
374,WIRE,Encore Wire Corp,5751,05-14-2024
375,ENR,Energizer Holdings Inc,10384,05-14-2024
376,EFR,Energy Fuels Inc,18678,05-14-2024
377,ERII,Energy Recovery Inc,21720,05-14-2024
378,EPAC,Enerpac Tool Group Corp,14361,05-14-2024
379,ENS,EnerSys,6632,05-14-2024
380,ELVN,Enliven Therapeutics Inc,224,05-14-2024
381,EBF,Ennis Inc,6851,05-14-2024
382,ENVA,Enova International Inc,15823,05-14-2024
383,ENVX,Enovix Corp,10852,05-14-2024
384,NPO,Enpro Inc,4120,05-14-2024
385,ENSG,Ensign Group Inc,8961,05-14-2024
386,ESGR,Enstar Group Ltd,2388,05-14-2024
387,EFSC,Enterprise Financial Services Corp,6794,05-14-2024
388,TRDA,Entrada Therapeutics Inc,17856,05-14-2024
389,ENV,Envestnet Inc,5828,05-14-2024
390,PLUS,ePlus Inc,8130,05-14-2024
391,ETRN,Equitrans Midstream Corp,41647,05-14-2024
392,EQC,Equity Commonwealth,15144,05-14-2024
393,ESE,ESCO Technologies Inc,3328,05-14-2024
394,ESQ,Esquire Financial Holdings Inc,3550,05-14-2024
395,ESNT,Essent Group Ltd,23135,05-14-2024
396,EPRT,Essential Properties Realty Trust Inc,20649,05-14-2024
397,ETD,Ethan Allen Interiors Inc,18846,05-14-2024
398,EVBN,Evans Bancorp Inc,3420,05-14-2024
399,EVBG,Everbridge Inc,5024,05-14-2024
400,EVRI,Everi Holdings Inc,17546,05-14-2024
401,EVER,EverQuote Inc,17892,05-14-2024
402,EVTC,EVERTEC Inc,15226,05-14-2024
403,EVI,EVI Industries Inc,3950,05-14-2024
404,EVH,Evolent Health Inc,8610,05-14-2024
405,EOLS,Evolus Inc,30560,05-14-2024
406,EPM,Evolution Petroleum Corp,28533,05-14-2024
407,SSP,EW Scripps Co,9016,05-14-2024
408,EXLS,ExlService Holdings Inc,26082,05-14-2024
409,EXPI,eXp World Holdings Inc,47083,05-14-2024
410,EXPO,Exponent Inc,4306,05-14-2024
411,XPRO,Expro Group Holdings NV,7613,05-14-2024
412,EXTR,Extreme Networks Inc,49319,05-14-2024
413,FN,Fabrinet,4722,05-14-2024
414,FMAO,Farmers & Merchants Bancorp Inc/Archbold OH,1752,05-14-2024
415,FMNB,Farmers National Banc Corp,11250,05-14-2024
416,FPI,Farmland Partners Inc,10696,05-14-2024
417,FSLY,Fastly Inc,7759,05-14-2024
418,FBK,FB Financial Corp,8751,05-14-2024
419,AGM,Federal Agricultural Mortgage Corp,5796,05-14-2024
420,FSS,Federal Signal Corp,8389,05-14-2024
421,FDBC,Fidelity D&D Bancorp Inc,2083,05-14-2024
422,FIGS,Figs Inc,47836,05-14-2024
423,FISI,Financial Institutions Inc,9665,05-14-2024
424,FA,First Advantage Corp,9687,05-14-2024
425,FBP,First BanCorp,45814,05-14-2024
426,FNLC,First Bancorp Inc,5685,05-14-2024
427,FBNC,First Bancorp/Southern Pines NC,7878,05-14-2024
428,FBMS,First Bancshares Inc,3999,05-14-2024
429,BUSE,First Busey Corp,9513,05-14-2024
430,FBIZ,First Business Financial Services Inc,7313,05-14-2024
431,FCF,First Commonwealth Financial Corp,21418,05-14-2024
432,FCCO,First Community Corp,4630,05-14-2024
433,FFBC,First Financial Bancorp,19043,05-14-2024
434,FFIN,First Financial Bankshares Inc,22943,05-14-2024
435,THFF,First Financial Corp,3914,05-14-2024
436,FIBK,First Interstate BancSystem Inc,10232,05-14-2024
437,FRME,First Merchants Corp,13158,05-14-2024
438,FMBH,First Mid Bancshares Inc,4415,05-14-2024
439,FLIC,First of Long Island Corp,8599,05-14-2024
440,MYFW,First Western Financial Inc,1165,05-14-2024
441,FCFS,FirstCash Holdings Inc,5328,05-14-2024
442,FLR,Fluor Corp,18532,05-14-2024
443,FFIC,Flushing Financial Corp,12212,05-14-2024
444,FLYW,Flywire Corp,5266,05-14-2024
445,FL,Foot Locker Inc,5415,05-14-2024
446,FOR,Forestar Group Inc,10875,05-14-2024
447,FORM,FormFactor Inc,15577,05-14-2024
448,FORR,Forrester Research Inc,7146,05-14-2024
449,FWRD,Forward Air Corp,9985,05-14-2024
450,FOSL,Fossil Group Inc,15494,05-14-2024
451,FCPT,Four Corners Property Trust Inc,15008,05-14-2024
452,FOXF,Fox Factory Holding Corp,6468,05-14-2024
453,FBRT,Franklin BSP Realty Trust Inc,12173,05-14-2024
454,FC,Franklin Covey Co,10897,05-14-2024
455,FELE,Franklin Electric Co Inc,11411,05-14-2024
456,FDP,Fresh Del Monte Produce Inc,12194,05-14-2024
457,FRSH,Freshworks Inc,16443,05-14-2024
458,FTDR,Frontdoor Inc,21711,05-14-2024
459,FRPH,FRP Holdings Inc,7408,05-14-2024
460,FSBW,FS Bancorp Inc,2944,05-14-2024
461,FTAI,FTAI Aviation Ltd,12908,05-14-2024
462,FLGT,Fulgent Genetics Inc,9856,05-14-2024
463,FULT,Fulton Financial Corp,30548,05-14-2024
464,FVCB,FVCBankcorp Inc,2211,05-14-2024
465,GIII,G-III Apparel Group Ltd,12400,05-14-2024
466,GCI,Gannett Co Inc,88080,05-14-2024
467,GATX,GATX Corp,3371,05-14-2024
468,GNK,Genco Shipping & Trading Ltd,12162,05-14-2024
469,GENC,Gencor Industries Inc,7247,05-14-2024
470,GCO,Genesco Inc,9060,05-14-2024
471,GNE,Genie Energy Ltd,18399,05-14-2024
472,THRM,Gentherm Inc,4632,05-14-2024
473,GNW,Genworth Financial Inc,106664,05-14-2024
474,GEO,GEO Group Inc,47847,05-14-2024
475,GABC,German American Bancorp Inc,9860,05-14-2024
476,GTY,Getty Realty Corp,8421,05-14-2024
477,ROCK,Gibraltar Industries Inc,6235,05-14-2024
478,GBCI,Glacier Bancorp Inc,12066,05-14-2024
479,GOOD,Gladstone Commercial Corp,10861,05-14-2024
480,LAND,Gladstone Land Corp,473,05-14-2024
481,GKOS,Glaukos Corp,3462,05-14-2024
482,GIC,Global Industrial Co,11807,05-14-2024
483,GMRE,Global Medical REIT Inc,4225,05-14-2024
484,GNL,Global Net Lease Inc,44827,05-14-2024
485,GMS,GMS Inc,18300,05-14-2024
486,GOGO,Gogo Inc,14297,05-14-2024
487,GLNG,Golar LNG Ltd,6418,05-14-2024
488,GDEN,Golden Entertainment Inc,4903,05-14-2024
489,GOGL,Golden Ocean Group Ltd,7817,05-14-2024
490,GT,Goodyear Tire & Rubber Co,44028,05-14-2024
491,GSHD,Goosehead Insurance Inc,5507,05-14-2024
492,GPRO,GoPro Inc,10503,05-14-2024
493,GRC,Gorman-Rupp Co,3665,05-14-2024
494,EAF,GrafTech International Ltd,61038,05-14-2024
495,GHC,Graham Holdings Co,807,05-14-2024
496,GVA,Granite Construction Inc,4637,05-14-2024
497,GTN,Gray Television Inc,18109,05-14-2024
498,GSBC,Great Southern Bancorp Inc,6250,05-14-2024
499,GRBK,Green Brick Partners Inc,6759,05-14-2024
500,GBX,Greenbrier Cos Inc,3217,05-14-2024
501,GCBC,Greene County Bancorp Inc,6028,05-14-2024
502,GEF,Greif Inc,5479,05-14-2024
503,GDYN,Grid Dynamics Holdings Inc,14815,05-14-2024
504,GFF,Griffon Corp,12522,05-14-2024
505,GPI,Group 1 Automotive Inc,3637,05-14-2024
506,GES,Guess? Inc,8482,05-14-2024
507,GPOR,Gulfport Energy Corp,5617,05-14-2024
508,HEES,H&E Equipment Services Inc,6758,05-14-2024
509,HCKT,Hackett Group Inc,20948,05-14-2024
510,HAE,Haemonetics Corp,5473,05-14-2024
511,HAIN,Hain Celestial Group Inc,24414,05-14-2024
512,HALO,Halozyme Therapeutics Inc,17327,05-14-2024
513,HLNE,Hamilton Lane Inc,8127,05-14-2024
514,HWC,Hancock Whitney Corp,13726,05-14-2024
515,HBI,Hanesbrands Inc,18037,05-14-2024
516,HAFC,Hanmi Financial Corp,11145,05-14-2024
517,HONE,HarborOne Bancorp Inc,14140,05-14-2024
518,HLIT,Harmonic Inc,28358,05-14-2024
519,HRMY,Harmony Biosciences Holdings Inc,18355,05-14-2024
520,HBIO,Harvard Bioscience Inc,35389,05-14-2024
521,HVT,Haverty Furniture Cos Inc,13624,05-14-2024
522,HWKN,Hawkins Inc,4871,05-14-2024
523,FUL,HB Fuller Co,8429,05-14-2024
524,HCI,HCI Group Inc,1063,05-14-2024
525,HQY,HealthEquity Inc,8466,05-14-2024
526,HSTM,HealthStream Inc,9092,05-14-2024
527,HTLD,Heartland Express Inc,11176,05-14-2024
528,HTLF,Heartland Financial USA Inc,8042,05-14-2024
529,HSII,Heidrick & Struggles International Inc,3421,05-14-2024
530,HELE,Helen of Troy Ltd,3216,05-14-2024
531,HLIO,Helios Technologies Inc,3170,05-14-2024
532,HLX,Helix Energy Solutions Group Inc,42476,05-14-2024
533,HP,Helmerich & Payne Inc,11198,05-14-2024
534,HLF,Herbalife Ltd,20638,05-14-2024
535,HRI,Herc Holdings Inc,3438,05-14-2024
536,HTBK,Heritage Commerce Corp,17258,05-14-2024
537,HFWA,Heritage Financial Corp,5956,05-14-2024
538,HIBB,Hibbett Inc,6016,05-14-2024
539,HI,Hillenbrand Inc,9785,05-14-2024
540,HLMN,Hillman Solutions Corp,16339,05-14-2024
541,HTH,Hilltop Holdings Inc,13050,05-14-2024
542,HGV,Hilton Grand Vacations Inc,10485,05-14-2024
543,HIMS,Hims & Hers Health Inc,10168,05-14-2024
544,HIFS,Hingham Institution For Savings The,603,05-14-2024
545,HQI,HireQuest Inc,2823,05-14-2024
546,HNI,HNI Corp,20455,05-14-2024
547,HBCP,Home Bancorp Inc,3572,05-14-2024
548,HOMB,Home BancShares Inc,28163,05-14-2024
549,HTBI,HomeTrust Bancshares Inc,5629,05-14-2024
550,HOPE,Hope Bancorp Inc,26292,05-14-2024
551,HMN,Horace Mann Educators Corp,8200,05-14-2024
552,HBNC,Horizon Bancorp Inc,12273,05-14-2024
553,HOV,Hovnanian Enterprises Inc,2092,05-14-2024
554,HUBG,Hub Group Inc,18168,05-14-2024
555,HPP,Hudson Pacific Properties Inc,31919,05-14-2024
556,HDSN,Hudson Technologies Inc,36936,05-14-2024
557,HURN,Huron Consulting Group Inc,5708,05-14-2024
558,HY,Hyster-Yale Materials Handling Inc,1688,05-14-2024
559,ICFI,ICF International Inc,4990,05-14-2024
560,ICHR,Ichor Holdings Ltd,7653,05-14-2024
561,IDYA,Ideaya Biosciences Inc,3589,05-14-2024
562,IDT,IDT Corp,13279,05-14-2024
563,IESC,IES Holdings Inc,7626,05-14-2024
564,IHRT,iHeartMedia Inc,20399,05-14-2024
565,IMAX,IMAX Corp,7678,05-14-2024
566,IMVT,Immunovant Inc,4298,05-14-2024
567,PI,Impinj Inc,6217,05-14-2024
568,NARI,Inari Medical Inc,9058,05-14-2024
569,IRT,Independence Realty Trust Inc,24835,05-14-2024
570,INDB,Independent Bank Corp,7009,05-14-2024
571,IBCP,Independent Bank Corp,12982,05-14-2024
572,IBTX,Independent Bank Group Inc,5159,05-14-2024
573,INFN,Infinera Corp,55804,05-14-2024
574,III,Information Services Group Inc,31615,05-14-2024
575,INFU,InfuSystem Holdings Inc,16249,05-14-2024
576,NGVT,Ingevity Corp,7054,05-14-2024
577,IMKTA,Ingles Markets Inc,7770,05-14-2024
578,INMD,Inmode Ltd,16062,05-14-2024
579,INOD,Innodata Inc,21700,05-14-2024
580,IOSP,Innospec Inc,7336,05-14-2024
581,IIPR,Innovative Industrial Properties Inc,4737,05-14-2024
582,INVA,Innoviva Inc,44671,05-14-2024
583,NSIT,Insight Enterprises Inc,7242,05-14-2024
584,INSM,Insmed Inc,8415,05-14-2024
585,NSP,Insperity Inc,8609,05-14-2024
586,INSE,Inspired Entertainment Inc,19474,05-14-2024
587,IBP,Installed Building Products Inc,4202,05-14-2024
588,IIIN,Insteel Industries Inc,6702,05-14-2024
589,INTA,Intapp Inc,3057,05-14-2024
590,ITGR,Integer Holdings Corp,6465,05-14-2024
591,NTLA,Intellia Therapeutics Inc,3673,05-14-2024
592,IPAR,Inter Parfums Inc,3819,05-14-2024
593,IDCC,InterDigital Inc,4766,05-14-2024
594,TILE,Interface Inc,22324,05-14-2024
595,IBOC,International Bancshares Corp,12263,05-14-2024
596,IGT,International Game Technology PLC,15356,05-14-2024
597,IMXI,International Money Express Inc,16310,05-14-2024
598,INSW,International Seaways Inc,11154,05-14-2024
599,INTT,inTEST Corp,9709,05-14-2024
600,ITCI,Intra-Cellular Therapies Inc,18371,05-14-2024
601,IVT,InvenTrust Properties Corp,10470,05-14-2024
602,ITIC,Investors Title Co,1108,05-14-2024
603,IOVA,Iovance Biotherapeutics Inc,7897,05-14-2024
604,IRMD,iRadimed Corp,2502,05-14-2024
605,IRTC,iRhythm Technologies Inc,6209,05-14-2024
606,IRWD,Ironwood Pharmaceuticals Inc,70528,05-14-2024
607,ITOS,iTeos Therapeutics Inc,3464,05-14-2024
608,ITRI,Itron Inc,4618,05-14-2024
609,JJSF,J & J Snack Foods Corp,2622,05-14-2024
610,JACK,Jack in the Box Inc,2190,05-14-2024
611,JXN,Jackson Financial Inc,18922,05-14-2024
612,JAKK,JAKKS Pacific Inc,6531,05-14-2024
613,JRVR,James River Group Holdings Ltd,18689,05-14-2024
614,JBI,Janus International Group Inc,22529,05-14-2024
615,JBGS,JBG SMITH Properties,15140,05-14-2024
616,JELD,JELD-WEN Holding Inc,20108,05-14-2024
617,JOBY,Joby Aviation Inc,32677,05-14-2024
618,JBSS,John B Sanfilippo & Son Inc,4412,05-14-2024
619,JBT,John Bean Technologies Corp,3406,05-14-2024
620,WLY,John Wiley & Sons Inc,12344,05-14-2024
621,JOUT,Johnson Outdoors Inc,3700,05-14-2024
622,JYNT,Joint Corp,9995,05-14-2024
623,RTYM24,JUN 24 CME EMINIRUS2K,47,05-14-2024
624,KAI,Kadant Inc,3498,05-14-2024
625,KALU,Kaiser Aluminum Corp,1535,05-14-2024
626,KPTI,Karyopharm Therapeutics Inc,87506,05-14-2024
627,KBH,KB Home,10734,05-14-2024
628,KELYA,Kelly Services Inc,18150,05-14-2024
629,KMT,Kennametal Inc,9966,05-14-2024
630,KFRC,Kforce Inc,13716,05-14-2024
631,KE,Kimball Electronics Inc,9331,05-14-2024
632,KNSA,Kiniksa Pharmaceuticals Ltd,18649,05-14-2024
633,KRG,Kite Realty Group Trust,35899,05-14-2024
634,KLXE,KLX Energy Services Holdings Inc,9634,05-14-2024
635,KNF,Knife River Corp,5932,05-14-2024
636,KN,Knowles Corp,22149,05-14-2024
637,KTB,Kontoor Brands Inc,10415,05-14-2024
638,KOP,Koppers Holdings Inc,4890,05-14-2024
639,KFY,Korn Ferry,10041,05-14-2024
640,KOS,Kosmos Energy Ltd,47845,05-14-2024
641,KTOS,Kratos Defense & Security Solutions Inc,9569,05-14-2024
642,DNUT,Krispy Kreme Inc,9399,05-14-2024
643,KRYS,Krystal Biotech Inc,1252,05-14-2024
644,KLIC,Kulicke & Soffa Industries Inc,11308,05-14-2024
645,LZB,La-Z-Boy Inc,14847,05-14-2024
646,LADR,Ladder Capital Corp,18260,05-14-2024
647,LBAI,Lakeland Bancorp Inc,11395,05-14-2024
648,LKFN,Lakeland Financial Corp,8721,05-14-2024
649,LANC,Lancaster Colony Corp,3420,05-14-2024
650,LNTH,Lantheus Holdings Inc,11235,05-14-2024
651,LAUR,Laureate Education Inc,22829,05-14-2024
652,LCII,LCI Industries,6764,05-14-2024
653,LZ,Legalzoom.com Inc,37220,05-14-2024
654,LMAT,LeMaitre Vascular Inc,7171,05-14-2024
655,LC,LendingClub Corp,29805,05-14-2024
656,DRS,Leonardo DRS Inc,18362,05-14-2024
657,LESL,Leslies Inc,16788,05-14-2024
658,LGIH,LGI Homes Inc,1386,05-14-2024
659,LBRT,Liberty Energy Inc,52462,05-14-2024
660,LILA,Liberty Latin America Ltd,2766,05-14-2024
661,LILAK,Liberty Latin America Ltd,34907,05-14-2024
662,LTH,Life Time Group Holdings Inc,7062,05-14-2024
663,LGND,Ligand Pharmaceuticals Inc,5587,05-14-2024
664,LNW,Light & Wonder Inc,11831,05-14-2024
665,LMB,Limbach Holdings Inc,3586,05-14-2024
666,LINC,Lincoln Educational Services Corp,21428,05-14-2024
667,LNN,Lindsay Corp,1976,05-14-2024
668,LGF/B,Lions Gate Entertainment Corp,14112,05-14-2024
669,LIVN,LivaNova PLC,6614,05-14-2024
670,LOB,Live Oak Bancshares Inc,9286,05-14-2024
671,RAMP,LiveRamp Holdings Inc,12811,05-14-2024
672,LPTV,Loop Media Inc,26193,05-14-2024
673,LOVE,Lovesac Co,12261,05-14-2024
674,LXU,LSB Industries Inc,18845,05-14-2024
675,LYTS,LSI Industries Inc,24561,05-14-2024
676,LTC,LTC Properties Inc,8581,05-14-2024
677,LUNA,Luna Innovations Inc,21594,05-14-2024
678,LXP,LXP Industrial Trust,37708,05-14-2024
679,MHO,M/I Homes Inc,6278,05-14-2024
680,MCBC,Macatawa Bank Corp,19260,05-14-2024
681,MAC,Macerich Co,31042,05-14-2024
682,MTSI,MACOM Technology Solutions Holdings Inc,6067,05-14-2024
683,MSGE,Madison Square Garden Entertainment Corp,4142,05-14-2024
684,MDGL,Madrigal Pharmaceuticals Inc,549,05-14-2024
685,MGNI,Magnite Inc,14590,05-14-2024
686,MGY,Magnolia Oil & Gas Corp,55610,05-14-2024
687,MNSB,MainStreet Bancshares Inc,5576,05-14-2024
688,MBUU,Malibu Boats Inc,5321,05-14-2024
689,MTW,Manitowoc Co Inc,10901,05-14-2024
690,MARA,Marathon Digital Holdings Inc,8652,05-14-2024
691,MMI,Marcus & Millichap Inc,16588,05-14-2024
692,MCS,Marcus Corp,12272,05-14-2024
693,HZO,MarineMax Inc,5242,05-14-2024
694,MQ,Marqeta Inc,33508,05-14-2024
695,MRTN,Marten Transport Ltd,7212,05-14-2024
696,DOOR,Masonite International Corp,4687,05-14-2024
697,MBC,Masterbrand Inc,12100,05-14-2024
698,MCFT,MasterCraft Boat Holdings Inc,14280,05-14-2024
699,MTDR,Matador Resources Co,22303,05-14-2024
700,MTRN,Materion Corp,4058,05-14-2024
701,MATV,Mativ Holdings Inc,9012,05-14-2024
702,MATX,Matson Inc,9472,05-14-2024
703,MATW,Matthews International Corp,6594,05-14-2024
704,MMS,Maximus Inc,11192,05-14-2024
705,MXL,MaxLinear Inc,27152,05-14-2024
706,MEC,Mayville Engineering Co Inc,4154,05-14-2024
707,MBI,MBIA Inc,32009,05-14-2024
708,MGRC,McGrath RentCorp,2461,05-14-2024
709,MED,Medifast Inc,5690,05-14-2024
710,MBWM,Mercantile Bank Corp,6972,05-14-2024
711,MMSI,Merit Medical Systems Inc,7559,05-14-2024
712,MTH,Meritage Homes Corp,6012,05-14-2024
713,MLAB,Mesa Laboratories Inc,2743,05-14-2024
714,MTUS,Metallus Inc,19602,05-14-2024
715,MEI,Methode Electronics Inc,9106,05-14-2024
716,MCB,Metropolitan Bank Holding Corp,3408,05-14-2024
717,MFA,MFA Financial Inc,14443,05-14-2024
718,MGEE,MGE Energy Inc,7212,05-14-2024
719,MGPI,MGP Ingredients Inc,1350,05-14-2024
720,MSTR,MicroStrategy Inc,1173,05-14-2024
721,MBCN,Middlefield Banc Corp,2900,05-14-2024
722,MSEX,Middlesex Water Co,2930,05-14-2024
723,MSBI,Midland States Bancorp Inc,5285,05-14-2024
724,MOFG,MidWestOne Financial Group Inc,4354,05-14-2024
725,MLR,Miller Industries Inc,2609,05-14-2024
726,MLKN,MillerKnoll Inc,16072,05-14-2024
727,MDXG,MiMedx Group Inc,86031,05-14-2024
728,MTX,Minerals Technologies Inc,6016,05-14-2024
729,MG,Mistras Group Inc,17344,05-14-2024
730,MITK,Mitek Systems Inc,19978,05-14-2024
731,MODN,Model N Inc,7365,05-14-2024
732,MOD,Modine Manufacturing Co,13256,05-14-2024
733,MC,Moelis & Co,8379,05-14-2024
734,MCRI,Monarch Casino & Resort Inc,3713,05-14-2024
735,MNRO,Monro Inc,3875,05-14-2024
736,MNTK,Montauk Renewables Inc,51734,05-14-2024
737,MOG/A,Moog Inc,5522,05-14-2024
738,MORF,Morphic Holding Inc,4030,05-14-2024
739,MOV,Movado Group Inc,8747,05-14-2024
740,COOP,Mr Cooper Group Inc,14574,05-14-2024
741,MRC,MRC Global Inc,35520,05-14-2024
742,MLI,Mueller Industries Inc,32863,05-14-2024
743,MWA,Mueller Water Products Inc,20386,05-14-2024
744,MPLN,Multiplan Corp,125954,05-14-2024
745,MUR,Murphy Oil Corp,21973,05-14-2024
746,MYE,Myers Industries Inc,31187,05-14-2024
747,MYRG,MYR Group Inc,3860,05-14-2024
748,MYGN,Myriad Genetics Inc,35755,05-14-2024
749,NABL,N-able Inc,9217,05-14-2024
750,NBR,Nabors Industries Ltd,2039,05-14-2024
751,NC,NACCO Industries Inc,3607,05-14-2024
752,NSSC,Napco Security Technologies Inc,19059,05-14-2024
753,NATH,Nathans Famous Inc,2107,05-14-2024
754,NBHC,National Bank Holdings Corp,5268,05-14-2024
755,NKSH,National Bankshares Inc,5183,05-14-2024
756,FIZZ,National Beverage Corp,11488,05-14-2024
757,NHI,National Health Investors Inc,6673,05-14-2024
758,NHC,National HealthCare Corp,5051,05-14-2024
759,NPK,National Presto Industries Inc,1275,05-14-2024
760,NRC,National Research Corp,7991,05-14-2024
761,EYE,National Vision Holdings Inc,9429,05-14-2024
762,NWLI,National Western Life Group Inc,793,05-14-2024
763,NAVI,Navient Corp,36050,05-14-2024
764,NBTB,NBT Bancorp Inc,8501,05-14-2024
765,NNI,Nelnet Inc,3833,05-14-2024
766,NEOG,Neogen Corp,16765,05-14-2024
767,NRDY,Nerdy Inc,34074,05-14-2024
768,NTGR,NETGEAR Inc,12723,05-14-2024
769,NTCT,NetScout Systems Inc,17219,05-14-2024
770,NTST,NETSTREIT Corp,8474,05-14-2024
771,NVRO,Nevro Corp,9250,05-14-2024
772,NJR,New Jersey Resources Corp,16192,05-14-2024
773,NMRK,Newmark Group Inc,20863,05-14-2024
774,NEWT,NewtekOne Inc,1468,05-14-2024
775,NREF,Nexpoint Real Estate Finance Inc,6970,05-14-2024
776,NXRT,NexPoint Residential Trust Inc,5702,05-14-2024
777,NXT,NEXTracker Inc,14220,05-14-2024
778,NIC,Nicolet Bankshares Inc,2816,05-14-2024
779,NMIH,NMI Holdings Inc,21012,05-14-2024
780,NE,Noble Corp PLC,11479,05-14-2024
781,NAT,Nordic American Tankers Ltd,35643,05-14-2024
782,NBN,Northeast Bank,6152,05-14-2024
783,NECB,Northeast Community Bancorp Inc,5195,05-14-2024
784,NOG,Northern Oil & Gas Inc,17773,05-14-2024
785,NWBI,Northwest Bancshares Inc,15997,05-14-2024
786,NWN,Northwest Natural Holding Co,5158,05-14-2024
787,NWPX,Northwest Pipe Co,5139,05-14-2024
788,NWE,Northwestern Energy Group Inc,10561,05-14-2024
789,NWFL,Norwood Financial Corp,4093,05-14-2024
790,NOVT,Novanta Inc,5642,05-14-2024
791,NUS,Nu Skin Enterprises Inc,14122,05-14-2024
792,NUVL,Nuvalent Inc,2000,05-14-2024
793,NVEE,NV5 Global Inc,3711,05-14-2024
794,NVEC,NVE Corp,3057,05-14-2024
795,OI,O-I Glass Inc,22329,05-14-2024
796,OVLY,Oak Valley Bancorp,6087,05-14-2024
797,OII,Oceaneering International Inc,19471,05-14-2024
798,OCFC,OceanFirst Financial Corp,8018,05-14-2024
799,OCUL,Ocular Therapeutix Inc,47422,05-14-2024
800,ODP,ODP Corp,9211,05-14-2024
801,OFG,OFG Bancorp,16388,05-14-2024
802,OIS,Oil States International Inc,24800,05-14-2024
803,ONB,Old National Bancorp,44770,05-14-2024
804,OSBC,Old Second Bancorp Inc,15193,05-14-2024
805,OLMA,Olema Pharmaceuticals Inc,7825,05-14-2024
806,ZEUS,Olympic Steel Inc,8690,05-14-2024
807,OFLX,Omega Flex Inc,2760,05-14-2024
808,OMER,Omeros Corp,23187,05-14-2024
809,OMCL,Omnicell Inc,9188,05-14-2024
810,OGS,ONE Gas Inc,13074,05-14-2024
811,OSPN,OneSpan Inc,13709,05-14-2024
812,OSW,OneSpaWorld Holdings Ltd,11416,05-14-2024
813,ONTO,Onto Innovation Inc,8475,05-14-2024
814,OOMA,Ooma Inc,19596,05-14-2024
815,LPRO,Open Lending Corp,17719,05-14-2024
816,OPEN,Opendoor Technologies Inc,36398,05-14-2024
817,KAR,OPENLANE Inc,14834,05-14-2024
818,OPK,OPKO Health Inc,138225,05-14-2024
819,OPCH,Option Care Health Inc,21899,05-14-2024
820,OSUR,OraSure Technologies Inc,46109,05-14-2024
821,ORGO,Organogenesis Holdings Inc,62256,05-14-2024
822,OBK,Origin Bancorp Inc,3066,05-14-2024
823,ONL,Orion Office REIT Inc,8620,05-14-2024
824,OEC,Orion SA,23345,05-14-2024
825,ORA,Ormat Technologies Inc,9944,05-14-2024
826,OFIX,Orthofix Medical Inc,16312,05-14-2024
827,OSCR,Oscar Health Inc,11561,05-14-2024
828,OSIS,OSI Systems Inc,3697,05-14-2024
829,OTTR,Otter Tail Corp,12977,05-14-2024
830,OUT,Outfront Media Inc,26273,05-14-2024
831,OSG,Overseas Shipholding Group Inc,22434,05-14-2024
832,OVID,Ovid therapeutics Inc,18461,05-14-2024
833,OMI,Owens & Minor Inc,21312,05-14-2024
834,OXM,Oxford Industries Inc,6359,05-14-2024
835,PPBI,Pacific Premier Bancorp Inc,12090,05-14-2024
836,PCRX,Pacira BioSciences Inc,16939,05-14-2024
837,PTVE,Pactiv Evergreen Inc,12414,05-14-2024
838,PD,PagerDuty Inc,8428,05-14-2024
839,PAGS,Pagseguro Digital Ltd,24738,05-14-2024
840,PLMR,Palomar Holdings Inc,4109,05-14-2024
841,PTSI,PAM Transportation Services Inc,3334,05-14-2024
842,PANL,Pangaea Logistics Solutions Ltd,4090,05-14-2024
843,PZZA,Papa Johns International Inc,7634,05-14-2024
844,PARR,Par Pacific Holdings Inc,10325,05-14-2024
845,PAR,PAR Technology Corp,2286,05-14-2024
846,PGRE,Paramount Group Inc,40374,05-14-2024
847,PRK,Park National Corp,3618,05-14-2024
848,PKBK,Parke Bancorp Inc,8994,05-14-2024
849,PSN,Parsons Corp,9558,05-14-2024
850,CASH,Pathward Financial Inc,11121,05-14-2024
851,PAX,Patria Investments Ltd,8910,05-14-2024
852,PATK,Patrick Industries Inc,6488,05-14-2024
853,PDCO,Patterson Cos Inc,20283,05-14-2024
854,PTEN,Patterson-UTI Energy Inc,50098,05-14-2024
855,PBF,PBF Energy Inc,22527,05-14-2024
856,CNXN,PC Connection Inc,10278,05-14-2024
857,PCB,PCB Bancorp,9867,05-14-2024
858,PDFS,PDF Solutions Inc,11430,05-14-2024
859,BTU,Peabody Energy Corp,20959,05-14-2024
860,PGC,Peapack-Gladstone Financial Corp,7118,05-14-2024
861,PEB,Pebblebrook Hotel Trust,20844,05-14-2024
862,MD,Pediatrix Medical Group Inc,30659,05-14-2024
863,PFSI,PennyMac Financial Services Inc,6156,05-14-2024
864,PMT,PennyMac Mortgage Investment Trust,17821,05-14-2024
865,PEBO,Peoples Bancorp Inc,13569,05-14-2024
866,PFIS,Peoples Financial Services Corp,3723,05-14-2024
867,PRDO,Perdoceo Education Corp,60142,05-14-2024
868,PRFT,Perficient Inc,8279,05-14-2024
869,PR,Permian Resources Corp,60564,05-14-2024
870,PETQ,PetIQ Inc,15049,05-14-2024
871,PAHC,Phibro Animal Health Corp,18827,05-14-2024
872,PECO,Phillips Edison & Co Inc,15872,05-14-2024
873,PLAB,Photronics Inc,25756,05-14-2024
874,PHR,Phreesia Inc,9591,05-14-2024
875,PDM,Piedmont Office Realty Trust Inc,34657,05-14-2024
876,PIPR,Piper Sandler Cos,2424,05-14-2024
877,PJT,PJT Partners Inc,6528,05-14-2024
878,AGS,PlayAGS Inc,16326,05-14-2024
879,MYPS,Playstudios Inc,19166,05-14-2024
880,PLXS,Plexus Corp,5445,05-14-2024
881,PLBC,Plumas Bancorp,2651,05-14-2024
882,PLYM,Plymouth Industrial REIT Inc,6146,05-14-2024
883,PNM,PNM Resources Inc,17144,05-14-2024
884,POR,Portland General Electric Co,18997,05-14-2024
885,PSTX,Poseida Therapeutics Inc,14730,05-14-2024
886,PSTL,Postal Realty Trust Inc,10861,05-14-2024
887,PBPB,Potbelly Corp,22131,05-14-2024
888,PCH,PotlatchDeltic Corp,14452,05-14-2024
889,POWL,Powell Industries Inc,2936,05-14-2024
890,POWI,Power Integrations Inc,10451,05-14-2024
891,PRAA,PRA Group Inc,1422,05-14-2024
892,PFBC,Preferred Bank,7783,05-14-2024
893,PLPC,Preformed Line Products Co,2311,05-14-2024
894,PFC,Premier Financial Corp,7221,05-14-2024
895,PBH,Prestige Consumer Healthcare Inc,13900,05-14-2024
896,PSMT,PriceSmart Inc,2411,05-14-2024
897,FRST,Primis Financial Corp,4167,05-14-2024
898,PRMW,Primo Water Corp,35376,05-14-2024
899,PRIM,Primoris Services Corp,11871,05-14-2024
900,PRA,ProAssurance Corp,9027,05-14-2024
901,ACDC,ProFrac Holding Corp,21712,05-14-2024
902,PRG,PROG Holdings Inc,14739,05-14-2024
903,PRGS,Progress Software Corp,12024,05-14-2024
904,PGNY,Progyny Inc,5461,05-14-2024
905,PUMP,ProPetro Holding Corp,46331,05-14-2024
906,PRO,PROS Holdings Inc,7933,05-14-2024
907,PTGX,Protagonist Therapeutics Inc,5440,05-14-2024
908,PLX,Protalix BioTherapeutics Inc,43403,05-14-2024
909,PRLB,Proto Labs Inc,6419,05-14-2024
910,PFS,Provident Financial Services Inc,15073,05-14-2024
911,PTCT,PTC Therapeutics Inc,16094,05-14-2024
912,PCYO,Pure Cycle Corp,17322,05-14-2024
913,QTWO,Q2 Holdings Inc,3926,05-14-2024
914,QCRH,QCR Holdings Inc,6238,05-14-2024
915,KWR,Quaker Chemical Corp,1622,05-14-2024
916,QLYS,Qualys Inc,6670,05-14-2024
917,NX,Quanex Building Products Corp,14553,05-14-2024
918,QTRX,Quanterix Corp,3821,05-14-2024
919,RXT,Rackspace Technology Inc,52639,05-14-2024
920,RDN,Radian Group Inc,44777,05-14-2024
921,RLGT,Radiant Logistics Inc,33413,05-14-2024
922,RDUS,Radius Recycling Inc,11704,05-14-2024
923,RDNT,RadNet Inc,9162,05-14-2024
924,METC,Ramaco Resources Inc,16469,05-14-2024
925,METCB,Ramaco Resources Inc,1326,05-14-2024
926,RMBS,Rambus Inc,23451,05-14-2024
927,RPD,Rapid7 Inc,7841,05-14-2024
928,RYAM,Rayonier Advanced Materials Inc,35120,05-14-2024
929,RICK,RCI Hospitality Holdings Inc,3204,05-14-2024
930,RMAX,RE/MAX Holdings Inc,14132,05-14-2024
931,RC,Ready Capital Corp,46711,05-14-2024
932,RRR,Red Rock Resorts Inc,7993,05-14-2024
933,RDVT,Red Violet Inc,1301,05-14-2024
934,RDFN,Redfin Corp,15905,05-14-2024
935,RM,Regional Management Corp,6180,05-14-2024
936,RELY,Remitly Global Inc,10615,05-14-2024
937,RNST,Renasant Corp,9758,05-14-2024
938,RBCAA,Republic Bancorp Inc,5754,05-14-2024
939,REZI,Resideo Technologies Inc,25799,05-14-2024
940,RGP,Resources Connection Inc,28254,05-14-2024
941,ROIC,Retail Opportunity Investments Corp,19713,05-14-2024
942,REVG,REV Group Inc,15213,05-14-2024
943,RVMD,REVOLUTION Medicines Inc,6892,05-14-2024
944,RVLV,Revolve Group Inc,7945,05-14-2024
945,REX,REX American Resources Corp,6778,05-14-2024
946,RGCO,RGC Resources Inc,3694,05-14-2024
947,RYTM,Rhythm Pharmaceuticals Inc,4693,05-14-2024
948,RBBN,Ribbon Communications Inc,41378,05-14-2024
949,RELL,Richardson Electronics Ltd,1581,05-14-2024
950,RIOT,Riot Platforms Inc,12640,05-14-2024
951,RLJ,RLJ Lodging Trust,35037,05-14-2024
952,RMR,RMR Group Inc,10870,05-14-2024
953,RKLB,Rocket Lab USA Inc,25469,05-14-2024
954,ROG,Rogers Corp,1385,05-14-2024
955,RES,RPC Inc,75987,05-14-2024
956,RUSHA,Rush Enterprises Inc,19991,05-14-2024
957,RUSHB,Rush Enterprises Inc,8545,05-14-2024
958,RSI,Rush Street Interactive Inc,49059,05-14-2024
959,RXO,RXO Inc,33295,05-14-2024
960,RXST,RxSight Inc,3370,05-14-2024
961,RYI,Ryerson Holding Corp,21106,05-14-2024
962,RHP,Ryman Hospitality Properties Inc,9600,05-14-2024
963,STBA,S&T Bancorp Inc,7950,05-14-2024
964,SBRA,Sabra Health Care REIT Inc,34678,05-14-2024
965,SABR,Sabre Corp,47862,05-14-2024
966,SB,Safe Bulkers Inc,44349,05-14-2024
967,SAFE,Safehold Inc,4642,05-14-2024
968,SAFT,Safety Insurance Group Inc,3636,05-14-2024
969,SBH,Sally Beauty Holdings Inc,24002,05-14-2024
970,SMTI,Sanara Medtech Inc,3435,05-14-2024
971,SD,SandRidge Energy Inc,12147,05-14-2024
972,SASR,Sandy Spring Bancorp Inc,10829,05-14-2024
973,SGMO,Sangamo Therapeutics Inc,6932,05-14-2024
974,SANM,Sanmina Corp,9641,05-14-2024
975,SPNS,Sapiens International Corp NV,8904,05-14-2024
976,BFS,Saul Centers Inc,2402,05-14-2024
977,SVRA,Savara Inc,28130,05-14-2024
978,SCSC,ScanSource Inc,9723,05-14-2024
979,SCHL,Scholastic Corp,11868,05-14-2024
980,STNG,Scorpio Tankers Inc,9465,05-14-2024
981,SBCF,Seacoast Banking Corp of Florida,8024,05-14-2024
982,SDRL,Seadrill Ltd,4642,05-14-2024
983,SEM,Select Medical Holdings Corp,14563,05-14-2024
984,SIGI,Selective Insurance Group Inc,11879,05-14-2024
985,SMLR,Semler Scientific Inc,4527,05-14-2024
986,SEMR,SEMrush Holdings Inc,24856,05-14-2024
987,SXT,Sensient Technologies Corp,7849,05-14-2024
988,SVC,Service Properties Trust,56112,05-14-2024
989,SFBS,ServisFirst Bancshares Inc,11801,05-14-2024
990,SFL,SFL Corp Ltd,20794,05-14-2024
991,SHAK,Shake Shack Inc,2392,05-14-2024
992,SHLS,Shoals Technologies Group Inc,7259,05-14-2024
993,SCVL,Shoe Carnival Inc,14191,05-14-2024
994,SSTK,Shutterstock Inc,7335,05-14-2024
995,SHYF,Shyft Group Inc,18346,05-14-2024
996,SIBN,SI-BONE Inc,10026,05-14-2024
997,BSRR,Sierra Bancorp,6623,05-14-2024
998,SIGA,SIGA Technologies Inc,43170,05-14-2024
999,SIG,Signet Jewelers Ltd,8652,05-14-2024
1000,SLAB,Silicon Laboratories Inc,4274,05-14-2024
1001,SILK,Silk Road Medical Inc,11151,05-14-2024
1002,SBOW,SilverBow Resources Inc,7651,05-14-2024
1003,SFNC,Simmons First National Corp,15789,05-14-2024
1004,SMPL,Simply Good Foods Co,11372,05-14-2024
1005,SSD,Simpson Manufacturing Co Inc,10232,05-14-2024
1006,SPNT,SiriusPoint Ltd,27918,05-14-2024
1007,SITC,SITE Centers Corp,28382,05-14-2024
1008,STR,Sitio Royalties Corp,10214,05-14-2024
1009,SIX,Six Flags Entertainment Corp,4764,05-14-2024
1010,SJW,SJW Group,5179,05-14-2024
1011,SKY,Skyline Champion Corp,7454,05-14-2024
1012,SKWD,Skyward Specialty Insurance Group Inc,4074,05-14-2024
1013,SKYW,SkyWest Inc,6215,05-14-2024
1014,SLG,SL Green Realty Corp,6019,05-14-2024
1015,SNBR,Sleep Number Corp,8917,05-14-2024
1016,SM,SM Energy Co,26836,05-14-2024
1017,SGH,SMART Global Holdings Inc,17402,05-14-2024
1018,SWBI,Smith & Wesson Brands Inc,18504,05-14-2024
1019,SWI,SolarWinds Corp,22072,05-14-2024
1020,SAH,Sonic Automotive Inc,4845,05-14-2024
1021,SONO,Sonos Inc,23581,05-14-2024
1022,SSTI,SoundThinking Inc,4317,05-14-2024
1023,SFST,Southern First Bancshares Inc,5677,05-14-2024
1024,SMBC,Southern Missouri Bancorp Inc,6272,05-14-2024
1025,SBSI,Southside Bancshares Inc,6101,05-14-2024
1026,SSB,SouthState Corp,10178,05-14-2024
1027,SWX,Southwest Gas Holdings Inc,11004,05-14-2024
1028,SP,SP Plus Corp,7164,05-14-2024
1029,SPTN,SpartanNash Co,17595,05-14-2024
1030,SPHR,Sphere Entertainment Co,3929,05-14-2024
1031,SR,Spire Inc,9030,05-14-2024
1032,SPOK,Spok Holdings Inc,10213,05-14-2024
1033,SWTX,SpringWorks Therapeutics Inc,4758,05-14-2024
1034,CXM,Sprinklr Inc,23982,05-14-2024
1035,SPT,Sprout Social Inc,7011,05-14-2024
1036,SFM,Sprouts Farmers Market Inc,23619,05-14-2024
1037,SPSC,SPS Commerce Inc,7787,05-14-2024
1038,SPXC,SPX Technologies Inc,6319,05-14-2024
1039,SQSP,Squarespace Inc,12915,05-14-2024
1040,JOE,St Joe Co,5763,05-14-2024
1041,STAA,STAAR Surgical Co,9118,05-14-2024
1042,STGW,Stagwell Inc,25618,05-14-2024
1043,SMP,Standard Motor Products Inc,11801,05-14-2024
1044,SXI,Standex International Corp,2297,05-14-2024
1045,SCS,Steelcase Inc,35766,05-14-2024
1046,STEL,Stellar Bancorp Inc,7700,05-14-2024
1047,SCL,Stepan Co,1689,05-14-2024
1048,STEP,StepStone Group Inc,3744,05-14-2024
1049,STRL,Sterling Infrastructure Inc,6838,05-14-2024
1050,SHOO,Steven Madden Ltd,17123,05-14-2024
1051,STC,Stewart Information Services Corp,8797,05-14-2024
1052,SFIX,Stitch Fix Inc,61287,05-14-2024
1053,SYBT,Stock Yards Bancorp Inc,6810,05-14-2024
1054,STNE,StoneCo Ltd,34841,05-14-2024
1055,SRI,Stoneridge Inc,14648,05-14-2024
1056,SNEX,StoneX Group Inc,9034,05-14-2024
1057,STRA,Strategic Education Inc,4034,05-14-2024
1058,LRN,Stride Inc,18477,05-14-2024
1059,RGR,Sturm Ruger & Co Inc,6168,05-14-2024
1060,INN,Summit Hotel Properties Inc,44320,05-14-2024
1061,SUM,Summit Materials Inc,14949,05-14-2024
1062,SXC,SunCoke Energy Inc,38273,05-14-2024
1063,SHO,Sunstone Hotel Investors Inc,44061,05-14-2024
1064,SMCI,Super Micro Computer Inc,7425,05-14-2024
1065,SUPN,Supernus Pharmaceuticals Inc,32604,05-14-2024
1066,SGRY,Surgery Partners Inc,7947,05-14-2024
1067,SRDX,Surmodics Inc,6205,05-14-2024
1068,SG,Sweetgreen Inc,8643,05-14-2024
1069,SLVM,Sylvamo Corp,4352,05-14-2024
1070,SYNA,Synaptics Inc,8520,05-14-2024
1071,TCMD,Tactile Systems Technology Inc,21156,05-14-2024
1072,TALO,Talos Energy Inc,22651,05-14-2024
1073,SKT,Tanger Inc,21436,05-14-2024
1074,TH,Target Hospitality Corp,28285,05-14-2024
1075,TARO,Taro Pharmaceutical Industries Ltd,6646,05-14-2024
1076,TARS,Tarsus Pharmaceuticals Inc,5025,05-14-2024
1077,TMHC,Taylor Morrison Home Corp,19147,05-14-2024
1078,TK,Teekay Corp,49414,05-14-2024
1079,TNK,Teekay Tankers Ltd,11327,05-14-2024
1080,TGNA,TEGNA Inc,38809,05-14-2024
1081,TELA,Tela Bio Inc,8597,05-14-2024
1082,TDS,Telephone and Data Systems Inc,7976,05-14-2024
1083,TENB,Tenable Holdings Inc,15729,05-14-2024
1084,TNC,Tennant Co,7511,05-14-2024
1085,WULF,Terawulf Inc,63014,05-14-2024
1086,TEX,Terex Corp,12677,05-14-2024
1087,TRNO,Terreno Realty Corp,9964,05-14-2024
1088,TTI,TETRA Technologies Inc,95268,05-14-2024
1089,TCBI,Texas Capital Bancshares Inc,7931,05-14-2024
1090,TGTX,TG Therapeutics Inc,30224,05-14-2024
1091,TBPH,Theravance Biopharma Inc,12257,05-14-2024
1092,THR,Thermon Group Holdings Inc,6804,05-14-2024
1093,TWKS,Thoughtworks Holding Inc,16058,05-14-2024
1094,THRY,Thryv Holdings Inc,11621,05-14-2024
1095,TDW,Tidewater Inc,3899,05-14-2024
1096,TSBK,Timberland Bancorp Inc,3392,05-14-2024
1097,TWI,Titan International Inc,14156,05-14-2024
1098,TITN,Titan Machinery Inc,13882,05-14-2024
1099,TMP,Tompkins Financial Corp,2545,05-14-2024
1100,MODG,Topgolf Callaway Brands Corp,7651,05-14-2024
1101,TOWN,Towne Bank,13138,05-14-2024
1102,TRNS,Transcat Inc,5315,05-14-2024
1103,TMDX,TransMedics Group Inc,1449,05-14-2024
1104,THS,TreeHouse Foods Inc,10602,05-14-2024
1105,TPH,Tri Pointe Homes Inc,22343,05-14-2024
1106,TCBK,TriCo Bancshares,8607,05-14-2024
1107,TRS,TriMas Corp,9361,05-14-2024
1108,TNET,TriNet Group Inc,6056,05-14-2024
1109,TRN,Trinity Industries Inc,5711,05-14-2024
1110,TFIN,Triumph Financial Inc,3764,05-14-2024
1111,TGI,Triumph Group Inc,7723,05-14-2024
1112,TROX,Tronox Holdings PLC,12823,05-14-2024
1113,TBRG,TruBridge Inc,12686,05-14-2024
1114,TBI,TrueBlue Inc,27403,05-14-2024
1115,TRUE,TrueCar Inc,82078,05-14-2024
1116,TRST,TrustCo Bank Corp NY,5326,05-14-2024
1117,TRMK,Trustmark Corp,12145,05-14-2024
1118,TTEC,TTEC Holdings Inc,9107,05-14-2024
1119,TTMI,TTM Technologies Inc,29246,05-14-2024
1120,TPB,Turning Point Brands Inc,7086,05-14-2024
1121,HEAR,Turtle Beach Corp,2989,05-14-2024
1122,TPC,Tutor Perini Corp,15931,05-14-2024
1123,UDMY,Udemy Inc,22486,05-14-2024
1124,UFPI,UFP Industries Inc,15910,05-14-2024
1125,UFPT,UFP Technologies Inc,1564,05-14-2024
1126,UCTT,Ultra Clean Holdings Inc,11777,05-14-2024
1127,UMBF,UMB Financial Corp,8267,05-14-2024
1128,UMH,UMH Properties Inc,10437,05-14-2024
1129,UNF,UniFirst Corp,2737,05-14-2024
1130,UIS,Unisys Corp,39981,05-14-2024
1131,UBSI,United Bankshares Inc,16918,05-14-2024
1132,UCBI,United Community Banks Inc,14726,05-14-2024
1133,UNFI,United Natural Foods Inc,16292,05-14-2024
1134,PRKS,United Parks & Resorts Inc,5419,05-14-2024
1135,USLM,United States Lime & Minerals Inc,1861,05-14-2024
1136,UNIT,Uniti Group Inc,60618,05-14-2024
1137,UTL,Unitil Corp,5079,05-14-2024
1138,UNTY,Unity Bancorp Inc,6262,05-14-2024
1139,UVV,Universal Corp,6545,05-14-2024
1140,UHT,Universal Health Realty Income Trust,2861,05-14-2024
1141,UVE,Universal Insurance Holdings Inc,7802,05-14-2024
1142,UVSP,Univest Financial Corp,6335,05-14-2024
1143,UPBD,Upbound Group Inc,21141,05-14-2024
1144,UPST,Upstart Holdings Inc,4183,05-14-2024
1145,UPWK,Upwork Inc,25793,05-14-2024
1146,UEC,Uranium Energy Corp,24886,05-14-2024
1147,UE,Urban Edge Properties,17586,05-14-2024
1148,URBN,Urban Outfitters Inc,9036,05-14-2024
1149,URGN,UroGen Pharma Ltd,18209,05-14-2024
1150,USPH,US Physical Therapy Inc,2565,05-14-2024
1151,SLCA,US Silica Holdings Inc,19181,05-14-2024
1152,USNA,USANA Health Sciences Inc,5367,05-14-2024
1153,UTZ,Utz Brands Inc,7192,05-14-2024
1154,VVX,V2X Inc,6577,05-14-2024
1155,EGY,VAALCO Energy Inc,46962,05-14-2024
1156,VAL,Valaris Ltd,6683,05-14-2024
1157,VLY,Valley National Bancorp,66296,05-14-2024
1158,VNDA,Vanda Pharmaceuticals Inc,49385,05-14-2024
1159,VREX,Varex Imaging Corp,16707,05-14-2024
1160,VRNS,Varonis Systems Inc,15258,05-14-2024
1161,PCVX,Vaxcyte Inc,8348,05-14-2024
1162,VGR,Vector Group Ltd,38640,05-14-2024
1163,VECO,Veeco Instruments Inc,10111,05-14-2024
1164,VRA,Vera Bradley Inc,21379,05-14-2024
1165,VERA,Vera Therapeutics Inc,4879,05-14-2024
1166,VCYT,Veracyte Inc,7616,05-14-2024
1167,VCEL,Vericel Corp,21669,05-14-2024
1168,VRNT,Verint Systems Inc,12539,05-14-2024
1169,VRE,Veris Residential Inc,19381,05-14-2024
1170,VBTX,Veritex Holdings Inc,9331,05-14-2024
1171,VRRM,Verra Mobility Corp,20207,05-14-2024
1172,VRCA,Verrica Pharmaceuticals Inc,5356,05-14-2024
1173,VIAV,Viavi Solutions Inc,37524,05-14-2024
1174,VICR,Vicor Corp,6793,05-14-2024
1175,VCTR,Victory Capital Holdings Inc,4093,05-14-2024
1176,VMD,Viemed Healthcare Inc,31983,05-14-2024
1177,VIGL,Vigil Neuroscience Inc,7565,05-14-2024
1178,VKTX,Viking Therapeutics Inc,6777,05-14-2024
1179,VLGEA,Village Super Market Inc,7534,05-14-2024
1180,VABK,Virginia National Bankshares Corp,4269,05-14-2024
1181,VRTS,Virtus Investment Partners Inc,2341,05-14-2024
1182,VSH,Vishay Intertechnology Inc,21572,05-14-2024
1183,VPG,Vishay Precision Group Inc,7721,05-14-2024
1184,VSTO,Vista Outdoor Inc,13205,05-14-2024
1185,VC,Visteon Corp,2762,05-14-2024
1186,COCO,Vita Coco Co Inc,4714,05-14-2024
1187,VTLE,Vital Energy Inc,5089,05-14-2024
1188,VITL,Vital Farms Inc,17370,05-14-2024
1189,VYGR,Voyager Therapeutics Inc,26235,05-14-2024
1190,WTI,W&T Offshore Inc,82644,05-14-2024
1191,WNC,Wabash National Corp,17474,05-14-2024
1192,WAFD,WaFd Inc,14065,05-14-2024
1193,WD,Walker & Dunlop Inc,4546,05-14-2024
1194,WRBY,Warby Parker Inc,8091,05-14-2024
1195,HCC,Warrior Met Coal Inc,20881,05-14-2024
1196,WASH,Washington Trust Bancorp Inc,6263,05-14-2024
1197,WSBF,Waterstone Financial Inc,15432,05-14-2024
1198,WTS,Watts Water Technologies Inc,7427,05-14-2024
1199,WDFC,WD-40 Co,2939,05-14-2024
1200,WFRD,Weatherford International PLC,9697,05-14-2024
1201,WEAV,Weave Communications Inc,10511,05-14-2024
1202,WMK,Weis Markets Inc,5672,05-14-2024
1203,WERN,Werner Enterprises Inc,7596,05-14-2024
1204,WSBC,WesBanco Inc,11028,05-14-2024
1205,WTBA,West BanCorp Inc,11959,05-14-2024
1206,WABC,Westamerica BanCorp,8722,05-14-2024
1207,WSR,Whitestone REIT,21418,05-14-2024
1208,WLDN,Willdan Group Inc,7979,05-14-2024
1209,WINA,Winmark Corp,1597,05-14-2024
1210,WGO,Winnebago Industries Inc,9590,05-14-2024
1211,WT,WisdomTree Inc,48025,05-14-2024
1212,WWW,Wolverine World Wide Inc,13217,05-14-2024
1213,WK,Workiva Inc,7451,05-14-2024
1214,WRLD,World Acceptance Corp,1177,05-14-2024
1215,WKC,World Kinect Corp,14029,05-14-2024
1216,WOR,Worthington Enterprises Inc,6691,05-14-2024
1217,WS,Worthington Steel Inc,6556,05-14-2024
1218,WSFS,WSFS Financial Corp,11895,05-14-2024
1219,WW,WW International Inc,40860,05-14-2024
1220,XNCR,Xencor Inc,6440,05-14-2024
1221,XHR,Xenia Hotels & Resorts Inc,23146,05-14-2024
1222,XRX,Xerox Holdings Corp,26461,05-14-2024
1223,XPEL,XPEL Inc,11106,05-14-2024
1224,XPER,Xperi Inc,16586,05-14-2024
1225,YMAB,Y-mAbs Therapeutics Inc,12056,05-14-2024
1226,YELP,Yelp Inc,20917,05-14-2024
1227,YEXT,Yext Inc,53393,05-14-2024
1228,YORW,York Water Co,4667,05-14-2024
1229,ZETA,Zeta Global Holdings Corp,33402,05-14-2024
1230,ZD,Ziff Davis Inc,6173,05-14-2024
1231,ZIMV,Zimvie Inc,10695,05-14-2024
1232,ZUMZ,Zumiez Inc,11447,05-14-2024
1233,ZUO,Zuora Inc,22451,05-14-2024
1234,ZWS,Zurn Elkay Water Solutions Corp,11449,05-14-2024
1235,ZYXI,Zynex Inc,17076,05-14-2024
1236,--,USD U.S. DOLLAR,0,05-14-2024
