,Ticker,Name,Shares,Date
0,FLWS,1-800-Flowers.com Inc,20058,03-03-2023
1,SRCE,1st Source Corp,3691,03-03-2023
2,TWOU,2U Inc,19555,03-03-2023
3,EGHT,8x8 Inc,52101,03-03-2023
4,AMRK,A-Mark Precious Metals Inc,11015,03-03-2023
5,ATEN,A10 Networks Inc,44304,03-03-2023
6,AAON,AAON Inc,5837,03-03-2023
7,AIR,AAR Corp,8870,03-03-2023
8,AAN,Aarons Co Inc,15185,03-03-2023
9,ABCL,AbCellera Biologics Inc,52399,03-03-2023
10,ANF,Abercrombie & Fitch Co,17386,03-03-2023
11,ABM,ABM Industries Inc,12128,03-03-2023
12,ASO,Academy Sports & Outdoors Inc,12708,03-03-2023
13,ACAD,ACADIA Pharmaceuticals Inc,36224,03-03-2023
14,AKR,Acadia Realty Trust,15181,03-03-2023
15,ACCO,ACCO Brands Corp,27160,03-03-2023
16,ACIW,ACI Worldwide Inc,18812,03-03-2023
17,ACNB,ACNB Corp,2022,03-03-2023
18,GOLF,Acushnet Holdings Corp,9798,03-03-2023
19,ACVA,ACV Auctions Inc,14645,03-03-2023
20,AHCO,AdaptHealth Corp,14719,03-03-2023
21,ADUS,Addus HomeCare Corp,3504,03-03-2023
22,ADEA,Adeia Inc,33035,03-03-2023
23,ADNT,Adient PLC,13194,03-03-2023
24,ADMA,ADMA Biologics Inc,24799,03-03-2023
25,ATGE,Adtalem Global Education Inc,11850,03-03-2023
26,ADTN,ADTRAN Holdings Inc,10751,03-03-2023
27,AEIS,Advanced Energy Industries Inc,6765,03-03-2023
28,ASIX,AdvanSix Inc,8939,03-03-2023
29,ADV,Advantage Solutions Inc,4857,03-03-2023
30,AJRD,Aerojet Rocketdyne Holdings Inc,7118,03-03-2023
31,AVAV,AeroVironment Inc,1533,03-03-2023
32,AGYS,Agilysys Inc,10551,03-03-2023
33,ADC,Agree Realty Corp,8407,03-03-2023
34,ATSG,Air Transport Services Group Inc,7339,03-03-2023
35,ALG,Alamo Group Inc,3052,03-03-2023
36,ALRM,Alarm.com Holdings Inc,9747,03-03-2023
37,AIN,Albany International Corp,4178,03-03-2023
38,ALEC,Alector Inc,22720,03-03-2023
39,ALEX,Alexander & Baldwin Inc,24281,03-03-2023
40,ALX,Alexanders Inc,536,03-03-2023
41,ALCO,Alico Inc,854,03-03-2023
42,ALIT,Alight Inc,31506,03-03-2023
43,ALKS,Alkermes PLC,49703,03-03-2023
44,ALGT,Allegiant Travel Co,1737,03-03-2023
45,ALE,ALLETE Inc,11368,03-03-2023
46,AMOT,Allied Motion Technologies Inc,10466,03-03-2023
47,AOSL,Alpha & Omega Semiconductor Ltd,10055,03-03-2023
48,AMR,Alpha Metallurgical Resources Inc,6310,03-03-2023
49,ALTR,Altair Engineering Inc,9629,03-03-2023
50,ALTO,Alto Ingredients Inc,38824,03-03-2023
51,AIMC,Altra Industrial Motion Corp,11608,03-03-2023
52,AMBC,Ambac Financial Group Inc,5787,03-03-2023
53,AMBA,Ambarella Inc,5231,03-03-2023
54,AMCX,AMC Networks Inc,5273,03-03-2023
55,AMTB,Amerant Bancorp Inc,4850,03-03-2023
56,AMRC,Ameresco Inc,3644,03-03-2023
57,AAT,American Assets Trust Inc,8166,03-03-2023
58,AXL,American Axle & Manufacturing Holdings Inc,34885,03-03-2023
59,AEO,American Eagle Outfitters Inc,17802,03-03-2023
60,AEL,American Equity Investment Life Holding Co,22865,03-03-2023
61,AMNB,American National Bankshares Inc,4221,03-03-2023
62,APEI,American Public Education Inc,14319,03-03-2023
63,AMSWA,American Software Inc,11759,03-03-2023
64,AWR,American States Water Co,10897,03-03-2023
65,AVD,American Vanguard Corp,18766,03-03-2023
66,AMWD,American Woodmark Corp,4072,03-03-2023
67,ABCB,Ameris Bancorp,13766,03-03-2023
68,AMSF,AMERISAFE Inc,6578,03-03-2023
69,FOLD,Amicus Therapeutics Inc,15535,03-03-2023
70,AMKR,Amkor Technology Inc,30039,03-03-2023
71,AMN,AMN Healthcare Services Inc,12876,03-03-2023
72,AMRX,Amneal Pharmaceuticals Inc,88782,03-03-2023
73,AMPH,Amphastar Pharmaceuticals Inc,23081,03-03-2023
74,AMPY,Amplify Energy Corp,33234,03-03-2023
75,ANDE,Andersons Inc,3745,03-03-2023
76,ANGO,AngioDynamics Inc,15122,03-03-2023
77,ANIP,ANI Pharmaceuticals Inc,3406,03-03-2023
78,ANIK,Anika Therapeutics Inc,12089,03-03-2023
79,HOUS,Anywhere Real Estate Inc,67824,03-03-2023
80,AIV,Apartment Investment and Management Co,58911,03-03-2023
81,APLS,Apellis Pharmaceuticals Inc,5775,03-03-2023
82,APG,API Group Corp,25393,03-03-2023
83,APOG,Apogee Enterprises Inc,10081,03-03-2023
84,ARI,Apollo Commercial Real Estate Finance Inc,28416,03-03-2023
85,APPF,Appfolio Inc,5057,03-03-2023
86,APPN,Appian Corp,8413,03-03-2023
87,APLE,Apple Hospitality REIT Inc,38876,03-03-2023
88,AIT,Applied Industrial Technologies Inc,12366,03-03-2023
89,ABR,Arbor Realty Trust Inc,26815,03-03-2023
90,ARCB,ArcBest Corp,6914,03-03-2023
91,ARCH,Arch Resources Inc,5338,03-03-2023
92,AROC,Archrock Inc,34269,03-03-2023
93,ARNC,Arconic Corp,7728,03-03-2023
94,ACA,Arcosa Inc,9246,03-03-2023
95,RCUS,Arcus Biosciences Inc,15904,03-03-2023
96,ASC,Ardmore Shipping Corp,8938,03-03-2023
97,AREN,Arena Group Holdings Inc,10515,03-03-2023
98,ACRE,Ares Commercial Real Estate Corp,14961,03-03-2023
99,AGX,Argan Inc,3243,03-03-2023
100,ARGO,Argo Group International Holdings Ltd,4747,03-03-2023
101,AHH,Armada Hoffler Properties Inc,10787,03-03-2023
102,ARR,ARMOUR Residential REIT Inc,19975,03-03-2023
103,ARRY,Array Technologies Inc,6712,03-03-2023
104,AROW,Arrow Financial Corp,8378,03-03-2023
105,ARWR,Arrowhead Pharmaceuticals Inc,5918,03-03-2023
106,APAM,Artisan Partners Asset Management Inc,17932,03-03-2023
107,ARVN,Arvinas Inc,5582,03-03-2023
108,ASAN,Asana Inc,9795,03-03-2023
109,ABG,Asbury Automotive Group Inc,4374,03-03-2023
110,ASGN,ASGN Inc,11911,03-03-2023
111,ASB,Associated Banc-Corp,22891,03-03-2023
112,ASTE,Astec Industries Inc,7010,03-03-2023
113,AVIR,Atea Pharmaceuticals Inc,25012,03-03-2023
114,ATI,ATI Inc,9212,03-03-2023
115,ATKR,Atkore Inc,14619,03-03-2023
116,AUB,Atlantic Union Bankshares Corp,12118,03-03-2023
117,ATLC,Atlanticus Holdings Corp,2767,03-03-2023
118,AAWW,Atlas Air Worldwide Holdings Inc,6354,03-03-2023
119,ATCX,Atlas Technical Consultants Inc,2766,03-03-2023
120,ATRC,AtriCure Inc,6965,03-03-2023
121,ATRI,Atrion Corp,231,03-03-2023
122,AVNS,Avanos Medical Inc,12275,03-03-2023
123,AVTA,Avantax Inc,7511,03-03-2023
124,AVID,Avid Technology Inc,25357,03-03-2023
125,AVNT,Avient Corp,15268,03-03-2023
126,AVA,Avista Corp,13502,03-03-2023
127,ACLS,Axcelis Technologies Inc,11338,03-03-2023
128,AXNX,Axonics Inc,3083,03-03-2023
129,AX,Axos Financial Inc,20001,03-03-2023
130,AXSM,Axsome Therapeutics Inc,1494,03-03-2023
131,AZZ,AZZ Inc,4964,03-03-2023
132,RILY,B Riley Financial Inc,2042,03-03-2023
133,BGS,B&G Foods Inc,10973,03-03-2023
134,BW,Babcock & Wilcox Enterprises Inc,21875,03-03-2023
135,BMI,Badger Meter Inc,7810,03-03-2023
136,BCPC,Balchem Corp,3432,03-03-2023
137,BALY,Ballys Corp,7485,03-03-2023
138,BANC,Banc of California Inc,8293,03-03-2023
139,BANF,BancFirst Corp,6504,03-03-2023
140,BLX,Banco Latinoamericano de Comercio Exterior SA,10963,03-03-2023
141,TBBK,Bancorp Inc,14380,03-03-2023
142,BFC,Bank First Corp,2421,03-03-2023
143,BMRC,Bank of Marin Bancorp,3831,03-03-2023
144,NTB,Bank of NT Butterfield & Son Ltd,20262,03-03-2023
145,BKU,BankUnited Inc,15266,03-03-2023
146,BWFG,Bankwell Financial Group Inc,5249,03-03-2023
147,BANR,Banner Corp,5677,03-03-2023
148,B,Barnes Group Inc,7112,03-03-2023
149,BBSI,Barrett Business Services Inc,2529,03-03-2023
150,BCML,BayCom Corp,2609,03-03-2023
151,BCBP,BCB Bancorp Inc,11918,03-03-2023
152,BODY,Beachbody Co Inc,89176,03-03-2023
153,BECN,Beacon Roofing Supply Inc,11883,03-03-2023
154,BEAM,Beam Therapeutics Inc,3505,03-03-2023
155,SKIN,Beauty Health Co,9230,03-03-2023
156,BZH,Beazer Homes USA Inc,9345,03-03-2023
157,BDC,Belden Inc,6782,03-03-2023
158,BRBR,BellRing Brands Inc,9676,03-03-2023
159,BHE,Benchmark Electronics Inc,10812,03-03-2023
160,BHLB,Berkshire Hills Bancorp Inc,6318,03-03-2023
161,BRY,Berry Corp,21163,03-03-2023
162,BGCP,BGC Partners Inc,29547,03-03-2023
163,BGFV,Big 5 Sporting Goods Corp,10872,03-03-2023
164,BIG,Big Lots Inc,11016,03-03-2023
165,BCRX,BioCryst Pharmaceuticals Inc,18913,03-03-2023
166,BJRI,BJs Restaurants Inc,4406,03-03-2023
167,BKH,Black Hills Corp,12192,03-03-2023
168,BLKB,Blackbaud Inc,7710,03-03-2023
169,BL,Blackline Inc,2331,03-03-2023
170,BXMT,Blackstone Mortgage Trust Inc,20190,03-03-2023
171,BE,Bloom Energy Corp,8472,03-03-2023
172,BLMN,Bloomin Brands Inc,14011,03-03-2023
173,BLBD,Blue Bird Corp,5993,03-03-2023
174,BRBS,Blue Ridge Bankshares Inc,7193,03-03-2023
175,BVH,Bluegreen Vacations Holding Corp,7840,03-03-2023
176,BXC,BlueLinx Holdings Inc,8467,03-03-2023
177,BCC,Boise Cascade Co,18082,03-03-2023
178,BOOT,Boot Barn Holdings Inc,4717,03-03-2023
179,BOX,Box Inc,31006,03-03-2023
180,BRC,Brady Corp,13785,03-03-2023
181,BHR,Braemar Hotels & Resorts Inc,26718,03-03-2023
182,BDN,Brandywine Realty Trust,27485,03-03-2023
183,BFH,Bread Financial Holdings Inc,7915,03-03-2023
184,BCOV,Brightcove Inc,36860,03-03-2023
185,BSIG,Brightsphere Investment Group Inc,12614,03-03-2023
186,BV,BrightView Holdings Inc,3003,03-03-2023
187,EAT,Brinker International Inc,7129,03-03-2023
188,BCO,Brinks Co,4953,03-03-2023
189,VTOL,Bristow Group Inc,6876,03-03-2023
190,BRMK,Broadmark Realty Capital Inc,32284,03-03-2023
191,BNL,Broadstone Net Lease Inc,21633,03-03-2023
192,BIPC,Brookfield Infrastructure Corp,22707,03-03-2023
193,BRKL,Brookline Bancorp Inc,23044,03-03-2023
194,BRP,BRP Group Inc,4249,03-03-2023
195,BRT,BRT Apartments Corp,8878,03-03-2023
196,BKE,Buckle Inc,10025,03-03-2023
197,BMBL,Bumble Inc,4718,03-03-2023
198,BY,Byline Bancorp Inc,5450,03-03-2023
199,CBT,Cabot Corp,8763,03-03-2023
200,WHD,Cactus Inc,8187,03-03-2023
201,CADE,Cadence Bank,30993,03-03-2023
202,CSTE,Caesarstone Ltd,10644,03-03-2023
203,CALM,Cal-Maine Foods Inc,7757,03-03-2023
204,CAL,Caleres Inc,15297,03-03-2023
205,CRC,California Resources Corp,12483,03-03-2023
206,CWT,California Water Service Group,8888,03-03-2023
207,CALX,Calix Inc,13660,03-03-2023
208,CPE,Callon Petroleum Co,10234,03-03-2023
209,CMBM,Cambium Networks Corp,8343,03-03-2023
210,CATC,Cambridge Bancorp,1626,03-03-2023
211,CAC,Camden National Corp,8513,03-03-2023
212,CWH,Camping World Holdings Inc,5450,03-03-2023
213,CNNE,Cannae Holdings Inc,5917,03-03-2023
214,CCBG,Capital City Bank Group Inc,8373,03-03-2023
215,CFFN,Capitol Federal Financial Inc,15629,03-03-2023
216,CSII,Cardiovascular Systems Inc,15570,03-03-2023
217,CDNA,CareDx Inc,11333,03-03-2023
218,CTRE,CareTrust REIT Inc,16633,03-03-2023
219,CARG,Cargurus Inc,21951,03-03-2023
220,PRTS,CarParts.com Inc,20864,03-03-2023
221,CRS,Carpenter Technology Corp,8436,03-03-2023
222,CSV,Carriage Services Inc,7823,03-03-2023
223,CARS,Cars.com Inc,26293,03-03-2023
224,CASA,Casa Systems Inc,32953,03-03-2023
225,CWST,Casella Waste Systems Inc,5207,03-03-2023
226,CASS,Cass Information Systems Inc,4652,03-03-2023
227,CPRX,Catalyst Pharmaceuticals Inc,71337,03-03-2023
228,CATY,Cathay General Bancorp,16605,03-03-2023
229,CVCO,Cavco Industries Inc,1292,03-03-2023
230,CBZ,CBIZ Inc,12262,03-03-2023
231,CBL,CBL & Associates Properties Inc,6270,03-03-2023
232,CLDX,Celldex Therapeutics Inc,4016,03-03-2023
233,CELH,Celsius Holdings Inc,5726,03-03-2023
234,CSR,Centerspace,2584,03-03-2023
235,CENTA,Central Garden & Pet Co,8599,03-03-2023
236,CENT,Central Garden & Pet Co,5220,03-03-2023
237,CPF,Central Pacific Financial Corp,9042,03-03-2023
238,LEU,Centrus Energy Corp,3144,03-03-2023
239,CCS,Century Communities Inc,3398,03-03-2023
240,CRNC,Cerence Inc,8272,03-03-2023
241,CERE,Cerevel Therapeutics Holdings Inc,3569,03-03-2023
242,CERS,Cerus Corp,24027,03-03-2023
243,CEVA,CEVA Inc,5544,03-03-2023
244,CHX,ChampionX Corp,23509,03-03-2023
245,GTLS,Chart Industries Inc,3828,03-03-2023
246,CCF,Chase Corp,5057,03-03-2023
247,CLDT,Chatham Lodging Trust,16341,03-03-2023
248,CAKE,Cheesecake Factory Inc,5270,03-03-2023
249,CHEF,Chefs Warehouse Inc,3974,03-03-2023
250,CHGG,Chegg Inc,6095,03-03-2023
251,CPK,Chesapeake Utilities Corp,4545,03-03-2023
252,CHS,Chicos FAS Inc,32739,03-03-2023
253,PLCE,Childrens Place Inc,4396,03-03-2023
254,CIM,Chimera Investment Corp,21989,03-03-2023
255,KDNY,Chinook Therapeutics Inc,3980,03-03-2023
256,CHRD,Chord Energy Corp,6851,03-03-2023
257,CHUY,Chuys Holdings Inc,4587,03-03-2023
258,CMPR,Cimpress PLC,9142,03-03-2023
259,CNK,Cinemark Holdings Inc,10367,03-03-2023
260,CIR,CIRCOR International Inc,5452,03-03-2023
261,CTRN,Citi Trends Inc,6751,03-03-2023
262,CZNC,Citizens & Northern Corp,150,03-03-2023
263,CHCO,City Holding Co,6194,03-03-2023
264,CIO,City Office REIT Inc,14645,03-03-2023
265,CIVB,Civista Bancshares Inc,10444,03-03-2023
266,CIVI,Civitas Resources Inc,13248,03-03-2023
267,CMTG,Claros Mortgage Trust Inc,7603,03-03-2023
268,CLNE,Clean Energy Fuels Corp,15824,03-03-2023
269,YOU,Clear Secure Inc,3050,03-03-2023
270,CLFD,Clearfield Inc,6306,03-03-2023
271,CLW,Clearwater Paper Corp,5917,03-03-2023
272,CWEN/A,Clearway Energy Inc,27135,03-03-2023
273,CWEN,Clearway Energy Inc,30650,03-03-2023
274,CCNE,CNB Financial Corp,7116,03-03-2023
275,CNO,CNO Financial Group Inc,31097,03-03-2023
276,CNX,CNX Resources Corp,24653,03-03-2023
277,COKE,Coca-Cola Consolidated Inc,2263,03-03-2023
278,CCOI,Cogent Communications Holdings Inc,7675,03-03-2023
279,CNS,Cohen & Steers Inc,8760,03-03-2023
280,CHRS,Coherus Biosciences Inc,29059,03-03-2023
281,COHU,Cohu Inc,12981,03-03-2023
282,COLL,Collegium Pharmaceutical Inc,31649,03-03-2023
283,CBAN,Colony Bankcorp Inc,4147,03-03-2023
284,COLB,Columbia Banking System Inc,11044,03-03-2023
285,CLBK,Columbia Financial Inc,6682,03-03-2023
286,CMCO,Columbus McKinnon Corp,8102,03-03-2023
287,FIX,Comfort Systems USA Inc,9832,03-03-2023
288,CMC,Commercial Metals Co,26956,03-03-2023
289,COMM,CommScope Holding Co Inc,12215,03-03-2023
290,CBU,Community Bank System Inc,8201,03-03-2023
291,CHCT,Community Healthcare Trust Inc,6000,03-03-2023
292,CTBI,Community Trust Bancorp Inc,5153,03-03-2023
293,CVLT,CommVault Systems Inc,12718,03-03-2023
294,COMP,Compass Inc,255763,03-03-2023
295,CMP,Compass Minerals International Inc,2934,03-03-2023
296,CPSI,Computer Programs and Systems Inc,13289,03-03-2023
297,CRK,Comstock Resources Inc,55041,03-03-2023
298,CMTL,Comtech Telecommunications Corp,9151,03-03-2023
299,CNDT,Conduent Inc,84148,03-03-2023
300,CNMD,CONMED Corp,3216,03-03-2023
301,CNOB,ConnectOne Bancorp Inc,6776,03-03-2023
302,CONN,Conns Inc,8298,03-03-2023
303,CCSI,Consensus Cloud Solutions Inc,3065,03-03-2023
304,CEIX,CONSOL Energy Inc,12492,03-03-2023
305,CNSL,Consolidated Communications Holdings Inc,15382,03-03-2023
306,CSTM,Constellium SE,17839,03-03-2023
307,CPSS,Consumer Portfolio Services Inc,9164,03-03-2023
308,TCS,Container Store Group Inc,11124,03-03-2023
309,CORT,Corcept Therapeutics Inc,58147,03-03-2023
310,CXW,CoreCivic Inc,33700,03-03-2023
311,OFC,Corporate Office Properties Trust,17362,03-03-2023
312,CRSR,Corsair Gaming Inc,6623,03-03-2023
313,CRVL,CorVel Corp,3094,03-03-2023
314,CMRE,Costamare Inc,14415,03-03-2023
315,BASE,Couchbase Inc,7655,03-03-2023
316,CVLG,Covenant Logistics Group Inc,3888,03-03-2023
317,CRAI,CRA International Inc,3793,03-03-2023
318,CBRL,Cracker Barrel Old Country Store Inc,1816,03-03-2023
319,CRD/A,Crawford & Co,644,03-03-2023
320,CRDO,Credo Technology Group Holding Ltd,6242,03-03-2023
321,CROX,Crocs Inc,10472,03-03-2023
322,CCRN,Cross Country Healthcare Inc,27280,03-03-2023
323,CYRX,CryoPort Inc,5284,03-03-2023
324,CSGS,CSG Systems International Inc,11783,03-03-2023
325,CSWI,CSW Industrials Inc,4235,03-03-2023
326,CTO,CTO Realty Growth Inc,11107,03-03-2023
327,CTS,CTS Corp,6452,03-03-2023
328,HLTH,Cue Health Inc,6865,03-03-2023
329,CURO,Curo Group Holdings Corp,14638,03-03-2023
330,CWK,Cushman & Wakefield PLC,65127,03-03-2023
331,CUBI,Customers Bancorp Inc,15826,03-03-2023
332,CUTR,Cutera Inc,6834,03-03-2023
333,CVBF,CVB Financial Corp,17942,03-03-2023
334,CVT,Cvent Holding Corp,23849,03-03-2023
335,CVI,CVR Energy Inc,5631,03-03-2023
336,CYTK,Cytokinetics Inc,6325,03-03-2023
337,DAN,Dana Inc,24663,03-03-2023
338,DSKE,Daseke Inc,4335,03-03-2023
339,PLAY,Dave & Busters Entertainment Inc,5195,03-03-2023
340,DCPH,Deciphera Pharmaceuticals Inc,7484,03-03-2023
341,DK,Delek US Holdings Inc,14140,03-03-2023
342,DLX,Deluxe Corp,16151,03-03-2023
343,DNLI,Denali Therapeutics Inc,3037,03-03-2023
344,DEN,Denbury Inc,4816,03-03-2023
345,DENN,Dennys Corp,17131,03-03-2023
346,DBI,Designer Brands Inc,12030,03-03-2023
347,DXLG,Destination XL Group Inc,20875,03-03-2023
348,DHX,DHI Group Inc,30935,03-03-2023
349,DHT,DHT Holdings Inc,33378,03-03-2023
350,DHIL,Diamond Hill Investment Group Inc,1779,03-03-2023
351,DO,Diamond Offshore Drilling Inc,17100,03-03-2023
352,DRH,DiamondRock Hospitality Co,31135,03-03-2023
353,DGII,Digi International Inc,11448,03-03-2023
354,APPS,Digital Turbine Inc,12570,03-03-2023
355,DBRG,DigitalBridge Group Inc,13246,03-03-2023
356,DDS,Dillards Inc,2607,03-03-2023
357,DCOM,Dime Community Bancshares Inc,10661,03-03-2023
358,DIN,Dine Brands Global Inc,1843,03-03-2023
359,DIOD,Diodes Inc,13072,03-03-2023
360,DSGR,Distribution Solutions Group Inc,4397,03-03-2023
361,DHC,Diversified Healthcare Trust,53412,03-03-2023
362,DOMO,Domo Inc,10287,03-03-2023
363,DFIN,Donnelley Financial Solutions Inc,11687,03-03-2023
364,LPG,Dorian LPG Ltd,12990,03-03-2023
365,DORM,Dorman Products Inc,8156,03-03-2023
366,PLOW,Douglas Dynamics Inc,3275,03-03-2023
367,DOUG,Douglas Elliman Inc,40616,03-03-2023
368,DRQ,Dril-Quip Inc,5338,03-03-2023
369,DCO,Ducommun Inc,2514,03-03-2023
370,DLTH,Duluth Holdings Inc,7056,03-03-2023
371,DUOL,Duolingo Inc,1352,03-03-2023
372,DXPE,DXP Enterprises Inc,14187,03-03-2023
373,DY,Dycom Industries Inc,3933,03-03-2023
374,DVAX,Dynavax Technologies Corp,57563,03-03-2023
375,DX,Dynex Capital Inc,19481,03-03-2023
376,EGBN,Eagle Bancorp Inc,8816,03-03-2023
377,EGLE,Eagle Bulk Shipping Inc,5085,03-03-2023
378,EGRX,Eagle Pharmaceuticals Inc,9663,03-03-2023
379,DEA,Easterly Government Properties Inc,14073,03-03-2023
380,EBC,Eastern Bankshares Inc,15028,03-03-2023
381,EBIX,Ebix Inc,13990,03-03-2023
382,SATS,EchoStar Corp,13435,03-03-2023
383,EPC,Edgewell Personal Care Co,11447,03-03-2023
384,EGIO,Edgio Inc,27431,03-03-2023
385,EGAN,eGain Corp,18595,03-03-2023
386,LOCO,El Pollo Loco Holdings Inc,11841,03-03-2023
387,ELF,elf Beauty Inc,6710,03-03-2023
388,EFC,Ellington Financial Inc,16996,03-03-2023
389,ELME,Elme Communities,10389,03-03-2023
390,EMBC,Embecta Corp,13428,03-03-2023
391,EME,EMCOR Group Inc,12204,03-03-2023
392,EBS,Emergent BioSolutions Inc,35753,03-03-2023
393,EP,Empire Petroleum Corp,5166,03-03-2023
394,ESRT,Empire State Realty Trust Inc,39329,03-03-2023
395,EIG,Employers Holdings Inc,10786,03-03-2023
396,ACT,Enact Holdings Inc,9898,03-03-2023
397,ENTA,Enanta Pharmaceuticals Inc,612,03-03-2023
398,ECPG,Encore Capital Group Inc,11931,03-03-2023
399,WIRE,Encore Wire Corp,7750,03-03-2023
400,ENR,Energizer Holdings Inc,4713,03-03-2023
401,EFR,Energy Fuels Inc,19445,03-03-2023
402,ERII,Energy Recovery Inc,22110,03-03-2023
403,EPAC,Enerpac Tool Group Corp,9797,03-03-2023
404,ENS,EnerSys,3887,03-03-2023
405,EBF,Ennis Inc,7178,03-03-2023
406,ENVA,Enova International Inc,17051,03-03-2023
407,NPO,EnPro Industries Inc,4833,03-03-2023
408,ENSG,Ensign Group Inc,9519,03-03-2023
409,ESGR,Enstar Group Ltd,878,03-03-2023
410,EFSC,Enterprise Financial Services Corp,5983,03-03-2023
411,ENV,Envestnet Inc,5933,03-03-2023
412,PLUS,ePlus Inc,8275,03-03-2023
413,ETRN,Equitrans Midstream Corp,56096,03-03-2023
414,EQC,Equity Commonwealth,10307,03-03-2023
415,ESE,ESCO Technologies Inc,3385,03-03-2023
416,ESQ,Esquire Financial Holdings Inc,3720,03-03-2023
417,ESNT,Essent Group Ltd,23350,03-03-2023
418,EPRT,Essential Properties Realty Trust Inc,11484,03-03-2023
419,ETD,Ethan Allen Interiors Inc,19185,03-03-2023
420,EVRI,Everi Holdings Inc,12468,03-03-2023
421,EVER,EverQuote Inc,18058,03-03-2023
422,EVTC,EVERTEC Inc,13051,03-03-2023
423,EVOP,Evo Payments Inc,5886,03-03-2023
424,EVH,Evolent Health Inc,11422,03-03-2023
425,AQUA,Evoqua Water Technologies Corp,15312,03-03-2023
426,SSP,EW Scripps Co,18292,03-03-2023
427,EXLS,ExlService Holdings Inc,6562,03-03-2023
428,EXPI,eXp World Holdings Inc,63919,03-03-2023
429,EXPO,Exponent Inc,4385,03-03-2023
430,XPRO,Expro Group Holdings NV,5932,03-03-2023
431,EXTR,Extreme Networks Inc,58295,03-03-2023
432,EZPW,EZCORP Inc,18654,03-03-2023
433,FN,Fabrinet,6135,03-03-2023
434,FMAO,Farmers & Merchants Bancorp Inc/Archbold OH,3601,03-03-2023
435,FMNB,Farmers National Banc Corp,11779,03-03-2023
436,FPI,Farmland Partners Inc,11200,03-03-2023
437,FARO,FARO Technologies Inc,5426,03-03-2023
438,FBK,FB Financial Corp,8907,03-03-2023
439,AGM,Federal Agricultural Mortgage Corp,8024,03-03-2023
440,FSS,Federal Signal Corp,8539,03-03-2023
441,FHI,Federated Hermes Inc,23988,03-03-2023
442,FIGS,Figs Inc,34660,03-03-2023
443,FISI,Financial Institutions Inc,10122,03-03-2023
444,FA,First Advantage Corp,10148,03-03-2023
445,FBP,First BanCorp,43084,03-03-2023
446,FNLC,First Bancorp Inc,5953,03-03-2023
447,FBNC,First Bancorp/Southern Pines NC,8024,03-03-2023
448,FBMS,First Bancshares Inc,4190,03-03-2023
449,BUSE,First Busey Corp,9602,03-03-2023
450,FBIZ,First Business Financial Services Inc,7472,03-03-2023
451,FCF,First Commonwealth Financial Corp,21802,03-03-2023
452,FFBC,First Financial Bancorp,19385,03-03-2023
453,FFIN,First Financial Bankshares Inc,24877,03-03-2023
454,THFF,First Financial Corp,4099,03-03-2023
455,FFWM,First Foundation Inc,11045,03-03-2023
456,FGBI,First Guaranty Bancshares Inc,4875,03-03-2023
457,INBK,First Internet Bancorp,4967,03-03-2023
458,FIBK,First Interstate BancSystem Inc,10414,03-03-2023
459,FRME,First Merchants Corp,13394,03-03-2023
460,FMBH,First Mid Bancshares Inc,4624,03-03-2023
461,FLIC,First of Long Island Corp,9003,03-03-2023
462,MYFW,First Western Financial Inc,2334,03-03-2023
463,FCFS,FirstCash Holdings Inc,5428,03-03-2023
464,FLNG,FLEX LNG Ltd,3527,03-03-2023
465,FLR,Fluor Corp,18867,03-03-2023
466,FFIC,Flushing Financial Corp,12788,03-03-2023
467,FOCS,Focus Financial Partners Inc,4545,03-03-2023
468,FL,Foot Locker Inc,5668,03-03-2023
469,FOR,Forestar Group Inc,11074,03-03-2023
470,FORM,FormFactor Inc,18897,03-03-2023
471,FORR,Forrester Research Inc,5969,03-03-2023
472,FWRD,Forward Air Corp,10167,03-03-2023
473,FOSL,Fossil Group Inc,40080,03-03-2023
474,FCPT,Four Corners Property Trust Inc,15276,03-03-2023
475,FOXF,Fox Factory Holding Corp,5739,03-03-2023
476,FRG,Franchise Group Inc,4376,03-03-2023
477,FC,Franklin Covey Co,11689,03-03-2023
478,FELE,Franklin Electric Co Inc,11518,03-03-2023
479,FSP,Franklin Street Properties Corp,31944,03-03-2023
480,FDP,Fresh Del Monte Produce Inc,8532,03-03-2023
481,FTDR,Frontdoor Inc,20371,03-03-2023
482,FRO,Frontline PLC,7199,03-03-2023
483,FRPH,FRP Holdings Inc,3740,03-03-2023
484,FLGT,Fulgent Genetics Inc,10034,03-03-2023
485,FULT,Fulton Financial Corp,31098,03-03-2023
486,FNKO,Funko Inc,11850,03-03-2023
487,FVCB,FVCBankcorp Inc,4811,03-03-2023
488,GIII,G-III Apparel Group Ltd,10860,03-03-2023
489,GCI,Gannett Co Inc,84874,03-03-2023
490,GATX,GATX Corp,3436,03-03-2023
491,GNK,Genco Shipping & Trading Ltd,12276,03-03-2023
492,GCO,Genesco Inc,9223,03-03-2023
493,THRM,Gentherm Inc,8413,03-03-2023
494,GNW,Genworth Financial Inc,108581,03-03-2023
495,GEO,GEO Group Inc,48706,03-03-2023
496,GABC,German American Bancorp Inc,10038,03-03-2023
497,GERN,Geron Corp,38031,03-03-2023
498,GTY,Getty Realty Corp,8497,03-03-2023
499,ROCK,Gibraltar Industries Inc,5647,03-03-2023
500,GBCI,Glacier Bancorp Inc,18347,03-03-2023
501,GOOD,Gladstone Commercial Corp,11375,03-03-2023
502,LAND,Gladstone Land Corp,6150,03-03-2023
503,GKOS,Glaukos Corp,2902,03-03-2023
504,GIC,Global Industrial Co,12019,03-03-2023
505,GMRE,Global Medical REIT Inc,9554,03-03-2023
506,GNL,Global Net Lease Inc,22441,03-03-2023
507,GSAT,Globalstar Inc,59549,03-03-2023
508,GMS,GMS Inc,22947,03-03-2023
509,GOGO,Gogo Inc,14970,03-03-2023
510,GLNG,Golar LNG Ltd,8613,03-03-2023
511,GDEN,Golden Entertainment Inc,5136,03-03-2023
512,GOGL,Golden Ocean Group Ltd,11778,03-03-2023
513,GT,Goodyear Tire & Rubber Co,44819,03-03-2023
514,GPRO,GoPro Inc,38307,03-03-2023
515,GRC,Gorman-Rupp Co,3838,03-03-2023
516,EAF,GrafTech International Ltd,77217,03-03-2023
517,GHC,Graham Holdings Co,817,03-03-2023
518,GVA,Granite Construction Inc,4680,03-03-2023
519,GPMT,Granite Point Mortgage Trust Inc,4241,03-03-2023
520,GTN,Gray Television Inc,18965,03-03-2023
521,GLDD,Great Lakes Dredge & Dock Corp,16354,03-03-2023
522,GSBC,Great Southern Bancorp Inc,6364,03-03-2023
523,GRBK,Green Brick Partners Inc,6513,03-03-2023
524,GDOT,Green Dot Corp,4908,03-03-2023
525,GPRE,Green Plains Inc,4323,03-03-2023
526,GBX,Greenbrier Cos Inc,3371,03-03-2023
527,GCBC,Greene County Bancorp Inc,3155,03-03-2023
528,GEF,Greif Inc,5530,03-03-2023
529,GDYN,Grid Dynamics Holdings Inc,10947,03-03-2023
530,GFF,Griffon Corp,8768,03-03-2023
531,GPI,Group 1 Automotive Inc,3907,03-03-2023
532,GES,Guess? Inc,8561,03-03-2023
533,GPOR,Gulfport Energy Corp,2390,03-03-2023
534,HEES,H&E Equipment Services Inc,6877,03-03-2023
535,HCKT,Hackett Group Inc,21327,03-03-2023
536,HAE,Haemonetics Corp,4090,03-03-2023
537,HAIN,Hain Celestial Group Inc,10429,03-03-2023
538,HALO,Halozyme Therapeutics Inc,19327,03-03-2023
539,HLNE,Hamilton Lane Inc,8272,03-03-2023
540,HWC,Hancock Whitney Corp,12896,03-03-2023
541,HAFC,Hanmi Financial Corp,11670,03-03-2023
542,HASI,Hannon Armstrong Sustainable Infrastructure Capital Inc,4819,03-03-2023
543,HONE,HarborOne Bancorp Inc,14807,03-03-2023
544,HLIT,Harmonic Inc,24553,03-03-2023
545,HRMY,Harmony Biosciences Holdings Inc,15966,03-03-2023
546,HVT,Haverty Furniture Cos Inc,14069,03-03-2023
547,HA,Hawaiian Holdings Inc,8461,03-03-2023
548,HWKN,Hawkins Inc,2840,03-03-2023
549,FUL,HB Fuller Co,8579,03-03-2023
550,HQY,HealthEquity Inc,8619,03-03-2023
551,HSTM,HealthStream Inc,9176,03-03-2023
552,HTLD,Heartland Express Inc,7255,03-03-2023
553,HTLF,Heartland Financial USA Inc,8189,03-03-2023
554,HL,Hecla Mining Co,37972,03-03-2023
555,HSII,Heidrick & Struggles International Inc,5227,03-03-2023
556,HELE,Helen of Troy Ltd,3272,03-03-2023
557,HLIO,Helios Technologies Inc,3318,03-03-2023
558,HLX,Helix Energy Solutions Group Inc,51298,03-03-2023
559,HP,Helmerich & Payne Inc,7942,03-03-2023
560,HLF,Herbalife Nutrition Ltd,21010,03-03-2023
561,HRI,Herc Holdings Inc,3500,03-03-2023
562,HTBK,Heritage Commerce Corp,18075,03-03-2023
563,HFWA,Heritage Financial Corp,6240,03-03-2023
564,HCCI,Heritage-Crystal Clean Inc,6666,03-03-2023
565,HT,Hersha Hospitality Trust,29264,03-03-2023
566,HIBB,Hibbett Inc,6121,03-03-2023
567,HI,Hillenbrand Inc,13849,03-03-2023
568,HTH,Hilltop Holdings Inc,13285,03-03-2023
569,HGV,Hilton Grand Vacations Inc,10672,03-03-2023
570,HIFS,Hingham Institution For Savings The,1230,03-03-2023
571,HNI,HNI Corp,16745,03-03-2023
572,HBCP,Home Bancorp Inc,3741,03-03-2023
573,HOMB,Home BancShares Inc,28670,03-03-2023
574,HMST,HomeStreet Inc,9188,03-03-2023
575,HTBI,HomeTrust Bancshares Inc,5900,03-03-2023
576,HOPE,Hope Bancorp Inc,26763,03-03-2023
577,HMN,Horace Mann Educators Corp,11140,03-03-2023
578,HBNC,Horizon Bancorp Inc,12852,03-03-2023
579,TWNK,Hostess Brands Inc,33993,03-03-2023
580,HLI,Houlihan Lokey Inc,10101,03-03-2023
581,HOV,Hovnanian Enterprises Inc,2129,03-03-2023
582,HUBG,Hub Group Inc,11784,03-03-2023
583,HDSN,Hudson Technologies Inc,37598,03-03-2023
584,HURN,Huron Consulting Group Inc,5809,03-03-2023
585,IIIV,I3 Verticals Inc,6470,03-03-2023
586,ICFI,ICF International Inc,5076,03-03-2023
587,INVE,Identiv Inc,13736,03-03-2023
588,IDT,IDT Corp,13521,03-03-2023
589,IESC,IES Holdings Inc,8091,03-03-2023
590,IHRT,iHeartMedia Inc,13186,03-03-2023
591,PI,Impinj Inc,6333,03-03-2023
592,NARI,Inari Medical Inc,7262,03-03-2023
593,IRT,Independence Realty Trust Inc,22126,03-03-2023
594,INDB,Independent Bank Corp,7136,03-03-2023
595,IBCP,Independent Bank Corp,13218,03-03-2023
596,IBTX,Independent Bank Group Inc,6363,03-03-2023
597,ILPT,Industrial Logistics Properties Trust,32220,03-03-2023
598,INFN,Infinera Corp,18205,03-03-2023
599,III,Information Services Group Inc,33109,03-03-2023
600,NGVT,Ingevity Corp,7118,03-03-2023
601,IMKTA,Ingles Markets Inc,8835,03-03-2023
602,IOSP,Innospec Inc,6956,03-03-2023
603,INNV,Innovage Holding Corp,273,03-03-2023
604,IIPR,Innovative Industrial Properties Inc,2768,03-03-2023
605,INVA,Innoviva Inc,45474,03-03-2023
606,INGN,Inogen Inc,1592,03-03-2023
607,NOTV,Inotiv Inc,1309,03-03-2023
608,INSG,Inseego Corp,46744,03-03-2023
609,NSIT,Insight Enterprises Inc,8156,03-03-2023
610,INSM,Insmed Inc,6893,03-03-2023
611,NSP,Insperity Inc,8764,03-03-2023
612,INSP,Inspire Medical Systems Inc,4434,03-03-2023
613,INSE,Inspired Entertainment Inc,20633,03-03-2023
614,IBP,Installed Building Products Inc,4241,03-03-2023
615,IIIN,Insteel Industries Inc,6765,03-03-2023
616,ITGR,Integer Holdings Corp,6578,03-03-2023
617,NTLA,Intellia Therapeutics Inc,3853,03-03-2023
618,IPAR,Inter Parfums Inc,3893,03-03-2023
619,IDCC,InterDigital Inc,2440,03-03-2023
620,TILE,Interface Inc,22725,03-03-2023
621,IBOC,International Bancshares Corp,10553,03-03-2023
622,IGT,International Game Technology PLC,15631,03-03-2023
623,IMXI,International Money Express Inc,11962,03-03-2023
624,INSW,International Seaways Inc,6099,03-03-2023
625,ITCI,Intra-Cellular Therapies Inc,5662,03-03-2023
626,IPI,Intrepid Potash Inc,3819,03-03-2023
627,IVT,InvenTrust Properties Corp,6824,03-03-2023
628,ITIC,Investors Title Co,1189,03-03-2023
629,IRMD,iRadimed Corp,1981,03-03-2023
630,IRTC,iRhythm Technologies Inc,6320,03-03-2023
631,IRDM,Iridium Communications Inc,10513,03-03-2023
632,IRBT,iRobot Corp,6594,03-03-2023
633,IRWD,Ironwood Pharmaceuticals Inc,60909,03-03-2023
634,STAR,iStar Inc,19414,03-03-2023
635,ITOS,iTeos Therapeutics Inc,21921,03-03-2023
636,ITRI,Itron Inc,4702,03-03-2023
637,ISEE,IVERIC bio Inc,9485,03-03-2023
638,JJSF,J & J Snack Foods Corp,1753,03-03-2023
639,JACK,Jack in the Box Inc,3611,03-03-2023
640,JXN,Jackson Financial Inc,17932,03-03-2023
641,JELD,JELD-WEN Holding Inc,11398,03-03-2023
642,JOBY,Joby Aviation Inc,34220,03-03-2023
643,JBSS,John B Sanfilippo & Son Inc,4489,03-03-2023
644,JBT,John Bean Technologies Corp,4948,03-03-2023
645,WLY,John Wiley & Sons Inc,12565,03-03-2023
646,JOUT,Johnson Outdoors Inc,3876,03-03-2023
647,JYNT,Joint Corp,10468,03-03-2023
648,KAI,Kadant Inc,4279,03-03-2023
649,KALU,Kaiser Aluminum Corp,2688,03-03-2023
650,KAMN,Kaman Corp,5192,03-03-2023
651,KRTX,Karuna Therapeutics Inc,2067,03-03-2023
652,KPTI,Karyopharm Therapeutics Inc,68634,03-03-2023
653,KBH,KB Home,8350,03-03-2023
654,KRNY,Kearny Financial Corp,11341,03-03-2023
655,KELYA,Kelly Services Inc,16297,03-03-2023
656,KMT,Kennametal Inc,10145,03-03-2023
657,KW,Kennedy-Wilson Holdings Inc,17821,03-03-2023
658,KFRC,Kforce Inc,16392,03-03-2023
659,KE,Kimball Electronics Inc,9771,03-03-2023
660,KBAL,Kimball International Inc,31324,03-03-2023
661,KNSL,Kinsale Capital Group Inc,4327,03-03-2023
662,KRG,Kite Realty Group Trust,36546,03-03-2023
663,KREF,KKR Real Estate Finance Trust Inc,12918,03-03-2023
664,KN,Knowles Corp,22549,03-03-2023
665,KTB,Kontoor Brands Inc,10605,03-03-2023
666,KOP,Koppers Holdings Inc,4937,03-03-2023
667,KFY,Korn Ferry,10219,03-03-2023
668,KOS,Kosmos Energy Ltd,58037,03-03-2023
669,KRYS,Krystal Biotech Inc,1262,03-03-2023
670,KLIC,Kulicke & Soffa Industries Inc,15780,03-03-2023
671,LZB,La-Z-Boy Inc,15113,03-03-2023
672,LADR,Ladder Capital Corp,14546,03-03-2023
673,LBAI,Lakeland Bancorp Inc,11930,03-03-2023
674,LKFN,Lakeland Financial Corp,8874,03-03-2023
675,LANC,Lancaster Colony Corp,3483,03-03-2023
676,LE,Lands End Inc,5919,03-03-2023
677,LNTH,Lantheus Holdings Inc,10317,03-03-2023
678,LAUR,Laureate Education Inc,23237,03-03-2023
679,LCII,LCI Industries,6468,03-03-2023
680,LZ,Legalzoom.com Inc,23950,03-03-2023
681,LMAT,LeMaitre Vascular Inc,8941,03-03-2023
682,LC,LendingClub Corp,18383,03-03-2023
683,LGIH,LGI Homes Inc,1102,03-03-2023
684,LICY,Li-Cycle Holdings Corp,16483,03-03-2023
685,LBRT,Liberty Energy Inc,11355,03-03-2023
686,LILA,Liberty Latin America Ltd,5302,03-03-2023
687,LILAK,Liberty Latin America Ltd,35232,03-03-2023
688,BATRA,Liberty Media Corp-Liberty Braves,4715,03-03-2023
689,BATRK,Liberty Media Corp-Liberty Braves,4388,03-03-2023
690,LFCR,Lifecore Biomedical Inc,592,03-03-2023
691,LCUT,Lifetime Brands Inc,4920,03-03-2023
692,LGND,Ligand Pharmaceuticals Inc,5684,03-03-2023
693,LNW,Light & Wonder Inc,9392,03-03-2023
694,LNN,Lindsay Corp,1993,03-03-2023
695,LIVN,LivaNova PLC,6674,03-03-2023
696,LOB,Live Oak Bancshares Inc,9452,03-03-2023
697,LTHM,Livent Corp,11351,03-03-2023
698,RAMP,LiveRamp Holdings Inc,11505,03-03-2023
699,LXU,LSB Industries Inc,8126,03-03-2023
700,LTC,LTC Properties Inc,7147,03-03-2023
701,LAZR,Luminar Technologies Inc,18447,03-03-2023
702,LXP,LXP Industrial Trust,38059,03-03-2023
703,MHO,M/I Homes Inc,6391,03-03-2023
704,MCBC,Macatawa Bank Corp,20172,03-03-2023
705,MAC,Macerich Co,27790,03-03-2023
706,MTSI,MACOM Technology Solutions Holdings Inc,6177,03-03-2023
707,MGNI,Magnite Inc,14759,03-03-2023
708,MGY,Magnolia Oil & Gas Corp,56127,03-03-2023
709,MBUU,Malibu Boats Inc,5421,03-03-2023
710,MTW,Manitowoc Co Inc,11417,03-03-2023
711,MNKD,MannKind Corp,23984,03-03-2023
712,RTYH3,MAR 23 CME EMINIRUS2K,52,03-03-2023
713,MMI,Marcus & Millichap Inc,24438,03-03-2023
714,MCS,Marcus Corp,8969,03-03-2023
715,MPX,Marine Products Corp,2011,03-03-2023
716,HZO,MarineMax Inc,8380,03-03-2023
717,MRTN,Marten Transport Ltd,7550,03-03-2023
718,DOOR,Masonite International Corp,4768,03-03-2023
719,MCFT,MasterCraft Boat Holdings Inc,14535,03-03-2023
720,MTDR,Matador Resources Co,21634,03-03-2023
721,MTRN,Materion Corp,4129,03-03-2023
722,MATV,Mativ Holdings Inc,6384,03-03-2023
723,MATX,Matson Inc,11737,03-03-2023
724,MATW,Matthews International Corp,6904,03-03-2023
725,MAXR,Maxar Technologies Inc,7597,03-03-2023
726,MMS,Maximus Inc,11295,03-03-2023
727,MXL,MaxLinear Inc,16514,03-03-2023
728,MBI,MBIA Inc,32585,03-03-2023
729,MGRC,McGrath RentCorp,2500,03-03-2023
730,MDC,MDC Holdings Inc,6611,03-03-2023
731,MED,Medifast Inc,2742,03-03-2023
732,MEDP,Medpace Holdings Inc,6563,03-03-2023
733,MBWM,Mercantile Bank Corp,7102,03-03-2023
734,MMSI,Merit Medical Systems Inc,7696,03-03-2023
735,MTH,Meritage Homes Corp,6066,03-03-2023
736,MLAB,Mesa Laboratories Inc,867,03-03-2023
737,MEI,Methode Electronics Inc,9539,03-03-2023
738,MCB,Metropolitan Bank Holding Corp,1827,03-03-2023
739,MFA,MFA Financial Inc,10230,03-03-2023
740,MGEE,MGE Energy Inc,7339,03-03-2023
741,MGPI,MGP Ingredients Inc,1938,03-03-2023
742,MSEX,Middlesex Water Co,3072,03-03-2023
743,MSBI,Midland States Bancorp Inc,5532,03-03-2023
744,MOFG,MidWestOne Financial Group Inc,4558,03-03-2023
745,MLR,Miller Industries Inc,2731,03-03-2023
746,MLKN,MillerKnoll Inc,12930,03-03-2023
747,MDXG,MiMedx Group Inc,87577,03-03-2023
748,MTX,Minerals Technologies Inc,6121,03-03-2023
749,MITK,Mitek Systems Inc,20164,03-03-2023
750,MODN,Model N Inc,10934,03-03-2023
751,MOD,Modine Manufacturing Co,14128,03-03-2023
752,MODV,ModivCare Inc,3879,03-03-2023
753,MC,Moelis & Co,13121,03-03-2023
754,MNTV,Momentive Global Inc,17996,03-03-2023
755,MCRI,Monarch Casino & Resort Inc,3748,03-03-2023
756,MGI,MoneyGram International Inc,19312,03-03-2023
757,MNRO,Monro Inc,4058,03-03-2023
758,MNTK,Montauk Renewables Inc,40745,03-03-2023
759,MOG/A,Moog Inc,5622,03-03-2023
760,MOV,Movado Group Inc,8829,03-03-2023
761,COOP,Mr Cooper Group Inc,32705,03-03-2023
762,MRC,MRC Global Inc,27474,03-03-2023
763,MLI,Mueller Industries Inc,17073,03-03-2023
764,MWA,Mueller Water Products Inc,20752,03-03-2023
765,MPLN,Multiplan Corp,131907,03-03-2023
766,MUR,Murphy Oil Corp,21176,03-03-2023
767,MUSA,Murphy USA Inc,5604,03-03-2023
768,MYE,Myers Industries Inc,31746,03-03-2023
769,MYRG,MYR Group Inc,5516,03-03-2023
770,MYGN,Myriad Genetics Inc,36399,03-03-2023
771,NBR,Nabors Industries Ltd,3003,03-03-2023
772,NC,NACCO Industries Inc,3777,03-03-2023
773,NSSC,Napco Security Technologies Inc,21516,03-03-2023
774,NBHC,National Bank Holdings Corp,5513,03-03-2023
775,FIZZ,National Beverage Corp,11697,03-03-2023
776,NESR,National Energy Services Reunited Corp,11172,03-03-2023
777,NHI,National Health Investors Inc,6798,03-03-2023
778,NHC,National HealthCare Corp,5144,03-03-2023
779,NPK,National Presto Industries Inc,734,03-03-2023
780,NRC,National Research Corp,8066,03-03-2023
781,EYE,National Vision Holdings Inc,9516,03-03-2023
782,NWLI,National Western Life Group Inc,804,03-03-2023
783,NAVI,Navient Corp,45826,03-03-2023
784,NBTB,NBT Bancorp Inc,8656,03-03-2023
785,RTL,Necessity Retail REIT Inc,34613,03-03-2023
786,NNI,Nelnet Inc,5145,03-03-2023
787,NEOG,Neogen Corp,8264,03-03-2023
788,NEO,NeoGenomics Inc,11746,03-03-2023
789,NTGR,NETGEAR Inc,9450,03-03-2023
790,NTCT,NetScout Systems Inc,17527,03-03-2023
791,NTST,NETSTREIT Corp,5427,03-03-2023
792,NVRO,Nevro Corp,6082,03-03-2023
793,NJR,New Jersey Resources Corp,16483,03-03-2023
794,NYMT,New York Mortgage Trust Inc,38898,03-03-2023
795,NMRK,Newmark Group Inc,31967,03-03-2023
796,NREF,Nexpoint Real Estate Finance Inc,7305,03-03-2023
797,NXRT,NexPoint Residential Trust Inc,5969,03-03-2023
798,NXGN,NextGen Healthcare Inc,35905,03-03-2023
799,NEX,NexTier Oilfield Solutions Inc,25729,03-03-2023
800,NIC,Nicolet Bankshares Inc,4448,03-03-2023
801,NMIH,NMI Holdings Inc,19377,03-03-2023
802,NE,Noble Corp PLC,6900,03-03-2023
803,NBN,Northeast Bank,6261,03-03-2023
804,NOG,Northern Oil and Gas Inc,9016,03-03-2023
805,NWBI,Northwest Bancshares Inc,16755,03-03-2023
806,NWN,Northwest Natural Holding Co,5401,03-03-2023
807,NWPX,Northwest Pipe Co,5378,03-03-2023
808,NWE,NorthWestern Corp,10751,03-03-2023
809,NG,Novagold Resources Inc,20572,03-03-2023
810,NOVT,Novanta Inc,5696,03-03-2023
811,DNOW,NOW Inc,64389,03-03-2023
812,NUS,Nu Skin Enterprises Inc,10539,03-03-2023
813,NUVA,NuVasive Inc,11667,03-03-2023
814,NVEE,NV5 Global Inc,6786,03-03-2023
815,OI,O-I Glass Inc,25717,03-03-2023
816,OII,Oceaneering International Inc,19821,03-03-2023
817,OCFC,OceanFirst Financial Corp,8397,03-03-2023
818,ODP,ODP Corp,9377,03-03-2023
819,OPAD,Offerpad Solutions Inc,45122,03-03-2023
820,OPI,Office Properties Income Trust,17623,03-03-2023
821,OFG,OFG Bancorp,16681,03-03-2023
822,OIS,Oil States International Inc,25971,03-03-2023
823,ONB,Old National Bancorp,42275,03-03-2023
824,OSBC,Old Second Bancorp Inc,15909,03-03-2023
825,ZEUS,Olympic Steel Inc,8845,03-03-2023
826,OFLX,Omega Flex Inc,2889,03-03-2023
827,OMCL,Omnicell Inc,6554,03-03-2023
828,OGS,ONE Gas Inc,11579,03-03-2023
829,OSPN,OneSpan Inc,14357,03-03-2023
830,ONEW,OneWater Marine Inc,3940,03-03-2023
831,ONTO,Onto Innovation Inc,12346,03-03-2023
832,OOMA,Ooma Inc,20522,03-03-2023
833,LPRO,Open Lending Corp,18557,03-03-2023
834,OPK,OPKO Health Inc,137245,03-03-2023
835,OPRT,Oportun Financial Corp,1872,03-03-2023
836,OPY,Oppenheimer Holdings Inc,7233,03-03-2023
837,OPCH,Option Care Health Inc,22291,03-03-2023
838,ORGO,Organogenesis Holdings Inc,65199,03-03-2023
839,OBNK,Origin Bancorp Inc,3211,03-03-2023
840,OEC,Orion Engineered Carbons SA,23767,03-03-2023
841,ONL,Orion Office REIT Inc,17264,03-03-2023
842,ORA,Ormat Technologies Inc,10121,03-03-2023
843,OFIX,Orthofix Medical Inc,16462,03-03-2023
844,OSIS,OSI Systems Inc,3767,03-03-2023
845,OTTR,Otter Tail Corp,12467,03-03-2023
846,OUT,Outfront Media Inc,16107,03-03-2023
847,OSTK,Overstock.com Inc,7554,03-03-2023
848,OMI,Owens & Minor Inc,19585,03-03-2023
849,OXM,Oxford Industries Inc,6472,03-03-2023
850,PACB,Pacific Biosciences of California Inc,9518,03-03-2023
851,PPBI,Pacific Premier Bancorp Inc,12309,03-03-2023
852,PCRX,Pacira BioSciences Inc,10324,03-03-2023
853,PTVE,Pactiv Evergreen Inc,9451,03-03-2023
854,PLMR,Palomar Holdings Inc,1990,03-03-2023
855,PTSI,PAM Transportation Services Inc,3707,03-03-2023
856,PZZA,Papa Johns International Inc,7770,03-03-2023
857,PARR,Par Pacific Holdings Inc,9062,03-03-2023
858,PGRE,Paramount Group Inc,42281,03-03-2023
859,PRK,Park National Corp,4231,03-03-2023
860,PKBK,Parke Bancorp Inc,9417,03-03-2023
861,PSN,Parsons Corp,10560,03-03-2023
862,CASH,Pathward Financial Inc,11320,03-03-2023
863,PATK,Patrick Industries Inc,7500,03-03-2023
864,PDCO,Patterson Cos Inc,20646,03-03-2023
865,PTEN,Patterson-UTI Energy Inc,13108,03-03-2023
866,PSFE,Paysafe Ltd,14964,03-03-2023
867,PBF,PBF Energy Inc,18360,03-03-2023
868,CNXN,PC Connection Inc,10466,03-03-2023
869,PCB,PCB Bancorp,10842,03-03-2023
870,PDFS,PDF Solutions Inc,4356,03-03-2023
871,BTU,Peabody Energy Corp,15496,03-03-2023
872,PGC,Peapack-Gladstone Financial Corp,7455,03-03-2023
873,PEB,Pebblebrook Hotel Trust,21218,03-03-2023
874,MD,Pediatrix Medical Group Inc,17242,03-03-2023
875,PFSI,PennyMac Financial Services Inc,14388,03-03-2023
876,PMT,PennyMac Mortgage Investment Trust,11417,03-03-2023
877,PEBO,Peoples Bancorp Inc,13815,03-03-2023
878,PFIS,Peoples Financial Services Corp,3900,03-03-2023
879,PRDO,Perdoceo Education Corp,63286,03-03-2023
880,PRFT,Perficient Inc,8427,03-03-2023
881,PRM,Perimeter Solutions SA,10900,03-03-2023
882,PR,Permian Resources Corp,46764,03-03-2023
883,PETQ,PetIQ Inc,11407,03-03-2023
884,PETS,PetMed Express Inc,8050,03-03-2023
885,PGTI,PGT Innovations Inc,20455,03-03-2023
886,PAHC,Phibro Animal Health Corp,19001,03-03-2023
887,PECO,Phillips Edison & Co Inc,9551,03-03-2023
888,PLAB,Photronics Inc,26220,03-03-2023
889,DOC,Physicians Realty Trust,31259,03-03-2023
890,PLL,Piedmont Lithium Inc,1760,03-03-2023
891,PDM,Piedmont Office Realty Trust Inc,27343,03-03-2023
892,PIPR,Piper Sandler Cos,3651,03-03-2023
893,PJT,PJT Partners Inc,6649,03-03-2023
894,MYPS,Playstudios Inc,28365,03-03-2023
895,PLXS,Plexus Corp,5542,03-03-2023
896,PLYM,Plymouth Industrial REIT Inc,6435,03-03-2023
897,PNM,PNM Resources Inc,17451,03-03-2023
898,POR,Portland General Electric Co,19338,03-03-2023
899,PSTL,Postal Realty Trust Inc,11374,03-03-2023
900,PCH,PotlatchDeltic Corp,23958,03-03-2023
901,POWL,Powell Industries Inc,5296,03-03-2023
902,POWI,Power Integrations Inc,10640,03-03-2023
903,PRAA,PRA Group Inc,9032,03-03-2023
904,PFBC,Preferred Bank,7923,03-03-2023
905,PLPC,Preformed Line Products Co,2331,03-03-2023
906,PFC,Premier Financial Corp,7559,03-03-2023
907,PBH,Prestige Consumer Healthcare Inc,16239,03-03-2023
908,PSMT,PriceSmart Inc,2523,03-03-2023
909,FRST,Primis Financial Corp,9147,03-03-2023
910,--,PRIMO WATER CORPORATION,33048,03-03-2023
911,PRIM,Primoris Services Corp,12083,03-03-2023
912,PRA,ProAssurance Corp,9453,03-03-2023
913,PRCT,PROCEPT BioRobotics Corp,2103,03-03-2023
914,PRG,PROG Holdings Inc,13477,03-03-2023
915,PRGS,Progress Software Corp,12240,03-03-2023
916,PGNY,Progyny Inc,5718,03-03-2023
917,RXDX,Prometheus Biosciences Inc,3350,03-03-2023
918,PUMP,ProPetro Holding Corp,40125,03-03-2023
919,PRO,PROS Holdings Inc,5429,03-03-2023
920,PRTA,Prothena Corp PLC,3314,03-03-2023
921,PRLB,Proto Labs Inc,6479,03-03-2023
922,PFS,Provident Financial Services Inc,15346,03-03-2023
923,PTCT,PTC Therapeutics Inc,11587,03-03-2023
924,PCYO,Pure Cycle Corp,18142,03-03-2023
925,QCRH,QCR Holdings Inc,6354,03-03-2023
926,KWR,Quaker Chemical Corp,1157,03-03-2023
927,QLYS,Qualys Inc,6733,03-03-2023
928,NX,Quanex Building Products Corp,14814,03-03-2023
929,QNST,QuinStreet Inc,11933,03-03-2023
930,RXT,Rackspace Technology Inc,55355,03-03-2023
931,RDN,Radian Group Inc,45193,03-03-2023
932,RLGT,Radiant Logistics Inc,35305,03-03-2023
933,RDNT,RadNet Inc,9324,03-03-2023
934,METC,Ramaco Resources Inc,20887,03-03-2023
935,RMBS,Rambus Inc,23669,03-03-2023
936,ROCC,Ranger Oil Corp,9135,03-03-2023
937,RPD,Rapid7 Inc,7980,03-03-2023
938,RYAM,Rayonier Advanced Materials Inc,36781,03-03-2023
939,RBC,RBC Bearings Inc,2687,03-03-2023
940,RICK,RCI Hospitality Holdings Inc,3354,03-03-2023
941,RMAX,RE/MAX Holdings Inc,14797,03-03-2023
942,RC,Ready Capital Corp,20783,03-03-2023
943,RETA,Reata Pharmaceuticals Inc,2528,03-03-2023
944,RRR,Red Rock Resorts Inc,8135,03-03-2023
945,RDVT,Red Violet Inc,2969,03-03-2023
946,RDFN,Redfin Corp,55690,03-03-2023
947,RWT,Redwood Trust Inc,13702,03-03-2023
948,RGNX,REGENXBIO Inc,17999,03-03-2023
949,RM,Regional Management Corp,6468,03-03-2023
950,RELY,Remitly Global Inc,9615,03-03-2023
951,RNST,Renasant Corp,9930,03-03-2023
952,RPAY,Repay Holdings Corp,27454,03-03-2023
953,RBCAA,Republic Bancorp Inc,5856,03-03-2023
954,REZI,Resideo Technologies Inc,26261,03-03-2023
955,RGP,Resources Connection Inc,28761,03-03-2023
956,ROIC,Retail Opportunity Investments Corp,20069,03-03-2023
957,REVG,REV Group Inc,15489,03-03-2023
958,RVNC,Revance Therapeutics Inc,5355,03-03-2023
959,RVMD,REVOLUTION Medicines Inc,3803,03-03-2023
960,RVLV,Revolve Group Inc,5531,03-03-2023
961,REX,REX American Resources Corp,6896,03-03-2023
962,RBBN,Ribbon Communications Inc,43336,03-03-2023
963,RMNI,Rimini Street Inc,3727,03-03-2023
964,REI,Ring Energy Inc,56016,03-03-2023
965,RLI,RLI Corp,6310,03-03-2023
966,RLJ,RLJ Lodging Trust,22833,03-03-2023
967,RMR,RMR Group Inc,11068,03-03-2023
968,ROG,Rogers Corp,924,03-03-2023
969,RES,RPC Inc,57162,03-03-2023
970,RPT,RPT Realty,23998,03-03-2023
971,RUSHA,Rush Enterprises Inc,13452,03-03-2023
972,RUSHB,Rush Enterprises Inc,6194,03-03-2023
973,RSI,Rush Street Interactive Inc,26591,03-03-2023
974,RYI,Ryerson Holding Corp,18262,03-03-2023
975,RHP,Ryman Hospitality Properties Inc,5340,03-03-2023
976,STBA,S&T Bancorp Inc,8023,03-03-2023
977,SBRA,Sabra Health Care REIT Inc,35301,03-03-2023
978,SABR,Sabre Corp,14033,03-03-2023
979,SB,Safe Bulkers Inc,44763,03-03-2023
980,SAFT,Safety Insurance Group Inc,4828,03-03-2023
981,SAGE,Sage Therapeutics Inc,2217,03-03-2023
982,SAIA,Saia Inc,3588,03-03-2023
983,SBH,Sally Beauty Holdings Inc,24432,03-03-2023
984,SD,SandRidge Energy Inc,20860,03-03-2023
985,SASR,Sandy Spring Bancorp Inc,11023,03-03-2023
986,SANM,Sanmina Corp,14299,03-03-2023
987,SPNS,Sapiens International Corp NV,8988,03-03-2023
988,BFS,Saul Centers Inc,2515,03-03-2023
989,SCSC,ScanSource Inc,8674,03-03-2023
990,SCHN,Schnitzer Steel Industries Inc,14167,03-03-2023
991,SCHL,Scholastic Corp,12080,03-03-2023
992,STNG,Scorpio Tankers Inc,6973,03-03-2023
993,SBCF,Seacoast Banking Corp of Florida,8407,03-03-2023
994,SEAS,SeaWorld Entertainment Inc,4765,03-03-2023
995,SCWX,SecureWorks Corp,6751,03-03-2023
996,SEM,Select Medical Holdings Corp,14699,03-03-2023
997,SIGI,Selective Insurance Group Inc,11991,03-03-2023
998,SMTC,Semtech Corp,11356,03-03-2023
999,SXT,Sensient Technologies Corp,7988,03-03-2023
1000,SVC,Service Properties Trust,36379,03-03-2023
1001,SFBS,ServisFirst Bancshares Inc,13933,03-03-2023
1002,SFL,SFL Corp Ltd,20985,03-03-2023
1003,SHLS,Shoals Technologies Group Inc,5439,03-03-2023
1004,SWAV,Shockwave Medical Inc,5185,03-03-2023
1005,SCVL,Shoe Carnival Inc,14448,03-03-2023
1006,SHBI,Shore Bancshares Inc,6898,03-03-2023
1007,SSTI,ShotSpotter Inc,5135,03-03-2023
1008,SSTK,Shutterstock Inc,7466,03-03-2023
1009,SHYF,Shyft Group Inc,13270,03-03-2023
1010,SIBN,SI-BONE Inc,8208,03-03-2023
1011,BSRR,Sierra Bancorp,6932,03-03-2023
1012,SIGA,SIGA Technologies Inc,45270,03-03-2023
1013,SIG,Signet Jewelers Ltd,8809,03-03-2023
1014,SLAB,Silicon Laboratories Inc,3631,03-03-2023
1015,SILK,Silk Road Medical Inc,6531,03-03-2023
1016,SBOW,SilverBow Resources Inc,10516,03-03-2023
1017,SI,Silvergate Capital Corp,4257,03-03-2023
1018,SFNC,Simmons First National Corp,16071,03-03-2023
1019,SMPL,Simply Good Foods Co,10214,03-03-2023
1020,SSD,Simpson Manufacturing Co Inc,11030,03-03-2023
1021,SBGI,Sinclair Broadcast Group Inc,7543,03-03-2023
1022,SPNT,SiriusPoint Ltd,24185,03-03-2023
1023,SITC,SITE Centers Corp,25516,03-03-2023
1024,SITM,SiTime Corp,1937,03-03-2023
1025,STR,Sitio Royalties Corp,10309,03-03-2023
1026,SJW,SJW Group,5276,03-03-2023
1027,SKY,Skyline Champion Corp,7589,03-03-2023
1028,SNBR,Sleep Number Corp,9343,03-03-2023
1029,SM,SM Energy Co,37213,03-03-2023
1030,SGH,SMART Global Holdings Inc,24004,03-03-2023
1031,SWBI,Smith & Wesson Brands Inc,22346,03-03-2023
1032,SOI,Solaris Oilfield Infrastructure Inc,16206,03-03-2023
1033,SAH,Sonic Automotive Inc,4931,03-03-2023
1034,SONO,Sonos Inc,24003,03-03-2023
1035,SFST,Southern First Bancshares Inc,5945,03-03-2023
1036,SMBC,Southern Missouri Bancorp Inc,6385,03-03-2023
1037,SBSI,Southside Bancshares Inc,6393,03-03-2023
1038,SSB,SouthState Corp,9688,03-03-2023
1039,SWX,Southwest Gas Holdings Inc,10488,03-03-2023
1040,SP,SP Plus Corp,7293,03-03-2023
1041,SPTN,SpartanNash Co,17910,03-03-2023
1042,SR,Spire Inc,9191,03-03-2023
1043,SAVE,Spirit Airlines Inc,6281,03-03-2023
1044,SPWH,Sportsmans Warehouse Holdings Inc,18280,03-03-2023
1045,SPT,Sprout Social Inc,6394,03-03-2023
1046,SFM,Sprouts Farmers Market Inc,23838,03-03-2023
1047,SPSC,SPS Commerce Inc,7859,03-03-2023
1048,SPXC,SPX Technologies Inc,6430,03-03-2023
1049,SQSP,Squarespace Inc,10116,03-03-2023
1050,JOE,St Joe Co,5867,03-03-2023
1051,STAA,STAAR Surgical Co,9203,03-03-2023
1052,STAG,STAG Industrial Inc,23157,03-03-2023
1053,STGW,Stagwell Inc,25618,03-03-2023
1054,SMP,Standard Motor Products Inc,10327,03-03-2023
1055,SXI,Standex International Corp,2334,03-03-2023
1056,SCS,Steelcase Inc,32287,03-03-2023
1057,STEL,Stellar Bancorp Inc,8063,03-03-2023
1058,STEM,Stem Inc,8428,03-03-2023
1059,SCL,Stepan Co,3803,03-03-2023
1060,STEP,StepStone Group Inc,6766,03-03-2023
1061,STRL,Sterling Infrastructure Inc,7895,03-03-2023
1062,SHOO,Steven Madden Ltd,17429,03-03-2023
1063,STC,Stewart Information Services Corp,10052,03-03-2023
1064,SFIX,Stitch Fix Inc,33358,03-03-2023
1065,SYBT,Stock Yards Bancorp Inc,6933,03-03-2023
1066,STNE,StoneCo Ltd,39457,03-03-2023
1067,SRI,Stoneridge Inc,14783,03-03-2023
1068,SNEX,StoneX Group Inc,6130,03-03-2023
1069,STRA,Strategic Education Inc,4107,03-03-2023
1070,LRN,Stride Inc,20796,03-03-2023
1071,RGR,Sturm Ruger & Co Inc,7179,03-03-2023
1072,INN,Summit Hotel Properties Inc,35892,03-03-2023
1073,SUM,Summit Materials Inc,15219,03-03-2023
1074,SXC,SunCoke Energy Inc,38630,03-03-2023
1075,NOVA,Sunnova Energy International Inc,6598,03-03-2023
1076,SPWR,SunPower Corp,5390,03-03-2023
1077,SHO,Sunstone Hotel Investors Inc,31258,03-03-2023
1078,SMCI,Super Micro Computer Inc,5857,03-03-2023
1079,SUPN,Supernus Pharmaceuticals Inc,32907,03-03-2023
1080,SGRY,Surgery Partners Inc,6371,03-03-2023
1081,SRDX,Surmodics Inc,6498,03-03-2023
1082,SLVM,Sylvamo Corp,4392,03-03-2023
1083,SYNA,Synaptics Inc,8673,03-03-2023
1084,SNDX,Syndax Pharmaceuticals Inc,7886,03-03-2023
1085,TCMD,Tactile Systems Technology Inc,18069,03-03-2023
1086,TALO,Talos Energy Inc,31018,03-03-2023
1087,SKT,Tanger Factory Outlet Centers Inc,21821,03-03-2023
1088,TMHC,Taylor Morrison Home Corp,21527,03-03-2023
1089,TNK,Teekay Tankers Ltd,3385,03-03-2023
1090,TGNA,TEGNA Inc,39504,03-03-2023
1091,TDS,Telephone and Data Systems Inc,14199,03-03-2023
1092,TELL,Tellurian Inc,41549,03-03-2023
1093,TENB,Tenable Holdings Inc,12771,03-03-2023
1094,TNC,Tennant Co,7643,03-03-2023
1095,TEX,Terex Corp,12018,03-03-2023
1096,TRNO,Terreno Realty Corp,10143,03-03-2023
1097,TTI,TETRA Technologies Inc,45765,03-03-2023
1098,TCBI,Texas Capital Bancshares Inc,6454,03-03-2023
1099,TXRH,Texas Roadhouse Inc,8960,03-03-2023
1100,TGH,Textainer Group Holdings Ltd,9261,03-03-2023
1101,THRY,Thryv Holdings Inc,9747,03-03-2023
1102,TDW,Tidewater Inc,3935,03-03-2023
1103,TMST,TimkenSteel Corp,19955,03-03-2023
1104,TWI,Titan International Inc,14825,03-03-2023
1105,TITN,Titan Machinery Inc,14133,03-03-2023
1106,TMP,Tompkins Financial Corp,3596,03-03-2023
1107,TR,Tootsie Roll Industries Inc,2719,03-03-2023
1108,MODG,Topgolf Callaway Brands Corp,11848,03-03-2023
1109,TOWN,Towne Bank,13376,03-03-2023
1110,TRTX,TPG RE Finance Trust Inc,14011,03-03-2023
1111,TRNS,Transcat Inc,6634,03-03-2023
1112,TMDX,TransMedics Group Inc,1521,03-03-2023
1113,TA,TravelCenters of America Inc,3957,03-03-2023
1114,TVTX,Travere Therapeutics Inc,18449,03-03-2023
1115,TG,Tredegar Corp,11329,03-03-2023
1116,THS,TreeHouse Foods Inc,10793,03-03-2023
1117,TPH,Tri Pointe Homes Inc,22744,03-03-2023
1118,TCBK,TriCo Bancshares,8760,03-03-2023
1119,TRS,TriMas Corp,9448,03-03-2023
1120,TNET,TriNet Group Inc,6164,03-03-2023
1121,TRN,Trinity Industries Inc,5978,03-03-2023
1122,TSE,Trinseo PLC,6554,03-03-2023
1123,TRTN,Triton International Ltd,8130,03-03-2023
1124,TFIN,Triumph Financial Inc,6629,03-03-2023
1125,TROX,Tronox Holdings PLC,22390,03-03-2023
1126,TBI,TrueBlue Inc,24790,03-03-2023
1127,TRUE,TrueCar Inc,86353,03-03-2023
1128,TRST,TrustCo Bank Corp NY,5583,03-03-2023
1129,TRMK,Trustmark Corp,12361,03-03-2023
1130,TTEC,TTEC Holdings Inc,4889,03-03-2023
1131,TTMI,TTM Technologies Inc,29768,03-03-2023
1132,TUP,Tupperware Brands Corp,26814,03-03-2023
1133,TPB,Turning Point Brands Inc,5326,03-03-2023
1134,HEAR,Turtle Beach Corp,12231,03-03-2023
1135,TPC,Tutor Perini Corp,16682,03-03-2023
1136,TWO,Two Harbors Investment Corp,20762,03-03-2023
1137,UDMY,Udemy Inc,10446,03-03-2023
1138,UFPI,UFP Industries Inc,16060,03-03-2023
1139,UFPT,UFP Technologies Inc,5630,03-03-2023
1140,UCTT,Ultra Clean Holdings Inc,11887,03-03-2023
1141,UMBF,UMB Financial Corp,8412,03-03-2023
1142,UMH,UMH Properties Inc,10934,03-03-2023
1143,UFI,Unifi Inc,339,03-03-2023
1144,UNF,UniFirst Corp,2783,03-03-2023
1145,UIS,Unisys Corp,30933,03-03-2023
1146,UBSI,United Bankshares Inc,17220,03-03-2023
1147,UCBI,United Community Banks Inc,17466,03-03-2023
1148,UFCS,United Fire Group Inc,2077,03-03-2023
1149,UNFI,United Natural Foods Inc,17064,03-03-2023
1150,USM,United States Cellular Corp,9382,03-03-2023
1151,USLM,United States Lime & Minerals Inc,1890,03-03-2023
1152,UNIT,Uniti Group Inc,43485,03-03-2023
1153,UTL,Unitil Corp,5126,03-03-2023
1154,UNTY,Unity Bancorp Inc,6559,03-03-2023
1155,UVV,Universal Corp,6665,03-03-2023
1156,UHT,Universal Health Realty Income Trust,2995,03-03-2023
1157,UVE,Universal Insurance Holdings Inc,12432,03-03-2023
1158,UTI,Universal Technical Institute Inc,4734,03-03-2023
1159,UVSP,Univest Financial Corp,6633,03-03-2023
1160,UPBD,Upbound Group Inc,21520,03-03-2023
1161,UPLD,Upland Software Inc,20106,03-03-2023
1162,UPWK,Upwork Inc,17390,03-03-2023
1163,UEC,Uranium Energy Corp,43389,03-03-2023
1164,UE,Urban Edge Properties,12265,03-03-2023
1165,URBN,Urban Outfitters Inc,7923,03-03-2023
1166,UBA,Urstadt Biddle Properties Inc,2141,03-03-2023
1167,USPH,US Physical Therapy Inc,2588,03-03-2023
1168,SLCA,US Silica Holdings Inc,19360,03-03-2023
1169,USNA,USANA Health Sciences Inc,5465,03-03-2023
1170,UTZ,Utz Brands Inc,7530,03-03-2023
1171,VVX,V2X Inc,6695,03-03-2023
1172,EGY,VAALCO Energy Inc,64866,03-03-2023
1173,VAL,Valaris Ltd,6807,03-03-2023
1174,VLY,Valley National Bancorp,67487,03-03-2023
1175,VNDA,Vanda Pharmaceuticals Inc,51718,03-03-2023
1176,VREX,Varex Imaging Corp,14076,03-03-2023
1177,VRNS,Varonis Systems Inc,14417,03-03-2023
1178,PCVX,Vaxcyte Inc,4229,03-03-2023
1179,VGR,Vector Group Ltd,35740,03-03-2023
1180,VECO,Veeco Instruments Inc,10292,03-03-2023
1181,VCYT,Veracyte Inc,7977,03-03-2023
1182,MDRX,Veradigm Inc,36677,03-03-2023
1183,VCEL,Vericel Corp,23026,03-03-2023
1184,VRNT,Verint Systems Inc,12767,03-03-2023
1185,VRE,Veris Residential Inc,19728,03-03-2023
1186,VBTX,Veritex Holdings Inc,9771,03-03-2023
1187,VRTV,Veritiv Corp,9701,03-03-2023
1188,VERI,Veritone Inc,13883,03-03-2023
1189,VRRM,Verra Mobility Corp,20572,03-03-2023
1190,VIA,Via Renewables Inc,1934,03-03-2023
1191,VIAV,Viavi Solutions Inc,37875,03-03-2023
1192,VICR,Vicor Corp,7056,03-03-2023
1193,VIEW,View Inc,24712,03-03-2023
1194,VLGEA,Village Super Market Inc,7888,03-03-2023
1195,VIR,Vir Biotechnology Inc,36101,03-03-2023
1196,VRTS,Virtus Investment Partners Inc,2387,03-03-2023
1197,VSH,Vishay Intertechnology Inc,27058,03-03-2023
1198,VPG,Vishay Precision Group Inc,7794,03-03-2023
1199,VSTO,Vista Outdoor Inc,13442,03-03-2023
1200,VC,Visteon Corp,2461,03-03-2023
1201,VTLE,Vital Energy Inc,8365,03-03-2023
1202,VITL,Vital Farms Inc,14115,03-03-2023
1203,WTI,W&T Offshore Inc,85856,03-03-2023
1204,WNC,Wabash National Corp,11928,03-03-2023
1205,WD,Walker & Dunlop Inc,9593,03-03-2023
1206,HCC,Warrior Met Coal Inc,23287,03-03-2023
1207,WAFD,Washington Federal Inc,14317,03-03-2023
1208,WASH,Washington Trust Bancorp Inc,6559,03-03-2023
1209,WSBF,Waterstone Financial Inc,16163,03-03-2023
1210,WTS,Watts Water Technologies Inc,7496,03-03-2023
1211,WDFC,WD-40 Co,2995,03-03-2023
1212,WFRD,Weatherford International PLC,6528,03-03-2023
1213,WMK,Weis Markets Inc,5725,03-03-2023
1214,WERN,Werner Enterprises Inc,9056,03-03-2023
1215,WSBC,WesBanco Inc,11230,03-03-2023
1216,WTBA,West BanCorp Inc,12525,03-03-2023
1217,WABC,Westamerica BanCorp,5822,03-03-2023
1218,WSR,Whitestone REIT,21618,03-03-2023
1219,WLDN,Willdan Group Inc,8054,03-03-2023
1220,WING,Wingstop Inc,6342,03-03-2023
1221,WINA,Winmark Corp,2275,03-03-2023
1222,WGO,Winnebago Industries Inc,10768,03-03-2023
1223,WWW,Wolverine World Wide Inc,13839,03-03-2023
1224,WK,Workiva Inc,7587,03-03-2023
1225,WRLD,World Acceptance Corp,1498,03-03-2023
1226,INT,World Fuel Services Corp,14284,03-03-2023
1227,WOR,Worthington Industries Inc,6814,03-03-2023
1228,WSFS,WSFS Financial Corp,12108,03-03-2023
1229,WW,WW International Inc,42452,03-03-2023
1230,XNCR,Xencor Inc,10981,03-03-2023
1231,XHR,Xenia Hotels & Resorts Inc,16308,03-03-2023
1232,XRX,Xerox Holdings Corp,23816,03-03-2023
1233,XMTR,Xometry Inc,2270,03-03-2023
1234,XPEL,XPEL Inc,8079,03-03-2023
1235,XPER,Xperi Inc,8835,03-03-2023
1236,YELP,Yelp Inc,21294,03-03-2023
1237,YEXT,Yext Inc,35820,03-03-2023
1238,YORW,York Water Co,4884,03-03-2023
1239,ZETA,Zeta Global Holdings Corp,29005,03-03-2023
1240,ZD,Ziff Davis Inc,6281,03-03-2023
1241,ZIMV,Zimvie Inc,9396,03-03-2023
1242,ZIP,ZipRecruiter Inc,7777,03-03-2023
1243,ZUMZ,Zumiez Inc,11987,03-03-2023
1244,ZUO,Zuora Inc,23515,03-03-2023
1245,ZWS,Zurn Elkay Water Solutions Corp,9991,03-03-2023
1246,ZYXI,Zynex Inc,20939,03-03-2023
1247,EUR,EUR EUROPEAN UNION EURO,0,03-03-2023
1248,--,USD U.S. DOLLAR,0,03-03-2023
