,Ticker,Name,Shares,Date
0,FLWS,1-800-Flowers.com Inc,19282,06-05-2024
1,SRCE,1st Source Corp,3543,06-05-2024
2,EGHT,8x8 Inc,104454,06-05-2024
3,AMRK,A-Mark Precious Metals Inc,12457,06-05-2024
4,ATEN,A10 Networks Inc,43817,06-05-2024
5,AAON,AAON Inc,11525,06-05-2024
6,AIR,AAR Corp,6978,06-05-2024
7,AAN,Aarons Co Inc,18536,06-05-2024
8,ANF,Abercrombie & Fitch Co,12883,06-05-2024
9,ABM,ABM Industries Inc,11995,06-05-2024
10,ASO,Academy Sports & Outdoors Inc,12570,06-05-2024
11,ACAD,ACADIA Pharmaceuticals Inc,38010,06-05-2024
12,AKR,Acadia Realty Trust,17859,06-05-2024
13,ACCO,ACCO Brands Corp,36119,06-05-2024
14,ACIW,ACI Worldwide Inc,18605,06-05-2024
15,ACMR,ACM Research Inc,5220,06-05-2024
16,ACNB,ACNB Corp,835,06-05-2024
17,GOLF,Acushnet Holdings Corp,9691,06-05-2024
18,ACVA,ACV Auctions Inc,14609,06-05-2024
19,AHCO,AdaptHealth Corp,23636,06-05-2024
20,ADUS,Addus HomeCare Corp,3465,06-05-2024
21,ADEA,Adeia Inc,32668,06-05-2024
22,ADNT,Adient PLC,13049,06-05-2024
23,ADMA,ADMA Biologics Inc,33707,06-05-2024
24,ATGE,Adtalem Global Education Inc,11716,06-05-2024
25,AEIS,Advanced Energy Industries Inc,6183,06-05-2024
26,ASIX,AdvanSix Inc,8918,06-05-2024
27,AEHR,Aehr Test Systems,18346,06-05-2024
28,AVAV,AeroVironment Inc,3021,06-05-2024
29,AGYS,Agilysys Inc,6635,06-05-2024
30,ALG,Alamo Group Inc,3019,06-05-2024
31,ALRM,Alarm.com Holdings Inc,9639,06-05-2024
32,AIN,Albany International Corp,3567,06-05-2024
33,ALEX,Alexander & Baldwin Inc,26633,06-05-2024
34,ALX,Alexanders Inc,519,06-05-2024
35,ALIT,Alight Inc,47805,06-05-2024
36,ALHC,Alignment Healthcare Inc,4045,06-05-2024
37,ALKS,Alkermes PLC,49577,06-05-2024
38,ALE,ALLETE Inc,11979,06-05-2024
39,ALNT,Allient Inc,10347,06-05-2024
40,AOSL,Alpha & Omega Semiconductor Ltd,10029,06-05-2024
41,AMR,Alpha Metallurgical Resources Inc,5076,06-05-2024
42,ATEC,Alphatec Holdings Inc,17754,06-05-2024
43,PINE,Alpine Income Property Trust Inc,5415,06-05-2024
44,ALTG,Alta Equipment Group Inc,326,06-05-2024
45,ALTR,Altair Engineering Inc,9526,06-05-2024
46,AMAL,Amalgamated Financial Corp,7556,06-05-2024
47,AMBC,Ambac Financial Group Inc,20457,06-05-2024
48,AMBA,Ambarella Inc,3959,06-05-2024
49,AMCX,AMC Networks Inc,8852,06-05-2024
50,AMTB,Amerant Bancorp Inc,4662,06-05-2024
51,AAT,American Assets Trust Inc,12560,06-05-2024
52,AXL,American Axle & Manufacturing Holdings Inc,34500,06-05-2024
53,AEO,American Eagle Outfitters Inc,31469,06-05-2024
54,AMSWA,American Software Inc,11305,06-05-2024
55,AWR,American States Water Co,9159,06-05-2024
56,AVD,American Vanguard Corp,18039,06-05-2024
57,AMWD,American Woodmark Corp,4024,06-05-2024
58,ABCB,Ameris Bancorp,13615,06-05-2024
59,AMSF,AMERISAFE Inc,6509,06-05-2024
60,ATLO,Ames National Corp,4350,06-05-2024
61,FOLD,Amicus Therapeutics Inc,34235,06-05-2024
62,AMKR,Amkor Technology Inc,29961,06-05-2024
63,AMN,AMN Healthcare Services Inc,12736,06-05-2024
64,AMRX,Amneal Pharmaceuticals Inc,113375,06-05-2024
65,AMPH,Amphastar Pharmaceuticals Inc,10937,06-05-2024
66,AMPY,Amplify Energy Corp,31945,06-05-2024
67,AMLX,Amylyx Pharmaceuticals Inc,47906,06-05-2024
68,ANDE,Andersons Inc,6426,06-05-2024
69,ANGO,AngioDynamics Inc,7246,06-05-2024
70,ANIP,ANI Pharmaceuticals Inc,5337,06-05-2024
71,ANIK,Anika Therapeutics Inc,11957,06-05-2024
72,HOUS,Anywhere Real Estate Inc,32813,06-05-2024
73,AIV,Apartment Investment and Management Co,43450,06-05-2024
74,APG,API Group Corp,28258,06-05-2024
75,APOG,Apogee Enterprises Inc,10882,06-05-2024
76,ARI,Apollo Commercial Real Estate Finance Inc,28105,06-05-2024
77,APPF,Appfolio Inc,4306,06-05-2024
78,APPN,Appian Corp,9552,06-05-2024
79,APLE,Apple Hospitality REIT Inc,44656,06-05-2024
80,AIT,Applied Industrial Technologies Inc,8512,06-05-2024
81,ABR,Arbor Realty Trust Inc,36541,06-05-2024
82,ALTM,Arcadium Lithium PLC,51115,06-05-2024
83,ARCB,ArcBest Corp,5168,06-05-2024
84,ACLX,Arcellx Inc,4832,06-05-2024
85,ARCH,Arch Resources Inc,4858,06-05-2024
86,AROC,Archrock Inc,27021,06-05-2024
87,ACA,Arcosa Inc,8222,06-05-2024
88,ARCT,Arcturus Therapeutics Holdings Inc,12775,06-05-2024
89,ARDX,Ardelyx Inc,23315,06-05-2024
90,ASC,Ardmore Shipping Corp,24721,06-05-2024
91,AGX,Argan Inc,3116,06-05-2024
92,ARLO,Arlo Technologies Inc,37588,06-05-2024
93,AHH,Armada Hoffler Properties Inc,15303,06-05-2024
94,ARRY,Array Technologies Inc,10551,06-05-2024
95,AROW,Arrow Financial Corp,8295,06-05-2024
96,ARWR,Arrowhead Pharmaceuticals Inc,5685,06-05-2024
97,APAM,Artisan Partners Asset Management Inc,17733,06-05-2024
98,ASAN,Asana Inc,14330,06-05-2024
99,ABG,Asbury Automotive Group Inc,4363,06-05-2024
100,ASGN,ASGN Inc,11880,06-05-2024
101,ASRT,Assertio Holdings Inc,70165,06-05-2024
102,AMK,AssetMark Financial Holdings Inc,4567,06-05-2024
103,ASB,Associated Banc-Corp,22639,06-05-2024
104,ASTE,Astec Industries Inc,6992,06-05-2024
105,ASTH,Astrana Health Inc,4243,06-05-2024
106,ATI,ATI Inc,10216,06-05-2024
107,ATKR,Atkore Inc,10970,06-05-2024
108,BATRA,Atlanta Braves Holdings Inc,3093,06-05-2024
109,BATRK,Atlanta Braves Holdings Inc,4219,06-05-2024
110,AUB,Atlantic Union Bankshares Corp,17464,06-05-2024
111,ATLC,Atlanticus Holdings Corp,1771,06-05-2024
112,ATMU,Atmus Filtration Technologies Inc,9084,06-05-2024
113,ATRC,AtriCure Inc,8264,06-05-2024
114,ATRI,Atrion Corp,33,06-05-2024
115,AVNS,Avanos Medical Inc,12139,06-05-2024
116,AVDX,AvidXchange Holdings Inc,12531,06-05-2024
117,AVNT,Avient Corp,12380,06-05-2024
118,AVA,Avista Corp,13354,06-05-2024
119,RCEL,Avita Medical Inc,13100,06-05-2024
120,ACLS,Axcelis Technologies Inc,8480,06-05-2024
121,AXNX,Axonics Inc,4598,06-05-2024
122,AX,Axos Financial Inc,15801,06-05-2024
123,AXSM,Axsome Therapeutics Inc,6047,06-05-2024
124,AZZ,AZZ Inc,4951,06-05-2024
125,BGS,B&G Foods Inc,15209,06-05-2024
126,BMI,Badger Meter Inc,7073,06-05-2024
127,BCPC,Balchem Corp,3394,06-05-2024
128,BANC,Banc of California Inc,7971,06-05-2024
129,BANF,BancFirst Corp,6430,06-05-2024
130,BLX,Banco Latinoamericano de Comercio Exterior SA,10843,06-05-2024
131,TBBK,Bancorp Inc,14223,06-05-2024
132,BFC,Bank First Corp,2329,06-05-2024
133,BOH,Bank of Hawaii Corp,6586,06-05-2024
134,NTB,Bank of NT Butterfield & Son Ltd,20036,06-05-2024
135,BKU,BankUnited Inc,15098,06-05-2024
136,BWFG,Bankwell Financial Group Inc,5047,06-05-2024
137,BANR,Banner Corp,5618,06-05-2024
138,B,Barnes Group Inc,7095,06-05-2024
139,BBSI,Barrett Business Services Inc,2497,06-05-2024
140,BCML,BayCom Corp,90,06-05-2024
141,BCBP,BCB Bancorp Inc,11457,06-05-2024
142,BECN,Beacon Roofing Supply Inc,13709,06-05-2024
143,SKIN,Beauty Health Co,30737,06-05-2024
144,BZH,Beazer Homes USA Inc,9244,06-05-2024
145,BELFB,Bel Fuse Inc,5662,06-05-2024
146,BDC,Belden Inc,7173,06-05-2024
147,BRBR,BellRing Brands Inc,18385,06-05-2024
148,BHE,Benchmark Electronics Inc,10694,06-05-2024
149,BHLB,Berkshire Hills Bancorp Inc,6079,06-05-2024
150,BRY,Berry Corp,20341,06-05-2024
151,BYON,Beyond Inc,7534,06-05-2024
152,BGC,BGC Group Inc,29472,06-05-2024
153,BIGC,BigCommerce Holdings Inc,21558,06-05-2024
154,BCRX,BioCryst Pharmaceuticals Inc,71608,06-05-2024
155,BHVN,Biohaven Ltd,4017,06-05-2024
156,BTBT,Bit Digital Inc,41884,06-05-2024
157,BJRI,BJs Restaurants Inc,4236,06-05-2024
158,BKH,Black Hills Corp,13904,06-05-2024
159,BLKB,Blackbaud Inc,7621,06-05-2024
160,BL,BlackLine Inc,2239,06-05-2024
161,BXMT,Blackstone Mortgage Trust Inc,22552,06-05-2024
162,BLMN,Bloomin Brands Inc,13976,06-05-2024
163,BLBD,Blue Bird Corp,11897,06-05-2024
164,BRBS,Blue Ridge Bankshares Inc,2419,06-05-2024
165,BXC,BlueLinx Holdings Inc,7985,06-05-2024
166,BPMC,Blueprint Medicines Corp,3398,06-05-2024
167,BCC,Boise Cascade Co,13094,06-05-2024
168,BOOT,Boot Barn Holdings Inc,4664,06-05-2024
169,BORR,Borr Drilling Ltd,20226,06-05-2024
170,BWMN,Bowman Consulting Group Ltd,9418,06-05-2024
171,BOX,Box Inc,30666,06-05-2024
172,BHR,Braemar Hotels & Resorts Inc,14928,06-05-2024
173,BDN,Brandywine Realty Trust,26423,06-05-2024
174,BRZE,Braze Inc,5252,06-05-2024
175,BFH,Bread Financial Holdings Inc,9230,06-05-2024
176,BBIO,Bridgebio Pharma Inc,5794,06-05-2024
177,BCOV,Brightcove Inc,35431,06-05-2024
178,BSIG,Brightsphere Investment Group Inc,17537,06-05-2024
179,EAT,Brinker International Inc,7048,06-05-2024
180,BCO,Brinks Co,5487,06-05-2024
181,VTOL,Bristow Group Inc,6610,06-05-2024
182,BNL,Broadstone Net Lease Inc,24123,06-05-2024
183,BIPC,Brookfield Infrastructure Corp,25588,06-05-2024
184,BRKL,Brookline Bancorp Inc,22151,06-05-2024
185,BRT,BRT Apartments Corp,8530,06-05-2024
186,BKE,Buckle Inc,9912,06-05-2024
187,BBW,Build-A-Bear Workshop Inc,6379,06-05-2024
188,BY,Byline Bancorp Inc,5236,06-05-2024
189,AI,C3.ai Inc,4498,06-05-2024
190,CABA,Cabaletta Bio Inc,6628,06-05-2024
191,CBT,Cabot Corp,9871,06-05-2024
192,WHD,Cactus Inc,8735,06-05-2024
193,CADE,Cadence Bank,22907,06-05-2024
194,CALM,Cal-Maine Foods Inc,12736,06-05-2024
195,CAL,Caleres Inc,15130,06-05-2024
196,CRC,California Resources Corp,18048,06-05-2024
197,CWT,California Water Service Group,8791,06-05-2024
198,CALX,Calix Inc,13506,06-05-2024
199,CMBM,Cambium Networks Corp,1927,06-05-2024
200,CATC,Cambridge Bancorp,99,06-05-2024
201,CAC,Camden National Corp,8418,06-05-2024
202,CWH,Camping World Holdings Inc,5236,06-05-2024
203,CNNE,Cannae Holdings Inc,5684,06-05-2024
204,CCBG,Capital City Bank Group Inc,8350,06-05-2024
205,CDLX,Cardlytics Inc,3510,06-05-2024
206,CDNA,CareDx Inc,40491,06-05-2024
207,CTRE,CareTrust REIT Inc,18447,06-05-2024
208,CARG,Cargurus Inc,21708,06-05-2024
209,PRTS,CarParts.com Inc,20654,06-05-2024
210,CRS,Carpenter Technology Corp,6571,06-05-2024
211,CSV,Carriage Services Inc,5641,06-05-2024
212,CARS,Cars.com Inc,26004,06-05-2024
213,CVNA,Carvana Co,6212,06-05-2024
214,CWST,Casella Waste Systems Inc,5151,06-05-2024
215,CASS,Cass Information Systems Inc,4640,06-05-2024
216,CPRX,Catalyst Pharmaceuticals Inc,71156,06-05-2024
217,CATY,Cathay General Bancorp,16423,06-05-2024
218,CVCO,Cavco Industries Inc,1430,06-05-2024
219,CBZ,CBIZ Inc,8646,06-05-2024
220,CBL,CBL & Associates Properties Inc,7859,06-05-2024
221,CECO,CECO Environmental Corp,6599,06-05-2024
222,CSR,Centerspace,2485,06-05-2024
223,CENTA,Central Garden & Pet Co,11885,06-05-2024
224,CENT,Central Garden & Pet Co,5206,06-05-2024
225,CPF,Central Pacific Financial Corp,10885,06-05-2024
226,LEU,Centrus Energy Corp,3023,06-05-2024
227,CCS,Century Communities Inc,4009,06-05-2024
228,CRNC,Cerence Inc,12349,06-05-2024
229,CERE,Cerevel Therapeutics Holdings Inc,3959,06-05-2024
230,CERS,Cerus Corp,62016,06-05-2024
231,CEVA,CEVA Inc,5331,06-05-2024
232,CHX,ChampionX Corp,24812,06-05-2024
233,GTLS,Chart Industries Inc,3788,06-05-2024
234,CLDT,Chatham Lodging Trust,15708,06-05-2024
235,CAKE,Cheesecake Factory Inc,5061,06-05-2024
236,CHEF,Chefs Warehouse Inc,3824,06-05-2024
237,CHGG,Chegg Inc,25242,06-05-2024
238,CHMG,Chemung Financial Corp,3192,06-05-2024
239,CPK,Chesapeake Utilities Corp,4493,06-05-2024
240,CIM,Chimera Investment Corp,10899,06-05-2024
241,COFS,ChoiceOne Financial Services Inc,3577,06-05-2024
242,CHRD,Chord Energy Corp,6833,06-05-2024
243,CHUY,Chuys Holdings Inc,4413,06-05-2024
244,CMPR,Cimpress PLC,7356,06-05-2024
245,CNK,Cinemark Holdings Inc,9968,06-05-2024
246,CHCO,City Holding Co,6121,06-05-2024
247,CIO,City Office REIT Inc,21957,06-05-2024
248,CIVB,Civista Bancshares Inc,10036,06-05-2024
249,CIVI,Civitas Resources Inc,9005,06-05-2024
250,CMTG,Claros Mortgage Trust Inc,15319,06-05-2024
251,CLSK,Cleanspark Inc,10236,06-05-2024
252,YOU,Clear Secure Inc,4731,06-05-2024
253,CLFD,Clearfield Inc,6066,06-05-2024
254,CLW,Clearwater Paper Corp,5903,06-05-2024
255,CLMB,Climb Global Solutions Inc,2764,06-05-2024
256,CCNE,CNB Financial Corp,6842,06-05-2024
257,CNO,CNO Financial Group Inc,32746,06-05-2024
258,CNX,CNX Resources Corp,24381,06-05-2024
259,COKE,Coca-Cola Consolidated Inc,1728,06-05-2024
260,CDXS,Codexis Inc,1222,06-05-2024
261,CVLY,Codorus Valley Bancorp Inc,4130,06-05-2024
262,CCOI,Cogent Communications Holdings Inc,6114,06-05-2024
263,CNS,Cohen & Steers Inc,8664,06-05-2024
264,COHU,Cohu Inc,12838,06-05-2024
265,COLL,Collegium Pharmaceutical Inc,31569,06-05-2024
266,CBAN,Colony Bankcorp Inc,45,06-05-2024
267,CLBK,Columbia Financial Inc,6418,06-05-2024
268,CMCO,Columbus McKinnon Corp,8016,06-05-2024
269,FIX,Comfort Systems USA Inc,6448,06-05-2024
270,CMC,Commercial Metals Co,26887,06-05-2024
271,CVGI,Commercial Vehicle Group Inc,11847,06-05-2024
272,CBU,Community Financial System Inc,5536,06-05-2024
273,CHCT,Community Healthcare Trust Inc,5772,06-05-2024
274,CTBI,Community Trust Bancorp Inc,4953,06-05-2024
275,CWBC,Community West Bancshares,5270,06-05-2024
276,CVLT,CommVault Systems Inc,12685,06-05-2024
277,COMP,Compass Inc,146140,06-05-2024
278,CNDT,Conduent Inc,83223,06-05-2024
279,CNMD,CONMED Corp,2374,06-05-2024
280,CNOB,ConnectOne Bancorp Inc,6517,06-05-2024
281,CCSI,Consensus Cloud Solutions Inc,11102,06-05-2024
282,CEIX,CONSOL Energy Inc,12460,06-05-2024
283,CWCO,Consolidated Water Co Ltd,13947,06-05-2024
284,CSTM,Constellium SE,17642,06-05-2024
285,ROAD,Construction Partners Inc,3770,06-05-2024
286,CPSS,Consumer Portfolio Services Inc,8156,06-05-2024
287,CPS,Cooper-Standard Holdings Inc,6753,06-05-2024
288,CDP,COPT Defense Properties,19013,06-05-2024
289,CORT,Corcept Therapeutics Inc,47548,06-05-2024
290,CMT,Core Molding Technologies Inc,7053,06-05-2024
291,CCRD,CoreCard Corp,4281,06-05-2024
292,CXW,CoreCivic Inc,33328,06-05-2024
293,CRSR,Corsair Gaming Inc,10452,06-05-2024
294,CRVL,CorVel Corp,3063,06-05-2024
295,CMRE,Costamare Inc,13857,06-05-2024
296,BASE,Couchbase Inc,9656,06-05-2024
297,COUR,Coursera Inc,19180,06-05-2024
298,CVLG,Covenant Logistics Group Inc,3737,06-05-2024
299,PMTS,CPI Card Group Inc,2488,06-05-2024
300,CRAI,CRA International Inc,3750,06-05-2024
301,CBRL,Cracker Barrel Old Country Store Inc,1743,06-05-2024
302,CRDO,Credo Technology Group Holding Ltd,7646,06-05-2024
303,CRNX,Crinetics Pharmaceuticals Inc,2731,06-05-2024
304,CCRN,Cross Country Healthcare Inc,29821,06-05-2024
305,CYRX,CryoPort Inc,8597,06-05-2024
306,CSGS,CSG Systems International Inc,11654,06-05-2024
307,CSWI,CSW Industrials Inc,4224,06-05-2024
308,CTO,CTO Realty Growth Inc,10676,06-05-2024
309,CTS,CTS Corp,6382,06-05-2024
310,CWK,Cushman & Wakefield PLC,36416,06-05-2024
311,CUBI,Customers Bancorp Inc,15651,06-05-2024
312,CVBF,CVB Financial Corp,17743,06-05-2024
313,CVI,CVR Energy Inc,13085,06-05-2024
314,CVRX,CVRx Inc,5815,06-05-2024
315,CYTK,Cytokinetics Inc,3577,06-05-2024
316,DAKT,Daktronics Inc,26073,06-05-2024
317,DAN,Dana Inc,20367,06-05-2024
318,PLAY,Dave & Busters Entertainment Inc,5181,06-05-2024
319,DK,Delek US Holdings Inc,9361,06-05-2024
320,DLX,Deluxe Corp,18641,06-05-2024
321,DENN,Dennys Corp,16467,06-05-2024
322,DBI,Designer Brands Inc,11561,06-05-2024
323,DXLG,Destination XL Group Inc,27351,06-05-2024
324,DHX,DHI Group Inc,29740,06-05-2024
325,DHT,DHT Holdings Inc,33010,06-05-2024
326,DHIL,Diamond Hill Investment Group Inc,1757,06-05-2024
327,DO,Diamond Offshore Drilling Inc,17056,06-05-2024
328,DRH,DiamondRock Hospitality Co,46966,06-05-2024
329,DGII,Digi International Inc,11419,06-05-2024
330,APPS,Digital Turbine Inc,69734,06-05-2024
331,DBRG,DigitalBridge Group Inc,9005,06-05-2024
332,DOCN,DigitalOcean Holdings Inc,4107,06-05-2024
333,DDS,Dillards Inc,1941,06-05-2024
334,DCOM,Dime Community Bancshares Inc,10544,06-05-2024
335,DIOD,Diodes Inc,12926,06-05-2024
336,IRON,Disc Medicine Inc,1561,06-05-2024
337,DSGR,Distribution Solutions Group Inc,8564,06-05-2024
338,DNOW,DNOW Inc,64225,06-05-2024
339,DOLE,Dole PLC,8490,06-05-2024
340,DOMO,Domo Inc,25198,06-05-2024
341,DFIN,Donnelley Financial Solutions Inc,11554,06-05-2024
342,LPG,Dorian LPG Ltd,10325,06-05-2024
343,DORM,Dorman Products Inc,5617,06-05-2024
344,PLOW,Douglas Dynamics Inc,514,06-05-2024
345,DOUG,Douglas Elliman Inc,68557,06-05-2024
346,DEI,Douglas Emmett Inc,23575,06-05-2024
347,DFH,Dream Finders Homes Inc,3092,06-05-2024
348,DRQ,Dril-Quip Inc,5133,06-05-2024
349,DCO,Ducommun Inc,2417,06-05-2024
350,DUOL,Duolingo Inc,2551,06-05-2024
351,DXPE,DXP Enterprises Inc,12833,06-05-2024
352,DY,Dycom Industries Inc,4278,06-05-2024
353,DVAX,Dynavax Technologies Corp,53110,06-05-2024
354,DX,Dynex Capital Inc,8327,06-05-2024
355,EGBN,Eagle Bancorp Inc,8718,06-05-2024
356,EGRX,Eagle Pharmaceuticals Inc,2936,06-05-2024
357,DEA,Easterly Government Properties Inc,18176,06-05-2024
358,EBC,Eastern Bankshares Inc,8638,06-05-2024
359,SATS,EchoStar Corp,12911,06-05-2024
360,ECVT,Ecovyst Inc,20616,06-05-2024
361,EPC,Edgewell Personal Care Co,11323,06-05-2024
362,EGAN,eGain Corp,17877,06-05-2024
363,LOCO,El Pollo Loco Holdings Inc,11382,06-05-2024
364,ELF,elf Beauty Inc,6691,06-05-2024
365,EFC,Ellington Financial Inc,15539,06-05-2024
366,ELME,Elme Communities,9988,06-05-2024
367,EMBC,Embecta Corp,20213,06-05-2024
368,EP,Empire Petroleum Corp,3880,06-05-2024
369,ESRT,Empire State Realty Trust Inc,38895,06-05-2024
370,EIG,Employers Holdings Inc,8155,06-05-2024
371,ACT,Enact Holdings Inc,11421,06-05-2024
372,ECPG,Encore Capital Group Inc,3232,06-05-2024
373,WIRE,Encore Wire Corp,5790,06-05-2024
374,ENR,Energizer Holdings Inc,10454,06-05-2024
375,EFR,Energy Fuels Inc,18804,06-05-2024
376,ERII,Energy Recovery Inc,21866,06-05-2024
377,EPAC,Enerpac Tool Group Corp,14458,06-05-2024
378,ENS,EnerSys,6677,06-05-2024
379,ELVN,Enliven Therapeutics Inc,226,06-05-2024
380,EBF,Ennis Inc,6897,06-05-2024
381,ENVA,Enova International Inc,15930,06-05-2024
382,ENVX,Enovix Corp,10925,06-05-2024
383,NPO,Enpro Inc,4148,06-05-2024
384,ENSG,Ensign Group Inc,9021,06-05-2024
385,ESGR,Enstar Group Ltd,2404,06-05-2024
386,EFSC,Enterprise Financial Services Corp,6840,06-05-2024
387,TRDA,Entrada Therapeutics Inc,17976,06-05-2024
388,ENV,Envestnet Inc,5867,06-05-2024
389,PLUS,ePlus Inc,8185,06-05-2024
390,ETRN,Equitrans Midstream Corp,41927,06-05-2024
391,EQC,Equity Commonwealth,15246,06-05-2024
392,ESE,ESCO Technologies Inc,3350,06-05-2024
393,ESQ,Esquire Financial Holdings Inc,3574,06-05-2024
394,ESNT,Essent Group Ltd,23291,06-05-2024
395,EPRT,Essential Properties Realty Trust Inc,20788,06-05-2024
396,ETD,Ethan Allen Interiors Inc,18973,06-05-2024
397,EVBN,Evans Bancorp Inc,3443,06-05-2024
398,EVBG,Everbridge Inc,5058,06-05-2024
399,EVRI,Everi Holdings Inc,17664,06-05-2024
400,EVER,EverQuote Inc,18012,06-05-2024
401,EVTC,EVERTEC Inc,15329,06-05-2024
402,EVI,EVI Industries Inc,3977,06-05-2024
403,EVH,Evolent Health Inc,8668,06-05-2024
404,EOLS,Evolus Inc,30766,06-05-2024
405,EPM,Evolution Petroleum Corp,28725,06-05-2024
406,SSP,EW Scripps Co,9077,06-05-2024
407,EXLS,ExlService Holdings Inc,26258,06-05-2024
408,EXPI,eXp World Holdings Inc,47400,06-05-2024
409,EXPO,Exponent Inc,4335,06-05-2024
410,XPRO,Expro Group Holdings NV,7664,06-05-2024
411,EXTR,Extreme Networks Inc,49651,06-05-2024
412,FN,Fabrinet,4754,06-05-2024
413,FMAO,Farmers & Merchants Bancorp Inc/Archbold OH,1764,06-05-2024
414,FMNB,Farmers National Banc Corp,11326,06-05-2024
415,FPI,Farmland Partners Inc,10768,06-05-2024
416,FSLY,Fastly Inc,7811,06-05-2024
417,FBK,FB Financial Corp,8810,06-05-2024
418,AGM,Federal Agricultural Mortgage Corp,5835,06-05-2024
419,FSS,Federal Signal Corp,8445,06-05-2024
420,FDBC,Fidelity D&D Bancorp Inc,2097,06-05-2024
421,FIGS,Figs Inc,48158,06-05-2024
422,FISI,Financial Institutions Inc,9730,06-05-2024
423,FA,First Advantage Corp,9752,06-05-2024
424,FBP,First BanCorp,46122,06-05-2024
425,FNLC,First Bancorp Inc,5723,06-05-2024
426,FBNC,First Bancorp/Southern Pines NC,7931,06-05-2024
427,FBMS,First Bancshares Inc,4026,06-05-2024
428,BUSE,First Busey Corp,9577,06-05-2024
429,FBIZ,First Business Financial Services Inc,7362,06-05-2024
430,FCF,First Commonwealth Financial Corp,21562,06-05-2024
431,FCCO,First Community Corp,4661,06-05-2024
432,FFBC,First Financial Bancorp,19171,06-05-2024
433,FFIN,First Financial Bankshares Inc,23097,06-05-2024
434,THFF,First Financial Corp,3940,06-05-2024
435,FIBK,First Interstate BancSystem Inc,10301,06-05-2024
436,FRME,First Merchants Corp,13247,06-05-2024
437,FMBH,First Mid Bancshares Inc,4445,06-05-2024
438,FLIC,First of Long Island Corp,8657,06-05-2024
439,MYFW,First Western Financial Inc,1173,06-05-2024
440,FCFS,FirstCash Holdings Inc,5364,06-05-2024
441,FLR,Fluor Corp,18657,06-05-2024
442,FFIC,Flushing Financial Corp,12294,06-05-2024
443,FLYW,Flywire Corp,5301,06-05-2024
444,FL,Foot Locker Inc,5451,06-05-2024
445,FOR,Forestar Group Inc,10948,06-05-2024
446,FORM,FormFactor Inc,15682,06-05-2024
447,FORR,Forrester Research Inc,7194,06-05-2024
448,FWRD,Forward Air Corp,10052,06-05-2024
449,FOSL,Fossil Group Inc,15598,06-05-2024
450,FCPT,Four Corners Property Trust Inc,15109,06-05-2024
451,FOXF,Fox Factory Holding Corp,6512,06-05-2024
452,FBRT,Franklin BSP Realty Trust Inc,12255,06-05-2024
453,FC,Franklin Covey Co,10970,06-05-2024
454,FELE,Franklin Electric Co Inc,11488,06-05-2024
455,FDP,Fresh Del Monte Produce Inc,12276,06-05-2024
456,FRSH,Freshworks Inc,16554,06-05-2024
457,FTDR,Frontdoor Inc,21857,06-05-2024
458,FRPH,FRP Holdings Inc,7458,06-05-2024
459,FSBW,FS Bancorp Inc,2964,06-05-2024
460,FTAI,FTAI Aviation Ltd,12995,06-05-2024
461,FLGT,Fulgent Genetics Inc,9922,06-05-2024
462,FULT,Fulton Financial Corp,30754,06-05-2024
463,FVCB,FVCBankcorp Inc,2226,06-05-2024
464,GIII,G-III Apparel Group Ltd,12483,06-05-2024
465,GCI,Gannett Co Inc,88080,06-05-2024
466,GATX,GATX Corp,3394,06-05-2024
467,GNK,Genco Shipping & Trading Ltd,12244,06-05-2024
468,GENC,Gencor Industries Inc,7296,06-05-2024
469,GCO,Genesco Inc,9121,06-05-2024
470,GNE,Genie Energy Ltd,18523,06-05-2024
471,THRM,Gentherm Inc,4663,06-05-2024
472,GNW,Genworth Financial Inc,107382,06-05-2024
473,GEO,GEO Group Inc,48169,06-05-2024
474,GABC,German American Bancorp Inc,9926,06-05-2024
475,GTY,Getty Realty Corp,8478,06-05-2024
476,ROCK,Gibraltar Industries Inc,6277,06-05-2024
477,GBCI,Glacier Bancorp Inc,12147,06-05-2024
478,GOOD,Gladstone Commercial Corp,10934,06-05-2024
479,LAND,Gladstone Land Corp,476,06-05-2024
480,GKOS,Glaukos Corp,3485,06-05-2024
481,GIC,Global Industrial Co,11886,06-05-2024
482,GMRE,Global Medical REIT Inc,4253,06-05-2024
483,GNL,Global Net Lease Inc,45129,06-05-2024
484,GMS,GMS Inc,18423,06-05-2024
485,GOGO,Gogo Inc,14393,06-05-2024
486,GLNG,Golar LNG Ltd,6461,06-05-2024
487,GDEN,Golden Entertainment Inc,4936,06-05-2024
488,GOGL,Golden Ocean Group Ltd,7870,06-05-2024
489,GT,Goodyear Tire & Rubber Co,44324,06-05-2024
490,GSHD,Goosehead Insurance Inc,5544,06-05-2024
491,GPRO,GoPro Inc,10574,06-05-2024
492,GRC,Gorman-Rupp Co,3690,06-05-2024
493,EAF,GrafTech International Ltd,61449,06-05-2024
494,GHC,Graham Holdings Co,812,06-05-2024
495,GVA,Granite Construction Inc,4668,06-05-2024
496,GTN,Gray Television Inc,18231,06-05-2024
497,GSBC,Great Southern Bancorp Inc,6292,06-05-2024
498,GRBK,Green Brick Partners Inc,6759,06-05-2024
499,GBX,Greenbrier Cos Inc,3239,06-05-2024
500,GCBC,Greene County Bancorp Inc,6069,06-05-2024
501,GEF,Greif Inc,5516,06-05-2024
502,GDYN,Grid Dynamics Holdings Inc,14915,06-05-2024
503,GFF,Griffon Corp,12606,06-05-2024
504,GPI,Group 1 Automotive Inc,3661,06-05-2024
505,GES,Guess? Inc,8539,06-05-2024
506,GPOR,Gulfport Energy Corp,5655,06-05-2024
507,HEES,H&E Equipment Services Inc,6803,06-05-2024
508,HCKT,Hackett Group Inc,21089,06-05-2024
509,HAE,Haemonetics Corp,5510,06-05-2024
510,HAIN,Hain Celestial Group Inc,24578,06-05-2024
511,HALO,Halozyme Therapeutics Inc,17444,06-05-2024
512,HLNE,Hamilton Lane Inc,8182,06-05-2024
513,HWC,Hancock Whitney Corp,13818,06-05-2024
514,HBI,Hanesbrands Inc,18158,06-05-2024
515,HAFC,Hanmi Financial Corp,11220,06-05-2024
516,HONE,HarborOne Bancorp Inc,14235,06-05-2024
517,HLIT,Harmonic Inc,28549,06-05-2024
518,HRMY,Harmony Biosciences Holdings Inc,18479,06-05-2024
519,HBIO,Harvard Bioscience Inc,35627,06-05-2024
520,HVT,Haverty Furniture Cos Inc,13716,06-05-2024
521,HWKN,Hawkins Inc,4904,06-05-2024
522,FUL,HB Fuller Co,8486,06-05-2024
523,HCI,HCI Group Inc,1070,06-05-2024
524,HQY,HealthEquity Inc,8523,06-05-2024
525,HSTM,HealthStream Inc,9153,06-05-2024
526,HTLD,Heartland Express Inc,11251,06-05-2024
527,HTLF,Heartland Financial USA Inc,8096,06-05-2024
528,HSII,Heidrick & Struggles International Inc,3444,06-05-2024
529,HELE,Helen of Troy Ltd,3238,06-05-2024
530,HLIO,Helios Technologies Inc,3191,06-05-2024
531,HLX,Helix Energy Solutions Group Inc,42762,06-05-2024
532,HP,Helmerich & Payne Inc,11273,06-05-2024
533,HLF,Herbalife Ltd,20777,06-05-2024
534,HRI,Herc Holdings Inc,3461,06-05-2024
535,HTBK,Heritage Commerce Corp,17374,06-05-2024
536,HFWA,Heritage Financial Corp,5996,06-05-2024
537,HIBB,Hibbett Inc,6057,06-05-2024
538,HI,Hillenbrand Inc,9851,06-05-2024
539,HLMN,Hillman Solutions Corp,16449,06-05-2024
540,HTH,Hilltop Holdings Inc,13138,06-05-2024
541,HGV,Hilton Grand Vacations Inc,10556,06-05-2024
542,HIMS,Hims & Hers Health Inc,10236,06-05-2024
543,HIFS,Hingham Institution For Savings The,607,06-05-2024
544,HQI,HireQuest Inc,2842,06-05-2024
545,HNI,HNI Corp,20593,06-05-2024
546,HBCP,Home Bancorp Inc,3596,06-05-2024
547,HOMB,Home BancShares Inc,28353,06-05-2024
548,HTBI,HomeTrust Bancshares Inc,5667,06-05-2024
549,HOPE,Hope Bancorp Inc,26469,06-05-2024
550,HMN,Horace Mann Educators Corp,8255,06-05-2024
551,HBNC,Horizon Bancorp Inc,12356,06-05-2024
552,HOV,Hovnanian Enterprises Inc,2106,06-05-2024
553,HUBG,Hub Group Inc,18290,06-05-2024
554,HPP,Hudson Pacific Properties Inc,32134,06-05-2024
555,HDSN,Hudson Technologies Inc,37185,06-05-2024
556,HURN,Huron Consulting Group Inc,5746,06-05-2024
557,HY,Hyster-Yale Inc,1699,06-05-2024
558,ICFI,ICF International Inc,5024,06-05-2024
559,ICHR,Ichor Holdings Ltd,7705,06-05-2024
560,IDYA,Ideaya Biosciences Inc,3613,06-05-2024
561,IDT,IDT Corp,13368,06-05-2024
562,IESC,IES Holdings Inc,7677,06-05-2024
563,IHRT,iHeartMedia Inc,20536,06-05-2024
564,IMAX,IMAX Corp,7730,06-05-2024
565,IMVT,Immunovant Inc,4327,06-05-2024
566,PI,Impinj Inc,6259,06-05-2024
567,NARI,Inari Medical Inc,9119,06-05-2024
568,IRT,Independence Realty Trust Inc,25002,06-05-2024
569,INDB,Independent Bank Corp,7056,06-05-2024
570,IBCP,Independent Bank Corp,13069,06-05-2024
571,IBTX,Independent Bank Group Inc,5194,06-05-2024
572,INFN,Infinera Corp,56180,06-05-2024
573,III,Information Services Group Inc,31828,06-05-2024
574,INFU,InfuSystem Holdings Inc,16358,06-05-2024
575,NGVT,Ingevity Corp,7101,06-05-2024
576,IMKTA,Ingles Markets Inc,7822,06-05-2024
577,INMD,Inmode Ltd,16170,06-05-2024
578,INOD,Innodata Inc,21846,06-05-2024
579,IOSP,Innospec Inc,7385,06-05-2024
580,IIPR,Innovative Industrial Properties Inc,4769,06-05-2024
581,INVA,Innoviva Inc,44972,06-05-2024
582,NSIT,Insight Enterprises Inc,7291,06-05-2024
583,INSM,Insmed Inc,8472,06-05-2024
584,NSP,Insperity Inc,8667,06-05-2024
585,INSE,Inspired Entertainment Inc,19605,06-05-2024
586,IBP,Installed Building Products Inc,4230,06-05-2024
587,IIIN,Insteel Industries Inc,6747,06-05-2024
588,INTA,Intapp Inc,3078,06-05-2024
589,ITGR,Integer Holdings Corp,6509,06-05-2024
590,NTLA,Intellia Therapeutics Inc,3698,06-05-2024
591,IPAR,Inter Parfums Inc,3845,06-05-2024
592,IDCC,InterDigital Inc,4798,06-05-2024
593,TILE,Interface Inc,22474,06-05-2024
594,IBOC,International Bancshares Corp,12346,06-05-2024
595,IGT,International Game Technology PLC,15459,06-05-2024
596,IMXI,International Money Express Inc,16420,06-05-2024
597,INSW,International Seaways Inc,11229,06-05-2024
598,INTT,inTEST Corp,9774,06-05-2024
599,ITCI,Intra-Cellular Therapies Inc,18495,06-05-2024
600,IVT,InvenTrust Properties Corp,10540,06-05-2024
601,ITIC,Investors Title Co,1115,06-05-2024
602,IOVA,Iovance Biotherapeutics Inc,7950,06-05-2024
603,IRMD,iRadimed Corp,2519,06-05-2024
604,IRTC,iRhythm Technologies Inc,6251,06-05-2024
605,IRWD,Ironwood Pharmaceuticals Inc,71003,06-05-2024
606,ITOS,iTeos Therapeutics Inc,3487,06-05-2024
607,ITRI,Itron Inc,4649,06-05-2024
608,JJSF,J & J Snack Foods Corp,2640,06-05-2024
609,JACK,Jack in the Box Inc,2205,06-05-2024
610,JXN,Jackson Financial Inc,19049,06-05-2024
611,JAKK,JAKKS Pacific Inc,6575,06-05-2024
612,JRVR,James River Group Holdings Ltd,18815,06-05-2024
613,JBI,Janus International Group Inc,22681,06-05-2024
614,JBGS,JBG SMITH Properties,15242,06-05-2024
615,JELD,JELD-WEN Holding Inc,20243,06-05-2024
616,JOBY,Joby Aviation Inc,32897,06-05-2024
617,JBSS,John B Sanfilippo & Son Inc,4442,06-05-2024
618,JBT,John Bean Technologies Corp,3429,06-05-2024
619,WLY,John Wiley & Sons Inc,12427,06-05-2024
620,JOUT,Johnson Outdoors Inc,3725,06-05-2024
621,JYNT,Joint Corp,10062,06-05-2024
622,RTYM24,JUN 24 CME EMINIRUS2K,62,06-05-2024
623,KAI,Kadant Inc,3522,06-05-2024
624,KALU,Kaiser Aluminum Corp,1545,06-05-2024
625,KPTI,Karyopharm Therapeutics Inc,88095,06-05-2024
626,KBH,KB Home,10806,06-05-2024
627,KELYA,Kelly Services Inc,18272,06-05-2024
628,KMT,Kennametal Inc,10033,06-05-2024
629,KFRC,Kforce Inc,13808,06-05-2024
630,KE,Kimball Electronics Inc,9394,06-05-2024
631,KNSA,Kiniksa Pharmaceuticals Ltd,18775,06-05-2024
632,KRG,Kite Realty Group Trust,36141,06-05-2024
633,KLXE,KLX Energy Services Holdings Inc,9699,06-05-2024
634,KNF,Knife River Corp,5972,06-05-2024
635,KN,Knowles Corp,22298,06-05-2024
636,KTB,Kontoor Brands Inc,10485,06-05-2024
637,KOP,Koppers Holdings Inc,4923,06-05-2024
638,KFY,Korn Ferry,10109,06-05-2024
639,KOS,Kosmos Energy Ltd,48167,06-05-2024
640,KTOS,Kratos Defense & Security Solutions Inc,9633,06-05-2024
641,DNUT,Krispy Kreme Inc,9462,06-05-2024
642,KRYS,Krystal Biotech Inc,1260,06-05-2024
643,KLIC,Kulicke & Soffa Industries Inc,11384,06-05-2024
644,LZB,La-Z-Boy Inc,14947,06-05-2024
645,LADR,Ladder Capital Corp,18383,06-05-2024
646,LKFN,Lakeland Financial Corp,8780,06-05-2024
647,LANC,Lancaster Colony Corp,3443,06-05-2024
648,LNTH,Lantheus Holdings Inc,11311,06-05-2024
649,LAUR,Laureate Education Inc,22983,06-05-2024
650,LCII,LCI Industries,6810,06-05-2024
651,LZ,Legalzoom.com Inc,37471,06-05-2024
652,LMAT,LeMaitre Vascular Inc,7219,06-05-2024
653,LC,LendingClub Corp,30006,06-05-2024
654,DRS,Leonardo DRS Inc,18486,06-05-2024
655,LESL,Leslies Inc,16901,06-05-2024
656,LGIH,LGI Homes Inc,1395,06-05-2024
657,LBRT,Liberty Energy Inc,52815,06-05-2024
658,LILA,Liberty Latin America Ltd,2785,06-05-2024
659,LILAK,Liberty Latin America Ltd,35142,06-05-2024
660,LTH,Life Time Group Holdings Inc,7110,06-05-2024
661,LGND,Ligand Pharmaceuticals Inc,5625,06-05-2024
662,LNW,Light & Wonder Inc,11911,06-05-2024
663,LMB,Limbach Holdings Inc,3610,06-05-2024
664,LINC,Lincoln Educational Services Corp,21572,06-05-2024
665,LNN,Lindsay Corp,1989,06-05-2024
666,LGF/B,Lions Gate Entertainment Corp,14207,06-05-2024
667,LIVN,LivaNova PLC,6659,06-05-2024
668,LOB,Live Oak Bancshares Inc,9349,06-05-2024
669,RAMP,LiveRamp Holdings Inc,12897,06-05-2024
670,LPTV,Loop Media Inc,26369,06-05-2024
671,LOVE,Lovesac Co,12344,06-05-2024
672,LXU,LSB Industries Inc,18972,06-05-2024
673,LYTS,LSI Industries Inc,24726,06-05-2024
674,LTC,LTC Properties Inc,8639,06-05-2024
675,LUNA,Luna Innovations Inc,21739,06-05-2024
676,LXP,LXP Industrial Trust,37962,06-05-2024
677,MHO,M/I Homes Inc,6320,06-05-2024
678,MCBC,Macatawa Bank Corp,19390,06-05-2024
679,MAC,Macerich Co,31251,06-05-2024
680,MTSI,MACOM Technology Solutions Holdings Inc,6108,06-05-2024
681,MSGE,Madison Square Garden Entertainment Corp,4170,06-05-2024
682,MDGL,Madrigal Pharmaceuticals Inc,553,06-05-2024
683,MGNI,Magnite Inc,14688,06-05-2024
684,MGY,Magnolia Oil & Gas Corp,55984,06-05-2024
685,MNSB,MainStreet Bancshares Inc,5614,06-05-2024
686,MBUU,Malibu Boats Inc,5357,06-05-2024
687,MTW,Manitowoc Co Inc,10974,06-05-2024
688,MARA,Marathon Digital Holdings Inc,8710,06-05-2024
689,MMI,Marcus & Millichap Inc,16700,06-05-2024
690,MCS,Marcus Corp,12355,06-05-2024
691,HZO,MarineMax Inc,5277,06-05-2024
692,MQ,Marqeta Inc,33734,06-05-2024
693,MRTN,Marten Transport Ltd,7261,06-05-2024
694,MBC,Masterbrand Inc,12181,06-05-2024
695,MCFT,MasterCraft Boat Holdings Inc,14376,06-05-2024
696,MTDR,Matador Resources Co,22453,06-05-2024
697,MTRN,Materion Corp,4085,06-05-2024
698,MATV,Mativ Holdings Inc,9073,06-05-2024
699,MATX,Matson Inc,9536,06-05-2024
700,MATW,Matthews International Corp,6638,06-05-2024
701,MMS,Maximus Inc,11267,06-05-2024
702,MXL,MaxLinear Inc,27335,06-05-2024
703,MEC,Mayville Engineering Co Inc,4182,06-05-2024
704,MBI,MBIA Inc,32225,06-05-2024
705,MGRC,McGrath RentCorp,2478,06-05-2024
706,MED,Medifast Inc,5728,06-05-2024
707,MBWM,Mercantile Bank Corp,7019,06-05-2024
708,MMSI,Merit Medical Systems Inc,7610,06-05-2024
709,MTH,Meritage Homes Corp,6052,06-05-2024
710,MLAB,Mesa Laboratories Inc,2761,06-05-2024
711,MTUS,Metallus Inc,19734,06-05-2024
712,MEI,Methode Electronics Inc,9167,06-05-2024
713,MCB,Metropolitan Bank Holding Corp,3431,06-05-2024
714,MFA,MFA Financial Inc,14540,06-05-2024
715,MGEE,MGE Energy Inc,7261,06-05-2024
716,MGPI,MGP Ingredients Inc,1359,06-05-2024
717,MSTR,MicroStrategy Inc,1181,06-05-2024
718,MBCN,Middlefield Banc Corp,2920,06-05-2024
719,MSEX,Middlesex Water Co,2950,06-05-2024
720,MSBI,Midland States Bancorp Inc,5321,06-05-2024
721,MOFG,MidWestOne Financial Group Inc,4383,06-05-2024
722,MLR,Miller Industries Inc,2627,06-05-2024
723,MLKN,MillerKnoll Inc,16180,06-05-2024
724,MDXG,MiMedx Group Inc,86610,06-05-2024
725,MTX,Minerals Technologies Inc,6057,06-05-2024
726,MG,Mistras Group Inc,17461,06-05-2024
727,MITK,Mitek Systems Inc,20113,06-05-2024
728,MODN,Model N Inc,7415,06-05-2024
729,MOD,Modine Manufacturing Co,13345,06-05-2024
730,MC,Moelis & Co,8435,06-05-2024
731,MCRI,Monarch Casino & Resort Inc,3738,06-05-2024
732,MNRO,Monro Inc,3901,06-05-2024
733,MNTK,Montauk Renewables Inc,52082,06-05-2024
734,MOG/A,Moog Inc,5559,06-05-2024
735,MORF,Morphic Holding Inc,4057,06-05-2024
736,MOV,Movado Group Inc,8806,06-05-2024
737,COOP,Mr Cooper Group Inc,14672,06-05-2024
738,MRC,MRC Global Inc,35759,06-05-2024
739,MLI,Mueller Industries Inc,33084,06-05-2024
740,MWA,Mueller Water Products Inc,20523,06-05-2024
741,MPLN,Multiplan Corp,126802,06-05-2024
742,MUR,Murphy Oil Corp,22121,06-05-2024
743,MYE,Myers Industries Inc,31397,06-05-2024
744,MYRG,MYR Group Inc,3886,06-05-2024
745,MYGN,Myriad Genetics Inc,35996,06-05-2024
746,NABL,N-able Inc,9279,06-05-2024
747,NBR,Nabors Industries Ltd,2053,06-05-2024
748,NC,NACCO Industries Inc,3631,06-05-2024
749,NSSC,Napco Security Technologies Inc,19187,06-05-2024
750,NATH,Nathans Famous Inc,2121,06-05-2024
751,NBHC,National Bank Holdings Corp,5303,06-05-2024
752,NKSH,National Bankshares Inc,5218,06-05-2024
753,FIZZ,National Beverage Corp,11565,06-05-2024
754,NHI,National Health Investors Inc,6718,06-05-2024
755,NHC,National HealthCare Corp,5085,06-05-2024
756,NPK,National Presto Industries Inc,1284,06-05-2024
757,NRC,National Research Corp,8045,06-05-2024
758,EYE,National Vision Holdings Inc,9492,06-05-2024
759,NWLI,National Western Life Group Inc,798,06-05-2024
760,NAVI,Navient Corp,36293,06-05-2024
761,NBTB,NBT Bancorp Inc,8558,06-05-2024
762,NNI,Nelnet Inc,3859,06-05-2024
763,NEOG,Neogen Corp,16878,06-05-2024
764,NRDY,Nerdy Inc,34303,06-05-2024
765,NTGR,NETGEAR Inc,12809,06-05-2024
766,NTCT,NetScout Systems Inc,17335,06-05-2024
767,NTST,NETSTREIT Corp,8531,06-05-2024
768,NVRO,Nevro Corp,9312,06-05-2024
769,NJR,New Jersey Resources Corp,16301,06-05-2024
770,NMRK,Newmark Group Inc,21003,06-05-2024
771,NEWT,NewtekOne Inc,1478,06-05-2024
772,NREF,Nexpoint Real Estate Finance Inc,7017,06-05-2024
773,NXRT,NexPoint Residential Trust Inc,5740,06-05-2024
774,NXT,NEXTracker Inc,14316,06-05-2024
775,NIC,Nicolet Bankshares Inc,2835,06-05-2024
776,NMIH,NMI Holdings Inc,21153,06-05-2024
777,NE,Noble Corp PLC,11556,06-05-2024
778,NAT,Nordic American Tankers Ltd,35883,06-05-2024
779,NBN,Northeast Bank,6193,06-05-2024
780,NECB,Northeast Community Bancorp Inc,5230,06-05-2024
781,NOG,Northern Oil & Gas Inc,17893,06-05-2024
782,NWBI,Northwest Bancshares Inc,16105,06-05-2024
783,NWN,Northwest Natural Holding Co,5193,06-05-2024
784,NWPX,Northwest Pipe Co,5174,06-05-2024
785,NWE,Northwestern Energy Group Inc,10632,06-05-2024
786,NWFL,Norwood Financial Corp,4121,06-05-2024
787,NOVT,Novanta Inc,5680,06-05-2024
788,NUS,Nu Skin Enterprises Inc,14217,06-05-2024
789,NUVL,Nuvalent Inc,2013,06-05-2024
790,NVEE,NV5 Global Inc,3736,06-05-2024
791,NVEC,NVE Corp,3078,06-05-2024
792,OI,O-I Glass Inc,22479,06-05-2024
793,OVLY,Oak Valley Bancorp,6128,06-05-2024
794,OII,Oceaneering International Inc,19602,06-05-2024
795,OCFC,OceanFirst Financial Corp,8072,06-05-2024
796,OCUL,Ocular Therapeutix Inc,47741,06-05-2024
797,ODP,ODP Corp,9273,06-05-2024
798,OFG,OFG Bancorp,16498,06-05-2024
799,OIS,Oil States International Inc,24967,06-05-2024
800,ONB,Old National Bancorp,45071,06-05-2024
801,OSBC,Old Second Bancorp Inc,15295,06-05-2024
802,OLMA,Olema Pharmaceuticals Inc,7878,06-05-2024
803,ZEUS,Olympic Steel Inc,8749,06-05-2024
804,OFLX,Omega Flex Inc,2779,06-05-2024
805,OMER,Omeros Corp,23343,06-05-2024
806,OMCL,Omnicell Inc,9250,06-05-2024
807,OGS,ONE Gas Inc,13162,06-05-2024
808,OSPN,OneSpan Inc,13801,06-05-2024
809,OSW,OneSpaWorld Holdings Ltd,11493,06-05-2024
810,ONTO,Onto Innovation Inc,8532,06-05-2024
811,OOMA,Ooma Inc,19728,06-05-2024
812,LPRO,Open Lending Corp,17838,06-05-2024
813,OPEN,Opendoor Technologies Inc,36643,06-05-2024
814,KAR,OPENLANE Inc,14934,06-05-2024
815,OPK,OPKO Health Inc,139156,06-05-2024
816,OPCH,Option Care Health Inc,22046,06-05-2024
817,OSUR,OraSure Technologies Inc,46419,06-05-2024
818,ORGO,Organogenesis Holdings Inc,62675,06-05-2024
819,OBK,Origin Bancorp Inc,3087,06-05-2024
820,ONL,Orion Office REIT Inc,8678,06-05-2024
821,OEC,Orion SA,23502,06-05-2024
822,ORA,Ormat Technologies Inc,10011,06-05-2024
823,OFIX,Orthofix Medical Inc,16422,06-05-2024
824,OSCR,Oscar Health Inc,11639,06-05-2024
825,OSIS,OSI Systems Inc,3722,06-05-2024
826,OTTR,Otter Tail Corp,13064,06-05-2024
827,OUT,Outfront Media Inc,26450,06-05-2024
828,OSG,Overseas Shipholding Group Inc,22585,06-05-2024
829,OVID,Ovid therapeutics Inc,18585,06-05-2024
830,OMI,Owens & Minor Inc,21455,06-05-2024
831,OXM,Oxford Industries Inc,6402,06-05-2024
832,PPBI,Pacific Premier Bancorp Inc,12171,06-05-2024
833,PCRX,Pacira BioSciences Inc,17053,06-05-2024
834,PTVE,Pactiv Evergreen Inc,12498,06-05-2024
835,PD,PagerDuty Inc,8485,06-05-2024
836,PAGS,Pagseguro Digital Ltd,24905,06-05-2024
837,PLMR,Palomar Holdings Inc,4137,06-05-2024
838,PTSI,PAM Transportation Services Inc,3356,06-05-2024
839,PANL,Pangaea Logistics Solutions Ltd,4118,06-05-2024
840,PZZA,Papa Johns International Inc,7685,06-05-2024
841,PARR,Par Pacific Holdings Inc,10395,06-05-2024
842,PAR,PAR Technology Corp,2301,06-05-2024
843,PGRE,Paramount Group Inc,40646,06-05-2024
844,PRK,Park National Corp,3642,06-05-2024
845,PKBK,Parke Bancorp Inc,9055,06-05-2024
846,PSN,Parsons Corp,9622,06-05-2024
847,CASH,Pathward Financial Inc,11196,06-05-2024
848,PAX,Patria Investments Ltd,8970,06-05-2024
849,PATK,Patrick Industries Inc,6532,06-05-2024
850,PDCO,Patterson Cos Inc,20420,06-05-2024
851,PTEN,Patterson-UTI Energy Inc,50435,06-05-2024
852,PBF,PBF Energy Inc,22679,06-05-2024
853,CNXN,PC Connection Inc,10347,06-05-2024
854,PCB,PCB Bancorp,9933,06-05-2024
855,PDFS,PDF Solutions Inc,11507,06-05-2024
856,BTU,Peabody Energy Corp,21100,06-05-2024
857,PGC,Peapack-Gladstone Financial Corp,7166,06-05-2024
858,PEB,Pebblebrook Hotel Trust,20984,06-05-2024
859,MD,Pediatrix Medical Group Inc,30865,06-05-2024
860,PFSI,PennyMac Financial Services Inc,6197,06-05-2024
861,PMT,PennyMac Mortgage Investment Trust,17941,06-05-2024
862,PEBO,Peoples Bancorp Inc,13660,06-05-2024
863,PFIS,Peoples Financial Services Corp,3748,06-05-2024
864,PRDO,Perdoceo Education Corp,60547,06-05-2024
865,PRFT,Perficient Inc,8335,06-05-2024
866,PR,Permian Resources Corp,60972,06-05-2024
867,PETQ,PetIQ Inc,15150,06-05-2024
868,PAHC,Phibro Animal Health Corp,18954,06-05-2024
869,PECO,Phillips Edison & Co Inc,15979,06-05-2024
870,PLAB,Photronics Inc,25929,06-05-2024
871,PHR,Phreesia Inc,9656,06-05-2024
872,PDM,Piedmont Office Realty Trust Inc,34890,06-05-2024
873,PIPR,Piper Sandler Cos,2440,06-05-2024
874,PJT,PJT Partners Inc,6572,06-05-2024
875,AGS,PlayAGS Inc,16436,06-05-2024
876,MYPS,Playstudios Inc,19295,06-05-2024
877,PLXS,Plexus Corp,5482,06-05-2024
878,PLBC,Plumas Bancorp,2669,06-05-2024
879,PLYM,Plymouth Industrial REIT Inc,6187,06-05-2024
880,PNM,PNM Resources Inc,17259,06-05-2024
881,POR,Portland General Electric Co,19125,06-05-2024
882,PSTX,Poseida Therapeutics Inc,14829,06-05-2024
883,PSTL,Postal Realty Trust Inc,10934,06-05-2024
884,PBPB,Potbelly Corp,22280,06-05-2024
885,PCH,PotlatchDeltic Corp,14549,06-05-2024
886,POWL,Powell Industries Inc,2956,06-05-2024
887,POWI,Power Integrations Inc,10521,06-05-2024
888,PRAA,PRA Group Inc,1432,06-05-2024
889,PFBC,Preferred Bank,7835,06-05-2024
890,PLPC,Preformed Line Products Co,2327,06-05-2024
891,PFC,Premier Financial Corp,7270,06-05-2024
892,PBH,Prestige Consumer Healthcare Inc,13994,06-05-2024
893,PSMT,PriceSmart Inc,2427,06-05-2024
894,FRST,Primis Financial Corp,4195,06-05-2024
895,PRMW,Primo Water Corp,35614,06-05-2024
896,PRIM,Primoris Services Corp,11951,06-05-2024
897,PRA,ProAssurance Corp,9088,06-05-2024
898,ACDC,ProFrac Holding Corp,21858,06-05-2024
899,PRG,PROG Holdings Inc,14838,06-05-2024
900,PRGS,Progress Software Corp,12105,06-05-2024
901,PGNY,Progyny Inc,5498,06-05-2024
902,PUMP,ProPetro Holding Corp,46643,06-05-2024
903,PRO,PROS Holdings Inc,7986,06-05-2024
904,PTGX,Protagonist Therapeutics Inc,5477,06-05-2024
905,PLX,Protalix BioTherapeutics Inc,43695,06-05-2024
906,PRLB,Proto Labs Inc,6462,06-05-2024
907,PFS,Provident Financial Services Inc,24717,06-05-2024
908,PTCT,PTC Therapeutics Inc,16202,06-05-2024
909,PCYO,Pure Cycle Corp,17439,06-05-2024
910,QTWO,Q2 Holdings Inc,3952,06-05-2024
911,QCRH,QCR Holdings Inc,6280,06-05-2024
912,KWR,Quaker Chemical Corp,1633,06-05-2024
913,QLYS,Qualys Inc,6715,06-05-2024
914,NX,Quanex Building Products Corp,14651,06-05-2024
915,QTRX,Quanterix Corp,3847,06-05-2024
916,RXT,Rackspace Technology Inc,52993,06-05-2024
917,RDN,Radian Group Inc,45078,06-05-2024
918,RLGT,Radiant Logistics Inc,33638,06-05-2024
919,RDUS,Radius Recycling Inc,11783,06-05-2024
920,RDNT,RadNet Inc,9224,06-05-2024
921,METC,Ramaco Resources Inc,16580,06-05-2024
922,METCB,Ramaco Resources Inc,1335,06-05-2024
923,RMBS,Rambus Inc,23609,06-05-2024
924,RPD,Rapid7 Inc,7894,06-05-2024
925,RYAM,Rayonier Advanced Materials Inc,35356,06-05-2024
926,RICK,RCI Hospitality Holdings Inc,3226,06-05-2024
927,RMAX,RE/MAX Holdings Inc,14227,06-05-2024
928,RC,Ready Capital Corp,47025,06-05-2024
929,RRR,Red Rock Resorts Inc,8047,06-05-2024
930,RDVT,Red Violet Inc,1310,06-05-2024
931,RDFN,Redfin Corp,16012,06-05-2024
932,RM,Regional Management Corp,6222,06-05-2024
933,RELY,Remitly Global Inc,10686,06-05-2024
934,RNST,Renasant Corp,9824,06-05-2024
935,RBCAA,Republic Bancorp Inc,5793,06-05-2024
936,REZI,Resideo Technologies Inc,25973,06-05-2024
937,RGP,Resources Connection Inc,28444,06-05-2024
938,ROIC,Retail Opportunity Investments Corp,19846,06-05-2024
939,REVG,REV Group Inc,15315,06-05-2024
940,RVMD,REVOLUTION Medicines Inc,6938,06-05-2024
941,RVLV,Revolve Group Inc,7998,06-05-2024
942,REX,REX American Resources Corp,6824,06-05-2024
943,RGCO,RGC Resources Inc,3719,06-05-2024
944,RYTM,Rhythm Pharmaceuticals Inc,4725,06-05-2024
945,RBBN,Ribbon Communications Inc,41657,06-05-2024
946,RELL,Richardson Electronics Ltd,1592,06-05-2024
947,RIOT,Riot Platforms Inc,12725,06-05-2024
948,RLJ,RLJ Lodging Trust,35273,06-05-2024
949,RMR,RMR Group Inc,10943,06-05-2024
950,RKLB,Rocket Lab USA Inc,25640,06-05-2024
951,ROG,Rogers Corp,1394,06-05-2024
952,RES,RPC Inc,76499,06-05-2024
953,RUSHA,Rush Enterprises Inc,20126,06-05-2024
954,RUSHB,Rush Enterprises Inc,8603,06-05-2024
955,RSI,Rush Street Interactive Inc,49389,06-05-2024
956,RXO,RXO Inc,33519,06-05-2024
957,RXST,RxSight Inc,3393,06-05-2024
958,RYI,Ryerson Holding Corp,21248,06-05-2024
959,RHP,Ryman Hospitality Properties Inc,9665,06-05-2024
960,STBA,S&T Bancorp Inc,8004,06-05-2024
961,SBRA,Sabra Health Care REIT Inc,34911,06-05-2024
962,SABR,Sabre Corp,48184,06-05-2024
963,SB,Safe Bulkers Inc,44648,06-05-2024
964,SAFE,Safehold Inc,4673,06-05-2024
965,SAFT,Safety Insurance Group Inc,3660,06-05-2024
966,SBH,Sally Beauty Holdings Inc,24164,06-05-2024
967,SMTI,Sanara Medtech Inc,3458,06-05-2024
968,SD,SandRidge Energy Inc,12229,06-05-2024
969,SASR,Sandy Spring Bancorp Inc,10902,06-05-2024
970,SGMO,Sangamo Therapeutics Inc,6979,06-05-2024
971,SANM,Sanmina Corp,9706,06-05-2024
972,SPNS,Sapiens International Corp NV,8964,06-05-2024
973,BFS,Saul Centers Inc,2418,06-05-2024
974,SVRA,Savara Inc,28319,06-05-2024
975,SCSC,ScanSource Inc,9788,06-05-2024
976,SCHL,Scholastic Corp,11948,06-05-2024
977,STNG,Scorpio Tankers Inc,9529,06-05-2024
978,SBCF,Seacoast Banking Corp of Florida,8078,06-05-2024
979,SDRL,Seadrill Ltd,4673,06-05-2024
980,SEM,Select Medical Holdings Corp,14661,06-05-2024
981,SIGI,Selective Insurance Group Inc,11959,06-05-2024
982,SMLR,Semler Scientific Inc,4557,06-05-2024
983,SEMR,SEMrush Holdings Inc,25023,06-05-2024
984,SXT,Sensient Technologies Corp,7902,06-05-2024
985,SVC,Service Properties Trust,56490,06-05-2024
986,SFBS,ServisFirst Bancshares Inc,11880,06-05-2024
987,SFL,SFL Corp Ltd,20934,06-05-2024
988,SHAK,Shake Shack Inc,2408,06-05-2024
989,SHLS,Shoals Technologies Group Inc,7308,06-05-2024
990,SCVL,Shoe Carnival Inc,14287,06-05-2024
991,SSTK,Shutterstock Inc,7384,06-05-2024
992,SHYF,Shyft Group Inc,18470,06-05-2024
993,SIBN,SI-BONE Inc,10094,06-05-2024
994,BSRR,Sierra Bancorp,6668,06-05-2024
995,SIGA,SIGA Technologies Inc,43461,06-05-2024
996,SIG,Signet Jewelers Ltd,8710,06-05-2024
997,SLAB,Silicon Laboratories Inc,4303,06-05-2024
998,SILK,Silk Road Medical Inc,11226,06-05-2024
999,SBOW,SilverBow Resources Inc,7703,06-05-2024
1000,SFNC,Simmons First National Corp,15895,06-05-2024
1001,SMPL,Simply Good Foods Co,11449,06-05-2024
1002,SSD,Simpson Manufacturing Co Inc,10301,06-05-2024
1003,SPNT,SiriusPoint Ltd,28106,06-05-2024
1004,SITC,SITE Centers Corp,28573,06-05-2024
1005,STR,Sitio Royalties Corp,10283,06-05-2024
1006,SIX,Six Flags Entertainment Corp,4796,06-05-2024
1007,SJW,SJW Group,5214,06-05-2024
1008,SKY,Skyline Champion Corp,7504,06-05-2024
1009,SKWD,Skyward Specialty Insurance Group Inc,4101,06-05-2024
1010,SKYW,SkyWest Inc,6257,06-05-2024
1011,SLG,SL Green Realty Corp,6060,06-05-2024
1012,SNBR,Sleep Number Corp,8977,06-05-2024
1013,SM,SM Energy Co,27017,06-05-2024
1014,SGH,SMART Global Holdings Inc,17519,06-05-2024
1015,SWBI,Smith & Wesson Brands Inc,18629,06-05-2024
1016,SWI,SolarWinds Corp,22221,06-05-2024
1017,SAH,Sonic Automotive Inc,4878,06-05-2024
1018,SONO,Sonos Inc,23740,06-05-2024
1019,SSTI,SoundThinking Inc,4346,06-05-2024
1020,SFST,Southern First Bancshares Inc,5715,06-05-2024
1021,SMBC,Southern Missouri Bancorp Inc,6314,06-05-2024
1022,SBSI,Southside Bancshares Inc,6142,06-05-2024
1023,SSB,SouthState Corp,10247,06-05-2024
1024,SWX,Southwest Gas Holdings Inc,11078,06-05-2024
1025,SPTN,SpartanNash Co,17713,06-05-2024
1026,SPHR,Sphere Entertainment Co,3955,06-05-2024
1027,SR,Spire Inc,9091,06-05-2024
1028,SPOK,Spok Holdings Inc,10282,06-05-2024
1029,SWTX,SpringWorks Therapeutics Inc,4790,06-05-2024
1030,CXM,Sprinklr Inc,24143,06-05-2024
1031,SPT,Sprout Social Inc,7058,06-05-2024
1032,SFM,Sprouts Farmers Market Inc,23778,06-05-2024
1033,SPSC,SPS Commerce Inc,7839,06-05-2024
1034,SPXC,SPX Technologies Inc,6362,06-05-2024
1035,SQSP,Squarespace Inc,13002,06-05-2024
1036,JOE,St Joe Co,5802,06-05-2024
1037,STAA,STAAR Surgical Co,9179,06-05-2024
1038,STGW,Stagwell Inc,25618,06-05-2024
1039,SMP,Standard Motor Products Inc,11880,06-05-2024
1040,SXI,Standex International Corp,2312,06-05-2024
1041,SCS,Steelcase Inc,36007,06-05-2024
1042,STEL,Stellar Bancorp Inc,7752,06-05-2024
1043,SCL,Stepan Co,1700,06-05-2024
1044,STEP,StepStone Group Inc,3769,06-05-2024
1045,STRL,Sterling Infrastructure Inc,6884,06-05-2024
1046,SHOO,Steven Madden Ltd,17238,06-05-2024
1047,STC,Stewart Information Services Corp,8856,06-05-2024
1048,SFIX,Stitch Fix Inc,61700,06-05-2024
1049,SYBT,Stock Yards Bancorp Inc,6856,06-05-2024
1050,STNE,StoneCo Ltd,35076,06-05-2024
1051,SRI,Stoneridge Inc,14747,06-05-2024
1052,SNEX,StoneX Group Inc,9095,06-05-2024
1053,STRA,Strategic Education Inc,4061,06-05-2024
1054,LRN,Stride Inc,18601,06-05-2024
1055,RGR,Sturm Ruger & Co Inc,6210,06-05-2024
1056,INN,Summit Hotel Properties Inc,44618,06-05-2024
1057,SUM,Summit Materials Inc,15050,06-05-2024
1058,SXC,SunCoke Energy Inc,38531,06-05-2024
1059,SHO,Sunstone Hotel Investors Inc,44358,06-05-2024
1060,SMCI,Super Micro Computer Inc,7475,06-05-2024
1061,SUPN,Supernus Pharmaceuticals Inc,32824,06-05-2024
1062,SGRY,Surgery Partners Inc,8001,06-05-2024
1063,SRDX,Surmodics Inc,6247,06-05-2024
1064,SG,Sweetgreen Inc,8701,06-05-2024
1065,SLVM,Sylvamo Corp,4381,06-05-2024
1066,SYNA,Synaptics Inc,8577,06-05-2024
1067,TCMD,Tactile Systems Technology Inc,21298,06-05-2024
1068,TALO,Talos Energy Inc,22804,06-05-2024
1069,SKT,Tanger Inc,21580,06-05-2024
1070,TH,Target Hospitality Corp,28475,06-05-2024
1071,TARO,Taro Pharmaceutical Industries Ltd,6691,06-05-2024
1072,TARS,Tarsus Pharmaceuticals Inc,5059,06-05-2024
1073,TMHC,Taylor Morrison Home Corp,19276,06-05-2024
1074,TK,Teekay Corp,49747,06-05-2024
1075,TNK,Teekay Tankers Ltd,11403,06-05-2024
1076,TGNA,TEGNA Inc,39070,06-05-2024
1077,TELA,Tela Bio Inc,8655,06-05-2024
1078,TDS,Telephone and Data Systems Inc,8030,06-05-2024
1079,TENB,Tenable Holdings Inc,15835,06-05-2024
1080,TNC,Tennant Co,7562,06-05-2024
1081,WULF,Terawulf Inc,63438,06-05-2024
1082,TEX,Terex Corp,12762,06-05-2024
1083,TRNO,Terreno Realty Corp,10031,06-05-2024
1084,TTI,TETRA Technologies Inc,95909,06-05-2024
1085,TCBI,Texas Capital Bancshares Inc,7984,06-05-2024
1086,TGTX,TG Therapeutics Inc,30427,06-05-2024
1087,TBPH,Theravance Biopharma Inc,12340,06-05-2024
1088,THR,Thermon Group Holdings Inc,6850,06-05-2024
1089,TWKS,Thoughtworks Holding Inc,16166,06-05-2024
1090,THRY,Thryv Holdings Inc,11699,06-05-2024
1091,TDW,Tidewater Inc,3925,06-05-2024
1092,TSBK,Timberland Bancorp Inc,3415,06-05-2024
1093,TWI,Titan International Inc,14251,06-05-2024
1094,TITN,Titan Machinery Inc,13975,06-05-2024
1095,TMP,Tompkins Financial Corp,2562,06-05-2024
1096,MODG,Topgolf Callaway Brands Corp,7703,06-05-2024
1097,TOWN,Towne Bank,13226,06-05-2024
1098,TRNS,Transcat Inc,5351,06-05-2024
1099,TMDX,TransMedics Group Inc,1459,06-05-2024
1100,THS,TreeHouse Foods Inc,10673,06-05-2024
1101,TPH,Tri Pointe Homes Inc,22493,06-05-2024
1102,TCBK,TriCo Bancshares,8665,06-05-2024
1103,TRS,TriMas Corp,9424,06-05-2024
1104,TNET,TriNet Group Inc,6097,06-05-2024
1105,TRN,Trinity Industries Inc,5749,06-05-2024
1106,TFIN,Triumph Financial Inc,3789,06-05-2024
1107,TGI,Triumph Group Inc,7775,06-05-2024
1108,TROX,Tronox Holdings PLC,12909,06-05-2024
1109,TBRG,TruBridge Inc,12771,06-05-2024
1110,TBI,TrueBlue Inc,27587,06-05-2024
1111,TRUE,TrueCar Inc,82631,06-05-2024
1112,TRST,TrustCo Bank Corp NY,5362,06-05-2024
1113,TRMK,Trustmark Corp,12227,06-05-2024
1114,TTEC,TTEC Holdings Inc,9168,06-05-2024
1115,TTMI,TTM Technologies Inc,29443,06-05-2024
1116,TPB,Turning Point Brands Inc,7134,06-05-2024
1117,HEAR,Turtle Beach Corp,3009,06-05-2024
1118,TPC,Tutor Perini Corp,16038,06-05-2024
1119,UDMY,Udemy Inc,22637,06-05-2024
1120,UFPI,UFP Industries Inc,16017,06-05-2024
1121,UFPT,UFP Technologies Inc,1575,06-05-2024
1122,UCTT,Ultra Clean Holdings Inc,11856,06-05-2024
1123,UMBF,UMB Financial Corp,8323,06-05-2024
1124,UMH,UMH Properties Inc,10507,06-05-2024
1125,UNF,UniFirst Corp,2755,06-05-2024
1126,UIS,Unisys Corp,40250,06-05-2024
1127,UBSI,United Bankshares Inc,17032,06-05-2024
1128,UCBI,United Community Banks Inc,14825,06-05-2024
1129,UNFI,United Natural Foods Inc,16402,06-05-2024
1130,PRKS,United Parks & Resorts Inc,5455,06-05-2024
1131,USLM,United States Lime & Minerals Inc,1874,06-05-2024
1132,UNIT,Uniti Group Inc,61026,06-05-2024
1133,UTL,Unitil Corp,5113,06-05-2024
1134,UNTY,Unity Bancorp Inc,6304,06-05-2024
1135,UVV,Universal Corp,6589,06-05-2024
1136,UHT,Universal Health Realty Income Trust,2880,06-05-2024
1137,UVE,Universal Insurance Holdings Inc,7855,06-05-2024
1138,UVSP,Univest Financial Corp,6378,06-05-2024
1139,UPBD,Upbound Group Inc,21283,06-05-2024
1140,UPST,Upstart Holdings Inc,4211,06-05-2024
1141,UPWK,Upwork Inc,25967,06-05-2024
1142,UEC,Uranium Energy Corp,25054,06-05-2024
1143,UE,Urban Edge Properties,17704,06-05-2024
1144,URBN,Urban Outfitters Inc,9097,06-05-2024
1145,URGN,UroGen Pharma Ltd,18332,06-05-2024
1146,USPH,US Physical Therapy Inc,2582,06-05-2024
1147,SLCA,US Silica Holdings Inc,19310,06-05-2024
1148,USNA,USANA Health Sciences Inc,5403,06-05-2024
1149,UTZ,Utz Brands Inc,7240,06-05-2024
1150,VVX,V2X Inc,6621,06-05-2024
1151,EGY,VAALCO Energy Inc,47278,06-05-2024
1152,VAL,Valaris Ltd,6728,06-05-2024
1153,VLY,Valley National Bancorp,66742,06-05-2024
1154,VNDA,Vanda Pharmaceuticals Inc,49717,06-05-2024
1155,VREX,Varex Imaging Corp,16819,06-05-2024
1156,VRNS,Varonis Systems Inc,15361,06-05-2024
1157,PCVX,Vaxcyte Inc,8404,06-05-2024
1158,VGR,Vector Group Ltd,38900,06-05-2024
1159,VECO,Veeco Instruments Inc,10179,06-05-2024
1160,VRA,Vera Bradley Inc,21523,06-05-2024
1161,VERA,Vera Therapeutics Inc,4912,06-05-2024
1162,VCYT,Veracyte Inc,7667,06-05-2024
1163,VCEL,Vericel Corp,21815,06-05-2024
1164,VRNT,Verint Systems Inc,12623,06-05-2024
1165,VRE,Veris Residential Inc,19511,06-05-2024
1166,VBTX,Veritex Holdings Inc,9394,06-05-2024
1167,VRRM,Verra Mobility Corp,20343,06-05-2024
1168,VRCA,Verrica Pharmaceuticals Inc,5392,06-05-2024
1169,VIAV,Viavi Solutions Inc,37777,06-05-2024
1170,VICR,Vicor Corp,6839,06-05-2024
1171,VCTR,Victory Capital Holdings Inc,4121,06-05-2024
1172,VMD,Viemed Healthcare Inc,32198,06-05-2024
1173,VIGL,Vigil Neuroscience Inc,7616,06-05-2024
1174,VKTX,Viking Therapeutics Inc,6823,06-05-2024
1175,VLGEA,Village Super Market Inc,7585,06-05-2024
1176,VABK,Virginia National Bankshares Corp,4298,06-05-2024
1177,VRTS,Virtus Investment Partners Inc,2357,06-05-2024
1178,VSH,Vishay Intertechnology Inc,21717,06-05-2024
1179,VPG,Vishay Precision Group Inc,7773,06-05-2024
1180,VSTO,Vista Outdoor Inc,13294,06-05-2024
1181,VC,Visteon Corp,2781,06-05-2024
1182,COCO,Vita Coco Co Inc,4746,06-05-2024
1183,VTLE,Vital Energy Inc,5123,06-05-2024
1184,VITL,Vital Farms Inc,17487,06-05-2024
1185,VYGR,Voyager Therapeutics Inc,26412,06-05-2024
1186,WTI,W&T Offshore Inc,83200,06-05-2024
1187,WNC,Wabash National Corp,17592,06-05-2024
1188,WAFD,WaFd Inc,14160,06-05-2024
1189,WD,Walker & Dunlop Inc,4577,06-05-2024
1190,WRBY,Warby Parker Inc,8145,06-05-2024
1191,HCC,Warrior Met Coal Inc,21022,06-05-2024
1192,WASH,Washington Trust Bancorp Inc,6305,06-05-2024
1193,WSBF,Waterstone Financial Inc,15536,06-05-2024
1194,WTS,Watts Water Technologies Inc,7477,06-05-2024
1195,WDFC,WD-40 Co,2959,06-05-2024
1196,WFRD,Weatherford International PLC,9762,06-05-2024
1197,WEAV,Weave Communications Inc,10582,06-05-2024
1198,WMK,Weis Markets Inc,5710,06-05-2024
1199,WERN,Werner Enterprises Inc,7647,06-05-2024
1200,WSBC,WesBanco Inc,11102,06-05-2024
1201,WTBA,West BanCorp Inc,12040,06-05-2024
1202,WABC,Westamerica BanCorp,8781,06-05-2024
1203,WSR,Whitestone REIT,21562,06-05-2024
1204,WLDN,Willdan Group Inc,8033,06-05-2024
1205,WINA,Winmark Corp,1608,06-05-2024
1206,WGO,Winnebago Industries Inc,9655,06-05-2024
1207,WT,WisdomTree Inc,48348,06-05-2024
1208,WWW,Wolverine World Wide Inc,13306,06-05-2024
1209,WK,Workiva Inc,7501,06-05-2024
1210,WRLD,World Acceptance Corp,1185,06-05-2024
1211,WKC,World Kinect Corp,14123,06-05-2024
1212,WOR,Worthington Enterprises Inc,6736,06-05-2024
1213,WS,Worthington Steel Inc,6600,06-05-2024
1214,WSFS,WSFS Financial Corp,11975,06-05-2024
1215,WW,WW International Inc,41135,06-05-2024
1216,XNCR,Xencor Inc,6483,06-05-2024
1217,XHR,Xenia Hotels & Resorts Inc,23302,06-05-2024
1218,XRX,Xerox Holdings Corp,26639,06-05-2024
1219,XPEL,XPEL Inc,11181,06-05-2024
1220,XPER,Xperi Inc,16698,06-05-2024
1221,YMAB,Y-mAbs Therapeutics Inc,12137,06-05-2024
1222,YELP,Yelp Inc,21058,06-05-2024
1223,YEXT,Yext Inc,53752,06-05-2024
1224,YORW,York Water Co,4698,06-05-2024
1225,ZETA,Zeta Global Holdings Corp,33627,06-05-2024
1226,ZD,Ziff Davis Inc,6215,06-05-2024
1227,ZIMV,Zimvie Inc,10767,06-05-2024
1228,ZUMZ,Zumiez Inc,11524,06-05-2024
1229,ZUO,Zuora Inc,22602,06-05-2024
1230,ZWS,Zurn Elkay Water Solutions Corp,11526,06-05-2024
1231,ZYXI,Zynex Inc,17191,06-05-2024
1232,--,USD U.S. DOLLAR,0,06-05-2024
