,Ticker,Name,Shares,Date
0,FLWS,1-800-Flowers.com Inc,19792,03-11-2024
1,SRCE,1st Source Corp,3638,03-11-2024
2,TWOU,2U Inc,26696,03-11-2024
3,FDMT,4D Molecular Therapeutics Inc,3406,03-11-2024
4,EGHT,8x8 Inc,107228,03-11-2024
5,AMRK,A-Mark Precious Metals Inc,12788,03-11-2024
6,ATEN,A10 Networks Inc,44981,03-11-2024
7,AAON,AAON Inc,11731,03-11-2024
8,AIR,AAR Corp,7161,03-11-2024
9,AAN,Aarons Co Inc,19030,03-11-2024
10,ANF,Abercrombie & Fitch Co,15184,03-11-2024
11,ABM,ABM Industries Inc,12314,03-11-2024
12,ASO,Academy Sports & Outdoors Inc,12905,03-11-2024
13,ACAD,ACADIA Pharmaceuticals Inc,39019,03-11-2024
14,AKR,Acadia Realty Trust,18334,03-11-2024
15,ACCO,ACCO Brands Corp,26804,03-11-2024
16,ACIW,ACI Worldwide Inc,19100,03-11-2024
17,ACMR,ACM Research Inc,5359,03-11-2024
18,ACNB,ACNB Corp,1267,03-11-2024
19,GOLF,Acushnet Holdings Corp,9949,03-11-2024
20,ACVA,ACV Auctions Inc,14456,03-11-2024
21,AHCO,AdaptHealth Corp,18947,03-11-2024
22,ADUS,Addus HomeCare Corp,3557,03-11-2024
23,ADEA,Adeia Inc,33537,03-11-2024
24,ADNT,Adient PLC,13396,03-11-2024
25,ADMA,ADMA Biologics Inc,34604,03-11-2024
26,ATGE,Adtalem Global Education Inc,12027,03-11-2024
27,AEIS,Advanced Energy Industries Inc,6871,03-11-2024
28,ASIX,AdvanSix Inc,8822,03-11-2024
29,AEHR,Aehr Test Systems,6455,03-11-2024
30,AVAV,AeroVironment Inc,2710,03-11-2024
31,ASLE,AerSale Corp,1114,03-11-2024
32,AGYS,Agilysys Inc,8575,03-11-2024
33,ALG,Alamo Group Inc,3099,03-11-2024
34,ALRM,Alarm.com Holdings Inc,9895,03-11-2024
35,AIN,Albany International Corp,3663,03-11-2024
36,ALEX,Alexander & Baldwin Inc,27339,03-11-2024
37,ALX,Alexanders Inc,531,03-11-2024
38,ALIT,Alight Inc,42314,03-11-2024
39,ALHC,Alignment Healthcare Inc,16630,03-11-2024
40,ALKT,Alkami Technology Inc,4076,03-11-2024
41,ALKS,Alkermes PLC,50461,03-11-2024
42,ALE,ALLETE Inc,12298,03-11-2024
43,ALNT,Allient Inc,10622,03-11-2024
44,AOSL,Alpha & Omega Semiconductor Ltd,9924,03-11-2024
45,AMR,Alpha Metallurgical Resources Inc,5672,03-11-2024
46,ATEC,Alphatec Holdings Inc,17564,03-11-2024
47,PINE,Alpine Income Property Trust Inc,5559,03-11-2024
48,ALTG,Alta Equipment Group Inc,4027,03-11-2024
49,ALTR,Altair Engineering Inc,9777,03-11-2024
50,AMAL,Amalgamated Financial Corp,5489,03-11-2024
51,AMBC,Ambac Financial Group Inc,25926,03-11-2024
52,AMBA,Ambarella Inc,4063,03-11-2024
53,AMCX,AMC Networks Inc,9087,03-11-2024
54,AMTB,Amerant Bancorp Inc,4786,03-11-2024
55,AAT,American Assets Trust Inc,10445,03-11-2024
56,AXL,American Axle & Manufacturing Holdings Inc,35416,03-11-2024
57,AEO,American Eagle Outfitters Inc,27633,03-11-2024
58,AEL,American Equity Investment Life Holding Co,24530,03-11-2024
59,AMNB,American National Bankshares Inc,4166,03-11-2024
60,AMSWA,American Software Inc,11604,03-11-2024
61,AWR,American States Water Co,9403,03-11-2024
62,AVD,American Vanguard Corp,18517,03-11-2024
63,AMWD,American Woodmark Corp,4132,03-11-2024
64,ABCB,Ameris Bancorp,13978,03-11-2024
65,AMSF,AMERISAFE Inc,6680,03-11-2024
66,ATLO,Ames National Corp,4466,03-11-2024
67,FOLD,Amicus Therapeutics Inc,26680,03-11-2024
68,AMKR,Amkor Technology Inc,30496,03-11-2024
69,AMN,AMN Healthcare Services Inc,13075,03-11-2024
70,AMRX,Amneal Pharmaceuticals Inc,116385,03-11-2024
71,AMPH,Amphastar Pharmaceuticals Inc,11228,03-11-2024
72,AMPY,Amplify Energy Corp,32793,03-11-2024
73,AMLX,Amylyx Pharmaceuticals Inc,19466,03-11-2024
74,ANDE,Andersons Inc,5510,03-11-2024
75,ANGO,AngioDynamics Inc,14926,03-11-2024
76,ANIP,ANI Pharmaceuticals Inc,5479,03-11-2024
77,ANIK,Anika Therapeutics Inc,12276,03-11-2024
78,HOUS,Anywhere Real Estate Inc,33686,03-11-2024
79,AIV,Apartment Investment and Management Co,44605,03-11-2024
80,APG,API Group Corp,27479,03-11-2024
81,APOG,Apogee Enterprises Inc,11172,03-11-2024
82,ARI,Apollo Commercial Real Estate Finance Inc,28851,03-11-2024
83,APPF,Appfolio Inc,5135,03-11-2024
84,APPN,Appian Corp,9807,03-11-2024
85,APLE,Apple Hospitality REIT Inc,42503,03-11-2024
86,APLD,Applied Digital Corp,18639,03-11-2024
87,AIT,Applied Industrial Technologies Inc,11555,03-11-2024
88,ABR,Arbor Realty Trust Inc,33358,03-11-2024
89,ALTM,Arcadium Lithium PLC,30963,03-11-2024
90,ARCB,ArcBest Corp,5652,03-11-2024
91,ACLX,Arcellx Inc,4780,03-11-2024
92,ARCH,Arch Resources Inc,6394,03-11-2024
93,ACHR,Archer Aviation Inc,20061,03-11-2024
94,AROC,Archrock Inc,27739,03-11-2024
95,ACA,Arcosa Inc,8441,03-11-2024
96,ARCT,Arcturus Therapeutics Holdings Inc,12742,03-11-2024
97,ARDX,Ardelyx Inc,23933,03-11-2024
98,ASC,Ardmore Shipping Corp,24657,03-11-2024
99,ACRE,Ares Commercial Real Estate Corp,861,03-11-2024
100,AGX,Argan Inc,3200,03-11-2024
101,ARLO,Arlo Technologies Inc,33792,03-11-2024
102,AHH,Armada Hoffler Properties Inc,10643,03-11-2024
103,ARRY,Array Technologies Inc,10830,03-11-2024
104,AROW,Arrow Financial Corp,8515,03-11-2024
105,ARWR,Arrowhead Pharmaceuticals Inc,5837,03-11-2024
106,APAM,Artisan Partners Asset Management Inc,18203,03-11-2024
107,ASAN,Asana Inc,14709,03-11-2024
108,ABG,Asbury Automotive Group Inc,4439,03-11-2024
109,ASGN,ASGN Inc,12094,03-11-2024
110,ASRT,Assertio Holdings Inc,82421,03-11-2024
111,AMK,AssetMark Financial Holdings Inc,4686,03-11-2024
112,ASB,Associated Banc-Corp,23242,03-11-2024
113,ASTS,AST SpaceMobile Inc,17648,03-11-2024
114,ASTE,Astec Industries Inc,6915,03-11-2024
115,ASTH,Astrana Health Inc,4355,03-11-2024
116,ATXS,Astria Therapeutics Inc,3387,03-11-2024
117,ASUR,Asure Software Inc,3139,03-11-2024
118,ATI,ATI Inc,10488,03-11-2024
119,ATKR,Atkore Inc,12650,03-11-2024
120,BATRA,Atlanta Braves Holdings Inc,3176,03-11-2024
121,BATRK,Atlanta Braves Holdings Inc,4331,03-11-2024
122,AUB,Atlantic Union Bankshares Corp,12303,03-11-2024
123,ATLC,Atlanticus Holdings Corp,2168,03-11-2024
124,ATMU,Atmus Filtration Technologies Inc,7229,03-11-2024
125,ATRC,AtriCure Inc,6876,03-11-2024
126,ATRI,Atrion Corp,141,03-11-2024
127,AUR,Aurora Innovation Inc,43942,03-11-2024
128,AVNS,Avanos Medical Inc,12462,03-11-2024
129,AVDX,AvidXchange Holdings Inc,12862,03-11-2024
130,AVNT,Avient Corp,15503,03-11-2024
131,AVA,Avista Corp,13709,03-11-2024
132,RCEL,Avita Medical Inc,12956,03-11-2024
133,ACLS,Axcelis Technologies Inc,8706,03-11-2024
134,AXNX,Axonics Inc,3948,03-11-2024
135,AX,Axos Financial Inc,19002,03-11-2024
136,AXSM,Axsome Therapeutics Inc,4756,03-11-2024
137,AZZ,AZZ Inc,4896,03-11-2024
138,BGS,B&G Foods Inc,10828,03-11-2024
139,BW,Babcock & Wilcox Enterprises Inc,3533,03-11-2024
140,BMI,Badger Meter Inc,7200,03-11-2024
141,BCPC,Balchem Corp,3485,03-11-2024
142,BANC,Banc of California Inc,8183,03-11-2024
143,BANF,BancFirst Corp,6601,03-11-2024
144,BLX,Banco Latinoamericano de Comercio Exterior SA,11130,03-11-2024
145,TBBK,Bancorp Inc,14602,03-11-2024
146,BFC,Bank First Corp,2391,03-11-2024
147,BOH,Bank of Hawaii Corp,5910,03-11-2024
148,NTB,Bank of NT Butterfield & Son Ltd,20569,03-11-2024
149,BKU,BankUnited Inc,15500,03-11-2024
150,BWFG,Bankwell Financial Group Inc,5182,03-11-2024
151,BANR,Banner Corp,5765,03-11-2024
152,B,Barnes Group Inc,7021,03-11-2024
153,BBSI,Barrett Business Services Inc,2565,03-11-2024
154,BCML,BayCom Corp,672,03-11-2024
155,BCBP,BCB Bancorp Inc,11760,03-11-2024
156,BECN,Beacon Roofing Supply Inc,12788,03-11-2024
157,SKIN,Beauty Health Co,31553,03-11-2024
158,BZH,Beazer Homes USA Inc,9490,03-11-2024
159,BELFB,Bel Fuse Inc,5647,03-11-2024
160,BDC,Belden Inc,7364,03-11-2024
161,BRBR,BellRing Brands Inc,18709,03-11-2024
162,BHE,Benchmark Electronics Inc,10977,03-11-2024
163,BHLB,Berkshire Hills Bancorp Inc,6238,03-11-2024
164,BRY,Berry Corp,20882,03-11-2024
165,BYON,Beyond Inc,7456,03-11-2024
166,BGC,BGC Group Inc,29160,03-11-2024
167,BIGC,BigCommerce Holdings Inc,15340,03-11-2024
168,BCRX,BioCryst Pharmaceuticals Inc,25738,03-11-2024
169,BHVN,Biohaven Ltd,4125,03-11-2024
170,BTBT,Bit Digital Inc,42997,03-11-2024
171,BJRI,BJs Restaurants Inc,4348,03-11-2024
172,BKH,Black Hills Corp,13236,03-11-2024
173,BLKB,Blackbaud Inc,7824,03-11-2024
174,BL,BlackLine Inc,2299,03-11-2024
175,BXMT,Blackstone Mortgage Trust Inc,20500,03-11-2024
176,BLMN,Bloomin Brands Inc,13939,03-11-2024
177,BLBD,Blue Bird Corp,5916,03-11-2024
178,BRBS,Blue Ridge Bankshares Inc,2483,03-11-2024
179,BXC,BlueLinx Holdings Inc,8418,03-11-2024
180,BPMC,Blueprint Medicines Corp,3489,03-11-2024
181,BCC,Boise Cascade Co,14497,03-11-2024
182,BOOT,Boot Barn Holdings Inc,4788,03-11-2024
183,BORR,Borr Drilling Ltd,20764,03-11-2024
184,BWMN,Bowman Consulting Group Ltd,9669,03-11-2024
185,BOX,Box Inc,31480,03-11-2024
186,BHR,Braemar Hotels & Resorts Inc,15323,03-11-2024
187,BDN,Brandywine Realty Trust,27125,03-11-2024
188,BRZE,Braze Inc,4414,03-11-2024
189,BFH,Bread Financial Holdings Inc,7813,03-11-2024
190,BBIO,Bridgebio Pharma Inc,5949,03-11-2024
191,BCOV,Brightcove Inc,36372,03-11-2024
192,BSIG,Brightsphere Investment Group Inc,13249,03-11-2024
193,EAT,Brinker International Inc,7236,03-11-2024
194,BCO,Brinks Co,5633,03-11-2024
195,VTOL,Bristow Group Inc,6786,03-11-2024
196,BNL,Broadstone Net Lease Inc,24764,03-11-2024
197,BIPC,Brookfield Infrastructure Corp,26266,03-11-2024
198,BRKL,Brookline Bancorp Inc,22740,03-11-2024
199,BRT,BRT Apartments Corp,8757,03-11-2024
200,BKE,Buckle Inc,10176,03-11-2024
201,BBW,Build-A-Bear Workshop Inc,6546,03-11-2024
202,BY,Byline Bancorp Inc,5376,03-11-2024
203,AI,C3.ai Inc,4618,03-11-2024
204,CABA,Cabaletta Bio Inc,6804,03-11-2024
205,CBT,Cabot Corp,9488,03-11-2024
206,WHD,Cactus Inc,6763,03-11-2024
207,CADE,Cadence Bank,31468,03-11-2024
208,CALM,Cal-Maine Foods Inc,13075,03-11-2024
209,CAL,Caleres Inc,15533,03-11-2024
210,CRC,California Resources Corp,18366,03-11-2024
211,CWT,California Water Service Group,9025,03-11-2024
212,CALX,Calix Inc,13865,03-11-2024
213,CPE,Callon Petroleum Co,10180,03-11-2024
214,CMBM,Cambium Networks Corp,1979,03-11-2024
215,CATC,Cambridge Bancorp,583,03-11-2024
216,CAC,Camden National Corp,8642,03-11-2024
217,CWH,Camping World Holdings Inc,5376,03-11-2024
218,CNNE,Cannae Holdings Inc,5836,03-11-2024
219,CCBG,Capital City Bank Group Inc,8265,03-11-2024
220,CDLX,Cardlytics Inc,11291,03-11-2024
221,CDNA,CareDx Inc,41567,03-11-2024
222,CTRE,CareTrust REIT Inc,18938,03-11-2024
223,CARG,Cargurus Inc,22285,03-11-2024
224,PRTS,CarParts.com Inc,31422,03-11-2024
225,CRS,Carpenter Technology Corp,6746,03-11-2024
226,CSV,Carriage Services Inc,5792,03-11-2024
227,TAST,Carrols Restaurant Group Inc,33125,03-11-2024
228,CARS,Cars.com Inc,26694,03-11-2024
229,CVNA,Carvana Co,5685,03-11-2024
230,CWST,Casella Waste Systems Inc,5287,03-11-2024
231,CASS,Cass Information Systems Inc,4588,03-11-2024
232,CPRX,Catalyst Pharmaceuticals Inc,72423,03-11-2024
233,CATY,Cathay General Bancorp,16858,03-11-2024
234,CVCO,Cavco Industries Inc,1469,03-11-2024
235,CBZ,CBIZ Inc,8876,03-11-2024
236,CBL,CBL & Associates Properties Inc,8066,03-11-2024
237,CECO,CECO Environmental Corp,6775,03-11-2024
238,CSR,Centerspace,2552,03-11-2024
239,CENTA,Central Garden & Pet Co,12201,03-11-2024
240,CENT,Central Garden & Pet Co,5152,03-11-2024
241,CPF,Central Pacific Financial Corp,11175,03-11-2024
242,CVCY,Central Valley Community Bancorp,5410,03-11-2024
243,LEU,Centrus Energy Corp,3103,03-11-2024
244,CCS,Century Communities Inc,3998,03-11-2024
245,CRNC,Cerence Inc,5715,03-11-2024
246,CERE,Cerevel Therapeutics Holdings Inc,2250,03-11-2024
247,CERS,Cerus Corp,63662,03-11-2024
248,CEVA,CEVA Inc,5473,03-11-2024
249,CHX,ChampionX Corp,25470,03-11-2024
250,GTLS,Chart Industries Inc,3888,03-11-2024
251,CLDT,Chatham Lodging Trust,16126,03-11-2024
252,CAKE,Cheesecake Factory Inc,5196,03-11-2024
253,CHEF,Chefs Warehouse Inc,3923,03-11-2024
254,CHGG,Chegg Inc,19255,03-11-2024
255,CHMG,Chemung Financial Corp,3276,03-11-2024
256,CPK,Chesapeake Utilities Corp,4613,03-11-2024
257,CIM,Chimera Investment Corp,21701,03-11-2024
258,COFS,ChoiceOne Financial Services Inc,3673,03-11-2024
259,CHRD,Chord Energy Corp,6955,03-11-2024
260,CHUY,Chuys Holdings Inc,4528,03-11-2024
261,CMPR,Cimpress PLC,9282,03-11-2024
262,CNK,Cinemark Holdings Inc,10231,03-11-2024
263,CHCO,City Holding Co,6284,03-11-2024
264,CIO,City Office REIT Inc,22539,03-11-2024
265,CIVB,Civista Bancshares Inc,10303,03-11-2024
266,CIVI,Civitas Resources Inc,9245,03-11-2024
267,CMTG,Claros Mortgage Trust Inc,15319,03-11-2024
268,CLSK,Cleanspark Inc,10508,03-11-2024
269,CLFD,Clearfield Inc,6225,03-11-2024
270,CLW,Clearwater Paper Corp,5837,03-11-2024
271,CLMB,Climb Global Solutions Inc,2836,03-11-2024
272,CCNE,CNB Financial Corp,7025,03-11-2024
273,CNO,CNO Financial Group Inc,33615,03-11-2024
274,CNX,CNX Resources Corp,25027,03-11-2024
275,COKE,Coca-Cola Consolidated Inc,1761,03-11-2024
276,CDXS,Codexis Inc,8296,03-11-2024
277,CVLY,Codorus Valley Bancorp Inc,4240,03-11-2024
278,CCOI,Cogent Communications Holdings Inc,6277,03-11-2024
279,CNS,Cohen & Steers Inc,8895,03-11-2024
280,COHU,Cohu Inc,13180,03-11-2024
281,COLL,Collegium Pharmaceutical Inc,32133,03-11-2024
282,CBAN,Colony Bankcorp Inc,1084,03-11-2024
283,CLBK,Columbia Financial Inc,6589,03-11-2024
284,CMCO,Columbus McKinnon Corp,8227,03-11-2024
285,FIX,Comfort Systems USA Inc,8471,03-11-2024
286,CMC,Commercial Metals Co,27364,03-11-2024
287,CVGI,Commercial Vehicle Group Inc,13706,03-11-2024
288,CBU,Community Bank System Inc,5684,03-11-2024
289,CHCT,Community Healthcare Trust Inc,5923,03-11-2024
290,CTBI,Community Trust Bancorp Inc,5085,03-11-2024
291,CVLT,CommVault Systems Inc,12914,03-11-2024
292,CODI,Compass Diversified Holdings,294,03-11-2024
293,COMP,Compass Inc,150023,03-11-2024
294,CNDT,Conduent Inc,85434,03-11-2024
295,CNMD,CONMED Corp,2438,03-11-2024
296,CNOB,ConnectOne Bancorp Inc,6688,03-11-2024
297,CCSI,Consensus Cloud Solutions Inc,7115,03-11-2024
298,CEIX,CONSOL Energy Inc,12682,03-11-2024
299,CWCO,Consolidated Water Co Ltd,14318,03-11-2024
300,CSTM,Constellium SE,18112,03-11-2024
301,ROAD,Construction Partners Inc,3870,03-11-2024
302,CPSS,Consumer Portfolio Services Inc,8371,03-11-2024
303,CPS,Cooper-Standard Holdings Inc,6933,03-11-2024
304,CDP,COPT Defense Properties,19519,03-11-2024
305,CORT,Corcept Therapeutics Inc,48398,03-11-2024
306,CMT,Core Molding Technologies Inc,7241,03-11-2024
307,CCRD,CoreCard Corp,5313,03-11-2024
308,CXW,CoreCivic Inc,34213,03-11-2024
309,CRMD,CorMedix Inc,140,03-11-2024
310,CRSR,Corsair Gaming Inc,6538,03-11-2024
311,CRVL,CorVel Corp,3143,03-11-2024
312,CMRE,Costamare Inc,14224,03-11-2024
313,BASE,Couchbase Inc,9911,03-11-2024
314,COUR,Coursera Inc,16203,03-11-2024
315,CVLG,Covenant Logistics Group Inc,3837,03-11-2024
316,PMTS,CPI Card Group Inc,3081,03-11-2024
317,CRAI,CRA International Inc,3850,03-11-2024
318,CBRL,Cracker Barrel Old Country Store Inc,1791,03-11-2024
319,CRDO,Credo Technology Group Holding Ltd,7850,03-11-2024
320,CRNX,Crinetics Pharmaceuticals Inc,2803,03-11-2024
321,CCRN,Cross Country Healthcare Inc,27695,03-11-2024
322,CYRX,CryoPort Inc,8825,03-11-2024
323,CSGS,CSG Systems International Inc,11964,03-11-2024
324,CSWI,CSW Industrials Inc,4298,03-11-2024
325,CTO,CTO Realty Growth Inc,10960,03-11-2024
326,CTS,CTS Corp,6552,03-11-2024
327,CWK,Cushman & Wakefield PLC,37384,03-11-2024
328,CUBI,Customers Bancorp Inc,16065,03-11-2024
329,CVBF,CVB Financial Corp,18213,03-11-2024
330,CVI,CVR Energy Inc,11813,03-11-2024
331,CVRX,CVRx Inc,5970,03-11-2024
332,CBAY,Cymabay Therapeutics Inc,10923,03-11-2024
333,CYTK,Cytokinetics Inc,3673,03-11-2024
334,DAKT,Daktronics Inc,19218,03-11-2024
335,DAN,Dana Inc,24535,03-11-2024
336,PLAY,Dave & Busters Entertainment Inc,5128,03-11-2024
337,DK,Delek US Holdings Inc,9608,03-11-2024
338,DLX,Deluxe Corp,16397,03-11-2024
339,DENN,Dennys Corp,16905,03-11-2024
340,DBI,Designer Brands Inc,11868,03-11-2024
341,DXLG,Destination XL Group Inc,28077,03-11-2024
342,DHX,DHI Group Inc,30530,03-11-2024
343,DHT,DHT Holdings Inc,33886,03-11-2024
344,DHIL,Diamond Hill Investment Group Inc,1805,03-11-2024
345,DO,Diamond Offshore Drilling Inc,16875,03-11-2024
346,DRH,DiamondRock Hospitality Co,42628,03-11-2024
347,DGII,Digi International Inc,11385,03-11-2024
348,APPS,Digital Turbine Inc,27059,03-11-2024
349,DBRG,DigitalBridge Group Inc,9245,03-11-2024
350,DOCN,DigitalOcean Holdings Inc,2945,03-11-2024
351,DDS,Dillards Inc,1993,03-11-2024
352,DCOM,Dime Community Bancshares Inc,10823,03-11-2024
353,DIOD,Diodes Inc,13269,03-11-2024
354,IRON,Disc Medicine Inc,1601,03-11-2024
355,DSGR,Distribution Solutions Group Inc,8470,03-11-2024
356,DNOW,DNOW Inc,65371,03-11-2024
357,DOLE,Dole PLC,8716,03-11-2024
358,DOMO,Domo Inc,25868,03-11-2024
359,DFIN,Donnelley Financial Solutions Inc,11861,03-11-2024
360,LPG,Dorian LPG Ltd,10600,03-11-2024
361,DORM,Dorman Products Inc,5764,03-11-2024
362,PLOW,Douglas Dynamics Inc,3233,03-11-2024
363,DOUG,Douglas Elliman Inc,70379,03-11-2024
364,DEI,Douglas Emmett Inc,24201,03-11-2024
365,DFH,Dream Finders Homes Inc,3175,03-11-2024
366,DRQ,Dril-Quip Inc,5269,03-11-2024
367,DCO,Ducommun Inc,2481,03-11-2024
368,DUOL,Duolingo Inc,2377,03-11-2024
369,DXPE,DXP Enterprises Inc,13871,03-11-2024
370,DY,Dycom Industries Inc,3992,03-11-2024
371,DVAX,Dynavax Technologies Corp,62900,03-11-2024
372,DX,Dynex Capital Inc,8546,03-11-2024
373,EGBN,Eagle Bancorp Inc,8950,03-11-2024
374,EGLE,Eagle Bulk Shipping Inc,3925,03-11-2024
375,EGRX,Eagle Pharmaceuticals Inc,6377,03-11-2024
376,DEA,Easterly Government Properties Inc,13884,03-11-2024
377,EBC,Eastern Bankshares Inc,8868,03-11-2024
378,SATS,EchoStar Corp,13254,03-11-2024
379,ECVT,Ecovyst Inc,21162,03-11-2024
380,EPC,Edgewell Personal Care Co,11622,03-11-2024
381,EGAN,eGain Corp,18351,03-11-2024
382,LOCO,El Pollo Loco Holdings Inc,11685,03-11-2024
383,ELF,elf Beauty Inc,6812,03-11-2024
384,EFC,Ellington Financial Inc,11156,03-11-2024
385,ELME,Elme Communities,10254,03-11-2024
386,EMBC,Embecta Corp,16967,03-11-2024
387,EBS,Emergent BioSolutions Inc,10759,03-11-2024
388,EP,Empire Petroleum Corp,3984,03-11-2024
389,ESRT,Empire State Realty Trust Inc,39928,03-11-2024
390,EIG,Employers Holdings Inc,8370,03-11-2024
391,ACT,Enact Holdings Inc,11724,03-11-2024
392,ECPG,Encore Capital Group Inc,5436,03-11-2024
393,WIRE,Encore Wire Corp,7036,03-11-2024
394,ENR,Energizer Holdings Inc,10429,03-11-2024
395,EFR,Energy Fuels Inc,19302,03-11-2024
396,ERII,Energy Recovery Inc,22448,03-11-2024
397,EPAC,Enerpac Tool Group Corp,14841,03-11-2024
398,ENS,EnerSys,6852,03-11-2024
399,EHAB,Enhabit Inc,401,03-11-2024
400,ELVN,Enliven Therapeutics Inc,1687,03-11-2024
401,EBF,Ennis Inc,7081,03-11-2024
402,ENVA,Enova International Inc,17309,03-11-2024
403,ENVX,Enovix Corp,11216,03-11-2024
404,NPO,Enpro Inc,4259,03-11-2024
405,ENSG,Ensign Group Inc,9184,03-11-2024
406,ESGR,Enstar Group Ltd,1781,03-11-2024
407,EFSC,Enterprise Financial Services Corp,7022,03-11-2024
408,TRDA,Entrada Therapeutics Inc,17786,03-11-2024
409,ENV,Envestnet Inc,6023,03-11-2024
410,PLUS,ePlus Inc,8403,03-11-2024
411,ETRN,Equitrans Midstream Corp,43040,03-11-2024
412,EQC,Equity Commonwealth,12883,03-11-2024
413,ESE,ESCO Technologies Inc,3438,03-11-2024
414,ESQ,Esquire Financial Holdings Inc,3670,03-11-2024
415,ESNT,Essent Group Ltd,23708,03-11-2024
416,EPRT,Essential Properties Realty Trust Inc,19197,03-11-2024
417,ETD,Ethan Allen Interiors Inc,19475,03-11-2024
418,EVBN,Evans Bancorp Inc,3535,03-11-2024
419,EVBG,Everbridge Inc,5193,03-11-2024
420,EVRI,Everi Holdings Inc,12305,03-11-2024
421,EVER,EverQuote Inc,17821,03-11-2024
422,EVTC,EVERTEC Inc,15735,03-11-2024
423,EVI,EVI Industries Inc,4080,03-11-2024
424,EVH,Evolent Health Inc,8644,03-11-2024
425,EOLS,Evolus Inc,31583,03-11-2024
426,EPM,Evolution Petroleum Corp,29487,03-11-2024
427,SSP,EW Scripps Co,18048,03-11-2024
428,EXLS,ExlService Holdings Inc,31216,03-11-2024
429,EXPI,eXp World Holdings Inc,48659,03-11-2024
430,EXPO,Exponent Inc,4451,03-11-2024
431,XPRO,Expro Group Holdings NV,7868,03-11-2024
432,EXTR,Extreme Networks Inc,50970,03-11-2024
433,FN,Fabrinet,5100,03-11-2024
434,FMAO,Farmers & Merchants Bancorp Inc/Archbold OH,2232,03-11-2024
435,FMNB,Farmers National Banc Corp,11625,03-11-2024
436,FPI,Farmland Partners Inc,11055,03-11-2024
437,FSLY,Fastly Inc,8019,03-11-2024
438,FBK,FB Financial Corp,9045,03-11-2024
439,AGM,Federal Agricultural Mortgage Corp,5942,03-11-2024
440,FSS,Federal Signal Corp,8669,03-11-2024
441,FDBC,Fidelity D&D Bancorp Inc,2153,03-11-2024
442,FIGS,Figs Inc,49437,03-11-2024
443,FISI,Financial Institutions Inc,9989,03-11-2024
444,FA,First Advantage Corp,10011,03-11-2024
445,FBP,First BanCorp,47347,03-11-2024
446,FNLC,First Bancorp Inc,5875,03-11-2024
447,FBNC,First Bancorp/Southern Pines NC,8142,03-11-2024
448,FBMS,First Bancshares Inc,4134,03-11-2024
449,BUSE,First Busey Corp,9477,03-11-2024
450,FBIZ,First Business Financial Services Inc,7558,03-11-2024
451,FCF,First Commonwealth Financial Corp,22136,03-11-2024
452,FCCO,First Community Corp,4785,03-11-2024
453,FFBC,First Financial Bancorp,19681,03-11-2024
454,FFIN,First Financial Bankshares Inc,23712,03-11-2024
455,THFF,First Financial Corp,4044,03-11-2024
456,FIBK,First Interstate BancSystem Inc,10575,03-11-2024
457,FRME,First Merchants Corp,13598,03-11-2024
458,FMBH,First Mid Bancshares Inc,4564,03-11-2024
459,FLIC,First of Long Island Corp,8888,03-11-2024
460,MYFW,First Western Financial Inc,1205,03-11-2024
461,FCFS,FirstCash Holdings Inc,5507,03-11-2024
462,FLNG,FLEX LNG Ltd,3480,03-11-2024
463,FLNC,Fluence Energy Inc,5214,03-11-2024
464,FLR,Fluor Corp,19151,03-11-2024
465,FFIC,Flushing Financial Corp,12621,03-11-2024
466,FLYW,Flywire Corp,5441,03-11-2024
467,FL,Foot Locker Inc,5595,03-11-2024
468,FOR,Forestar Group Inc,11239,03-11-2024
469,FORM,FormFactor Inc,16097,03-11-2024
470,FORR,Forrester Research Inc,7386,03-11-2024
471,FWRD,Forward Air Corp,10319,03-11-2024
472,FOSL,Fossil Group Inc,26732,03-11-2024
473,FCPT,Four Corners Property Trust Inc,15511,03-11-2024
474,FOXF,Fox Factory Holding Corp,6683,03-11-2024
475,FBRT,Franklin BSP Realty Trust Inc,12581,03-11-2024
476,FC,Franklin Covey Co,11499,03-11-2024
477,FELE,Franklin Electric Co Inc,11694,03-11-2024
478,FDP,Fresh Del Monte Produce Inc,10275,03-11-2024
479,FRSH,Freshworks Inc,14254,03-11-2024
480,FTDR,Frontdoor Inc,20679,03-11-2024
481,FRPH,FRP Holdings Inc,3691,03-11-2024
482,FSBW,FS Bancorp Inc,3044,03-11-2024
483,FTAI,FTAI Aviation Ltd,10585,03-11-2024
484,FUBO,fuboTV Inc,29640,03-11-2024
485,FLGT,Fulgent Genetics Inc,10186,03-11-2024
486,FULT,Fulton Financial Corp,31571,03-11-2024
487,FVCB,FVCBankcorp Inc,2286,03-11-2024
488,GIII,G-III Apparel Group Ltd,11027,03-11-2024
489,GCI,Gannett Co Inc,88080,03-11-2024
490,GATX,GATX Corp,3485,03-11-2024
491,GNK,Genco Shipping & Trading Ltd,12117,03-11-2024
492,GENC,Gencor Industries Inc,7491,03-11-2024
493,GCO,Genesco Inc,9364,03-11-2024
494,GNE,Genie Energy Ltd,19013,03-11-2024
495,THRM,Gentherm Inc,6996,03-11-2024
496,GNW,Genworth Financial Inc,110236,03-11-2024
497,GEO,GEO Group Inc,49448,03-11-2024
498,GABC,German American Bancorp Inc,10190,03-11-2024
499,GTY,Getty Realty Corp,8387,03-11-2024
500,ROCK,Gibraltar Industries Inc,5733,03-11-2024
501,GBCI,Glacier Bancorp Inc,12470,03-11-2024
502,GOOD,Gladstone Commercial Corp,11225,03-11-2024
503,LAND,Gladstone Land Corp,3783,03-11-2024
504,GKOS,Glaukos Corp,3478,03-11-2024
505,GIC,Global Industrial Co,12202,03-11-2024
506,GMRE,Global Medical REIT Inc,9426,03-11-2024
507,GNL,Global Net Lease Inc,46328,03-11-2024
508,GMS,GMS Inc,20896,03-11-2024
509,GOGO,Gogo Inc,14776,03-11-2024
510,GLNG,Golar LNG Ltd,6633,03-11-2024
511,GDEN,Golden Entertainment Inc,5068,03-11-2024
512,GT,Goodyear Tire & Rubber Co,45501,03-11-2024
513,GSHD,Goosehead Insurance Inc,4990,03-11-2024
514,GPRO,GoPro Inc,37801,03-11-2024
515,GRC,Gorman-Rupp Co,3789,03-11-2024
516,EAF,GrafTech International Ltd,63080,03-11-2024
517,GHC,Graham Holdings Co,832,03-11-2024
518,GVA,Granite Construction Inc,4618,03-11-2024
519,GTN,Gray Television Inc,18713,03-11-2024
520,GSBC,Great Southern Bancorp Inc,6460,03-11-2024
521,GRBK,Green Brick Partners Inc,6759,03-11-2024
522,GPRE,Green Plains Inc,4261,03-11-2024
523,GBX,Greenbrier Cos Inc,3326,03-11-2024
524,GCBC,Greene County Bancorp Inc,6228,03-11-2024
525,GEF,Greif Inc,5498,03-11-2024
526,GDYN,Grid Dynamics Holdings Inc,15310,03-11-2024
527,GFF,Griffon Corp,12941,03-11-2024
528,GPI,Group 1 Automotive Inc,3964,03-11-2024
529,GES,Guess? Inc,8445,03-11-2024
530,GPOR,Gulfport Energy Corp,5806,03-11-2024
531,HEES,H&E Equipment Services Inc,6983,03-11-2024
532,HCKT,Hackett Group Inc,21650,03-11-2024
533,HAE,Haemonetics Corp,5657,03-11-2024
534,HAIN,Hain Celestial Group Inc,19383,03-11-2024
535,HALO,Halozyme Therapeutics Inc,17906,03-11-2024
536,HLNE,Hamilton Lane Inc,8400,03-11-2024
537,HWC,Hancock Whitney Corp,14185,03-11-2024
538,HAFC,Hanmi Financial Corp,11519,03-11-2024
539,HONE,HarborOne Bancorp Inc,14614,03-11-2024
540,HLIT,Harmonic Inc,29307,03-11-2024
541,HRMY,Harmony Biosciences Holdings Inc,18969,03-11-2024
542,HBIO,Harvard Bioscience Inc,36572,03-11-2024
543,HVT,Haverty Furniture Cos Inc,14079,03-11-2024
544,HWKN,Hawkins Inc,5035,03-11-2024
545,HAYN,Haynes International Inc,515,03-11-2024
546,FUL,HB Fuller Co,8712,03-11-2024
547,HQY,HealthEquity Inc,8750,03-11-2024
548,HSTM,HealthStream Inc,9056,03-11-2024
549,HTLD,Heartland Express Inc,7161,03-11-2024
550,HTLF,Heartland Financial USA Inc,8312,03-11-2024
551,HL,Hecla Mining Co,37470,03-11-2024
552,HSII,Heidrick & Struggles International Inc,5158,03-11-2024
553,HELE,Helen of Troy Ltd,3325,03-11-2024
554,HLIO,Helios Technologies Inc,3275,03-11-2024
555,HLX,Helix Energy Solutions Group Inc,43898,03-11-2024
556,HP,Helmerich & Payne Inc,11572,03-11-2024
557,HLF,Herbalife Ltd,21327,03-11-2024
558,HRI,Herc Holdings Inc,3553,03-11-2024
559,HTBK,Heritage Commerce Corp,17837,03-11-2024
560,HFWA,Heritage Financial Corp,6156,03-11-2024
561,HIBB,Hibbett Inc,6216,03-11-2024
562,HI,Hillenbrand Inc,10114,03-11-2024
563,HLMN,Hillman Solutions Corp,16887,03-11-2024
564,HTH,Hilltop Holdings Inc,13488,03-11-2024
565,HGV,Hilton Grand Vacations Inc,10835,03-11-2024
566,HIMS,Hims & Hers Health Inc,10508,03-11-2024
567,HIFS,Hingham Institution For Savings The,623,03-11-2024
568,HQI,HireQuest Inc,2918,03-11-2024
569,HNI,HNI Corp,21139,03-11-2024
570,HBCP,Home Bancorp Inc,3692,03-11-2024
571,HOMB,Home BancShares Inc,29106,03-11-2024
572,HTBI,HomeTrust Bancshares Inc,5818,03-11-2024
573,HOPE,Hope Bancorp Inc,27171,03-11-2024
574,HMN,Horace Mann Educators Corp,8235,03-11-2024
575,HBNC,Horizon Bancorp Inc,12683,03-11-2024
576,HOV,Hovnanian Enterprises Inc,2162,03-11-2024
577,HUBG,Hub Group Inc,18777,03-11-2024
578,HPP,Hudson Pacific Properties Inc,24782,03-11-2024
579,HDSN,Hudson Technologies Inc,38173,03-11-2024
580,HURN,Huron Consulting Group Inc,5898,03-11-2024
581,HY,Hyster-Yale Materials Handling Inc,77,03-11-2024
582,IIIV,I3 Verticals Inc,1970,03-11-2024
583,ICFI,ICF International Inc,5155,03-11-2024
584,ICHR,Ichor Holdings Ltd,7679,03-11-2024
585,IDYA,Ideaya Biosciences Inc,3709,03-11-2024
586,IDT,IDT Corp,13723,03-11-2024
587,IESC,IES Holdings Inc,7881,03-11-2024
588,IHRT,iHeartMedia Inc,34604,03-11-2024
589,IMAX,IMAX Corp,7936,03-11-2024
590,IMMR,Immersion Corp,3527,03-11-2024
591,IMVT,Immunovant Inc,4443,03-11-2024
592,PI,Impinj Inc,6426,03-11-2024
593,NARI,Inari Medical Inc,8119,03-11-2024
594,IRT,Independence Realty Trust Inc,25667,03-11-2024
595,INDB,Independent Bank Corp,7244,03-11-2024
596,IBCP,Independent Bank Corp,13416,03-11-2024
597,IBTX,Independent Bank Group Inc,5333,03-11-2024
598,INFN,Infinera Corp,46197,03-11-2024
599,III,Information Services Group Inc,32673,03-11-2024
600,INFU,InfuSystem Holdings Inc,16793,03-11-2024
601,NGVT,Ingevity Corp,7080,03-11-2024
602,IMKTA,Ingles Markets Inc,8030,03-11-2024
603,INMD,Inmode Ltd,14161,03-11-2024
604,INOD,Innodata Inc,22427,03-11-2024
605,IOSP,Innospec Inc,7513,03-11-2024
606,IIPR,Innovative Industrial Properties Inc,3842,03-11-2024
607,INVA,Innoviva Inc,46167,03-11-2024
608,NSIT,Insight Enterprises Inc,8281,03-11-2024
609,INSM,Insmed Inc,8695,03-11-2024
610,NSP,Insperity Inc,8898,03-11-2024
611,INSE,Inspired Entertainment Inc,20127,03-11-2024
612,IBP,Installed Building Products Inc,4304,03-11-2024
613,IIIN,Insteel Industries Inc,6678,03-11-2024
614,INTA,Intapp Inc,3160,03-11-2024
615,ITGR,Integer Holdings Corp,6680,03-11-2024
616,IAS,Integral Ad Science Holding Corp,8469,03-11-2024
617,NTLA,Intellia Therapeutics Inc,3797,03-11-2024
618,IPAR,Inter Parfums Inc,3948,03-11-2024
619,IDCC,InterDigital Inc,4926,03-11-2024
620,TILE,Interface Inc,23072,03-11-2024
621,IBOC,International Bancshares Corp,11652,03-11-2024
622,IGT,International Game Technology PLC,15870,03-11-2024
623,IMXI,International Money Express Inc,14250,03-11-2024
624,INSW,International Seaways Inc,10469,03-11-2024
625,INTT,inTEST Corp,10034,03-11-2024
626,ITCI,Intra-Cellular Therapies Inc,17307,03-11-2024
627,IVT,InvenTrust Properties Corp,8756,03-11-2024
628,ITIC,Investors Title Co,1143,03-11-2024
629,IONQ,IonQ Inc,9205,03-11-2024
630,IRMD,iRadimed Corp,2587,03-11-2024
631,IRTC,iRhythm Technologies Inc,6418,03-11-2024
632,IRBT,iRobot Corp,3164,03-11-2024
633,IRWD,Ironwood Pharmaceuticals Inc,72888,03-11-2024
634,ITOS,iTeos Therapeutics Inc,7144,03-11-2024
635,ITRI,Itron Inc,4773,03-11-2024
636,JJSF,J & J Snack Foods Corp,2346,03-11-2024
637,JACK,Jack in the Box Inc,3665,03-11-2024
638,JXN,Jackson Financial Inc,19392,03-11-2024
639,JAKK,JAKKS Pacific Inc,6750,03-11-2024
640,JBI,Janus International Group Inc,23283,03-11-2024
641,JBGS,JBG SMITH Properties,15648,03-11-2024
642,JELD,JELD-WEN Holding Inc,20782,03-11-2024
643,JOBY,Joby Aviation Inc,33770,03-11-2024
644,JBSS,John B Sanfilippo & Son Inc,4561,03-11-2024
645,JBT,John Bean Technologies Corp,5026,03-11-2024
646,WLY,John Wiley & Sons Inc,12758,03-11-2024
647,JOUT,Johnson Outdoors Inc,3825,03-11-2024
648,JYNT,Joint Corp,10329,03-11-2024
649,RTYM24,JUN 24 CME EMINIRUS2K,42,03-11-2024
650,KAI,Kadant Inc,3859,03-11-2024
651,KALU,Kaiser Aluminum Corp,1585,03-11-2024
652,KAMN,Kaman Corp,5125,03-11-2024
653,KPTI,Karyopharm Therapeutics Inc,90435,03-11-2024
654,KBH,KB Home,10284,03-11-2024
655,KELYA,Kelly Services Inc,16545,03-11-2024
656,KMT,Kennametal Inc,10300,03-11-2024
657,KW,Kennedy-Wilson Holdings Inc,8172,03-11-2024
658,KFRC,Kforce Inc,14051,03-11-2024
659,KE,Kimball Electronics Inc,9644,03-11-2024
660,KNTK,Kinetik Holdings Inc,2698,03-11-2024
661,KNSA,Kiniksa Pharmaceuticals Ltd,18725,03-11-2024
662,KRG,Kite Realty Group Trust,37101,03-11-2024
663,KREF,KKR Real Estate Finance Trust Inc,9052,03-11-2024
664,KLXE,KLX Energy Services Holdings Inc,11843,03-11-2024
665,KNF,Knife River Corp,3595,03-11-2024
666,KN,Knowles Corp,22891,03-11-2024
667,KTB,Kontoor Brands Inc,10764,03-11-2024
668,KOP,Koppers Holdings Inc,4873,03-11-2024
669,KFY,Korn Ferry,10376,03-11-2024
670,KOS,Kosmos Energy Ltd,48037,03-11-2024
671,KTOS,Kratos Defense & Security Solutions Inc,9889,03-11-2024
672,DNUT,Krispy Kreme Inc,9714,03-11-2024
673,KRYS,Krystal Biotech Inc,1245,03-11-2024
674,KLIC,Kulicke & Soffa Industries Inc,13152,03-11-2024
675,LZB,La-Z-Boy Inc,15345,03-11-2024
676,LADR,Ladder Capital Corp,18869,03-11-2024
677,LBAI,Lakeland Bancorp Inc,11775,03-11-2024
678,LKFN,Lakeland Financial Corp,9011,03-11-2024
679,LANC,Lancaster Colony Corp,3535,03-11-2024
680,LNTH,Lantheus Holdings Inc,11610,03-11-2024
681,LAUR,Laureate Education Inc,23593,03-11-2024
682,LCII,LCI Industries,6989,03-11-2024
683,LZ,Legalzoom.com Inc,34472,03-11-2024
684,LMAT,LeMaitre Vascular Inc,7411,03-11-2024
685,LC,LendingClub Corp,29683,03-11-2024
686,DRS,Leonardo DRS Inc,18976,03-11-2024
687,LESL,Leslies Inc,17351,03-11-2024
688,LGIH,LGI Homes Inc,1431,03-11-2024
689,LBRT,Liberty Energy Inc,51438,03-11-2024
690,LILA,Liberty Latin America Ltd,7256,03-11-2024
691,LILAK,Liberty Latin America Ltd,34769,03-11-2024
692,LTH,Life Time Group Holdings Inc,7297,03-11-2024
693,LGND,Ligand Pharmaceuticals Inc,5772,03-11-2024
694,LNW,Light & Wonder Inc,10637,03-11-2024
695,LMB,Limbach Holdings Inc,3706,03-11-2024
696,LINC,Lincoln Educational Services Corp,22146,03-11-2024
697,LNN,Lindsay Corp,1967,03-11-2024
698,LGF/B,Lions Gate Entertainment Corp,9216,03-11-2024
699,LGF/A,Lions Gate Entertainment Corp,8693,03-11-2024
700,LIVN,LivaNova PLC,6639,03-11-2024
701,LOB,Live Oak Bancshares Inc,9596,03-11-2024
702,RAMP,LiveRamp Holdings Inc,11681,03-11-2024
703,LPTV,Loop Media Inc,27070,03-11-2024
704,LOVE,Lovesac Co,8716,03-11-2024
705,LXU,LSB Industries Inc,12336,03-11-2024
706,LYTS,LSI Industries Inc,24662,03-11-2024
707,LTC,LTC Properties Inc,7048,03-11-2024
708,LUNA,Luna Innovations Inc,22318,03-11-2024
709,LXP,LXP Industrial Trust,37861,03-11-2024
710,MHO,M/I Homes Inc,6488,03-11-2024
711,MCBC,Macatawa Bank Corp,19904,03-11-2024
712,MAC,Macerich Co,32081,03-11-2024
713,MTSI,MACOM Technology Solutions Holdings Inc,6271,03-11-2024
714,MSGE,Madison Square Garden Entertainment Corp,4282,03-11-2024
715,MDGL,Madrigal Pharmaceuticals Inc,569,03-11-2024
716,MGNI,Magnite Inc,15079,03-11-2024
717,MGY,Magnolia Oil & Gas Corp,56984,03-11-2024
718,MNSB,MainStreet Bancshares Inc,5761,03-11-2024
719,MBUU,Malibu Boats Inc,5500,03-11-2024
720,MTW,Manitowoc Co Inc,11266,03-11-2024
721,MARA,Marathon Digital Holdings Inc,8942,03-11-2024
722,MMI,Marcus & Millichap Inc,19201,03-11-2024
723,MCS,Marcus Corp,8852,03-11-2024
724,HZO,MarineMax Inc,5417,03-11-2024
725,MQ,Marqeta Inc,26160,03-11-2024
726,MRTN,Marten Transport Ltd,7452,03-11-2024
727,DOOR,Masonite International Corp,4842,03-11-2024
728,MBC,Masterbrand Inc,12051,03-11-2024
729,MCFT,MasterCraft Boat Holdings Inc,14759,03-11-2024
730,MTDR,Matador Resources Co,22851,03-11-2024
731,MTRN,Materion Corp,4193,03-11-2024
732,MATV,Mativ Holdings Inc,9312,03-11-2024
733,MATX,Matson Inc,9703,03-11-2024
734,MATW,Matthews International Corp,6814,03-11-2024
735,MMS,Maximus Inc,11468,03-11-2024
736,MXL,MaxLinear Inc,28061,03-11-2024
737,MEC,Mayville Engineering Co Inc,4294,03-11-2024
738,MBI,MBIA Inc,33081,03-11-2024
739,MGRC,McGrath RentCorp,2541,03-11-2024
740,MDC,MDC Holdings Inc,8751,03-11-2024
741,MED,Medifast Inc,3110,03-11-2024
742,MBWM,Mercantile Bank Corp,7206,03-11-2024
743,MMSI,Merit Medical Systems Inc,7813,03-11-2024
744,MTH,Meritage Homes Corp,6158,03-11-2024
745,MLAB,Mesa Laboratories Inc,1985,03-11-2024
746,MTUS,Metallus Inc,20256,03-11-2024
747,MEI,Methode Electronics Inc,9411,03-11-2024
748,MCB,Metropolitan Bank Holding Corp,3523,03-11-2024
749,MFA,MFA Financial Inc,10097,03-11-2024
750,MGEE,MGE Energy Inc,7452,03-11-2024
751,MGPI,MGP Ingredients Inc,1395,03-11-2024
752,MSTR,MicroStrategy Inc,618,03-11-2024
753,MBCN,Middlefield Banc Corp,2995,03-11-2024
754,MSEX,Middlesex Water Co,3029,03-11-2024
755,MSBI,Midland States Bancorp Inc,5460,03-11-2024
756,MOFG,MidWestOne Financial Group Inc,4499,03-11-2024
757,MLR,Miller Industries Inc,2697,03-11-2024
758,MLKN,MillerKnoll Inc,14793,03-11-2024
759,MDXG,MiMedx Group Inc,88910,03-11-2024
760,MTX,Minerals Technologies Inc,6216,03-11-2024
761,MIRM,Mirum Pharmaceuticals Inc,3240,03-11-2024
762,MG,Mistras Group Inc,17923,03-11-2024
763,MITK,Mitek Systems Inc,19900,03-11-2024
764,MODN,Model N Inc,7610,03-11-2024
765,MOD,Modine Manufacturing Co,14340,03-11-2024
766,MC,Moelis & Co,8659,03-11-2024
767,MCRI,Monarch Casino & Resort Inc,3699,03-11-2024
768,MNRO,Monro Inc,4005,03-11-2024
769,MNTK,Montauk Renewables Inc,53465,03-11-2024
770,MOG/A,Moog Inc,5707,03-11-2024
771,MORF,Morphic Holding Inc,4165,03-11-2024
772,MOV,Movado Group Inc,8715,03-11-2024
773,COOP,Mr Cooper Group Inc,14935,03-11-2024
774,MRC,MRC Global Inc,32308,03-11-2024
775,MLI,Mueller Industries Inc,34666,03-11-2024
776,MWA,Mueller Water Products Inc,21069,03-11-2024
777,MPLN,Multiplan Corp,130170,03-11-2024
778,MUR,Murphy Oil Corp,22514,03-11-2024
779,MYE,Myers Industries Inc,32230,03-11-2024
780,MYRG,MYR Group Inc,4727,03-11-2024
781,MYGN,Myriad Genetics Inc,36952,03-11-2024
782,NABL,N-able Inc,9526,03-11-2024
783,NBR,Nabors Industries Ltd,2109,03-11-2024
784,NC,NACCO Industries Inc,3727,03-11-2024
785,NSSC,Napco Security Technologies Inc,19698,03-11-2024
786,NATH,Nathans Famous Inc,2177,03-11-2024
787,NBHC,National Bank Holdings Corp,5443,03-11-2024
788,NKSH,National Bankshares Inc,5357,03-11-2024
789,FIZZ,National Beverage Corp,11872,03-11-2024
790,NHI,National Health Investors Inc,6897,03-11-2024
791,NHC,National HealthCare Corp,5221,03-11-2024
792,NPK,National Presto Industries Inc,1319,03-11-2024
793,NRC,National Research Corp,8023,03-11-2024
794,EYE,National Vision Holdings Inc,9387,03-11-2024
795,NWLI,National Western Life Group Inc,818,03-11-2024
796,NAVI,Navient Corp,46526,03-11-2024
797,NVTS,Navitas Semiconductor Corp,15103,03-11-2024
798,NBTB,NBT Bancorp Inc,8786,03-11-2024
799,NNI,Nelnet Inc,4525,03-11-2024
800,NEOG,Neogen Corp,17325,03-11-2024
801,NEO,NeoGenomics Inc,11590,03-11-2024
802,NRDY,Nerdy Inc,35216,03-11-2024
803,NTGR,NETGEAR Inc,9328,03-11-2024
804,NTCT,NetScout Systems Inc,17794,03-11-2024
805,NVRO,Nevro Corp,6002,03-11-2024
806,NJR,New Jersey Resources Corp,16735,03-11-2024
807,NYMT,New York Mortgage Trust Inc,505,03-11-2024
808,NMRK,Newmark Group Inc,21562,03-11-2024
809,NEWT,NewtekOne Inc,3620,03-11-2024
810,NREF,Nexpoint Real Estate Finance Inc,7204,03-11-2024
811,NXRT,NexPoint Residential Trust Inc,5892,03-11-2024
812,NXT,NEXTracker Inc,4452,03-11-2024
813,NIC,Nicolet Bankshares Inc,2806,03-11-2024
814,NMIH,NMI Holdings Inc,21716,03-11-2024
815,NE,Noble Corp PLC,11863,03-11-2024
816,NAT,Nordic American Tankers Ltd,23554,03-11-2024
817,NBN,Northeast Bank,6357,03-11-2024
818,NECB,Northeast Community Bancorp Inc,5949,03-11-2024
819,NOG,Northern Oil & Gas Inc,16864,03-11-2024
820,NWBI,Northwest Bancshares Inc,16531,03-11-2024
821,NWN,Northwest Natural Holding Co,5332,03-11-2024
822,NWPX,Northwest Pipe Co,5309,03-11-2024
823,NWE,Northwestern Energy Group Inc,10915,03-11-2024
824,NWFL,Norwood Financial Corp,4228,03-11-2024
825,NOVT,Novanta Inc,5785,03-11-2024
826,NUS,Nu Skin Enterprises Inc,10402,03-11-2024
827,NUVL,Nuvalent Inc,2065,03-11-2024
828,NVEE,NV5 Global Inc,3836,03-11-2024
829,NVEC,NVE Corp,3042,03-11-2024
830,OI,O-I Glass Inc,22417,03-11-2024
831,OVLY,Oak Valley Bancorp,6291,03-11-2024
832,OII,Oceaneering International Inc,20124,03-11-2024
833,OCFC,OceanFirst Financial Corp,8287,03-11-2024
834,OCUL,Ocular Therapeutix Inc,58294,03-11-2024
835,ODP,ODP Corp,9520,03-11-2024
836,OPI,Office Properties Income Trust,17395,03-11-2024
837,OFG,OFG Bancorp,16937,03-11-2024
838,OIS,Oil States International Inc,25629,03-11-2024
839,ONB,Old National Bancorp,42920,03-11-2024
840,OSBC,Old Second Bancorp Inc,15702,03-11-2024
841,OLMA,Olema Pharmaceuticals Inc,8085,03-11-2024
842,ZEUS,Olympic Steel Inc,8980,03-11-2024
843,OFLX,Omega Flex Inc,2853,03-11-2024
844,OMGA,Omega Therapeutics Inc,9356,03-11-2024
845,OMER,Omeros Corp,23964,03-11-2024
846,OMCL,Omnicell Inc,5749,03-11-2024
847,OGS,ONE Gas Inc,13513,03-11-2024
848,OSPN,OneSpan Inc,14168,03-11-2024
849,OSW,OneSpaWorld Holdings Ltd,11799,03-11-2024
850,ONTO,Onto Innovation Inc,9125,03-11-2024
851,OOMA,Ooma Inc,20250,03-11-2024
852,LPRO,Open Lending Corp,18313,03-11-2024
853,OPEN,Opendoor Technologies Inc,37616,03-11-2024
854,KAR,OPENLANE Inc,12084,03-11-2024
855,OPK,OPKO Health Inc,86554,03-11-2024
856,OPCH,Option Care Health Inc,22633,03-11-2024
857,OSUR,OraSure Technologies Inc,40078,03-11-2024
858,ORGO,Organogenesis Holdings Inc,64341,03-11-2024
859,OBK,Origin Bancorp Inc,3170,03-11-2024
860,ONL,Orion Office REIT Inc,17036,03-11-2024
861,OEC,Orion SA,24127,03-11-2024
862,ORA,Ormat Technologies Inc,10278,03-11-2024
863,OFIX,Orthofix Medical Inc,16245,03-11-2024
864,OSCR,Oscar Health Inc,11949,03-11-2024
865,OSIS,OSI Systems Inc,3822,03-11-2024
866,OTTR,Otter Tail Corp,13297,03-11-2024
867,OUT,Outfront Media Inc,27152,03-11-2024
868,OSG,Overseas Shipholding Group Inc,23183,03-11-2024
869,OVID,Ovid therapeutics Inc,22384,03-11-2024
870,OMI,Owens & Minor Inc,19883,03-11-2024
871,OXM,Oxford Industries Inc,6573,03-11-2024
872,PACB,Pacific Biosciences of California Inc,14810,03-11-2024
873,PPBI,Pacific Premier Bancorp Inc,12494,03-11-2024
874,PCRX,Pacira BioSciences Inc,15759,03-11-2024
875,PTVE,Pactiv Evergreen Inc,12829,03-11-2024
876,PD,PagerDuty Inc,6429,03-11-2024
877,PAGS,Pagseguro Digital Ltd,17485,03-11-2024
878,PLMR,Palomar Holdings Inc,3535,03-11-2024
879,PTSI,PAM Transportation Services Inc,3444,03-11-2024
880,PANL,Pangaea Logistics Solutions Ltd,8517,03-11-2024
881,PZZA,Papa Johns International Inc,7889,03-11-2024
882,PARR,Par Pacific Holdings Inc,9202,03-11-2024
883,PAR,PAR Technology Corp,2361,03-11-2024
884,PGRE,Paramount Group Inc,41726,03-11-2024
885,PRK,Park National Corp,3738,03-11-2024
886,PKBK,Parke Bancorp Inc,9294,03-11-2024
887,PSN,Parsons Corp,9878,03-11-2024
888,CASH,Pathward Financial Inc,11494,03-11-2024
889,PAX,Patria Investments Ltd,9209,03-11-2024
890,PATK,Patrick Industries Inc,8263,03-11-2024
891,PDCO,Patterson Cos Inc,20962,03-11-2024
892,PTEN,Patterson-UTI Energy Inc,51774,03-11-2024
893,PAYO,Payoneer Global Inc,21025,03-11-2024
894,PBF,PBF Energy Inc,23085,03-11-2024
895,CNXN,PC Connection Inc,10622,03-11-2024
896,PCB,PCB Bancorp,10197,03-11-2024
897,PDFS,PDF Solutions Inc,10267,03-11-2024
898,BTU,Peabody Energy Corp,21661,03-11-2024
899,PGC,Peapack-Gladstone Financial Corp,7357,03-11-2024
900,PEB,Pebblebrook Hotel Trust,21543,03-11-2024
901,MD,Pediatrix Medical Group Inc,20656,03-11-2024
902,PFSI,PennyMac Financial Services Inc,7636,03-11-2024
903,PMT,PennyMac Mortgage Investment Trust,14794,03-11-2024
904,PEBO,Peoples Bancorp Inc,14023,03-11-2024
905,PFIS,Peoples Financial Services Corp,3848,03-11-2024
906,PRDO,Perdoceo Education Corp,61627,03-11-2024
907,PRFT,Perficient Inc,8557,03-11-2024
908,PR,Permian Resources Corp,62059,03-11-2024
909,PETQ,PetIQ Inc,15553,03-11-2024
910,PGTI,PGT Innovations Inc,20768,03-11-2024
911,PHAT,Phathom Pharmaceuticals Inc,807,03-11-2024
912,PAHC,Phibro Animal Health Corp,18751,03-11-2024
913,PECO,Phillips Edison & Co Inc,14891,03-11-2024
914,PLAB,Photronics Inc,26618,03-11-2024
915,PHR,Phreesia Inc,9548,03-11-2024
916,PDM,Piedmont Office Realty Trust Inc,26985,03-11-2024
917,PIPR,Piper Sandler Cos,2504,03-11-2024
918,PJT,PJT Partners Inc,6747,03-11-2024
919,AGS,PlayAGS Inc,16874,03-11-2024
920,MYPS,Playstudios Inc,24438,03-11-2024
921,PLXS,Plexus Corp,5628,03-11-2024
922,PLBC,Plumas Bancorp,2741,03-11-2024
923,PLYM,Plymouth Industrial REIT Inc,6351,03-11-2024
924,PNM,PNM Resources Inc,17718,03-11-2024
925,POR,Portland General Electric Co,19631,03-11-2024
926,PSTX,Poseida Therapeutics Inc,24853,03-11-2024
927,PSTL,Postal Realty Trust Inc,11225,03-11-2024
928,PBPB,Potbelly Corp,22043,03-11-2024
929,PCH,PotlatchDeltic Corp,21101,03-11-2024
930,POWL,Powell Industries Inc,4809,03-11-2024
931,POWI,Power Integrations Inc,10801,03-11-2024
932,PWSC,PowerSchool Holdings Inc,4653,03-11-2024
933,PRAA,PRA Group Inc,4881,03-11-2024
934,PFBC,Preferred Bank,8043,03-11-2024
935,PLPC,Preformed Line Products Co,2317,03-11-2024
936,PFC,Premier Financial Corp,7461,03-11-2024
937,PBH,Prestige Consumer Healthcare Inc,16488,03-11-2024
938,PSMT,PriceSmart Inc,2491,03-11-2024
939,FRST,Primis Financial Corp,6018,03-11-2024
940,PRIM,Primoris Services Corp,12269,03-11-2024
941,PRVA,Privia Health Group Inc,4365,03-11-2024
942,PRA,ProAssurance Corp,9330,03-11-2024
943,ACDC,ProFrac Holding Corp,22439,03-11-2024
944,PRG,PROG Holdings Inc,15233,03-11-2024
945,PRGS,Progress Software Corp,12428,03-11-2024
946,PGNY,Progyny Inc,5645,03-11-2024
947,PUMP,ProPetro Holding Corp,39915,03-11-2024
948,PRO,PROS Holdings Inc,6746,03-11-2024
949,PTGX,Protagonist Therapeutics Inc,5620,03-11-2024
950,PLX,Protalix BioTherapeutics Inc,52508,03-11-2024
951,PRLB,Proto Labs Inc,6396,03-11-2024
952,PFS,Provident Financial Services Inc,15577,03-11-2024
953,PTCT,PTC Therapeutics Inc,16633,03-11-2024
954,LUNG,Pulmonx Corp,1200,03-11-2024
955,PCYO,Pure Cycle Corp,17901,03-11-2024
956,PRPL,Purple Innovation Inc,968,03-11-2024
957,QTWO,Q2 Holdings Inc,4056,03-11-2024
958,QCRH,QCR Holdings Inc,6448,03-11-2024
959,KWR,Quaker Chemical Corp,1417,03-11-2024
960,QLYS,Qualys Inc,6837,03-11-2024
961,NX,Quanex Building Products Corp,15041,03-11-2024
962,QTRX,Quanterix Corp,3950,03-11-2024
963,QNST,QuinStreet Inc,2410,03-11-2024
964,RXT,Rackspace Technology Inc,54400,03-11-2024
965,RDN,Radian Group Inc,45880,03-11-2024
966,RLGT,Radiant Logistics Inc,34531,03-11-2024
967,RDUS,Radius Recycling Inc,12097,03-11-2024
968,RDNT,RadNet Inc,9467,03-11-2024
969,METC,Ramaco Resources Inc,16531,03-11-2024
970,METCB,Ramaco Resources Inc,2328,03-11-2024
971,RMBS,Rambus Inc,24031,03-11-2024
972,RPD,Rapid7 Inc,8104,03-11-2024
973,RYAM,Rayonier Advanced Materials Inc,36297,03-11-2024
974,RICK,RCI Hospitality Holdings Inc,3312,03-11-2024
975,RMAX,RE/MAX Holdings Inc,14606,03-11-2024
976,RC,Ready Capital Corp,36583,03-11-2024
977,RRR,Red Rock Resorts Inc,8262,03-11-2024
978,RDVT,Red Violet Inc,1983,03-11-2024
979,RDFN,Redfin Corp,16438,03-11-2024
980,RM,Regional Management Corp,6385,03-11-2024
981,RELY,Remitly Global Inc,10970,03-11-2024
982,RNST,Renasant Corp,10083,03-11-2024
983,RBCAA,Republic Bancorp Inc,5948,03-11-2024
984,REZI,Resideo Technologies Inc,26663,03-11-2024
985,RGP,Resources Connection Inc,29201,03-11-2024
986,ROIC,Retail Opportunity Investments Corp,20372,03-11-2024
987,REVG,REV Group Inc,15722,03-11-2024
988,RVMD,REVOLUTION Medicines Inc,5145,03-11-2024
989,RVLV,Revolve Group Inc,8210,03-11-2024
990,REX,REX American Resources Corp,7003,03-11-2024
991,RGCO,RGC Resources Inc,3819,03-11-2024
992,RYTM,Rhythm Pharmaceuticals Inc,4848,03-11-2024
993,RBBN,Ribbon Communications Inc,42764,03-11-2024
994,RELL,Richardson Electronics Ltd,3813,03-11-2024
995,REI,Ring Energy Inc,21555,03-11-2024
996,RIOT,Riot Platforms Inc,13064,03-11-2024
997,RLJ,RLJ Lodging Trust,27151,03-11-2024
998,RMR,RMR Group Inc,11234,03-11-2024
999,RKLB,Rocket Lab USA Inc,26321,03-11-2024
1000,ROG,Rogers Corp,1430,03-11-2024
1001,RES,RPC Inc,71337,03-11-2024
1002,RUSHA,Rush Enterprises Inc,20488,03-11-2024
1003,RUSHB,Rush Enterprises Inc,9001,03-11-2024
1004,RSI,Rush Street Interactive Inc,40871,03-11-2024
1005,RXO,RXO Inc,34409,03-11-2024
1006,RXST,RxSight Inc,3484,03-11-2024
1007,RYI,Ryerson Holding Corp,20035,03-11-2024
1008,RHP,Ryman Hospitality Properties Inc,9409,03-11-2024
1009,STBA,S&T Bancorp Inc,7919,03-11-2024
1010,SBRA,Sabra Health Care REIT Inc,35840,03-11-2024
1011,SABR,Sabre Corp,22718,03-11-2024
1012,SB,Safe Bulkers Inc,44173,03-11-2024
1013,SAFT,Safety Insurance Group Inc,3756,03-11-2024
1014,SBH,Sally Beauty Holdings Inc,24806,03-11-2024
1015,SMTI,Sanara Medtech Inc,3550,03-11-2024
1016,SD,SandRidge Energy Inc,12552,03-11-2024
1017,SASR,Sandy Spring Bancorp Inc,11193,03-11-2024
1018,SGMO,Sangamo Therapeutics Inc,22048,03-11-2024
1019,SANM,Sanmina Corp,10876,03-11-2024
1020,SPNS,Sapiens International Corp NV,8871,03-11-2024
1021,BFS,Saul Centers Inc,2482,03-11-2024
1022,SVRA,Savara Inc,29072,03-11-2024
1023,SCSC,ScanSource Inc,8806,03-11-2024
1024,SRRK,Scholar Rock Holding Corp,5118,03-11-2024
1025,SCHL,Scholastic Corp,12266,03-11-2024
1026,SDGR,Schrodinger Inc,3273,03-11-2024
1027,STNG,Scorpio Tankers Inc,9783,03-11-2024
1028,SCPH,scPharmaceuticals Inc,25,03-11-2024
1029,SBCF,Seacoast Banking Corp of Florida,8293,03-11-2024
1030,SDRL,Seadrill Ltd,4623,03-11-2024
1031,SEM,Select Medical Holdings Corp,14622,03-11-2024
1032,SIGI,Selective Insurance Group Inc,12170,03-11-2024
1033,SMLR,Semler Scientific Inc,4677,03-11-2024
1034,SEMR,SEMrush Holdings Inc,20378,03-11-2024
1035,SXT,Sensient Technologies Corp,8113,03-11-2024
1036,SVC,Service Properties Trust,42869,03-11-2024
1037,SFBS,ServisFirst Bancshares Inc,12196,03-11-2024
1038,SFL,SFL Corp Ltd,20706,03-11-2024
1039,SHAK,Shake Shack Inc,2384,03-11-2024
1040,SHLS,Shoals Technologies Group Inc,7503,03-11-2024
1041,SCVL,Shoe Carnival Inc,14665,03-11-2024
1042,SHBI,Shore Bancshares Inc,696,03-11-2024
1043,SSTK,Shutterstock Inc,7580,03-11-2024
1044,SHYF,Shyft Group Inc,18960,03-11-2024
1045,SIBN,SI-BONE Inc,10361,03-11-2024
1046,BSRR,Sierra Bancorp,6843,03-11-2024
1047,SIGA,SIGA Technologies Inc,43075,03-11-2024
1048,SIG,Signet Jewelers Ltd,8942,03-11-2024
1049,SLAB,Silicon Laboratories Inc,4418,03-11-2024
1050,SILK,Silk Road Medical Inc,11525,03-11-2024
1051,SBOW,SilverBow Resources Inc,7906,03-11-2024
1052,SFNC,Simmons First National Corp,16318,03-11-2024
1053,SMPL,Simply Good Foods Co,11752,03-11-2024
1054,SSD,Simpson Manufacturing Co Inc,10481,03-11-2024
1055,SPNT,SiriusPoint Ltd,23868,03-11-2024
1056,SITC,SITE Centers Corp,29331,03-11-2024
1057,SITM,SiTime Corp,812,03-11-2024
1058,STR,Sitio Royalties Corp,10173,03-11-2024
1059,SIX,Six Flags Entertainment Corp,4924,03-11-2024
1060,SJW,SJW Group,5353,03-11-2024
1061,SKY,Skyline Champion Corp,7704,03-11-2024
1062,SKWD,Skyward Specialty Insurance Group Inc,4209,03-11-2024
1063,SKYW,SkyWest Inc,6244,03-11-2024
1064,SLG,SL Green Realty Corp,5033,03-11-2024
1065,SNBR,Sleep Number Corp,9216,03-11-2024
1066,SM,SM Energy Co,37780,03-11-2024
1067,SGH,SMART Global Holdings Inc,17471,03-11-2024
1068,SWBI,Smith & Wesson Brands Inc,22687,03-11-2024
1069,SOI,Solaris Oilfield Infrastructure Inc,387,03-11-2024
1070,SWI,SolarWinds Corp,18189,03-11-2024
1071,SAH,Sonic Automotive Inc,5008,03-11-2024
1072,SONO,Sonos Inc,24370,03-11-2024
1073,SSTI,SoundThinking Inc,5067,03-11-2024
1074,SFST,Southern First Bancshares Inc,5867,03-11-2024
1075,SMBC,Southern Missouri Bancorp Inc,6482,03-11-2024
1076,SBSI,Southside Bancshares Inc,6306,03-11-2024
1077,SSB,SouthState Corp,9836,03-11-2024
1078,SWX,Southwest Gas Holdings Inc,11373,03-11-2024
1079,SOVO,Sovos Brands Inc,6143,03-11-2024
1080,SP,SP Plus Corp,7404,03-11-2024
1081,SPTN,SpartanNash Co,18184,03-11-2024
1082,SPHR,Sphere Entertainment Co,4059,03-11-2024
1083,SR,Spire Inc,9333,03-11-2024
1084,SAVE,Spirit Airlines Inc,6200,03-11-2024
1085,SPOK,Spok Holdings Inc,10553,03-11-2024
1086,SWTX,SpringWorks Therapeutics Inc,4918,03-11-2024
1087,CXM,Sprinklr Inc,20907,03-11-2024
1088,SPT,Sprout Social Inc,7246,03-11-2024
1089,SFM,Sprouts Farmers Market Inc,24203,03-11-2024
1090,SPSC,SPS Commerce Inc,7975,03-11-2024
1091,SPXC,SPX Technologies Inc,6529,03-11-2024
1092,SQSP,Squarespace Inc,11675,03-11-2024
1093,JOE,St Joe Co,5957,03-11-2024
1094,STAA,STAAR Surgical Co,9155,03-11-2024
1095,STGW,Stagwell Inc,25618,03-11-2024
1096,SMP,Standard Motor Products Inc,10481,03-11-2024
1097,SXI,Standex International Corp,2372,03-11-2024
1098,SCS,Steelcase Inc,32777,03-11-2024
1099,STEL,Stellar Bancorp Inc,7959,03-11-2024
1100,SCL,Stepan Co,1744,03-11-2024
1101,STEP,StepStone Group Inc,3869,03-11-2024
1102,STRL,Sterling Infrastructure Inc,8014,03-11-2024
1103,SHOO,Steven Madden Ltd,17697,03-11-2024
1104,STC,Stewart Information Services Corp,9092,03-11-2024
1105,SFIX,Stitch Fix Inc,32920,03-11-2024
1106,SYBT,Stock Yards Bancorp Inc,7039,03-11-2024
1107,STNE,StoneCo Ltd,36008,03-11-2024
1108,SRI,Stoneridge Inc,14592,03-11-2024
1109,SNEX,StoneX Group Inc,9337,03-11-2024
1110,STRA,Strategic Education Inc,4169,03-11-2024
1111,LRN,Stride Inc,18937,03-11-2024
1112,RGR,Sturm Ruger & Co Inc,6373,03-11-2024
1113,INN,Summit Hotel Properties Inc,35417,03-11-2024
1114,SUM,Summit Materials Inc,15448,03-11-2024
1115,SXC,SunCoke Energy Inc,38427,03-11-2024
1116,SHO,Sunstone Hotel Investors Inc,36315,03-11-2024
1117,SMCI,Super Micro Computer Inc,7610,03-11-2024
1118,SUPN,Supernus Pharmaceuticals Inc,33408,03-11-2024
1119,SGRY,Surgery Partners Inc,6282,03-11-2024
1120,SRDX,Surmodics Inc,6414,03-11-2024
1121,SG,Sweetgreen Inc,8933,03-11-2024
1122,SLVM,Sylvamo Corp,4335,03-11-2024
1123,SYNA,Synaptics Inc,8805,03-11-2024
1124,TCMD,Tactile Systems Technology Inc,21865,03-11-2024
1125,TALO,Talos Energy Inc,22741,03-11-2024
1126,SKT,Tanger Inc,22155,03-11-2024
1127,TH,Target Hospitality Corp,20867,03-11-2024
1128,TARO,Taro Pharmaceutical Industries Ltd,6870,03-11-2024
1129,TARS,Tarsus Pharmaceuticals Inc,5194,03-11-2024
1130,TMHC,Taylor Morrison Home Corp,21857,03-11-2024
1131,TK,Teekay Corp,39557,03-11-2024
1132,TNK,Teekay Tankers Ltd,10677,03-11-2024
1133,TGNA,TEGNA Inc,40107,03-11-2024
1134,TELA,Tela Bio Inc,10454,03-11-2024
1135,TDS,Telephone and Data Systems Inc,5028,03-11-2024
1136,TENB,Tenable Holdings Inc,15078,03-11-2024
1137,TNC,Tennant Co,7761,03-11-2024
1138,WULF,Terawulf Inc,65124,03-11-2024
1139,TEX,Terex Corp,13101,03-11-2024
1140,TRNO,Terreno Realty Corp,10298,03-11-2024
1141,TTI,TETRA Technologies Inc,77880,03-11-2024
1142,TCBI,Texas Capital Bancshares Inc,8196,03-11-2024
1143,TGH,Textainer Group Holdings Ltd,10589,03-11-2024
1144,TGTX,TG Therapeutics Inc,24918,03-11-2024
1145,TBPH,Theravance Biopharma Inc,12667,03-11-2024
1146,THR,Thermon Group Holdings Inc,7033,03-11-2024
1147,TWKS,Thoughtworks Holding Inc,31239,03-11-2024
1148,THRY,Thryv Holdings Inc,11573,03-11-2024
1149,TDW,Tidewater Inc,3883,03-11-2024
1150,TSBK,Timberland Bancorp Inc,3507,03-11-2024
1151,TWI,Titan International Inc,14630,03-11-2024
1152,TITN,Titan Machinery Inc,14346,03-11-2024
1153,TMP,Tompkins Financial Corp,3549,03-11-2024
1154,MODG,Topgolf Callaway Brands Corp,7906,03-11-2024
1155,TOWN,Towne Bank,13577,03-11-2024
1156,TRNS,Transcat Inc,6012,03-11-2024
1157,TMDX,TransMedics Group Inc,1499,03-11-2024
1158,THS,TreeHouse Foods Inc,10957,03-11-2024
1159,TPH,Tri Pointe Homes Inc,23092,03-11-2024
1160,TCBK,TriCo Bancshares,8896,03-11-2024
1161,TRS,TriMas Corp,9326,03-11-2024
1162,TNET,TriNet Group Inc,6260,03-11-2024
1163,TRN,Trinity Industries Inc,5901,03-11-2024
1164,TSE,Trinseo PLC,2643,03-11-2024
1165,TFIN,Triumph Financial Inc,3781,03-11-2024
1166,TGI,Triumph Group Inc,7982,03-11-2024
1167,TROX,Tronox Holdings PLC,16960,03-11-2024
1168,TBRG,TruBridge Inc,13110,03-11-2024
1169,TBI,TrueBlue Inc,28320,03-11-2024
1170,TRUE,TrueCar Inc,84826,03-11-2024
1171,TRST,TrustCo Bank Corp NY,5505,03-11-2024
1172,TRMK,Trustmark Corp,12550,03-11-2024
1173,TTEC,TTEC Holdings Inc,4826,03-11-2024
1174,TTMI,TTM Technologies Inc,30225,03-11-2024
1175,TPB,Turning Point Brands Inc,7324,03-11-2024
1176,HEAR,Turtle Beach Corp,4874,03-11-2024
1177,TPC,Tutor Perini Corp,16465,03-11-2024
1178,TWO,Two Harbors Investment Corp,7344,03-11-2024
1179,UDMY,Udemy Inc,23240,03-11-2024
1180,UFPI,UFP Industries Inc,16307,03-11-2024
1181,UFPT,UFP Technologies Inc,1617,03-11-2024
1182,UCTT,Ultra Clean Holdings Inc,11827,03-11-2024
1183,UMBF,UMB Financial Corp,8542,03-11-2024
1184,UMH,UMH Properties Inc,10786,03-11-2024
1185,UNF,UniFirst Corp,2827,03-11-2024
1186,UIS,Unisys Corp,30529,03-11-2024
1187,UBSI,United Bankshares Inc,17483,03-11-2024
1188,UCBI,United Community Banks Inc,15220,03-11-2024
1189,UNFI,United Natural Foods Inc,16836,03-11-2024
1190,PRKS,United Parks & Resorts Inc,5599,03-11-2024
1191,USLM,United States Lime & Minerals Inc,1921,03-11-2024
1192,UNIT,Uniti Group Inc,62648,03-11-2024
1193,UTL,Unitil Corp,5056,03-11-2024
1194,UNTY,Unity Bancorp Inc,6472,03-11-2024
1195,UVV,Universal Corp,6765,03-11-2024
1196,UHT,Universal Health Realty Income Trust,2956,03-11-2024
1197,UVE,Universal Insurance Holdings Inc,8062,03-11-2024
1198,UVSP,Univest Financial Corp,6548,03-11-2024
1199,UPBD,Upbound Group Inc,21850,03-11-2024
1200,UPST,Upstart Holdings Inc,4323,03-11-2024
1201,UPWK,Upwork Inc,22558,03-11-2024
1202,UEC,Uranium Energy Corp,25720,03-11-2024
1203,UE,Urban Edge Properties,15128,03-11-2024
1204,URBN,Urban Outfitters Inc,8044,03-11-2024
1205,URGN,UroGen Pharma Ltd,18818,03-11-2024
1206,USPH,US Physical Therapy Inc,2553,03-11-2024
1207,SLCA,US Silica Holdings Inc,19108,03-11-2024
1208,USNA,USANA Health Sciences Inc,5547,03-11-2024
1209,UTZ,Utz Brands Inc,7432,03-11-2024
1210,VVX,V2X Inc,6797,03-11-2024
1211,EGY,VAALCO Energy Inc,46774,03-11-2024
1212,VAL,Valaris Ltd,6907,03-11-2024
1213,VLY,Valley National Bancorp,68516,03-11-2024
1214,VNDA,Vanda Pharmaceuticals Inc,51038,03-11-2024
1215,VREX,Varex Imaging Corp,14292,03-11-2024
1216,VRNS,Varonis Systems Inc,14637,03-11-2024
1217,PCVX,Vaxcyte Inc,5059,03-11-2024
1218,VGR,Vector Group Ltd,39933,03-11-2024
1219,VECO,Veeco Instruments Inc,10450,03-11-2024
1220,VRA,Vera Bradley Inc,22093,03-11-2024
1221,VERA,Vera Therapeutics Inc,6933,03-11-2024
1222,VCYT,Veracyte Inc,7871,03-11-2024
1223,VCEL,Vericel Corp,23376,03-11-2024
1224,VRNT,Verint Systems Inc,12958,03-11-2024
1225,VRE,Veris Residential Inc,20030,03-11-2024
1226,VBTX,Veritex Holdings Inc,9644,03-11-2024
1227,VRRM,Verra Mobility Corp,20884,03-11-2024
1228,VRCA,Verrica Pharmaceuticals Inc,9886,03-11-2024
1229,VTNR,Vertex Energy Inc,30420,03-11-2024
1230,VIAV,Viavi Solutions Inc,37677,03-11-2024
1231,VICR,Vicor Corp,7021,03-11-2024
1232,VCTR,Victory Capital Holdings Inc,4228,03-11-2024
1233,VMD,Viemed Healthcare Inc,31915,03-11-2024
1234,VIGL,Vigil Neuroscience Inc,7819,03-11-2024
1235,VKTX,Viking Therapeutics Inc,6743,03-11-2024
1236,VLGEA,Village Super Market Inc,7787,03-11-2024
1237,VIR,Vir Biotechnology Inc,1771,03-11-2024
1238,VABK,Virginia National Bankshares Corp,4413,03-11-2024
1239,VRTS,Virtus Investment Partners Inc,2421,03-11-2024
1240,VSH,Vishay Intertechnology Inc,27471,03-11-2024
1241,VPG,Vishay Precision Group Inc,7688,03-11-2024
1242,VSTO,Vista Outdoor Inc,13648,03-11-2024
1243,VC,Visteon Corp,2773,03-11-2024
1244,COCO,Vita Coco Co Inc,4873,03-11-2024
1245,VTLE,Vital Energy Inc,5259,03-11-2024
1246,VITL,Vital Farms Inc,17300,03-11-2024
1247,VYGR,Voyager Therapeutics Inc,26129,03-11-2024
1248,WTI,W&T Offshore Inc,85409,03-11-2024
1249,WNC,Wabash National Corp,16101,03-11-2024
1250,WAFD,WaFd Inc,14535,03-11-2024
1251,WD,Walker & Dunlop Inc,4699,03-11-2024
1252,HCC,Warrior Met Coal Inc,21399,03-11-2024
1253,WASH,Washington Trust Bancorp Inc,6473,03-11-2024
1254,WSBF,Waterstone Financial Inc,15950,03-11-2024
1255,WTS,Watts Water Technologies Inc,7612,03-11-2024
1256,WDFC,WD-40 Co,3039,03-11-2024
1257,WFRD,Weatherford International PLC,9496,03-11-2024
1258,WEAV,Weave Communications Inc,10861,03-11-2024
1259,WMK,Weis Markets Inc,5694,03-11-2024
1260,WERN,Werner Enterprises Inc,7851,03-11-2024
1261,WSBC,WesBanco Inc,11397,03-11-2024
1262,WTBA,West BanCorp Inc,12359,03-11-2024
1263,WABC,Westamerica BanCorp,7903,03-11-2024
1264,WSR,Whitestone REIT,21331,03-11-2024
1265,WLDN,Willdan Group Inc,7951,03-11-2024
1266,WINA,Winmark Corp,1652,03-11-2024
1267,WGO,Winnebago Industries Inc,9910,03-11-2024
1268,WT,WisdomTree Inc,48215,03-11-2024
1269,WWW,Wolverine World Wide Inc,13660,03-11-2024
1270,WK,Workiva Inc,7701,03-11-2024
1271,WRLD,World Acceptance Corp,803,03-11-2024
1272,WKC,World Kinect Corp,14498,03-11-2024
1273,WOR,Worthington Enterprises Inc,6916,03-11-2024
1274,WS,Worthington Steel Inc,6776,03-11-2024
1275,WSFS,WSFS Financial Corp,12294,03-11-2024
1276,WW,WW International Inc,42228,03-11-2024
1277,XNCR,Xencor Inc,6655,03-11-2024
1278,XHR,Xenia Hotels & Resorts Inc,23920,03-11-2024
1279,XERS,Xeris Biopharma Holdings Inc,4063,03-11-2024
1280,XRX,Xerox Holdings Corp,24181,03-11-2024
1281,XPEL,XPEL Inc,10425,03-11-2024
1282,XPER,Xperi Inc,12186,03-11-2024
1283,YMAB,Y-mAbs Therapeutics Inc,8483,03-11-2024
1284,YELP,Yelp Inc,21616,03-11-2024
1285,YEXT,Yext Inc,44850,03-11-2024
1286,YORW,York Water Co,4822,03-11-2024
1287,ZETA,Zeta Global Holdings Corp,34520,03-11-2024
1288,ZD,Ziff Davis Inc,6378,03-11-2024
1289,ZIMV,Zimvie Inc,11054,03-11-2024
1290,ZIP,ZipRecruiter Inc,7670,03-11-2024
1291,ZUMZ,Zumiez Inc,11831,03-11-2024
1292,ZUO,Zuora Inc,23203,03-11-2024
1293,ZWS,Zurn Elkay Water Solutions Corp,11497,03-11-2024
1294,ZYXI,Zynex Inc,18423,03-11-2024
1295,--,USD U.S. DOLLAR,0,03-11-2024
