,Ticker,Name,Shares,Date
0,FLWS,1-800-Flowers.com Inc,20814,09-14-2023
1,SRCE,1st Source Corp,3829,09-14-2023
2,TWOU,2U Inc,65203,09-14-2023
3,FDMT,4D Molecular Therapeutics Inc,4572,09-14-2023
4,ETNB,89bio Inc,4692,09-14-2023
5,EGHT,8x8 Inc,96649,09-14-2023
6,AMRK,A-Mark Precious Metals Inc,11431,09-14-2023
7,ATEN,A10 Networks Inc,45972,09-14-2023
8,AAON,AAON Inc,9843,09-14-2023
9,AIR,AAR Corp,9204,09-14-2023
10,AAN,Aarons Co Inc,20010,09-14-2023
11,ANF,Abercrombie & Fitch Co,18041,09-14-2023
12,ABM,ABM Industries Inc,12586,09-14-2023
13,ASO,Academy Sports & Outdoors Inc,13186,09-14-2023
14,ACAD,ACADIA Pharmaceuticals Inc,39880,09-14-2023
15,AKR,Acadia Realty Trust,15753,09-14-2023
16,ACCO,ACCO Brands Corp,28184,09-14-2023
17,ACCD,Accolade Inc,6891,09-14-2023
18,ACIW,ACI Worldwide Inc,19520,09-14-2023
19,ACNB,ACNB Corp,1545,09-14-2023
20,GOLF,Acushnet Holdings Corp,10167,09-14-2023
21,ACVA,ACV Auctions Inc,15198,09-14-2023
22,AHCO,AdaptHealth Corp,19922,09-14-2023
23,ADUS,Addus HomeCare Corp,3635,09-14-2023
24,ADEA,Adeia Inc,34279,09-14-2023
25,ADNT,Adient PLC,13693,09-14-2023
26,ADMA,ADMA Biologics Inc,23885,09-14-2023
27,ATGE,Adtalem Global Education Inc,12296,09-14-2023
28,ADTN,ADTRAN Holdings Inc,11156,09-14-2023
29,AEIS,Advanced Energy Industries Inc,7021,09-14-2023
30,ASIX,AdvanSix Inc,9277,09-14-2023
31,AEHR,Aehr Test Systems,4765,09-14-2023
32,AVAV,AeroVironment Inc,1592,09-14-2023
33,ASLE,AerSale Corp,6261,09-14-2023
34,AGYS,Agilysys Inc,8760,09-14-2023
35,AGIO,Agios Pharmaceuticals Inc,3640,09-14-2023
36,AKRO,Akero Therapeutics Inc,2909,09-14-2023
37,ALG,Alamo Group Inc,3167,09-14-2023
38,ALRM,Alarm.com Holdings Inc,10115,09-14-2023
39,AIN,Albany International Corp,4334,09-14-2023
40,ALDX,Aldeyra Therapeutics Inc,8921,09-14-2023
41,ALEX,Alexander & Baldwin Inc,25197,09-14-2023
42,ALX,Alexanders Inc,555,09-14-2023
43,ALIT,Alight Inc,37820,09-14-2023
44,ALHC,Alignment Healthcare Inc,15138,09-14-2023
45,ALKS,Alkermes PLC,51577,09-14-2023
46,ALE,ALLETE Inc,11796,09-14-2023
47,ALNT,Allient Inc,10860,09-14-2023
48,AOSL,Alpha & Omega Semiconductor Ltd,10435,09-14-2023
49,AMR,Alpha Metallurgical Resources Inc,6548,09-14-2023
50,ATEC,Alphatec Holdings Inc,18469,09-14-2023
51,PINE,Alpine Income Property Trust Inc,5846,09-14-2023
52,ALTG,Alta Equipment Group Inc,7641,09-14-2023
53,ALTR,Altair Engineering Inc,9992,09-14-2023
54,AMAL,Amalgamated Financial Corp,5769,09-14-2023
55,AMBC,Ambac Financial Group Inc,22850,09-14-2023
56,AMBA,Ambarella Inc,5428,09-14-2023
57,AMCX,AMC Networks Inc,9556,09-14-2023
58,AMTB,Amerant Bancorp Inc,5033,09-14-2023
59,AMRC,Ameresco Inc,2448,09-14-2023
60,AAT,American Assets Trust Inc,8474,09-14-2023
61,AXL,American Axle & Manufacturing Holdings Inc,36200,09-14-2023
62,AEO,American Eagle Outfitters Inc,18473,09-14-2023
63,AEL,American Equity Investment Life Holding Co,25072,09-14-2023
64,AMNB,American National Bankshares Inc,4381,09-14-2023
65,AMSWA,American Software Inc,12201,09-14-2023
66,AWR,American States Water Co,11308,09-14-2023
67,AVD,American Vanguard Corp,19474,09-14-2023
68,AMWD,American Woodmark Corp,4226,09-14-2023
69,ABCB,Ameris Bancorp,14284,09-14-2023
70,AMSF,AMERISAFE Inc,6827,09-14-2023
71,ATLO,Ames National Corp,5045,09-14-2023
72,FOLD,Amicus Therapeutics Inc,16119,09-14-2023
73,AMKR,Amkor Technology Inc,31170,09-14-2023
74,AMN,AMN Healthcare Services Inc,13363,09-14-2023
75,AMRX,Amneal Pharmaceuticals Inc,118956,09-14-2023
76,AMPH,Amphastar Pharmaceuticals Inc,20122,09-14-2023
77,AMPY,Amplify Energy Corp,34485,09-14-2023
78,AMLX,Amylyx Pharmaceuticals Inc,3932,09-14-2023
79,ANDE,Andersons Inc,3886,09-14-2023
80,ANGO,AngioDynamics Inc,15693,09-14-2023
81,ANIP,ANI Pharmaceuticals Inc,3536,09-14-2023
82,ANIK,Anika Therapeutics Inc,12546,09-14-2023
83,HOUS,Anywhere Real Estate Inc,35420,09-14-2023
84,AIV,Apartment Investment and Management Co,61131,09-14-2023
85,APG,API Group Corp,26351,09-14-2023
86,APOG,Apogee Enterprises Inc,10461,09-14-2023
87,ARI,Apollo Commercial Real Estate Finance Inc,29487,09-14-2023
88,AMEH,Apollo Medical Holdings Inc,3015,09-14-2023
89,APPF,Appfolio Inc,5248,09-14-2023
90,APPN,Appian Corp,8729,09-14-2023
91,APLE,Apple Hospitality REIT Inc,43440,09-14-2023
92,APLD,Applied Digital Corp,10508,09-14-2023
93,AIT,Applied Industrial Technologies Inc,12381,09-14-2023
94,ABR,Arbor Realty Trust Inc,27605,09-14-2023
95,ARCB,ArcBest Corp,6609,09-14-2023
96,ACLX,Arcellx Inc,5027,09-14-2023
97,ARCH,Arch Resources Inc,5540,09-14-2023
98,AROC,Archrock Inc,28350,09-14-2023
99,ACA,Arcosa Inc,9596,09-14-2023
100,ARCT,Arcturus Therapeutics Holdings Inc,13290,09-14-2023
101,ARDX,Ardelyx Inc,25165,09-14-2023
102,ASC,Ardmore Shipping Corp,16690,09-14-2023
103,ACRE,Ares Commercial Real Estate Corp,15526,09-14-2023
104,AGX,Argan Inc,3367,09-14-2023
105,ARGO,Argo Group International Holdings Ltd,4925,09-14-2023
106,ARLO,Arlo Technologies Inc,25019,09-14-2023
107,AHH,Armada Hoffler Properties Inc,11192,09-14-2023
108,ARR,ARMOUR Residential REIT Inc,20726,09-14-2023
109,ARRY,Array Technologies Inc,11389,09-14-2023
110,AROW,Arrow Financial Corp,8694,09-14-2023
111,ARWR,Arrowhead Pharmaceuticals Inc,6139,09-14-2023
112,APAM,Artisan Partners Asset Management Inc,18462,09-14-2023
113,ASAN,Asana Inc,10164,09-14-2023
114,ABG,Asbury Automotive Group Inc,4540,09-14-2023
115,ASGN,ASGN Inc,12359,09-14-2023
116,ASRT,Assertio Holdings Inc,54272,09-14-2023
117,AMK,AssetMark Financial Holdings Inc,4926,09-14-2023
118,ASB,Associated Banc-Corp,23754,09-14-2023
119,ASTE,Astec Industries Inc,7273,09-14-2023
120,ATXS,Astria Therapeutics Inc,9567,09-14-2023
121,ASUR,Asure Software Inc,8128,09-14-2023
122,ATI,ATI Inc,10720,09-14-2023
123,ATKR,Atkore Inc,13633,09-14-2023
124,BATRA,Atlanta Braves Holdings Inc,4893,09-14-2023
125,BATRK,Atlanta Braves Holdings Inc,4554,09-14-2023
126,AUB,Atlantic Union Bankshares Corp,12576,09-14-2023
127,ATLC,Atlanticus Holdings Corp,2535,09-14-2023
128,ATRC,AtriCure Inc,7227,09-14-2023
129,ATRI,Atrion Corp,238,09-14-2023
130,--,AURINIA PHARMACEUTICALS INC.,9746,09-14-2023
131,AVNS,Avanos Medical Inc,12738,09-14-2023
132,AVTA,Avantax Inc,7796,09-14-2023
133,AVID,Avid Technology Inc,26311,09-14-2023
134,AVDX,AvidXchange Holdings Inc,8755,09-14-2023
135,AVNT,Avient Corp,15845,09-14-2023
136,AVA,Avista Corp,14010,09-14-2023
137,RCEL,Avita Medical Inc,13627,09-14-2023
138,ACLS,Axcelis Technologies Inc,8896,09-14-2023
139,AXNX,Axonics Inc,3201,09-14-2023
140,AX,Axos Financial Inc,20756,09-14-2023
141,AXSM,Axsome Therapeutics Inc,4864,09-14-2023
142,AZZ,AZZ Inc,5150,09-14-2023
143,BGS,B&G Foods Inc,11386,09-14-2023
144,BW,Babcock & Wilcox Enterprises Inc,22698,09-14-2023
145,BMI,Badger Meter Inc,7664,09-14-2023
146,BCPC,Balchem Corp,3563,09-14-2023
147,BANC,Banc of California Inc,8606,09-14-2023
148,BANF,BancFirst Corp,6748,09-14-2023
149,BLX,Banco Latinoamericano de Comercio Exterior SA,11375,09-14-2023
150,TBBK,Bancorp Inc,14922,09-14-2023
151,BFC,Bank First Corp,2511,09-14-2023
152,BOH,Bank of Hawaii Corp,6039,09-14-2023
153,NTB,Bank of NT Butterfield & Son Ltd,21025,09-14-2023
154,BKU,BankUnited Inc,15842,09-14-2023
155,BWFG,Bankwell Financial Group Inc,5447,09-14-2023
156,BANR,Banner Corp,5891,09-14-2023
157,B,Barnes Group Inc,7380,09-14-2023
158,BBSI,Barrett Business Services Inc,2624,09-14-2023
159,BCML,BayCom Corp,1122,09-14-2023
160,BCBP,BCB Bancorp Inc,12366,09-14-2023
161,BECN,Beacon Roofing Supply Inc,13076,09-14-2023
162,BEAM,Beam Therapeutics Inc,3636,09-14-2023
163,BZH,Beazer Homes USA Inc,9697,09-14-2023
164,BELFB,Bel Fuse Inc,3220,09-14-2023
165,BDC,Belden Inc,7531,09-14-2023
166,BRBR,BellRing Brands Inc,18254,09-14-2023
167,BHE,Benchmark Electronics Inc,11218,09-14-2023
168,BHLB,Berkshire Hills Bancorp Inc,6557,09-14-2023
169,BRY,Berry Corp,21960,09-14-2023
170,BGC,BGC Group Inc,30660,09-14-2023
171,BIGC,BigCommerce Holdings Inc,10434,09-14-2023
172,BHVN,Biohaven Ltd,3968,09-14-2023
173,BLFS,BioLife Solutions Inc,3973,09-14-2023
174,BMEA,Biomea Fusion Inc,2685,09-14-2023
175,BTAI,Bioxcel Therapeutics Inc,4666,09-14-2023
176,BJRI,BJs Restaurants Inc,4572,09-14-2023
177,BKH,Black Hills Corp,12651,09-14-2023
178,BLKB,Blackbaud Inc,8001,09-14-2023
179,BL,BlackLine Inc,2419,09-14-2023
180,BXMT,Blackstone Mortgage Trust Inc,20951,09-14-2023
181,BE,Bloom Energy Corp,8792,09-14-2023
182,BLMN,Bloomin Brands Inc,14540,09-14-2023
183,BLBD,Blue Bird Corp,6219,09-14-2023
184,BRBS,Blue Ridge Bankshares Inc,5534,09-14-2023
185,BVH,Bluegreen Vacations Holding Corp,8136,09-14-2023
186,BXC,BlueLinx Holdings Inc,8600,09-14-2023
187,BPMC,Blueprint Medicines Corp,2871,09-14-2023
188,BCC,Boise Cascade Co,18762,09-14-2023
189,BOOT,Boot Barn Holdings Inc,4895,09-14-2023
190,BORR,Borr Drilling Ltd,13623,09-14-2023
191,BWMN,Bowman Consulting Group Ltd,9880,09-14-2023
192,BOX,Box Inc,32173,09-14-2023
193,BHR,Braemar Hotels & Resorts Inc,27724,09-14-2023
194,BDN,Brandywine Realty Trust,28521,09-14-2023
195,BFH,Bread Financial Holdings Inc,8213,09-14-2023
196,BBIO,Bridgebio Pharma Inc,6253,09-14-2023
197,BCOV,Brightcove Inc,38248,09-14-2023
198,BSIG,Brightsphere Investment Group Inc,10938,09-14-2023
199,EAT,Brinker International Inc,7397,09-14-2023
200,BCO,Brinks Co,5138,09-14-2023
201,VTOL,Bristow Group Inc,7137,09-14-2023
202,BNL,Broadstone Net Lease Inc,22448,09-14-2023
203,BIPC,Brookfield Infrastructure Corp,23563,09-14-2023
204,BRKL,Brookline Bancorp Inc,23914,09-14-2023
205,BRP,BRP Group Inc,4410,09-14-2023
206,BRT,BRT Apartments Corp,9212,09-14-2023
207,BKE,Buckle Inc,10401,09-14-2023
208,BBW,Build-A-Bear Workshop Inc,4630,09-14-2023
209,BY,Byline Bancorp Inc,5655,09-14-2023
210,AI,C3.ai Inc,3164,09-14-2023
211,CABA,Cabaletta Bio Inc,7155,09-14-2023
212,CBT,Cabot Corp,9092,09-14-2023
213,WHD,Cactus Inc,6914,09-14-2023
214,CADE,Cadence Bank,32160,09-14-2023
215,CALM,Cal-Maine Foods Inc,10490,09-14-2023
216,CVGW,Calavo Growers Inc,2992,09-14-2023
217,CAL,Caleres Inc,15874,09-14-2023
218,CRC,California Resources Corp,12953,09-14-2023
219,CWT,California Water Service Group,9222,09-14-2023
220,CALX,Calix Inc,14173,09-14-2023
221,CPE,Callon Petroleum Co,10620,09-14-2023
222,CMBM,Cambium Networks Corp,8658,09-14-2023
223,CATC,Cambridge Bancorp,1686,09-14-2023
224,CAC,Camden National Corp,8834,09-14-2023
225,CWH,Camping World Holdings Inc,5655,09-14-2023
226,CNNE,Cannae Holdings Inc,6138,09-14-2023
227,CCBG,Capital City Bank Group Inc,8688,09-14-2023
228,CFFN,Capitol Federal Financial Inc,16218,09-14-2023
229,CDNA,CareDx Inc,31284,09-14-2023
230,CTRE,CareTrust REIT Inc,17258,09-14-2023
231,CARG,Cargurus Inc,22779,09-14-2023
232,PRTS,CarParts.com Inc,33043,09-14-2023
233,CRS,Carpenter Technology Corp,7655,09-14-2023
234,CSV,Carriage Services Inc,6088,09-14-2023
235,TAST,Carrols Restaurant Group Inc,27128,09-14-2023
236,CARS,Cars.com Inc,27282,09-14-2023
237,CVNA,Carvana Co,3708,09-14-2023
238,CWST,Casella Waste Systems Inc,5403,09-14-2023
239,CASS,Cass Information Systems Inc,4826,09-14-2023
240,CPRX,Catalyst Pharmaceuticals Inc,74024,09-14-2023
241,CATY,Cathay General Bancorp,17230,09-14-2023
242,CVCO,Cavco Industries Inc,1498,09-14-2023
243,CBZ,CBIZ Inc,12725,09-14-2023
244,CBL,CBL & Associates Properties Inc,8481,09-14-2023
245,CECO,CECO Environmental Corp,7126,09-14-2023
246,CLDX,Celldex Therapeutics Inc,4166,09-14-2023
247,CSR,Centerspace,2681,09-14-2023
248,CENTA,Central Garden & Pet Co,8922,09-14-2023
249,CENT,Central Garden & Pet Co,5416,09-14-2023
250,CPF,Central Pacific Financial Corp,11750,09-14-2023
251,CVCY,Central Valley Community Bancorp,6010,09-14-2023
252,LEU,Centrus Energy Corp,3263,09-14-2023
253,CCS,Century Communities Inc,3528,09-14-2023
254,CRNC,Cerence Inc,6010,09-14-2023
255,CERE,Cerevel Therapeutics Holdings Inc,3705,09-14-2023
256,CERS,Cerus Corp,66943,09-14-2023
257,CEVA,CEVA Inc,5753,09-14-2023
258,CHX,ChampionX Corp,24396,09-14-2023
259,GTLS,Chart Industries Inc,3972,09-14-2023
260,CCF,Chase Corp,4452,09-14-2023
261,CLDT,Chatham Lodging Trust,16956,09-14-2023
262,CAKE,Cheesecake Factory Inc,5468,09-14-2023
263,CHEF,Chefs Warehouse Inc,4123,09-14-2023
264,CHGG,Chegg Inc,11115,09-14-2023
265,CHMG,Chemung Financial Corp,3444,09-14-2023
266,CPK,Chesapeake Utilities Corp,4717,09-14-2023
267,CHS,Chicos FAS Inc,33973,09-14-2023
268,CIM,Chimera Investment Corp,22817,09-14-2023
269,COFS,ChoiceOne Financial Services Inc,3864,09-14-2023
270,CHRD,Chord Energy Corp,7108,09-14-2023
271,CHUY,Chuys Holdings Inc,4760,09-14-2023
272,CMPR,Cimpress PLC,9487,09-14-2023
273,CNK,Cinemark Holdings Inc,10758,09-14-2023
274,CIR,CIRCOR International Inc,5659,09-14-2023
275,CHCO,City Holding Co,6427,09-14-2023
276,CIO,City Office REIT Inc,23700,09-14-2023
277,CIVB,Civista Bancshares Inc,10837,09-14-2023
278,CIVI,Civitas Resources Inc,13748,09-14-2023
279,CMTG,Claros Mortgage Trust Inc,16003,09-14-2023
280,YOU,Clear Secure Inc,3880,09-14-2023
281,CLFD,Clearfield Inc,6544,09-14-2023
282,CLW,Clearwater Paper Corp,6139,09-14-2023
283,CLMB,Climb Global Solutions Inc,2980,09-14-2023
284,CCNE,CNB Financial Corp,7384,09-14-2023
285,CNO,CNO Financial Group Inc,34359,09-14-2023
286,CNX,CNX Resources Corp,25582,09-14-2023
287,COKE,Coca-Cola Consolidated Inc,2139,09-14-2023
288,CDXS,Codexis Inc,39582,09-14-2023
289,CVLY,Codorus Valley Bancorp Inc,4666,09-14-2023
290,COGT,Cogent Biosciences Inc,7731,09-14-2023
291,CCOI,Cogent Communications Holdings Inc,7965,09-14-2023
292,CNS,Cohen & Steers Inc,9088,09-14-2023
293,CHRS,Coherus Biosciences Inc,30153,09-14-2023
294,COHU,Cohu Inc,13470,09-14-2023
295,COLL,Collegium Pharmaceutical Inc,32841,09-14-2023
296,CBAN,Colony Bankcorp Inc,1680,09-14-2023
297,CLBK,Columbia Financial Inc,6933,09-14-2023
298,CMCO,Columbus McKinnon Corp,8407,09-14-2023
299,FIX,Comfort Systems USA Inc,9197,09-14-2023
300,CMC,Commercial Metals Co,27972,09-14-2023
301,CVGI,Commercial Vehicle Group Inc,14412,09-14-2023
302,COMM,CommScope Holding Co Inc,19077,09-14-2023
303,CBU,Community Bank System Inc,5810,09-14-2023
304,CHCT,Community Healthcare Trust Inc,6226,09-14-2023
305,CTBI,Community Trust Bancorp Inc,5348,09-14-2023
306,CVLT,CommVault Systems Inc,13199,09-14-2023
307,CODI,Compass Diversified Holdings,4379,09-14-2023
308,COMP,Compass Inc,153335,09-14-2023
309,CMP,Compass Minerals International Inc,3046,09-14-2023
310,CPSI,Computer Programs and Systems Inc,13789,09-14-2023
311,CRK,Comstock Resources Inc,57113,09-14-2023
312,CMTL,Comtech Telecommunications Corp,2520,09-14-2023
313,CNDT,Conduent Inc,87320,09-14-2023
314,CNMD,CONMED Corp,2059,09-14-2023
315,CNOB,ConnectOne Bancorp Inc,7031,09-14-2023
316,CCSI,Consensus Cloud Solutions Inc,5481,09-14-2023
317,CEIX,CONSOL Energy Inc,12962,09-14-2023
318,CWCO,Consolidated Water Co Ltd,14633,09-14-2023
319,CSTM,Constellium SE,18512,09-14-2023
320,ROAD,Construction Partners Inc,2854,09-14-2023
321,CPSS,Consumer Portfolio Services Inc,8802,09-14-2023
322,CPS,Cooper-Standard Holdings Inc,7292,09-14-2023
323,CORT,Corcept Therapeutics Inc,60337,09-14-2023
324,CLB,Core Laboratories Inc,4149,09-14-2023
325,CMT,Core Molding Technologies Inc,7616,09-14-2023
326,CCRD,CoreCard Corp,5585,09-14-2023
327,CXW,CoreCivic Inc,34968,09-14-2023
328,CRMD,CorMedix Inc,18334,09-14-2023
329,OFC,Corporate Office Properties Trust,18016,09-14-2023
330,CRSR,Corsair Gaming Inc,6873,09-14-2023
331,CRVL,CorVel Corp,3212,09-14-2023
332,CMRE,Costamare Inc,14957,09-14-2023
333,BASE,Couchbase Inc,7942,09-14-2023
334,COUR,Coursera Inc,7724,09-14-2023
335,CVLG,Covenant Logistics Group Inc,4036,09-14-2023
336,PMTS,CPI Card Group Inc,4186,09-14-2023
337,CRAI,CRA International Inc,3936,09-14-2023
338,CBRL,Cracker Barrel Old Country Store Inc,1886,09-14-2023
339,CRDO,Credo Technology Group Holding Ltd,5207,09-14-2023
340,CRCT,Cricut Inc,5959,09-14-2023
341,CRNX,Crinetics Pharmaceuticals Inc,4619,09-14-2023
342,CCRN,Cross Country Healthcare Inc,28309,09-14-2023
343,CYRX,CryoPort Inc,5482,09-14-2023
344,CSGS,CSG Systems International Inc,12228,09-14-2023
345,CSWI,CSW Industrials Inc,4395,09-14-2023
346,CTO,CTO Realty Growth Inc,11525,09-14-2023
347,CTS,CTS Corp,6695,09-14-2023
348,CWK,Cushman & Wakefield PLC,38209,09-14-2023
349,CUBI,Customers Bancorp Inc,16422,09-14-2023
350,CVBF,CVB Financial Corp,18620,09-14-2023
351,CVI,CVR Energy Inc,7388,09-14-2023
352,CVRX,CVRx Inc,6282,09-14-2023
353,CBAY,Cymabay Therapeutics Inc,11489,09-14-2023
354,CYTK,Cytokinetics Inc,6564,09-14-2023
355,DAKT,Daktronics Inc,13947,09-14-2023
356,DAN,Dana Inc,25592,09-14-2023
357,PLAY,Dave & Busters Entertainment Inc,5391,09-14-2023
358,RTYZ3,DEC 23 CME EMINIRUS2K,46,09-14-2023
359,DK,Delek US Holdings Inc,14674,09-14-2023
360,DLX,Deluxe Corp,16758,09-14-2023
361,DNLI,Denali Therapeutics Inc,4967,09-14-2023
362,DEN,Denbury Inc,5523,09-14-2023
363,DENN,Dennys Corp,17775,09-14-2023
364,DBI,Designer Brands Inc,12483,09-14-2023
365,DXLG,Destination XL Group Inc,29522,09-14-2023
366,DHX,DHI Group Inc,32101,09-14-2023
367,DHT,DHT Holdings Inc,34635,09-14-2023
368,DHIL,Diamond Hill Investment Group Inc,1846,09-14-2023
369,DO,Diamond Offshore Drilling Inc,17744,09-14-2023
370,DRH,DiamondRock Hospitality Co,38168,09-14-2023
371,DGII,Digi International Inc,11878,09-14-2023
372,APPS,Digital Turbine Inc,28456,09-14-2023
373,DDS,Dillards Inc,2265,09-14-2023
374,DCOM,Dime Community Bancshares Inc,11061,09-14-2023
375,DIN,Dine Brands Global Inc,1914,09-14-2023
376,DIOD,Diodes Inc,13566,09-14-2023
377,DSGR,Distribution Solutions Group Inc,8908,09-14-2023
378,DOLE,Dole PLC,9163,09-14-2023
379,DOMO,Domo Inc,21246,09-14-2023
380,DFIN,Donnelley Financial Solutions Inc,12127,09-14-2023
381,LPG,Dorian LPG Ltd,10834,09-14-2023
382,DORM,Dorman Products Inc,5890,09-14-2023
383,PLOW,Douglas Dynamics Inc,3400,09-14-2023
384,DOUG,Douglas Elliman Inc,74005,09-14-2023
385,DEI,Douglas Emmett Inc,17963,09-14-2023
386,DRQ,Dril-Quip Inc,5540,09-14-2023
387,DCO,Ducommun Inc,2609,09-14-2023
388,DLTH,Duluth Holdings Inc,1175,09-14-2023
389,DUOL,Duolingo Inc,2428,09-14-2023
390,DXPE,DXP Enterprises Inc,14182,09-14-2023
391,DY,Dycom Industries Inc,4082,09-14-2023
392,DVAX,Dynavax Technologies Corp,64290,09-14-2023
393,DYN,Dyne Therapeutics Inc,8571,09-14-2023
394,DX,Dynex Capital Inc,8985,09-14-2023
395,EGBN,Eagle Bancorp Inc,9149,09-14-2023
396,EGLE,Eagle Bulk Shipping Inc,5276,09-14-2023
397,EGRX,Eagle Pharmaceuticals Inc,10026,09-14-2023
398,ESTE,Earthstone Energy Inc,10308,09-14-2023
399,DEA,Easterly Government Properties Inc,14603,09-14-2023
400,EBC,Eastern Bankshares Inc,9323,09-14-2023
401,EBIX,Ebix Inc,14519,09-14-2023
402,SATS,EchoStar Corp,13941,09-14-2023
403,ECVT,Ecovyst Inc,22256,09-14-2023
404,EPC,Edgewell Personal Care Co,11877,09-14-2023
405,EGAN,eGain Corp,19296,09-14-2023
406,LOCO,El Pollo Loco Holdings Inc,12287,09-14-2023
407,ELF,elf Beauty Inc,6961,09-14-2023
408,EFC,Ellington Financial Inc,11731,09-14-2023
409,ELME,Elme Communities,10781,09-14-2023
410,EMBC,Embecta Corp,17345,09-14-2023
411,EBS,Emergent BioSolutions Inc,37099,09-14-2023
412,EP,Empire Petroleum Corp,4191,09-14-2023
413,ESRT,Empire State Realty Trust Inc,40811,09-14-2023
414,EIG,Employers Holdings Inc,8554,09-14-2023
415,ACT,Enact Holdings Inc,10272,09-14-2023
416,ECPG,Encore Capital Group Inc,7034,09-14-2023
417,WIRE,Encore Wire Corp,8042,09-14-2023
418,ENR,Energizer Holdings Inc,9537,09-14-2023
419,EFR,Energy Fuels Inc,20177,09-14-2023
420,ERII,Energy Recovery Inc,22943,09-14-2023
421,EPAC,Enerpac Tool Group Corp,13515,09-14-2023
422,ENS,EnerSys,5029,09-14-2023
423,ELVN,Enliven Therapeutics Inc,4564,09-14-2023
424,EBF,Ennis Inc,7447,09-14-2023
425,ENVA,Enova International Inc,17694,09-14-2023
426,ENVX,Enovix Corp,7515,09-14-2023
427,NPO,EnPro Industries Inc,5016,09-14-2023
428,ENSG,Ensign Group Inc,9876,09-14-2023
429,ESGR,Enstar Group Ltd,1093,09-14-2023
430,EFSC,Enterprise Financial Services Corp,7175,09-14-2023
431,TRDA,Entrada Therapeutics Inc,18703,09-14-2023
432,ENV,Envestnet Inc,6158,09-14-2023
433,NVRI,Enviri Corp,10260,09-14-2023
434,PLUS,ePlus Inc,8586,09-14-2023
435,ETRN,Equitrans Midstream Corp,58209,09-14-2023
436,EQC,Equity Commonwealth,10695,09-14-2023
437,ESE,ESCO Technologies Inc,3511,09-14-2023
438,ESQ,Esquire Financial Holdings Inc,3861,09-14-2023
439,ESNT,Essent Group Ltd,24230,09-14-2023
440,EPRT,Essential Properties Realty Trust Inc,13818,09-14-2023
441,ETD,Ethan Allen Interiors Inc,19907,09-14-2023
442,EVBN,Evans Bancorp Inc,3718,09-14-2023
443,EVBG,Everbridge Inc,3475,09-14-2023
444,EVRI,Everi Holdings Inc,12939,09-14-2023
445,EVER,EverQuote Inc,18738,09-14-2023
446,EVTC,EVERTEC Inc,14847,09-14-2023
447,EVI,EVI Industries Inc,4288,09-14-2023
448,EVH,Evolent Health Inc,11851,09-14-2023
449,EOLS,Evolus Inc,19043,09-14-2023
450,EPM,Evolution Petroleum Corp,31006,09-14-2023
451,EVLV,Evolv Technologies Holdings Inc,15311,09-14-2023
452,SSP,EW Scripps Co,18981,09-14-2023
453,EXLS,ExlService Holdings Inc,34049,09-14-2023
454,EXPI,eXp World Holdings Inc,49732,09-14-2023
455,EXPO,Exponent Inc,4551,09-14-2023
456,XPRO,Expro Group Holdings NV,6156,09-14-2023
457,EXTR,Extreme Networks Inc,52097,09-14-2023
458,FN,Fabrinet,6367,09-14-2023
459,FMAO,Farmers & Merchants Bancorp Inc/Archbold OH,2627,09-14-2023
460,FMNB,Farmers National Banc Corp,12224,09-14-2023
461,FPI,Farmland Partners Inc,11622,09-14-2023
462,FSLY,Fastly Inc,5460,09-14-2023
463,FBK,FB Financial Corp,9241,09-14-2023
464,AGM,Federal Agricultural Mortgage Corp,6628,09-14-2023
465,FSS,Federal Signal Corp,8860,09-14-2023
466,FGEN,FibroGen Inc,5613,09-14-2023
467,FDBC,Fidelity D&D Bancorp Inc,2265,09-14-2023
468,FIGS,Figs Inc,50530,09-14-2023
469,FISI,Financial Institutions Inc,10503,09-14-2023
470,FA,First Advantage Corp,10530,09-14-2023
471,FBP,First BanCorp,48393,09-14-2023
472,FNLC,First Bancorp Inc,6178,09-14-2023
473,FBNC,First Bancorp/Southern Pines NC,8327,09-14-2023
474,FBMS,First Bancshares Inc,4349,09-14-2023
475,BUSE,First Busey Corp,9964,09-14-2023
476,FBIZ,First Business Financial Services Inc,7725,09-14-2023
477,FCF,First Commonwealth Financial Corp,22624,09-14-2023
478,FCCO,First Community Corp,5287,09-14-2023
479,FFBC,First Financial Bancorp,20116,09-14-2023
480,FFIN,First Financial Bankshares Inc,24234,09-14-2023
481,THFF,First Financial Corp,4252,09-14-2023
482,FIBK,First Interstate BancSystem Inc,10807,09-14-2023
483,FRME,First Merchants Corp,13900,09-14-2023
484,FMBH,First Mid Bancshares Inc,4797,09-14-2023
485,FLIC,First of Long Island Corp,9343,09-14-2023
486,MYFW,First Western Financial Inc,1490,09-14-2023
487,FCFS,FirstCash Holdings Inc,5632,09-14-2023
488,FLNG,FLEX LNG Ltd,3659,09-14-2023
489,FLNC,Fluence Energy Inc,3606,09-14-2023
490,FLR,Fluor Corp,19576,09-14-2023
491,FFIC,Flushing Financial Corp,13271,09-14-2023
492,FLYW,Flywire Corp,5720,09-14-2023
493,FL,Foot Locker Inc,5882,09-14-2023
494,FOR,Forestar Group Inc,11491,09-14-2023
495,FORM,FormFactor Inc,19611,09-14-2023
496,FORR,Forrester Research Inc,7768,09-14-2023
497,FWRD,Forward Air Corp,10549,09-14-2023
498,FOSL,Fossil Group Inc,41590,09-14-2023
499,FCPT,Four Corners Property Trust Inc,15853,09-14-2023
500,FOXF,Fox Factory Holding Corp,6831,09-14-2023
501,FBRT,Franklin BSP Realty Trust Inc,9812,09-14-2023
502,FC,Franklin Covey Co,11993,09-14-2023
503,FELE,Franklin Electric Co Inc,11952,09-14-2023
504,FDP,Fresh Del Monte Produce Inc,8853,09-14-2023
505,FRSH,Freshworks Inc,8068,09-14-2023
506,FTDR,Frontdoor Inc,21139,09-14-2023
507,FRPH,FRP Holdings Inc,3882,09-14-2023
508,FSBW,FS Bancorp Inc,3203,09-14-2023
509,FTAI,FTAI Aviation Ltd,8276,09-14-2023
510,FLGT,Fulgent Genetics Inc,10413,09-14-2023
511,FULT,Fulton Financial Corp,32270,09-14-2023
512,FNKO,Funko Inc,12296,09-14-2023
513,FVCB,FVCBankcorp Inc,3015,09-14-2023
514,GIII,G-III Apparel Group Ltd,11270,09-14-2023
515,GCI,Gannett Co Inc,88070,09-14-2023
516,GATX,GATX Corp,3566,09-14-2023
517,GNK,Genco Shipping & Trading Ltd,12740,09-14-2023
518,GENC,Gencor Industries Inc,7874,09-14-2023
519,GCO,Genesco Inc,9569,09-14-2023
520,GNE,Genie Energy Ltd,19437,09-14-2023
521,THRM,Gentherm Inc,7298,09-14-2023
522,GNW,Genworth Financial Inc,112671,09-14-2023
523,GEO,GEO Group Inc,50540,09-14-2023
524,GABC,German American Bancorp Inc,10418,09-14-2023
525,GERN,Geron Corp,39465,09-14-2023
526,GTY,Getty Realty Corp,8818,09-14-2023
527,ROCK,Gibraltar Industries Inc,5860,09-14-2023
528,GBCI,Glacier Bancorp Inc,19038,09-14-2023
529,GOOD,Gladstone Commercial Corp,11803,09-14-2023
530,LAND,Gladstone Land Corp,6382,09-14-2023
531,GKOS,Glaukos Corp,3010,09-14-2023
532,GIC,Global Industrial Co,12472,09-14-2023
533,GMRE,Global Medical REIT Inc,9913,09-14-2023
534,GNL,Global Net Lease Inc,47351,09-14-2023
535,GMS,GMS Inc,22527,09-14-2023
536,GOGO,Gogo Inc,15535,09-14-2023
537,GLNG,Golar LNG Ltd,8939,09-14-2023
538,GDEN,Golden Entertainment Inc,5331,09-14-2023
539,GOGL,Golden Ocean Group Ltd,12223,09-14-2023
540,GT,Goodyear Tire & Rubber Co,46509,09-14-2023
541,GSHD,Goosehead Insurance Inc,3800,09-14-2023
542,GPRO,GoPro Inc,39749,09-14-2023
543,GRC,Gorman-Rupp Co,3981,09-14-2023
544,EAF,GrafTech International Ltd,80128,09-14-2023
545,GHC,Graham Holdings Co,847,09-14-2023
546,GVA,Granite Construction Inc,4857,09-14-2023
547,GTN,Gray Television Inc,19679,09-14-2023
548,GLDD,Great Lakes Dredge & Dock Corp,1026,09-14-2023
549,GSBC,Great Southern Bancorp Inc,6603,09-14-2023
550,GRBK,Green Brick Partners Inc,6759,09-14-2023
551,GDOT,Green Dot Corp,8027,09-14-2023
552,GPRE,Green Plains Inc,4485,09-14-2023
553,GBX,Greenbrier Cos Inc,3497,09-14-2023
554,GCBC,Greene County Bancorp Inc,6547,09-14-2023
555,GEF,Greif Inc,5739,09-14-2023
556,GDYN,Grid Dynamics Holdings Inc,16099,09-14-2023
557,GFF,Griffon Corp,13231,09-14-2023
558,GPI,Group 1 Automotive Inc,4055,09-14-2023
559,GH,Guardant Health Inc,2529,09-14-2023
560,GES,Guess? Inc,8883,09-14-2023
561,GPOR,Gulfport Energy Corp,5193,09-14-2023
562,HEES,H&E Equipment Services Inc,7138,09-14-2023
563,HCKT,Hackett Group Inc,22130,09-14-2023
564,HAE,Haemonetics Corp,4245,09-14-2023
565,HAIN,Hain Celestial Group Inc,10822,09-14-2023
566,HALO,Halozyme Therapeutics Inc,20054,09-14-2023
567,HLNE,Hamilton Lane Inc,8582,09-14-2023
568,HWC,Hancock Whitney Corp,14501,09-14-2023
569,HAFC,Hanmi Financial Corp,12110,09-14-2023
570,HASI,Hannon Armstrong Sustainable Infrastructure Capital Inc,5002,09-14-2023
571,HONE,HarborOne Bancorp Inc,15365,09-14-2023
572,HLIT,Harmonic Inc,25476,09-14-2023
573,HRMY,Harmony Biosciences Holdings Inc,17861,09-14-2023
574,HROW,Harrow Health Inc,7537,09-14-2023
575,HBIO,Harvard Bioscience Inc,38456,09-14-2023
576,HVT,Haverty Furniture Cos Inc,14391,09-14-2023
577,HWKN,Hawkins Inc,5149,09-14-2023
578,HAYN,Haynes International Inc,1821,09-14-2023
579,FUL,HB Fuller Co,8902,09-14-2023
580,HQY,HealthEquity Inc,8945,09-14-2023
581,HSTM,HealthStream Inc,9522,09-14-2023
582,HTLD,Heartland Express Inc,7528,09-14-2023
583,HTLF,Heartland Financial USA Inc,8498,09-14-2023
584,HL,Hecla Mining Co,39402,09-14-2023
585,HSII,Heidrick & Struggles International Inc,5422,09-14-2023
586,HELE,Helen of Troy Ltd,3396,09-14-2023
587,HLIO,Helios Technologies Inc,3443,09-14-2023
588,HLX,Helix Energy Solutions Group Inc,53232,09-14-2023
589,HP,Helmerich & Payne Inc,8240,09-14-2023
590,HLF,Herbalife Ltd,21801,09-14-2023
591,HRI,Herc Holdings Inc,3631,09-14-2023
592,HTBK,Heritage Commerce Corp,18755,09-14-2023
593,HFWA,Heritage Financial Corp,6475,09-14-2023
594,HCCI,Heritage-Crystal Clean Inc,6917,09-14-2023
595,HT,Hersha Hospitality Trust,30366,09-14-2023
596,HIBB,Hibbett Inc,6353,09-14-2023
597,HI,Hillenbrand Inc,14372,09-14-2023
598,HTH,Hilltop Holdings Inc,13785,09-14-2023
599,HGV,Hilton Grand Vacations Inc,11076,09-14-2023
600,HIMS,Hims & Hers Health Inc,10851,09-14-2023
601,HIFS,Hingham Institution For Savings The,655,09-14-2023
602,HQI,HireQuest Inc,3496,09-14-2023
603,HNI,HNI Corp,21606,09-14-2023
604,HBCP,Home Bancorp Inc,3883,09-14-2023
605,HOMB,Home BancShares Inc,29749,09-14-2023
606,HTBI,HomeTrust Bancshares Inc,6122,09-14-2023
607,HOPE,Hope Bancorp Inc,27770,09-14-2023
608,HMN,Horace Mann Educators Corp,11561,09-14-2023
609,HBNC,Horizon Bancorp Inc,13336,09-14-2023
610,TWNK,Hostess Brands Inc,32712,09-14-2023
611,HOV,Hovnanian Enterprises Inc,2208,09-14-2023
612,HUBG,Hub Group Inc,10368,09-14-2023
613,HPP,Hudson Pacific Properties Inc,19354,09-14-2023
614,HDSN,Hudson Technologies Inc,39015,09-14-2023
615,HURN,Huron Consulting Group Inc,6029,09-14-2023
616,HY,Hyster-Yale Materials Handling Inc,1814,09-14-2023
617,IIIV,I3 Verticals Inc,4266,09-14-2023
618,ICFI,ICF International Inc,5267,09-14-2023
619,ICHR,Ichor Holdings Ltd,5581,09-14-2023
620,IDYA,Ideaya Biosciences Inc,3900,09-14-2023
621,IDT,IDT Corp,14031,09-14-2023
622,IESC,IES Holdings Inc,8055,09-14-2023
623,IHRT,iHeartMedia Inc,36386,09-14-2023
624,IMAX,IMAX Corp,5227,09-14-2023
625,IMMR,Immersion Corp,12912,09-14-2023
626,IMGN,ImmunoGen Inc,12803,09-14-2023
627,IMVT,Immunovant Inc,4674,09-14-2023
628,PI,Impinj Inc,6572,09-14-2023
629,NARI,Inari Medical Inc,7535,09-14-2023
630,IRT,Independence Realty Trust Inc,22959,09-14-2023
631,INDB,Independent Bank Corp,7404,09-14-2023
632,IBCP,Independent Bank Corp,13717,09-14-2023
633,IBTX,Independent Bank Group Inc,6602,09-14-2023
634,INDI,indie Semiconductor Inc,9548,09-14-2023
635,INFN,Infinera Corp,25386,09-14-2023
636,III,Information Services Group Inc,34358,09-14-2023
637,INFU,InfuSystem Holdings Inc,17658,09-14-2023
638,NGVT,Ingevity Corp,7386,09-14-2023
639,IMKTA,Ingles Markets Inc,9168,09-14-2023
640,INBX,Inhibrx Inc,3583,09-14-2023
641,INMD,Inmode Ltd,11044,09-14-2023
642,INOD,Innodata Inc,23585,09-14-2023
643,IOSP,Innospec Inc,7683,09-14-2023
644,IIPR,Innovative Industrial Properties Inc,2874,09-14-2023
645,INVA,Innoviva Inc,47188,09-14-2023
646,INGN,Inogen Inc,8839,09-14-2023
647,NSIT,Insight Enterprises Inc,8465,09-14-2023
648,INSM,Insmed Inc,7154,09-14-2023
649,NSP,Insperity Inc,9093,09-14-2023
650,INSE,Inspired Entertainment Inc,21163,09-14-2023
651,IBP,Installed Building Products Inc,4401,09-14-2023
652,IIIN,Insteel Industries Inc,7021,09-14-2023
653,INTA,Intapp Inc,1953,09-14-2023
654,ITGR,Integer Holdings Corp,6827,09-14-2023
655,IAS,Integral Ad Science Holding Corp,5320,09-14-2023
656,NTLA,Intellia Therapeutics Inc,3997,09-14-2023
657,IPAR,Inter Parfums Inc,4040,09-14-2023
658,IDCC,InterDigital Inc,4593,09-14-2023
659,TILE,Interface Inc,23582,09-14-2023
660,IBOC,International Bancshares Corp,10951,09-14-2023
661,IGT,International Game Technology PLC,16220,09-14-2023
662,IMXI,International Money Express Inc,12263,09-14-2023
663,INSW,International Seaways Inc,6330,09-14-2023
664,INTT,inTEST Corp,10551,09-14-2023
665,ITCI,Intra-Cellular Therapies Inc,15312,09-14-2023
666,IVT,InvenTrust Properties Corp,7080,09-14-2023
667,ITIC,Investors Title Co,1199,09-14-2023
668,IONQ,IonQ Inc,9677,09-14-2023
669,IRMD,iRadimed Corp,2722,09-14-2023
670,IRTC,iRhythm Technologies Inc,6558,09-14-2023
671,IRBT,iRobot Corp,6843,09-14-2023
672,IRWD,Ironwood Pharmaceuticals Inc,63206,09-14-2023
673,ITOS,iTeos Therapeutics Inc,12300,09-14-2023
674,ITRI,Itron Inc,4880,09-14-2023
675,JJSF,J & J Snack Foods Corp,2121,09-14-2023
676,JACK,Jack in the Box Inc,3748,09-14-2023
677,JXN,Jackson Financial Inc,19818,09-14-2023
678,JAKK,JAKKS Pacific Inc,7102,09-14-2023
679,JBI,Janus International Group Inc,19515,09-14-2023
680,JBGS,JBG SMITH Properties,6864,09-14-2023
681,JELD,JELD-WEN Holding Inc,11827,09-14-2023
682,JBLU,JetBlue Airways Corp,11646,09-14-2023
683,JOBY,Joby Aviation Inc,35511,09-14-2023
684,JBSS,John B Sanfilippo & Son Inc,4657,09-14-2023
685,JBT,John Bean Technologies Corp,5133,09-14-2023
686,WLY,John Wiley & Sons Inc,13040,09-14-2023
687,JOUT,Johnson Outdoors Inc,4024,09-14-2023
688,JYNT,Joint Corp,10862,09-14-2023
689,KAI,Kadant Inc,4156,09-14-2023
690,KALU,Kaiser Aluminum Corp,1665,09-14-2023
691,KAMN,Kaman Corp,5388,09-14-2023
692,KPTI,Karyopharm Therapeutics Inc,111334,09-14-2023
693,KBH,KB Home,9590,09-14-2023
694,KELYA,Kelly Services Inc,16911,09-14-2023
695,KMT,Kennametal Inc,10526,09-14-2023
696,KW,Kennedy-Wilson Holdings Inc,8594,09-14-2023
697,KROS,Keros Therapeutics Inc,2483,09-14-2023
698,KFRC,Kforce Inc,15042,09-14-2023
699,KE,Kimball Electronics Inc,10139,09-14-2023
700,KNSA,Kiniksa Pharmaceuticals Ltd,14178,09-14-2023
701,KRG,Kite Realty Group Trust,37922,09-14-2023
702,KREF,KKR Real Estate Finance Trust Inc,13405,09-14-2023
703,KLXE,KLX Energy Services Holdings Inc,12453,09-14-2023
704,KN,Knowles Corp,23400,09-14-2023
705,KTB,Kontoor Brands Inc,11004,09-14-2023
706,KOP,Koppers Holdings Inc,5122,09-14-2023
707,KFY,Korn Ferry,10605,09-14-2023
708,KOS,Kosmos Energy Ltd,74474,09-14-2023
709,DNUT,Krispy Kreme Inc,6596,09-14-2023
710,KRYS,Krystal Biotech Inc,1309,09-14-2023
711,KLIC,Kulicke & Soffa Industries Inc,16375,09-14-2023
712,KYMR,Kymera Therapeutics Inc,3629,09-14-2023
713,LZB,La-Z-Boy Inc,15684,09-14-2023
714,LADR,Ladder Capital Corp,15094,09-14-2023
715,LBAI,Lakeland Bancorp Inc,12381,09-14-2023
716,LKFN,Lakeland Financial Corp,9208,09-14-2023
717,LANC,Lancaster Colony Corp,3614,09-14-2023
718,LNTH,Lantheus Holdings Inc,11865,09-14-2023
719,LAUR,Laureate Education Inc,24112,09-14-2023
720,LCII,LCI Industries,7143,09-14-2023
721,LZ,Legalzoom.com Inc,35236,09-14-2023
722,LMAT,LeMaitre Vascular Inc,7575,09-14-2023
723,LC,LendingClub Corp,31215,09-14-2023
724,DRS,Leonardo DRS Inc,19393,09-14-2023
725,LESL,Leslies Inc,14025,09-14-2023
726,LGIH,LGI Homes Inc,1503,09-14-2023
727,LICY,Li-Cycle Holdings Corp,17103,09-14-2023
728,LBRT,Liberty Energy Inc,42027,09-14-2023
729,LILA,Liberty Latin America Ltd,11148,09-14-2023
730,LILAK,Liberty Latin America Ltd,36559,09-14-2023
731,LTH,Life Time Group Holdings Inc,4727,09-14-2023
732,LFST,LifeStance Health Group Inc,10476,09-14-2023
733,LGND,Ligand Pharmaceuticals Inc,5898,09-14-2023
734,LNW,Light & Wonder Inc,9745,09-14-2023
735,LMB,Limbach Holdings Inc,3897,09-14-2023
736,LINC,Lincoln Educational Services Corp,23286,09-14-2023
737,LNN,Lindsay Corp,2070,09-14-2023
738,LQDA,Liquidia Corp,10875,09-14-2023
739,LIVN,LivaNova PLC,6925,09-14-2023
740,LOB,Live Oak Bancshares Inc,9809,09-14-2023
741,LTHM,Livent Corp,13533,09-14-2023
742,RAMP,LiveRamp Holdings Inc,11939,09-14-2023
743,LPTV,Loop Media Inc,35841,09-14-2023
744,LOVE,Lovesac Co,7046,09-14-2023
745,LXU,LSB Industries Inc,12975,09-14-2023
746,LYTS,LSI Industries Inc,25724,09-14-2023
747,LTC,LTC Properties Inc,7415,09-14-2023
748,LUMN,Lumen Technologies Inc,83750,09-14-2023
749,LAZR,Luminar Technologies Inc,19143,09-14-2023
750,LUNA,Luna Innovations Inc,23466,09-14-2023
751,LXP,LXP Industrial Trust,39493,09-14-2023
752,MHO,M/I Homes Inc,6631,09-14-2023
753,MCBC,Macatawa Bank Corp,20933,09-14-2023
754,MAC,Macerich Co,28603,09-14-2023
755,MTSI,MACOM Technology Solutions Holdings Inc,6409,09-14-2023
756,MDGL,Madrigal Pharmaceuticals Inc,601,09-14-2023
757,MGNI,Magnite Inc,9948,09-14-2023
758,MGY,Magnolia Oil & Gas Corp,58241,09-14-2023
759,MNSB,MainStreet Bancshares Inc,6056,09-14-2023
760,MBUU,Malibu Boats Inc,5624,09-14-2023
761,MTW,Manitowoc Co Inc,11847,09-14-2023
762,MNKD,MannKind Corp,24887,09-14-2023
763,MARA,Marathon Digital Holdings Inc,9404,09-14-2023
764,MMI,Marcus & Millichap Inc,23747,09-14-2023
765,MCS,Marcus Corp,9307,09-14-2023
766,MPX,Marine Products Corp,490,09-14-2023
767,HZO,MarineMax Inc,5696,09-14-2023
768,MRNS,Marinus Pharmaceuticals Inc,9726,09-14-2023
769,MQ,Marqeta Inc,19118,09-14-2023
770,MRTN,Marten Transport Ltd,7835,09-14-2023
771,DOOR,Masonite International Corp,4947,09-14-2023
772,MBC,Masterbrand Inc,12672,09-14-2023
773,MCFT,MasterCraft Boat Holdings Inc,15083,09-14-2023
774,MTDR,Matador Resources Co,23357,09-14-2023
775,MTRN,Materion Corp,4284,09-14-2023
776,MATV,Mativ Holdings Inc,6623,09-14-2023
777,MATX,Matson Inc,12178,09-14-2023
778,MATW,Matthews International Corp,7165,09-14-2023
779,MAXN,Maxeon Solar Technologies Ltd,3367,09-14-2023
780,MMS,Maximus Inc,11723,09-14-2023
781,MXL,MaxLinear Inc,20023,09-14-2023
782,MEC,Mayville Engineering Co Inc,6691,09-14-2023
783,MBI,MBIA Inc,33813,09-14-2023
784,MGRC,McGrath RentCorp,2595,09-14-2023
785,MDC,MDC Holdings Inc,8949,09-14-2023
786,MED,Medifast Inc,3270,09-14-2023
787,MBWM,Mercantile Bank Corp,7369,09-14-2023
788,MMSI,Merit Medical Systems Inc,7986,09-14-2023
789,MTH,Meritage Homes Corp,6294,09-14-2023
790,MLAB,Mesa Laboratories Inc,1705,09-14-2023
791,MEI,Methode Electronics Inc,9897,09-14-2023
792,MCB,Metropolitan Bank Holding Corp,3706,09-14-2023
793,MFA,MFA Financial Inc,10616,09-14-2023
794,MGEE,MGE Energy Inc,7614,09-14-2023
795,MGPI,MGP Ingredients Inc,2010,09-14-2023
796,MSTR,MicroStrategy Inc,632,09-14-2023
797,MBCN,Middlefield Banc Corp,3362,09-14-2023
798,MSEX,Middlesex Water Co,3187,09-14-2023
799,MSBI,Midland States Bancorp Inc,5740,09-14-2023
800,MOFG,MidWestOne Financial Group Inc,4730,09-14-2023
801,MLR,Miller Industries Inc,2833,09-14-2023
802,MLKN,MillerKnoll Inc,13417,09-14-2023
803,MDXG,MiMedx Group Inc,90876,09-14-2023
804,MTX,Minerals Technologies Inc,6353,09-14-2023
805,MIRM,Mirum Pharmaceuticals Inc,3408,09-14-2023
806,MG,Mistras Group Inc,18849,09-14-2023
807,MITK,Mitek Systems Inc,20925,09-14-2023
808,MODN,Model N Inc,8001,09-14-2023
809,MOD,Modine Manufacturing Co,14659,09-14-2023
810,MC,Moelis & Co,13615,09-14-2023
811,MCRI,Monarch Casino & Resort Inc,3890,09-14-2023
812,MNRO,Monro Inc,4212,09-14-2023
813,MNTK,Montauk Renewables Inc,54646,09-14-2023
814,MEG,Montrose Environmental Group Inc,2237,09-14-2023
815,MOG/A,Moog Inc,5835,09-14-2023
816,MORF,Morphic Holding Inc,1605,09-14-2023
817,MOV,Movado Group Inc,9162,09-14-2023
818,COOP,Mr Cooper Group Inc,16319,09-14-2023
819,MRC,MRC Global Inc,28509,09-14-2023
820,MLI,Mueller Industries Inc,17716,09-14-2023
821,MWA,Mueller Water Products Inc,21532,09-14-2023
822,MPLN,Multiplan Corp,136877,09-14-2023
823,MUR,Murphy Oil Corp,21973,09-14-2023
824,MYE,Myers Industries Inc,32942,09-14-2023
825,MYRG,MYR Group Inc,5724,09-14-2023
826,MYGN,Myriad Genetics Inc,37769,09-14-2023
827,NABL,N-able Inc,6459,09-14-2023
828,NBR,Nabors Industries Ltd,2220,09-14-2023
829,NC,NACCO Industries Inc,3919,09-14-2023
830,NSSC,Napco Security Technologies Inc,20132,09-14-2023
831,NATH,Nathans Famous Inc,2289,09-14-2023
832,NBHC,National Bank Holdings Corp,5722,09-14-2023
833,NKSH,National Bankshares Inc,5635,09-14-2023
834,FIZZ,National Beverage Corp,12138,09-14-2023
835,NHI,National Health Investors Inc,7054,09-14-2023
836,NHC,National HealthCare Corp,5339,09-14-2023
837,NPK,National Presto Industries Inc,1389,09-14-2023
838,NRC,National Research Corp,8370,09-14-2023
839,EYE,National Vision Holdings Inc,9874,09-14-2023
840,NWLI,National Western Life Group Inc,834,09-14-2023
841,NAVI,Navient Corp,47552,09-14-2023
842,NVTS,Navitas Semiconductor Corp,10007,09-14-2023
843,NBTB,NBT Bancorp Inc,8982,09-14-2023
844,NNI,Nelnet Inc,5341,09-14-2023
845,NEOG,Neogen Corp,8575,09-14-2023
846,NEO,NeoGenomics Inc,12187,09-14-2023
847,NRDY,Nerdy Inc,26458,09-14-2023
848,NTGR,NETGEAR Inc,9807,09-14-2023
849,NTCT,NetScout Systems Inc,18187,09-14-2023
850,NTST,NETSTREIT Corp,5631,09-14-2023
851,NVRO,Nevro Corp,6313,09-14-2023
852,NJR,New Jersey Resources Corp,17103,09-14-2023
853,NYMT,New York Mortgage Trust Inc,10093,09-14-2023
854,NMRK,Newmark Group Inc,33170,09-14-2023
855,NEWT,NewtekOne Inc,5663,09-14-2023
856,NREF,Nexpoint Real Estate Finance Inc,7579,09-14-2023
857,NXRT,NexPoint Residential Trust Inc,6195,09-14-2023
858,NXGN,NextGen Healthcare Inc,37257,09-14-2023
859,NXT,NEXTracker Inc,3399,09-14-2023
860,NIC,Nicolet Bankshares Inc,2950,09-14-2023
861,NMIH,NMI Holdings Inc,22193,09-14-2023
862,NE,Noble Corp PLC,11019,09-14-2023
863,NAT,Nordic American Tankers Ltd,24766,09-14-2023
864,NBN,Northeast Bank,6498,09-14-2023
865,NECB,Northeast Community Bancorp Inc,6253,09-14-2023
866,NOG,Northern Oil and Gas Inc,9355,09-14-2023
867,NWBI,Northwest Bancshares Inc,17386,09-14-2023
868,NWN,Northwest Natural Holding Co,5604,09-14-2023
869,NWPX,Northwest Pipe Co,5581,09-14-2023
870,NWE,NorthWestern Corp,11156,09-14-2023
871,NWFL,Norwood Financial Corp,4444,09-14-2023
872,NG,Novagold Resources Inc,21346,09-14-2023
873,NOVT,Novanta Inc,5910,09-14-2023
874,DNOW,NOW Inc,66816,09-14-2023
875,NUS,Nu Skin Enterprises Inc,10937,09-14-2023
876,NUVL,Nuvalent Inc,2169,09-14-2023
877,NVEE,NV5 Global Inc,4832,09-14-2023
878,NVEC,NVE Corp,3201,09-14-2023
879,OI,O-I Glass Inc,23388,09-14-2023
880,OVLY,Oak Valley Bancorp,6617,09-14-2023
881,OII,Oceaneering International Inc,20567,09-14-2023
882,OCFC,OceanFirst Financial Corp,8713,09-14-2023
883,OCUL,Ocular Therapeutix Inc,48788,09-14-2023
884,ODP,ODP Corp,9729,09-14-2023
885,OPI,Office Properties Income Trust,18289,09-14-2023
886,OFG,OFG Bancorp,17310,09-14-2023
887,OIS,Oil States International Inc,26949,09-14-2023
888,ONB,Old National Bancorp,43870,09-14-2023
889,OSBC,Old Second Bancorp Inc,16509,09-14-2023
890,ZEUS,Olympic Steel Inc,9178,09-14-2023
891,OFLX,Omega Flex Inc,2997,09-14-2023
892,OMGA,Omega Therapeutics Inc,12531,09-14-2023
893,OMER,Omeros Corp,32368,09-14-2023
894,OMCL,Omnicell Inc,6044,09-14-2023
895,OGS,ONE Gas Inc,13808,09-14-2023
896,OSPN,OneSpan Inc,14898,09-14-2023
897,OSW,OneSpaWorld Holdings Ltd,12406,09-14-2023
898,ONEW,OneWater Marine Inc,741,09-14-2023
899,ONTO,Onto Innovation Inc,11265,09-14-2023
900,OOMA,Ooma Inc,21296,09-14-2023
901,LPRO,Open Lending Corp,19255,09-14-2023
902,KAR,OPENLANE Inc,9149,09-14-2023
903,OPK,OPKO Health Inc,91016,09-14-2023
904,OPCH,Option Care Health Inc,23131,09-14-2023
905,OSUR,OraSure Technologies Inc,26550,09-14-2023
906,ORGO,Organogenesis Holdings Inc,67656,09-14-2023
907,OBK,Origin Bancorp Inc,3331,09-14-2023
908,ONL,Orion Office REIT Inc,17913,09-14-2023
909,OEC,Orion SA,24661,09-14-2023
910,ORA,Ormat Technologies Inc,10502,09-14-2023
911,OFIX,Orthofix Medical Inc,17082,09-14-2023
912,OSCR,Oscar Health Inc,10607,09-14-2023
913,OSIS,OSI Systems Inc,3909,09-14-2023
914,OTTR,Otter Tail Corp,13591,09-14-2023
915,OUT,Outfront Media Inc,19690,09-14-2023
916,OSG,Overseas Shipholding Group Inc,24381,09-14-2023
917,OSTK,Overstock.com Inc,7839,09-14-2023
918,OVID,Ovid therapeutics Inc,25437,09-14-2023
919,OMI,Owens & Minor Inc,20323,09-14-2023
920,OXM,Oxford Industries Inc,6716,09-14-2023
921,PACB,Pacific Biosciences of California Inc,15577,09-14-2023
922,PPBI,Pacific Premier Bancorp Inc,12773,09-14-2023
923,PCRX,Pacira BioSciences Inc,12997,09-14-2023
924,PTVE,Pactiv Evergreen Inc,13490,09-14-2023
925,PD,PagerDuty Inc,4750,09-14-2023
926,PAGS,Pagseguro Digital Ltd,18386,09-14-2023
927,PLMR,Palomar Holdings Inc,2066,09-14-2023
928,PTSI,PAM Transportation Services Inc,3846,09-14-2023
929,PANL,Pangaea Logistics Solutions Ltd,13967,09-14-2023
930,PZZA,Papa Johns International Inc,8063,09-14-2023
931,PARR,Par Pacific Holdings Inc,9403,09-14-2023
932,PGRE,Paramount Group Inc,43875,09-14-2023
933,PRK,Park National Corp,4391,09-14-2023
934,PKBK,Parke Bancorp Inc,9773,09-14-2023
935,PSN,Parsons Corp,10958,09-14-2023
936,CASH,Pathward Financial Inc,11747,09-14-2023
937,PAX,Patria Investments Ltd,9683,09-14-2023
938,PATK,Patrick Industries Inc,8445,09-14-2023
939,PDCO,Patterson Cos Inc,21424,09-14-2023
940,PTEN,Patterson-UTI Energy Inc,52916,09-14-2023
941,PBF,PBF Energy Inc,23594,09-14-2023
942,CNXN,PC Connection Inc,10860,09-14-2023
943,PCB,PCB Bancorp,10723,09-14-2023
944,PDFS,PDF Solutions Inc,5734,09-14-2023
945,BTU,Peabody Energy Corp,17877,09-14-2023
946,PKST,Peakstone Realty Trust,2366,09-14-2023
947,PGC,Peapack-Gladstone Financial Corp,7736,09-14-2023
948,PEB,Pebblebrook Hotel Trust,22016,09-14-2023
949,MD,Pediatrix Medical Group Inc,17891,09-14-2023
950,PFSI,PennyMac Financial Services Inc,8680,09-14-2023
951,PMT,PennyMac Mortgage Investment Trust,11846,09-14-2023
952,PEBO,Peoples Bancorp Inc,14334,09-14-2023
953,PFIS,Peoples Financial Services Corp,4047,09-14-2023
954,PRDO,Perdoceo Education Corp,65672,09-14-2023
955,PRFT,Perficient Inc,8743,09-14-2023
956,PR,Permian Resources Corp,48526,09-14-2023
957,PETQ,PetIQ Inc,15896,09-14-2023
958,PETS,PetMed Express Inc,8353,09-14-2023
959,PGTI,PGT Innovations Inc,21224,09-14-2023
960,PHAT,Phathom Pharmaceuticals Inc,7757,09-14-2023
961,PAHC,Phibro Animal Health Corp,19716,09-14-2023
962,PECO,Phillips Edison & Co Inc,9910,09-14-2023
963,PLAB,Photronics Inc,27208,09-14-2023
964,PHR,Phreesia Inc,10043,09-14-2023
965,DOC,Physicians Realty Trust,32437,09-14-2023
966,PLL,Piedmont Lithium Inc,1826,09-14-2023
967,PDM,Piedmont Office Realty Trust Inc,28373,09-14-2023
968,PIPR,Piper Sandler Cos,3788,09-14-2023
969,PJT,PJT Partners Inc,6900,09-14-2023
970,AGS,PlayAGS Inc,17743,09-14-2023
971,MYPS,Playstudios Inc,29436,09-14-2023
972,PLXS,Plexus Corp,5750,09-14-2023
973,PLRX,Pliant Therapeutics Inc,4218,09-14-2023
974,PLBC,Plumas Bancorp,2884,09-14-2023
975,PLYM,Plymouth Industrial REIT Inc,6678,09-14-2023
976,PNM,PNM Resources Inc,18107,09-14-2023
977,PNT,Point Biopharma Global Inc,9726,09-14-2023
978,PTLO,Portillos Inc,4523,09-14-2023
979,POR,Portland General Electric Co,20066,09-14-2023
980,PSTX,Poseida Therapeutics Inc,39944,09-14-2023
981,PSTL,Postal Realty Trust Inc,11803,09-14-2023
982,PBPB,Potbelly Corp,23176,09-14-2023
983,PCH,PotlatchDeltic Corp,21566,09-14-2023
984,POWL,Powell Industries Inc,5497,09-14-2023
985,POWI,Power Integrations Inc,11039,09-14-2023
986,PWSC,PowerSchool Holdings Inc,4892,09-14-2023
987,PRAA,PRA Group Inc,9372,09-14-2023
988,PFBC,Preferred Bank,8221,09-14-2023
989,PLPC,Preformed Line Products Co,2418,09-14-2023
990,PFC,Premier Financial Corp,7844,09-14-2023
991,PBH,Prestige Consumer Healthcare Inc,16852,09-14-2023
992,PSMT,PriceSmart Inc,2619,09-14-2023
993,FRST,Primis Financial Corp,7135,09-14-2023
994,--,PRIMO WATER CORPORATION,37367,09-14-2023
995,PRIM,Primoris Services Corp,12537,09-14-2023
996,PRA,ProAssurance Corp,9809,09-14-2023
997,PRCT,PROCEPT BioRobotics Corp,2710,09-14-2023
998,ACDC,ProFrac Holding Corp,7794,09-14-2023
999,PRG,PROG Holdings Inc,13984,09-14-2023
1000,PRGS,Progress Software Corp,12700,09-14-2023
1001,PGNY,Progyny Inc,5933,09-14-2023
1002,PUMP,ProPetro Holding Corp,41637,09-14-2023
1003,PRO,PROS Holdings Inc,5633,09-14-2023
1004,PTGX,Protagonist Therapeutics Inc,3388,09-14-2023
1005,PLX,Protalix BioTherapeutics Inc,55214,09-14-2023
1006,PRTA,Prothena Corp PLC,3439,09-14-2023
1007,PRLB,Proto Labs Inc,6723,09-14-2023
1008,PFS,Provident Financial Services Inc,15924,09-14-2023
1009,PTCT,PTC Therapeutics Inc,15172,09-14-2023
1010,LUNG,Pulmonx Corp,7437,09-14-2023
1011,PCYO,Pure Cycle Corp,18826,09-14-2023
1012,PRPL,Purple Innovation Inc,33053,09-14-2023
1013,QTWO,Q2 Holdings Inc,4264,09-14-2023
1014,QCRH,QCR Holdings Inc,6591,09-14-2023
1015,KWR,Quaker Chemical Corp,1199,09-14-2023
1016,QLYS,Qualys Inc,6988,09-14-2023
1017,NX,Quanex Building Products Corp,15373,09-14-2023
1018,QTRX,Quanterix Corp,4158,09-14-2023
1019,QNST,QuinStreet Inc,12384,09-14-2023
1020,RXT,Rackspace Technology Inc,57204,09-14-2023
1021,RDN,Radian Group Inc,46895,09-14-2023
1022,RLGT,Radiant Logistics Inc,36311,09-14-2023
1023,RDNT,RadNet Inc,9675,09-14-2023
1024,METC,Ramaco Resources Inc,21502,09-14-2023
1025,METCB,Ramaco Resources Inc,4299,09-14-2023
1026,RMBS,Rambus Inc,24561,09-14-2023
1027,RPD,Rapid7 Inc,8282,09-14-2023
1028,RYAM,Rayonier Advanced Materials Inc,38167,09-14-2023
1029,RICK,RCI Hospitality Holdings Inc,3480,09-14-2023
1030,RMAX,RE/MAX Holdings Inc,15356,09-14-2023
1031,RC,Ready Capital Corp,37389,09-14-2023
1032,RETA,Reata Pharmaceuticals Inc,2624,09-14-2023
1033,RXRX,Recursion Pharmaceuticals Inc,10523,09-14-2023
1034,RRR,Red Rock Resorts Inc,8440,09-14-2023
1035,RDVT,Red Violet Inc,2087,09-14-2023
1036,RDFN,Redfin Corp,12104,09-14-2023
1037,RM,Regional Management Corp,6712,09-14-2023
1038,RELY,Remitly Global Inc,15852,09-14-2023
1039,RNST,Renasant Corp,10305,09-14-2023
1040,RPAY,Repay Holdings Corp,1759,09-14-2023
1041,RBCAA,Republic Bancorp Inc,6077,09-14-2023
1042,REZI,Resideo Technologies Inc,27250,09-14-2023
1043,RGP,Resources Connection Inc,29845,09-14-2023
1044,ROIC,Retail Opportunity Investments Corp,20825,09-14-2023
1045,REVG,REV Group Inc,16073,09-14-2023
1046,RVNC,Revance Therapeutics Inc,5557,09-14-2023
1047,RVMD,REVOLUTION Medicines Inc,3946,09-14-2023
1048,RVLV,Revolve Group Inc,8633,09-14-2023
1049,REX,REX American Resources Corp,7157,09-14-2023
1050,RGCO,RGC Resources Inc,4431,09-14-2023
1051,RYTM,Rhythm Pharmaceuticals Inc,5096,09-14-2023
1052,RBBN,Ribbon Communications Inc,44969,09-14-2023
1053,RELL,Richardson Electronics Ltd,7782,09-14-2023
1054,REI,Ring Energy Inc,58127,09-14-2023
1055,RIOT,Riot Platforms Inc,9025,09-14-2023
1056,RLJ,RLJ Lodging Trust,23694,09-14-2023
1057,RMR,RMR Group Inc,11485,09-14-2023
1058,RKLB,Rocket Lab USA Inc,16761,09-14-2023
1059,RCKT,Rocket Pharmaceuticals Inc,4286,09-14-2023
1060,ROG,Rogers Corp,959,09-14-2023
1061,RES,RPC Inc,59316,09-14-2023
1062,RPT,RPT Realty,24903,09-14-2023
1063,RUSHA,Rush Enterprises Inc,20937,09-14-2023
1064,RUSHB,Rush Enterprises Inc,9198,09-14-2023
1065,RSI,Rush Street Interactive Inc,27376,09-14-2023
1066,RXO,RXO Inc,29961,09-14-2023
1067,RXST,RxSight Inc,3667,09-14-2023
1068,RYI,Ryerson Holding Corp,18952,09-14-2023
1069,RHP,Ryman Hospitality Properties Inc,9172,09-14-2023
1070,STBA,S&T Bancorp Inc,8326,09-14-2023
1071,SBRA,Sabra Health Care REIT Inc,36630,09-14-2023
1072,SB,Safe Bulkers Inc,46449,09-14-2023
1073,SAFT,Safety Insurance Group Inc,3836,09-14-2023
1074,SAGE,Sage Therapeutics Inc,3559,09-14-2023
1075,SBH,Sally Beauty Holdings Inc,25354,09-14-2023
1076,SMTI,Sanara Medtech Inc,3733,09-14-2023
1077,SD,SandRidge Energy Inc,21646,09-14-2023
1078,SASR,Sandy Spring Bancorp Inc,11439,09-14-2023
1079,SGMO,Sangamo Therapeutics Inc,83068,09-14-2023
1080,SANM,Sanmina Corp,14839,09-14-2023
1081,SPNS,Sapiens International Corp NV,9326,09-14-2023
1082,BFS,Saul Centers Inc,2610,09-14-2023
1083,SVRA,Savara Inc,30573,09-14-2023
1084,SCSC,ScanSource Inc,9001,09-14-2023
1085,RDUS,Schnitzer Steel Industries Inc,14701,09-14-2023
1086,SCHL,Scholastic Corp,12534,09-14-2023
1087,SDGR,Schrodinger Inc,2040,09-14-2023
1088,STNG,Scorpio Tankers Inc,7236,09-14-2023
1089,SCPH,scPharmaceuticals Inc,8774,09-14-2023
1090,SBCF,Seacoast Banking Corp of Florida,8724,09-14-2023
1091,SDRL,Seadrill Ltd,4862,09-14-2023
1092,SEAS,SeaWorld Entertainment Inc,5722,09-14-2023
1093,SEM,Select Medical Holdings Corp,15253,09-14-2023
1094,SIGI,Selective Insurance Group Inc,12443,09-14-2023
1095,SMLR,Semler Scientific Inc,4917,09-14-2023
1096,SEMR,SEMrush Holdings Inc,21431,09-14-2023
1097,SMTC,Semtech Corp,7819,09-14-2023
1098,SXT,Sensient Technologies Corp,8290,09-14-2023
1099,MCRB,Seres Therapeutics Inc,17446,09-14-2023
1100,SVC,Service Properties Trust,37749,09-14-2023
1101,SFBS,ServisFirst Bancshares Inc,14457,09-14-2023
1102,SFL,SFL Corp Ltd,21776,09-14-2023
1103,SHAK,Shake Shack Inc,2504,09-14-2023
1104,SHLS,Shoals Technologies Group Inc,7887,09-14-2023
1105,SCVL,Shoe Carnival Inc,14990,09-14-2023
1106,SHBI,Shore Bancshares Inc,3830,09-14-2023
1107,SSTK,Shutterstock Inc,7747,09-14-2023
1108,SHYF,Shyft Group Inc,13769,09-14-2023
1109,SIBN,SI-BONE Inc,10896,09-14-2023
1110,BSRR,Sierra Bancorp,7194,09-14-2023
1111,SIGA,SIGA Technologies Inc,45295,09-14-2023
1112,SIG,Signet Jewelers Ltd,9141,09-14-2023
1113,SLAB,Silicon Laboratories Inc,3767,09-14-2023
1114,SILK,Silk Road Medical Inc,6776,09-14-2023
1115,SBOW,SilverBow Resources Inc,10914,09-14-2023
1116,SFNC,Simmons First National Corp,16678,09-14-2023
1117,SMPL,Simply Good Foods Co,10600,09-14-2023
1118,SSD,Simpson Manufacturing Co Inc,11446,09-14-2023
1119,SBGI,Sinclair Inc,7828,09-14-2023
1120,SPNT,SiriusPoint Ltd,25096,09-14-2023
1121,SITC,SITE Centers Corp,26479,09-14-2023
1122,STR,Sitio Royalties Corp,10698,09-14-2023
1123,SIX,Six Flags Entertainment Corp,3331,09-14-2023
1124,SJW,SJW Group,5474,09-14-2023
1125,SKY,Skyline Champion Corp,7875,09-14-2023
1126,SKYW,SkyWest Inc,4382,09-14-2023
1127,SLG,SL Green Realty Corp,5296,09-14-2023
1128,SNBR,Sleep Number Corp,9694,09-14-2023
1129,SM,SM Energy Co,38616,09-14-2023
1130,SGH,SMART Global Holdings Inc,18227,09-14-2023
1131,SWBI,Smith & Wesson Brands Inc,23186,09-14-2023
1132,SOI,Solaris Oilfield Infrastructure Inc,5506,09-14-2023
1133,SWI,SolarWinds Corp,13478,09-14-2023
1134,SAH,Sonic Automotive Inc,5116,09-14-2023
1135,SONO,Sonos Inc,24908,09-14-2023
1136,SSTI,SoundThinking Inc,5330,09-14-2023
1137,SFST,Southern First Bancshares Inc,6170,09-14-2023
1138,SMBC,Southern Missouri Bancorp Inc,6624,09-14-2023
1139,SBSI,Southside Bancshares Inc,6633,09-14-2023
1140,SSB,SouthState Corp,10052,09-14-2023
1141,SWX,Southwest Gas Holdings Inc,11625,09-14-2023
1142,SP,SP Plus Corp,7567,09-14-2023
1143,SPTN,SpartanNash Co,18584,09-14-2023
1144,SR,Spire Inc,9537,09-14-2023
1145,SAVE,Spirit Airlines Inc,6519,09-14-2023
1146,SPOK,Spok Holdings Inc,11096,09-14-2023
1147,SWTX,SpringWorks Therapeutics Inc,3418,09-14-2023
1148,CXM,Sprinklr Inc,12877,09-14-2023
1149,SPT,Sprout Social Inc,7406,09-14-2023
1150,SFM,Sprouts Farmers Market Inc,24736,09-14-2023
1151,SPSC,SPS Commerce Inc,8156,09-14-2023
1152,SPXC,SPX Technologies Inc,6673,09-14-2023
1153,SQSP,Squarespace Inc,11931,09-14-2023
1154,JOE,St Joe Co,6088,09-14-2023
1155,STAA,STAAR Surgical Co,9549,09-14-2023
1156,STGW,Stagwell Inc,25618,09-14-2023
1157,SMP,Standard Motor Products Inc,10715,09-14-2023
1158,SXI,Standex International Corp,2423,09-14-2023
1159,SCS,Steelcase Inc,33502,09-14-2023
1160,STEL,Stellar Bancorp Inc,8366,09-14-2023
1161,SCL,Stepan Co,3946,09-14-2023
1162,STEP,StepStone Group Inc,4068,09-14-2023
1163,STRL,Sterling Infrastructure Inc,8192,09-14-2023
1164,SHOO,Steven Madden Ltd,18085,09-14-2023
1165,STC,Stewart Information Services Corp,10432,09-14-2023
1166,SFIX,Stitch Fix Inc,34614,09-14-2023
1167,SYBT,Stock Yards Bancorp Inc,7194,09-14-2023
1168,STNE,StoneCo Ltd,36800,09-14-2023
1169,SRI,Stoneridge Inc,15342,09-14-2023
1170,SNEX,StoneX Group Inc,6361,09-14-2023
1171,STRA,Strategic Education Inc,4262,09-14-2023
1172,LRN,Stride Inc,21581,09-14-2023
1173,RGR,Sturm Ruger & Co Inc,6513,09-14-2023
1174,INN,Summit Hotel Properties Inc,37243,09-14-2023
1175,SUM,Summit Materials Inc,15791,09-14-2023
1176,SXC,SunCoke Energy Inc,40084,09-14-2023
1177,NOVA,Sunnova Energy International Inc,6847,09-14-2023
1178,SHO,Sunstone Hotel Investors Inc,37114,09-14-2023
1179,SMCI,Super Micro Computer Inc,7775,09-14-2023
1180,SUPN,Supernus Pharmaceuticals Inc,34147,09-14-2023
1181,SGRY,Surgery Partners Inc,6610,09-14-2023
1182,SRDX,Surmodics Inc,6742,09-14-2023
1183,SLVM,Sylvamo Corp,4558,09-14-2023
1184,SYNA,Synaptics Inc,9000,09-14-2023
1185,SNDX,Syndax Pharmaceuticals Inc,8184,09-14-2023
1186,TCMD,Tactile Systems Technology Inc,18748,09-14-2023
1187,TALO,Talos Energy Inc,32186,09-14-2023
1188,SKT,Tanger Factory Outlet Centers Inc,22643,09-14-2023
1189,TH,Target Hospitality Corp,21945,09-14-2023
1190,TARO,Taro Pharmaceutical Industries Ltd,7020,09-14-2023
1191,TMHC,Taylor Morrison Home Corp,22338,09-14-2023
1192,TK,Teekay Corp,23349,09-14-2023
1193,TNK,Teekay Tankers Ltd,3511,09-14-2023
1194,TGNA,TEGNA Inc,40993,09-14-2023
1195,TELA,Tela Bio Inc,12617,09-14-2023
1196,TENB,Tenable Holdings Inc,13252,09-14-2023
1197,TNC,Tennant Co,7930,09-14-2023
1198,TEX,Terex Corp,12471,09-14-2023
1199,TERN,Terns Pharmaceuticals Inc,8594,09-14-2023
1200,TRNO,Terreno Realty Corp,10524,09-14-2023
1201,TTI,TETRA Technologies Inc,47491,09-14-2023
1202,TCBI,Texas Capital Bancshares Inc,7562,09-14-2023
1203,TGH,Textainer Group Holdings Ltd,9611,09-14-2023
1204,TGTX,TG Therapeutics Inc,8649,09-14-2023
1205,TBPH,Theravance Biopharma Inc,13320,09-14-2023
1206,THR,Thermon Group Holdings Inc,5669,09-14-2023
1207,TWKS,Thoughtworks Holding Inc,20595,09-14-2023
1208,THRY,Thryv Holdings Inc,12170,09-14-2023
1209,TDW,Tidewater Inc,4083,09-14-2023
1210,TSBK,Timberland Bancorp Inc,3690,09-14-2023
1211,TMST,TimkenSteel Corp,20705,09-14-2023
1212,TIO,Tingo Group Inc,120050,09-14-2023
1213,TWI,Titan International Inc,15384,09-14-2023
1214,TITN,Titan Machinery Inc,14664,09-14-2023
1215,TMP,Tompkins Financial Corp,3732,09-14-2023
1216,MODG,Topgolf Callaway Brands Corp,8313,09-14-2023
1217,TOWN,Towne Bank,13881,09-14-2023
1218,TRNS,Transcat Inc,6884,09-14-2023
1219,TMDX,TransMedics Group Inc,1579,09-14-2023
1220,TVTX,Travere Therapeutics Inc,9872,09-14-2023
1221,TMCI,Treace Medical Concepts Inc,3720,09-14-2023
1222,TG,Tredegar Corp,963,09-14-2023
1223,THS,TreeHouse Foods Inc,11199,09-14-2023
1224,TPH,Tri Pointe Homes Inc,23601,09-14-2023
1225,TCBK,TriCo Bancshares,9089,09-14-2023
1226,TRS,TriMas Corp,9805,09-14-2023
1227,TNET,TriNet Group Inc,6396,09-14-2023
1228,TRN,Trinity Industries Inc,6204,09-14-2023
1229,TRTN,Triton International Ltd,8435,09-14-2023
1230,TFIN,Triumph Financial Inc,5591,09-14-2023
1231,TROX,Tronox Holdings PLC,17833,09-14-2023
1232,TBI,TrueBlue Inc,25724,09-14-2023
1233,TRUE,TrueCar Inc,86703,09-14-2023
1234,TRST,TrustCo Bank Corp NY,5793,09-14-2023
1235,TRMK,Trustmark Corp,12826,09-14-2023
1236,TTEC,TTEC Holdings Inc,5074,09-14-2023
1237,TTMI,TTM Technologies Inc,30889,09-14-2023
1238,TPB,Turning Point Brands Inc,7699,09-14-2023
1239,HEAR,Turtle Beach Corp,9124,09-14-2023
1240,TPC,Tutor Perini Corp,17311,09-14-2023
1241,TWO,Two Harbors Investment Corp,7719,09-14-2023
1242,UDMY,Udemy Inc,23753,09-14-2023
1243,UFPI,UFP Industries Inc,16666,09-14-2023
1244,UFPT,UFP Technologies Inc,2106,09-14-2023
1245,UCTT,Ultra Clean Holdings Inc,12334,09-14-2023
1246,UMBF,UMB Financial Corp,8728,09-14-2023
1247,UMH,UMH Properties Inc,11345,09-14-2023
1248,KNF,Unassigned,3779,09-14-2023
1249,UNF,UniFirst Corp,2889,09-14-2023
1250,UIS,Unisys Corp,32100,09-14-2023
1251,UBSI,United Bankshares Inc,17869,09-14-2023
1252,UCBI,United Community Banks Inc,18125,09-14-2023
1253,UNFI,United Natural Foods Inc,17707,09-14-2023
1254,USLM,United States Lime & Minerals Inc,1961,09-14-2023
1255,UNIT,Uniti Group Inc,55438,09-14-2023
1256,UTL,Unitil Corp,5318,09-14-2023
1257,UNTY,Unity Bancorp Inc,6807,09-14-2023
1258,UVV,Universal Corp,6915,09-14-2023
1259,UHT,Universal Health Realty Income Trust,3108,09-14-2023
1260,UVE,Universal Insurance Holdings Inc,8477,09-14-2023
1261,UVSP,Univest Financial Corp,6883,09-14-2023
1262,UPBD,Upbound Group Inc,22330,09-14-2023
1263,UPWK,Upwork Inc,23060,09-14-2023
1264,UE,Urban Edge Properties,12728,09-14-2023
1265,URBN,Urban Outfitters Inc,8222,09-14-2023
1266,URGN,UroGen Pharma Ltd,19231,09-14-2023
1267,USPH,US Physical Therapy Inc,2684,09-14-2023
1268,SLCA,US Silica Holdings Inc,20091,09-14-2023
1269,USNA,USANA Health Sciences Inc,5672,09-14-2023
1270,UTZ,Utz Brands Inc,7815,09-14-2023
1271,VVX,V2X Inc,6946,09-14-2023
1272,EGY,VAALCO Energy Inc,49184,09-14-2023
1273,VAL,Valaris Ltd,7063,09-14-2023
1274,VLY,Valley National Bancorp,70029,09-14-2023
1275,VNDA,Vanda Pharmaceuticals Inc,53666,09-14-2023
1276,VREX,Varex Imaging Corp,14606,09-14-2023
1277,VRNS,Varonis Systems Inc,14959,09-14-2023
1278,PCVX,Vaxcyte Inc,4389,09-14-2023
1279,VGR,Vector Group Ltd,40816,09-14-2023
1280,VECO,Veeco Instruments Inc,10680,09-14-2023
1281,VTYX,Ventyx Biosciences Inc,2935,09-14-2023
1282,VRA,Vera Bradley Inc,23235,09-14-2023
1283,VERA,Vera Therapeutics Inc,7292,09-14-2023
1284,VCYT,Veracyte Inc,8278,09-14-2023
1285,MDRX,Veradigm Inc,38058,09-14-2023
1286,VCEL,Vericel Corp,23894,09-14-2023
1287,VRNT,Verint Systems Inc,13248,09-14-2023
1288,VRE,Veris Residential Inc,20471,09-14-2023
1289,VBTX,Veritex Holdings Inc,10139,09-14-2023
1290,VRTV,Veritiv Corp,10065,09-14-2023
1291,VRRM,Verra Mobility Corp,21346,09-14-2023
1292,VRCA,Verrica Pharmaceuticals Inc,15801,09-14-2023
1293,VERV,Verve Therapeutics Inc,4718,09-14-2023
1294,VIAV,Viavi Solutions Inc,39302,09-14-2023
1295,VICR,Vicor Corp,7323,09-14-2023
1296,VCTR,Victory Capital Holdings Inc,4444,09-14-2023
1297,--,"VIEMED HEALTHCARE, INC.",33560,09-14-2023
1298,VIGL,Vigil Neuroscience Inc,9060,09-14-2023
1299,VKTX,Viking Therapeutics Inc,7095,09-14-2023
1300,VLGEA,Village Super Market Inc,8186,09-14-2023
1301,VIR,Vir Biotechnology Inc,33431,09-14-2023
1302,VABK,Virginia National Bankshares Corp,4644,09-14-2023
1303,VRDN,Viridian Therapeutics Inc,3461,09-14-2023
1304,VRTS,Virtus Investment Partners Inc,2476,09-14-2023
1305,VSH,Vishay Intertechnology Inc,28077,09-14-2023
1306,VPG,Vishay Precision Group Inc,8086,09-14-2023
1307,VSTO,Vista Outdoor Inc,13948,09-14-2023
1308,VC,Visteon Corp,2555,09-14-2023
1309,COCO,Vita Coco Co Inc,3255,09-14-2023
1310,VTLE,Vital Energy Inc,8681,09-14-2023
1311,VITL,Vital Farms Inc,18194,09-14-2023
1312,VYGR,Voyager Therapeutics Inc,27478,09-14-2023
1313,WTI,W&T Offshore Inc,89091,09-14-2023
1314,WNC,Wabash National Corp,12379,09-14-2023
1315,WD,Walker & Dunlop Inc,5628,09-14-2023
1316,WRBY,Warby Parker Inc,8262,09-14-2023
1317,HCC,Warrior Met Coal Inc,24164,09-14-2023
1318,WAFD,Washington Federal Inc,14857,09-14-2023
1319,WASH,Washington Trust Bancorp Inc,6808,09-14-2023
1320,WSBF,Waterstone Financial Inc,16771,09-14-2023
1321,WTS,Watts Water Technologies Inc,7777,09-14-2023
1322,WDFC,WD-40 Co,3108,09-14-2023
1323,WFRD,Weatherford International PLC,7559,09-14-2023
1324,WEAV,Weave Communications Inc,11420,09-14-2023
1325,WMK,Weis Markets Inc,5940,09-14-2023
1326,WERN,Werner Enterprises Inc,9396,09-14-2023
1327,WSBC,WesBanco Inc,11652,09-14-2023
1328,WTBA,West BanCorp Inc,12996,09-14-2023
1329,WABC,Westamerica BanCorp,8076,09-14-2023
1330,WSR,Whitestone REIT,22433,09-14-2023
1331,WLDN,Willdan Group Inc,8358,09-14-2023
1332,WINA,Winmark Corp,1986,09-14-2023
1333,WGO,Winnebago Industries Inc,11173,09-14-2023
1334,WT,WisdomTree Inc,43719,09-14-2023
1335,WWW,Wolverine World Wide Inc,14362,09-14-2023
1336,WK,Workiva Inc,7873,09-14-2023
1337,WRLD,World Acceptance Corp,843,09-14-2023
1338,WKC,World Kinect Corp,14820,09-14-2023
1339,WOR,Worthington Industries Inc,7070,09-14-2023
1340,WSFS,WSFS Financial Corp,12565,09-14-2023
1341,WW,WW International Inc,44051,09-14-2023
1342,XNCR,Xencor Inc,11396,09-14-2023
1343,XHR,Xenia Hotels & Resorts Inc,20740,09-14-2023
1344,XERS,Xeris Biopharma Holdings Inc,33887,09-14-2023
1345,XRX,Xerox Holdings Corp,24714,09-14-2023
1346,XPEL,XPEL Inc,9072,09-14-2023
1347,XPER,Xperi Inc,12817,09-14-2023
1348,XPOF,Xponential Fitness Inc,3342,09-14-2023
1349,YMAB,Y-mAbs Therapeutics Inc,14498,09-14-2023
1350,YELP,Yelp Inc,22097,09-14-2023
1351,YEXT,Yext Inc,37170,09-14-2023
1352,YORW,York Water Co,5069,09-14-2023
1353,ZNTL,Zentalis Pharmaceuticals Inc,3399,09-14-2023
1354,ZETA,Zeta Global Holdings Corp,35283,09-14-2023
1355,ZD,Ziff Davis Inc,6518,09-14-2023
1356,ZIMV,Zimvie Inc,11621,09-14-2023
1357,ZIP,ZipRecruiter Inc,8069,09-14-2023
1358,ZUMZ,Zumiez Inc,12439,09-14-2023
1359,ZUO,Zuora Inc,24401,09-14-2023
1360,ZWS,Zurn Elkay Water Solutions Corp,10367,09-14-2023
1361,ZYXI,Zynex Inc,19372,09-14-2023
1362,EUR,EUR EUROPEAN UNION EURO,0,09-14-2023
1363,--,USD U.S. DOLLAR,0,09-14-2023
