,Ticker,Name,Shares,Date
0,FLWS,1-800-Flowers.com Inc,19665,03-25-2024
1,SRCE,1st Source Corp,3615,03-25-2024
2,EGHT,8x8 Inc,106538,03-25-2024
3,AMRK,A-Mark Precious Metals Inc,12706,03-25-2024
4,ATEN,A10 Networks Inc,44691,03-25-2024
5,AAON,AAON Inc,11756,03-25-2024
6,AIR,AAR Corp,7115,03-25-2024
7,AAN,Aarons Co Inc,18907,03-25-2024
8,ANF,Abercrombie & Fitch Co,13141,03-25-2024
9,ABM,ABM Industries Inc,12235,03-25-2024
10,ASO,Academy Sports & Outdoors Inc,12822,03-25-2024
11,ACAD,ACADIA Pharmaceuticals Inc,38768,03-25-2024
12,AKR,Acadia Realty Trust,18216,03-25-2024
13,ACCO,ACCO Brands Corp,36840,03-25-2024
14,ACIW,ACI Worldwide Inc,18977,03-25-2024
15,ACMR,ACM Research Inc,5325,03-25-2024
16,ACNB,ACNB Corp,853,03-25-2024
17,GOLF,Acushnet Holdings Corp,9885,03-25-2024
18,ACVA,ACV Auctions Inc,14899,03-25-2024
19,AHCO,AdaptHealth Corp,24109,03-25-2024
20,ADUS,Addus HomeCare Corp,3534,03-25-2024
21,ADEA,Adeia Inc,33321,03-25-2024
22,ADNT,Adient PLC,13310,03-25-2024
23,ADMA,ADMA Biologics Inc,34381,03-25-2024
24,ATGE,Adtalem Global Education Inc,11950,03-25-2024
25,AEIS,Advanced Energy Industries Inc,6306,03-25-2024
26,ASIX,AdvanSix Inc,9094,03-25-2024
27,AEHR,Aehr Test Systems,18711,03-25-2024
28,AVAV,AeroVironment Inc,3081,03-25-2024
29,AGYS,Agilysys Inc,6767,03-25-2024
30,ALG,Alamo Group Inc,3079,03-25-2024
31,ALRM,Alarm.com Holdings Inc,9831,03-25-2024
32,AIN,Albany International Corp,3639,03-25-2024
33,ALEX,Alexander & Baldwin Inc,27163,03-25-2024
34,ALX,Alexanders Inc,528,03-25-2024
35,ALIT,Alight Inc,48760,03-25-2024
36,ALHC,Alignment Healthcare Inc,4126,03-25-2024
37,ALKS,Alkermes PLC,50565,03-25-2024
38,ALE,ALLETE Inc,12219,03-25-2024
39,ALNT,Allient Inc,10554,03-25-2024
40,AOSL,Alpha & Omega Semiconductor Ltd,10230,03-25-2024
41,AMR,Alpha Metallurgical Resources Inc,5178,03-25-2024
42,ATEC,Alphatec Holdings Inc,18107,03-25-2024
43,PINE,Alpine Income Property Trust Inc,5523,03-25-2024
44,ALTG,Alta Equipment Group Inc,332,03-25-2024
45,ALTR,Altair Engineering Inc,9714,03-25-2024
46,AMAL,Amalgamated Financial Corp,7705,03-25-2024
47,AMBC,Ambac Financial Group Inc,20864,03-25-2024
48,AMBA,Ambarella Inc,4037,03-25-2024
49,AMCX,AMC Networks Inc,9029,03-25-2024
50,AMTB,Amerant Bancorp Inc,4755,03-25-2024
51,AAT,American Assets Trust Inc,12812,03-25-2024
52,AXL,American Axle & Manufacturing Holdings Inc,35188,03-25-2024
53,AEO,American Eagle Outfitters Inc,32098,03-25-2024
54,AEL,American Equity Investment Life Holding Co,17842,03-25-2024
55,AMNB,American National Bankshares Inc,4139,03-25-2024
56,AMSWA,American Software Inc,11529,03-25-2024
57,AWR,American States Water Co,9342,03-25-2024
58,AVD,American Vanguard Corp,18398,03-25-2024
59,AMWD,American Woodmark Corp,4105,03-25-2024
60,ABCB,Ameris Bancorp,13888,03-25-2024
61,AMSF,AMERISAFE Inc,6637,03-25-2024
62,ATLO,Ames National Corp,4437,03-25-2024
63,FOLD,Amicus Therapeutics Inc,34918,03-25-2024
64,AMKR,Amkor Technology Inc,30560,03-25-2024
65,AMN,AMN Healthcare Services Inc,12991,03-25-2024
66,AMRX,Amneal Pharmaceuticals Inc,115636,03-25-2024
67,AMPH,Amphastar Pharmaceuticals Inc,11156,03-25-2024
68,AMPY,Amplify Energy Corp,32582,03-25-2024
69,AMLX,Amylyx Pharmaceuticals Inc,48862,03-25-2024
70,ANDE,Andersons Inc,6555,03-25-2024
71,ANGO,AngioDynamics Inc,7390,03-25-2024
72,ANIP,ANI Pharmaceuticals Inc,5444,03-25-2024
73,ANIK,Anika Therapeutics Inc,12197,03-25-2024
74,HOUS,Anywhere Real Estate Inc,33469,03-25-2024
75,AIV,Apartment Investment and Management Co,44318,03-25-2024
76,APG,API Group Corp,28821,03-25-2024
77,APOG,Apogee Enterprises Inc,11100,03-25-2024
78,ARI,Apollo Commercial Real Estate Finance Inc,28665,03-25-2024
79,APPF,Appfolio Inc,4393,03-25-2024
80,APPN,Appian Corp,9744,03-25-2024
81,APLE,Apple Hospitality REIT Inc,45548,03-25-2024
82,AIT,Applied Industrial Technologies Inc,8683,03-25-2024
83,ABR,Arbor Realty Trust Inc,37269,03-25-2024
84,ALTM,Arcadium Lithium PLC,52136,03-25-2024
85,ARCB,ArcBest Corp,5269,03-25-2024
86,ACLX,Arcellx Inc,4928,03-25-2024
87,ARCH,Arch Resources Inc,4954,03-25-2024
88,AROC,Archrock Inc,27560,03-25-2024
89,ACA,Arcosa Inc,8387,03-25-2024
90,ARCT,Arcturus Therapeutics Holdings Inc,13030,03-25-2024
91,ARDX,Ardelyx Inc,23779,03-25-2024
92,ASC,Ardmore Shipping Corp,25215,03-25-2024
93,AGX,Argan Inc,3179,03-25-2024
94,ARLO,Arlo Technologies Inc,38337,03-25-2024
95,AHH,Armada Hoffler Properties Inc,15609,03-25-2024
96,ARRY,Array Technologies Inc,10760,03-25-2024
97,AROW,Arrow Financial Corp,8460,03-25-2024
98,ARWR,Arrowhead Pharmaceuticals Inc,5799,03-25-2024
99,APAM,Artisan Partners Asset Management Inc,18086,03-25-2024
100,ASAN,Asana Inc,14614,03-25-2024
101,ABG,Asbury Automotive Group Inc,4450,03-25-2024
102,ASGN,ASGN Inc,12117,03-25-2024
103,ASRT,Assertio Holdings Inc,71567,03-25-2024
104,AMK,AssetMark Financial Holdings Inc,4656,03-25-2024
105,ASB,Associated Banc-Corp,23092,03-25-2024
106,ASTE,Astec Industries Inc,7132,03-25-2024
107,ASTH,Astrana Health Inc,4327,03-25-2024
108,ATI,ATI Inc,10420,03-25-2024
109,ATKR,Atkore Inc,11189,03-25-2024
110,BATRA,Atlanta Braves Holdings Inc,3156,03-25-2024
111,BATRK,Atlanta Braves Holdings Inc,4303,03-25-2024
112,AUB,Atlantic Union Bankshares Corp,12224,03-25-2024
113,ATLC,Atlanticus Holdings Corp,1807,03-25-2024
114,ATMU,Atmus Filtration Technologies Inc,9266,03-25-2024
115,ATRC,AtriCure Inc,8429,03-25-2024
116,ATRI,Atrion Corp,33,03-25-2024
117,AVNS,Avanos Medical Inc,12382,03-25-2024
118,AVDX,AvidXchange Holdings Inc,12779,03-25-2024
119,AVNT,Avient Corp,12625,03-25-2024
120,AVA,Avista Corp,13621,03-25-2024
121,RCEL,Avita Medical Inc,13360,03-25-2024
122,ACLS,Axcelis Technologies Inc,8650,03-25-2024
123,AXNX,Axonics Inc,4691,03-25-2024
124,AX,Axos Financial Inc,16115,03-25-2024
125,AXSM,Axsome Therapeutics Inc,6167,03-25-2024
126,AZZ,AZZ Inc,5050,03-25-2024
127,BGS,B&G Foods Inc,15511,03-25-2024
128,BMI,Badger Meter Inc,7214,03-25-2024
129,BCPC,Balchem Corp,3463,03-25-2024
130,BANC,Banc of California Inc,8130,03-25-2024
131,BANF,BancFirst Corp,6559,03-25-2024
132,BLX,Banco Latinoamericano de Comercio Exterior SA,11058,03-25-2024
133,TBBK,Bancorp Inc,14508,03-25-2024
134,BFC,Bank First Corp,2376,03-25-2024
135,BOH,Bank of Hawaii Corp,6718,03-25-2024
136,NTB,Bank of NT Butterfield & Son Ltd,20437,03-25-2024
137,BKU,BankUnited Inc,15400,03-25-2024
138,BWFG,Bankwell Financial Group Inc,5149,03-25-2024
139,BANR,Banner Corp,5728,03-25-2024
140,B,Barnes Group Inc,7236,03-25-2024
141,BBSI,Barrett Business Services Inc,2548,03-25-2024
142,BCML,BayCom Corp,93,03-25-2024
143,BCBP,BCB Bancorp Inc,11684,03-25-2024
144,BECN,Beacon Roofing Supply Inc,13981,03-25-2024
145,SKIN,Beauty Health Co,31350,03-25-2024
146,BZH,Beazer Homes USA Inc,9429,03-25-2024
147,BELFB,Bel Fuse Inc,5776,03-25-2024
148,BDC,Belden Inc,7317,03-25-2024
149,BRBR,BellRing Brands Inc,18750,03-25-2024
150,BHE,Benchmark Electronics Inc,10906,03-25-2024
151,BHLB,Berkshire Hills Bancorp Inc,6198,03-25-2024
152,BRY,Berry Corp,20748,03-25-2024
153,BYON,Beyond Inc,7684,03-25-2024
154,BGC,BGC Group Inc,30059,03-25-2024
155,BIGC,BigCommerce Holdings Inc,21989,03-25-2024
156,BCRX,BioCryst Pharmaceuticals Inc,73036,03-25-2024
157,BHVN,Biohaven Ltd,4098,03-25-2024
158,BTBT,Bit Digital Inc,42720,03-25-2024
159,BJRI,BJs Restaurants Inc,4320,03-25-2024
160,BKH,Black Hills Corp,14182,03-25-2024
161,BLKB,Blackbaud Inc,7774,03-25-2024
162,BL,BlackLine Inc,2284,03-25-2024
163,BXMT,Blackstone Mortgage Trust Inc,23001,03-25-2024
164,BLMN,Bloomin Brands Inc,14255,03-25-2024
165,BLBD,Blue Bird Corp,12133,03-25-2024
166,BRBS,Blue Ridge Bankshares Inc,2467,03-25-2024
167,BXC,BlueLinx Holdings Inc,8144,03-25-2024
168,BPMC,Blueprint Medicines Corp,3467,03-25-2024
169,BCC,Boise Cascade Co,13354,03-25-2024
170,BOOT,Boot Barn Holdings Inc,4757,03-25-2024
171,BORR,Borr Drilling Ltd,20630,03-25-2024
172,BWMN,Bowman Consulting Group Ltd,9607,03-25-2024
173,BOX,Box Inc,31277,03-25-2024
174,BHR,Braemar Hotels & Resorts Inc,15224,03-25-2024
175,BDN,Brandywine Realty Trust,26950,03-25-2024
176,BRZE,Braze Inc,5357,03-25-2024
177,BFH,Bread Financial Holdings Inc,9412,03-25-2024
178,BBIO,Bridgebio Pharma Inc,5911,03-25-2024
179,BCOV,Brightcove Inc,36138,03-25-2024
180,BSIG,Brightsphere Investment Group Inc,17888,03-25-2024
181,EAT,Brinker International Inc,7189,03-25-2024
182,BCO,Brinks Co,5597,03-25-2024
183,VTOL,Bristow Group Inc,6742,03-25-2024
184,BNL,Broadstone Net Lease Inc,24605,03-25-2024
185,BIPC,Brookfield Infrastructure Corp,26097,03-25-2024
186,BRKL,Brookline Bancorp Inc,22594,03-25-2024
187,BRT,BRT Apartments Corp,8701,03-25-2024
188,BKE,Buckle Inc,10110,03-25-2024
189,BBW,Build-A-Bear Workshop Inc,6504,03-25-2024
190,BY,Byline Bancorp Inc,5341,03-25-2024
191,AI,C3.ai Inc,4588,03-25-2024
192,CABA,Cabaletta Bio Inc,6760,03-25-2024
193,CBT,Cabot Corp,10069,03-25-2024
194,WHD,Cactus Inc,8909,03-25-2024
195,CADE,Cadence Bank,23365,03-25-2024
196,CALM,Cal-Maine Foods Inc,12991,03-25-2024
197,CAL,Caleres Inc,15433,03-25-2024
198,CRC,California Resources Corp,18407,03-25-2024
199,CWT,California Water Service Group,8967,03-25-2024
200,CALX,Calix Inc,13776,03-25-2024
201,CPE,Callon Petroleum Co,10412,03-25-2024
202,CMBM,Cambium Networks Corp,1966,03-25-2024
203,CATC,Cambridge Bancorp,102,03-25-2024
204,CAC,Camden National Corp,8586,03-25-2024
205,CWH,Camping World Holdings Inc,5341,03-25-2024
206,CNNE,Cannae Holdings Inc,5798,03-25-2024
207,CCBG,Capital City Bank Group Inc,8518,03-25-2024
208,CDLX,Cardlytics Inc,3579,03-25-2024
209,CDNA,CareDx Inc,41299,03-25-2024
210,CTRE,CareTrust REIT Inc,18816,03-25-2024
211,CARG,Cargurus Inc,22142,03-25-2024
212,PRTS,CarParts.com Inc,21067,03-25-2024
213,CRS,Carpenter Technology Corp,6703,03-25-2024
214,CSV,Carriage Services Inc,5755,03-25-2024
215,TAST,Carrols Restaurant Group Inc,33880,03-25-2024
216,CARS,Cars.com Inc,26522,03-25-2024
217,CVNA,Carvana Co,6334,03-25-2024
218,CWST,Casella Waste Systems Inc,5253,03-25-2024
219,CASS,Cass Information Systems Inc,4733,03-25-2024
220,CPRX,Catalyst Pharmaceuticals Inc,72575,03-25-2024
221,CATY,Cathay General Bancorp,16749,03-25-2024
222,CVCO,Cavco Industries Inc,1460,03-25-2024
223,CBZ,CBIZ Inc,8819,03-25-2024
224,CBL,CBL & Associates Properties Inc,8014,03-25-2024
225,CECO,CECO Environmental Corp,6731,03-25-2024
226,CSR,Centerspace,2536,03-25-2024
227,CENTA,Central Garden & Pet Co,12122,03-25-2024
228,CENT,Central Garden & Pet Co,5311,03-25-2024
229,CPF,Central Pacific Financial Corp,11103,03-25-2024
230,CVCY,Central Valley Community Bancorp,5375,03-25-2024
231,LEU,Centrus Energy Corp,3083,03-25-2024
232,CCS,Century Communities Inc,4090,03-25-2024
233,CRNC,Cerence Inc,12594,03-25-2024
234,CERE,Cerevel Therapeutics Holdings Inc,4037,03-25-2024
235,CERS,Cerus Corp,63252,03-25-2024
236,CEVA,CEVA Inc,5438,03-25-2024
237,CHX,ChampionX Corp,25306,03-25-2024
238,GTLS,Chart Industries Inc,3863,03-25-2024
239,CLDT,Chatham Lodging Trust,16022,03-25-2024
240,CAKE,Cheesecake Factory Inc,5163,03-25-2024
241,CHEF,Chefs Warehouse Inc,3898,03-25-2024
242,CHGG,Chegg Inc,25745,03-25-2024
243,CHMG,Chemung Financial Corp,3255,03-25-2024
244,CPK,Chesapeake Utilities Corp,4583,03-25-2024
245,CIM,Chimera Investment Corp,33351,03-25-2024
246,COFS,ChoiceOne Financial Services Inc,3649,03-25-2024
247,CHRD,Chord Energy Corp,6970,03-25-2024
248,CHUY,Chuys Holdings Inc,4499,03-25-2024
249,CMPR,Cimpress PLC,7503,03-25-2024
250,CNK,Cinemark Holdings Inc,10165,03-25-2024
251,CHCO,City Holding Co,6244,03-25-2024
252,CIO,City Office REIT Inc,22394,03-25-2024
253,CIVB,Civista Bancshares Inc,10237,03-25-2024
254,CIVI,Civitas Resources Inc,9185,03-25-2024
255,CMTG,Claros Mortgage Trust Inc,15319,03-25-2024
256,CLSK,Cleanspark Inc,10440,03-25-2024
257,YOU,Clear Secure Inc,4826,03-25-2024
258,CLFD,Clearfield Inc,6185,03-25-2024
259,CLW,Clearwater Paper Corp,6020,03-25-2024
260,CLMB,Climb Global Solutions Inc,2818,03-25-2024
261,CCNE,CNB Financial Corp,6980,03-25-2024
262,CNO,CNO Financial Group Inc,33399,03-25-2024
263,CNX,CNX Resources Corp,24866,03-25-2024
264,COKE,Coca-Cola Consolidated Inc,1763,03-25-2024
265,CDXS,Codexis Inc,1246,03-25-2024
266,CVLY,Codorus Valley Bancorp Inc,4213,03-25-2024
267,CCOI,Cogent Communications Holdings Inc,6237,03-25-2024
268,CNS,Cohen & Steers Inc,8838,03-25-2024
269,COHU,Cohu Inc,13095,03-25-2024
270,COLL,Collegium Pharmaceutical Inc,32198,03-25-2024
271,CBAN,Colony Bankcorp Inc,45,03-25-2024
272,CLBK,Columbia Financial Inc,6547,03-25-2024
273,CMCO,Columbus McKinnon Corp,8174,03-25-2024
274,FIX,Comfort Systems USA Inc,6577,03-25-2024
275,CMC,Commercial Metals Co,27423,03-25-2024
276,CVGI,Commercial Vehicle Group Inc,12084,03-25-2024
277,CBU,Community Bank System Inc,5647,03-25-2024
278,CHCT,Community Healthcare Trust Inc,5885,03-25-2024
279,CTBI,Community Trust Bancorp Inc,5052,03-25-2024
280,CVLT,CommVault Systems Inc,12939,03-25-2024
281,COMP,Compass Inc,149057,03-25-2024
282,CNDT,Conduent Inc,84884,03-25-2024
283,CNMD,CONMED Corp,2422,03-25-2024
284,CNOB,ConnectOne Bancorp Inc,6645,03-25-2024
285,CCSI,Consensus Cloud Solutions Inc,11324,03-25-2024
286,CEIX,CONSOL Energy Inc,12709,03-25-2024
287,CWCO,Consolidated Water Co Ltd,14226,03-25-2024
288,CSTM,Constellium SE,17995,03-25-2024
289,ROAD,Construction Partners Inc,3845,03-25-2024
290,CPSS,Consumer Portfolio Services Inc,8317,03-25-2024
291,CPS,Cooper-Standard Holdings Inc,6888,03-25-2024
292,CDP,COPT Defense Properties,19393,03-25-2024
293,CORT,Corcept Therapeutics Inc,48497,03-25-2024
294,CMT,Core Molding Technologies Inc,7194,03-25-2024
295,CCRD,CoreCard Corp,4367,03-25-2024
296,CXW,CoreCivic Inc,33993,03-25-2024
297,CRSR,Corsair Gaming Inc,10662,03-25-2024
298,CRVL,CorVel Corp,3123,03-25-2024
299,CMRE,Costamare Inc,14132,03-25-2024
300,BASE,Couchbase Inc,9847,03-25-2024
301,COUR,Coursera Inc,19564,03-25-2024
302,CVLG,Covenant Logistics Group Inc,3812,03-25-2024
303,PMTS,CPI Card Group Inc,2539,03-25-2024
304,CRAI,CRA International Inc,3825,03-25-2024
305,CBRL,Cracker Barrel Old Country Store Inc,1779,03-25-2024
306,CRDO,Credo Technology Group Holding Ltd,7799,03-25-2024
307,CRNX,Crinetics Pharmaceuticals Inc,2785,03-25-2024
308,CCRN,Cross Country Healthcare Inc,30417,03-25-2024
309,CYRX,CryoPort Inc,8768,03-25-2024
310,CSGS,CSG Systems International Inc,11887,03-25-2024
311,CSWI,CSW Industrials Inc,4308,03-25-2024
312,CTO,CTO Realty Growth Inc,10889,03-25-2024
313,CTS,CTS Corp,6510,03-25-2024
314,CWK,Cushman & Wakefield PLC,37143,03-25-2024
315,CUBI,Customers Bancorp Inc,15962,03-25-2024
316,CVBF,CVB Financial Corp,18096,03-25-2024
317,CVI,CVR Energy Inc,13345,03-25-2024
318,CVRX,CVRx Inc,5932,03-25-2024
319,CYTK,Cytokinetics Inc,3649,03-25-2024
320,DAKT,Daktronics Inc,26594,03-25-2024
321,DAN,Dana Inc,20774,03-25-2024
322,PLAY,Dave & Busters Entertainment Inc,5285,03-25-2024
323,DK,Delek US Holdings Inc,9546,03-25-2024
324,DLX,Deluxe Corp,19012,03-25-2024
325,DENN,Dennys Corp,16796,03-25-2024
326,DBI,Designer Brands Inc,11792,03-25-2024
327,DXLG,Destination XL Group Inc,27896,03-25-2024
328,DHX,DHI Group Inc,30333,03-25-2024
329,DHT,DHT Holdings Inc,33668,03-25-2024
330,DHIL,Diamond Hill Investment Group Inc,1793,03-25-2024
331,DO,Diamond Offshore Drilling Inc,17397,03-25-2024
332,DRH,DiamondRock Hospitality Co,47903,03-25-2024
333,DGII,Digi International Inc,11647,03-25-2024
334,APPS,Digital Turbine Inc,71127,03-25-2024
335,DBRG,DigitalBridge Group Inc,9185,03-25-2024
336,DOCN,DigitalOcean Holdings Inc,4188,03-25-2024
337,DDS,Dillards Inc,1980,03-25-2024
338,DCOM,Dime Community Bancshares Inc,10753,03-25-2024
339,DIOD,Diodes Inc,13184,03-25-2024
340,IRON,Disc Medicine Inc,1591,03-25-2024
341,DSGR,Distribution Solutions Group Inc,8735,03-25-2024
342,DNOW,DNOW Inc,65506,03-25-2024
343,DOLE,Dole PLC,8660,03-25-2024
344,DOMO,Domo Inc,25701,03-25-2024
345,DFIN,Donnelley Financial Solutions Inc,11785,03-25-2024
346,LPG,Dorian LPG Ltd,10532,03-25-2024
347,DORM,Dorman Products Inc,5727,03-25-2024
348,PLOW,Douglas Dynamics Inc,523,03-25-2024
349,DOUG,Douglas Elliman Inc,69926,03-25-2024
350,DEI,Douglas Emmett Inc,24045,03-25-2024
351,DFH,Dream Finders Homes Inc,3155,03-25-2024
352,DRQ,Dril-Quip Inc,5235,03-25-2024
353,DCO,Ducommun Inc,2465,03-25-2024
354,DUOL,Duolingo Inc,2602,03-25-2024
355,DXPE,DXP Enterprises Inc,13090,03-25-2024
356,DY,Dycom Industries Inc,4361,03-25-2024
357,DVAX,Dynavax Technologies Corp,54170,03-25-2024
358,DX,Dynex Capital Inc,8491,03-25-2024
359,EGBN,Eagle Bancorp Inc,8892,03-25-2024
360,EGLE,Eagle Bulk Shipping Inc,3900,03-25-2024
361,EGRX,Eagle Pharmaceuticals Inc,2996,03-25-2024
362,DEA,Easterly Government Properties Inc,18538,03-25-2024
363,EBC,Eastern Bankshares Inc,8811,03-25-2024
364,SATS,EchoStar Corp,13169,03-25-2024
365,ECVT,Ecovyst Inc,21026,03-25-2024
366,EPC,Edgewell Personal Care Co,11547,03-25-2024
367,EGAN,eGain Corp,18233,03-25-2024
368,LOCO,El Pollo Loco Holdings Inc,11610,03-25-2024
369,ELF,elf Beauty Inc,6826,03-25-2024
370,EFC,Ellington Financial Inc,15850,03-25-2024
371,ELME,Elme Communities,10188,03-25-2024
372,EMBC,Embecta Corp,20617,03-25-2024
373,EP,Empire Petroleum Corp,3958,03-25-2024
374,ESRT,Empire State Realty Trust Inc,39671,03-25-2024
375,EIG,Employers Holdings Inc,8316,03-25-2024
376,ACT,Enact Holdings Inc,11649,03-25-2024
377,ECPG,Encore Capital Group Inc,3298,03-25-2024
378,WIRE,Encore Wire Corp,5907,03-25-2024
379,ENR,Energizer Holdings Inc,10664,03-25-2024
380,EFR,Energy Fuels Inc,19178,03-25-2024
381,ERII,Energy Recovery Inc,22303,03-25-2024
382,EPAC,Enerpac Tool Group Corp,14745,03-25-2024
383,ENS,EnerSys,6808,03-25-2024
384,ELVN,Enliven Therapeutics Inc,228,03-25-2024
385,EBF,Ennis Inc,7035,03-25-2024
386,ENVA,Enova International Inc,16247,03-25-2024
387,ENVX,Enovix Corp,11144,03-25-2024
388,NPO,Enpro Inc,4232,03-25-2024
389,ENSG,Ensign Group Inc,9201,03-25-2024
390,ESGR,Enstar Group Ltd,2452,03-25-2024
391,EFSC,Enterprise Financial Services Corp,6977,03-25-2024
392,TRDA,Entrada Therapeutics Inc,18336,03-25-2024
393,ENV,Envestnet Inc,5984,03-25-2024
394,PLUS,ePlus Inc,8349,03-25-2024
395,ETRN,Equitrans Midstream Corp,42763,03-25-2024
396,EQC,Equity Commonwealth,15551,03-25-2024
397,ESE,ESCO Technologies Inc,3416,03-25-2024
398,ESQ,Esquire Financial Holdings Inc,3646,03-25-2024
399,ESNT,Essent Group Ltd,23755,03-25-2024
400,EPRT,Essential Properties Realty Trust Inc,21204,03-25-2024
401,ETD,Ethan Allen Interiors Inc,19350,03-25-2024
402,EVBN,Evans Bancorp Inc,3512,03-25-2024
403,EVBG,Everbridge Inc,5160,03-25-2024
404,EVRI,Everi Holdings Inc,18017,03-25-2024
405,EVER,EverQuote Inc,18372,03-25-2024
406,EVTC,EVERTEC Inc,15634,03-25-2024
407,EVI,EVI Industries Inc,4054,03-25-2024
408,EVH,Evolent Health Inc,8842,03-25-2024
409,EOLS,Evolus Inc,31380,03-25-2024
410,EPM,Evolution Petroleum Corp,29297,03-25-2024
411,SSP,EW Scripps Co,9256,03-25-2024
412,EXLS,ExlService Holdings Inc,26782,03-25-2024
413,EXPI,eXp World Holdings Inc,48346,03-25-2024
414,EXPO,Exponent Inc,4422,03-25-2024
415,XPRO,Expro Group Holdings NV,7817,03-25-2024
416,EXTR,Extreme Networks Inc,50642,03-25-2024
417,FN,Fabrinet,4850,03-25-2024
418,FMAO,Farmers & Merchants Bancorp Inc/Archbold OH,1800,03-25-2024
419,FMNB,Farmers National Banc Corp,11550,03-25-2024
420,FPI,Farmland Partners Inc,10984,03-25-2024
421,FSLY,Fastly Inc,7967,03-25-2024
422,FBK,FB Financial Corp,8987,03-25-2024
423,AGM,Federal Agricultural Mortgage Corp,5952,03-25-2024
424,FSS,Federal Signal Corp,8613,03-25-2024
425,FDBC,Fidelity D&D Bancorp Inc,2139,03-25-2024
426,FIGS,Figs Inc,49119,03-25-2024
427,FISI,Financial Institutions Inc,9925,03-25-2024
428,FA,First Advantage Corp,9947,03-25-2024
429,FBP,First BanCorp,47042,03-25-2024
430,FNLC,First Bancorp Inc,5837,03-25-2024
431,FBNC,First Bancorp/Southern Pines NC,8090,03-25-2024
432,FBMS,First Bancshares Inc,4107,03-25-2024
433,BUSE,First Busey Corp,9769,03-25-2024
434,FBIZ,First Business Financial Services Inc,7509,03-25-2024
435,FCF,First Commonwealth Financial Corp,21993,03-25-2024
436,FCCO,First Community Corp,4754,03-25-2024
437,FFBC,First Financial Bancorp,19554,03-25-2024
438,FFIN,First Financial Bankshares Inc,23559,03-25-2024
439,THFF,First Financial Corp,4018,03-25-2024
440,FIBK,First Interstate BancSystem Inc,10507,03-25-2024
441,FRME,First Merchants Corp,13510,03-25-2024
442,FMBH,First Mid Bancshares Inc,4535,03-25-2024
443,FLIC,First of Long Island Corp,8831,03-25-2024
444,MYFW,First Western Financial Inc,1197,03-25-2024
445,FCFS,FirstCash Holdings Inc,5472,03-25-2024
446,FLR,Fluor Corp,19028,03-25-2024
447,FFIC,Flushing Financial Corp,12540,03-25-2024
448,FLYW,Flywire Corp,5406,03-25-2024
449,FL,Foot Locker Inc,5559,03-25-2024
450,FOR,Forestar Group Inc,11167,03-25-2024
451,FORM,FormFactor Inc,15993,03-25-2024
452,FORR,Forrester Research Inc,7338,03-25-2024
453,FWRD,Forward Air Corp,10253,03-25-2024
454,FOSL,Fossil Group Inc,15910,03-25-2024
455,FCPT,Four Corners Property Trust Inc,15411,03-25-2024
456,FOXF,Fox Factory Holding Corp,6640,03-25-2024
457,FBRT,Franklin BSP Realty Trust Inc,12500,03-25-2024
458,FC,Franklin Covey Co,11189,03-25-2024
459,FELE,Franklin Electric Co Inc,11718,03-25-2024
460,FDP,Fresh Del Monte Produce Inc,12522,03-25-2024
461,FRSH,Freshworks Inc,16883,03-25-2024
462,FTDR,Frontdoor Inc,22294,03-25-2024
463,FRPH,FRP Holdings Inc,3804,03-25-2024
464,FSBW,FS Bancorp Inc,3024,03-25-2024
465,FTAI,FTAI Aviation Ltd,13255,03-25-2024
466,FLGT,Fulgent Genetics Inc,10120,03-25-2024
467,FULT,Fulton Financial Corp,31368,03-25-2024
468,FVCB,FVCBankcorp Inc,2271,03-25-2024
469,GIII,G-III Apparel Group Ltd,12732,03-25-2024
470,GCI,Gannett Co Inc,88080,03-25-2024
471,GATX,GATX Corp,3463,03-25-2024
472,GNK,Genco Shipping & Trading Ltd,12489,03-25-2024
473,GENC,Gencor Industries Inc,7443,03-25-2024
474,GCO,Genesco Inc,9304,03-25-2024
475,GNE,Genie Energy Ltd,18891,03-25-2024
476,THRM,Gentherm Inc,4756,03-25-2024
477,GNW,Genworth Financial Inc,109526,03-25-2024
478,GEO,GEO Group Inc,49130,03-25-2024
479,GABC,German American Bancorp Inc,10124,03-25-2024
480,GTY,Getty Realty Corp,8645,03-25-2024
481,ROCK,Gibraltar Industries Inc,6403,03-25-2024
482,GBCI,Glacier Bancorp Inc,12390,03-25-2024
483,GOOD,Gladstone Commercial Corp,11153,03-25-2024
484,LAND,Gladstone Land Corp,485,03-25-2024
485,GKOS,Glaukos Corp,3554,03-25-2024
486,GIC,Global Industrial Co,12123,03-25-2024
487,GMRE,Global Medical REIT Inc,4337,03-25-2024
488,GNL,Global Net Lease Inc,46030,03-25-2024
489,GMS,GMS Inc,18792,03-25-2024
490,GOGO,Gogo Inc,14681,03-25-2024
491,GLNG,Golar LNG Ltd,6590,03-25-2024
492,GDEN,Golden Entertainment Inc,5035,03-25-2024
493,GOGL,Golden Ocean Group Ltd,8025,03-25-2024
494,GT,Goodyear Tire & Rubber Co,45208,03-25-2024
495,GSHD,Goosehead Insurance Inc,5655,03-25-2024
496,GPRO,GoPro Inc,10783,03-25-2024
497,GRC,Gorman-Rupp Co,3765,03-25-2024
498,EAF,GrafTech International Ltd,62674,03-25-2024
499,GHC,Graham Holdings Co,827,03-25-2024
500,GVA,Granite Construction Inc,4761,03-25-2024
501,GTN,Gray Television Inc,18593,03-25-2024
502,GSBC,Great Southern Bancorp Inc,6418,03-25-2024
503,GRBK,Green Brick Partners Inc,6759,03-25-2024
504,GBX,Greenbrier Cos Inc,3305,03-25-2024
505,GCBC,Greene County Bancorp Inc,6188,03-25-2024
506,GEF,Greif Inc,5627,03-25-2024
507,GDYN,Grid Dynamics Holdings Inc,15211,03-25-2024
508,GFF,Griffon Corp,12858,03-25-2024
509,GPI,Group 1 Automotive Inc,3733,03-25-2024
510,GES,Guess? Inc,8710,03-25-2024
511,GPOR,Gulfport Energy Corp,5769,03-25-2024
512,HEES,H&E Equipment Services Inc,6938,03-25-2024
513,HCKT,Hackett Group Inc,21511,03-25-2024
514,HAE,Haemonetics Corp,5621,03-25-2024
515,HAIN,Hain Celestial Group Inc,25069,03-25-2024
516,HALO,Halozyme Therapeutics Inc,17791,03-25-2024
517,HLNE,Hamilton Lane Inc,8346,03-25-2024
518,HWC,Hancock Whitney Corp,14094,03-25-2024
519,HBI,Hanesbrands Inc,18521,03-25-2024
520,HAFC,Hanmi Financial Corp,11445,03-25-2024
521,HONE,HarborOne Bancorp Inc,14520,03-25-2024
522,HLIT,Harmonic Inc,29118,03-25-2024
523,HRMY,Harmony Biosciences Holdings Inc,18847,03-25-2024
524,HBIO,Harvard Bioscience Inc,36337,03-25-2024
525,HVT,Haverty Furniture Cos Inc,13988,03-25-2024
526,HWKN,Hawkins Inc,5003,03-25-2024
527,FUL,HB Fuller Co,8656,03-25-2024
528,HCI,HCI Group Inc,1091,03-25-2024
529,HQY,HealthEquity Inc,8694,03-25-2024
530,HSTM,HealthStream Inc,9336,03-25-2024
531,HTLD,Heartland Express Inc,11476,03-25-2024
532,HTLF,Heartland Financial USA Inc,8258,03-25-2024
533,HSII,Heidrick & Struggles International Inc,3513,03-25-2024
534,HELE,Helen of Troy Ltd,3304,03-25-2024
535,HLIO,Helios Technologies Inc,3254,03-25-2024
536,HLX,Helix Energy Solutions Group Inc,43615,03-25-2024
537,HP,Helmerich & Payne Inc,11498,03-25-2024
538,HLF,Herbalife Ltd,21190,03-25-2024
539,HRI,Herc Holdings Inc,3530,03-25-2024
540,HTBK,Heritage Commerce Corp,17722,03-25-2024
541,HFWA,Heritage Financial Corp,6116,03-25-2024
542,HIBB,Hibbett Inc,6176,03-25-2024
543,HI,Hillenbrand Inc,10049,03-25-2024
544,HLMN,Hillman Solutions Corp,16778,03-25-2024
545,HTH,Hilltop Holdings Inc,13401,03-25-2024
546,HGV,Hilton Grand Vacations Inc,10765,03-25-2024
547,HIMS,Hims & Hers Health Inc,10440,03-25-2024
548,HIFS,Hingham Institution For Savings The,619,03-25-2024
549,HQI,HireQuest Inc,2899,03-25-2024
550,HNI,HNI Corp,21003,03-25-2024
551,HBCP,Home Bancorp Inc,3668,03-25-2024
552,HOMB,Home BancShares Inc,28919,03-25-2024
553,HTBI,HomeTrust Bancshares Inc,5781,03-25-2024
554,HOPE,Hope Bancorp Inc,26996,03-25-2024
555,HMN,Horace Mann Educators Corp,8420,03-25-2024
556,HBNC,Horizon Bancorp Inc,12601,03-25-2024
557,HOV,Hovnanian Enterprises Inc,2148,03-25-2024
558,HUBG,Hub Group Inc,18656,03-25-2024
559,HPP,Hudson Pacific Properties Inc,32775,03-25-2024
560,HDSN,Hudson Technologies Inc,37927,03-25-2024
561,HURN,Huron Consulting Group Inc,5860,03-25-2024
562,HY,Hyster-Yale Materials Handling Inc,1732,03-25-2024
563,ICFI,ICF International Inc,5122,03-25-2024
564,ICHR,Ichor Holdings Ltd,7857,03-25-2024
565,IDYA,Ideaya Biosciences Inc,3685,03-25-2024
566,IDT,IDT Corp,13635,03-25-2024
567,IESC,IES Holdings Inc,7830,03-25-2024
568,IHRT,iHeartMedia Inc,20947,03-25-2024
569,IMAX,IMAX Corp,7885,03-25-2024
570,IMVT,Immunovant Inc,4414,03-25-2024
571,PI,Impinj Inc,6385,03-25-2024
572,NARI,Inari Medical Inc,9302,03-25-2024
573,IRT,Independence Realty Trust Inc,25502,03-25-2024
574,INDB,Independent Bank Corp,7197,03-25-2024
575,IBCP,Independent Bank Corp,13330,03-25-2024
576,IBTX,Independent Bank Group Inc,5299,03-25-2024
577,INFN,Infinera Corp,57300,03-25-2024
578,III,Information Services Group Inc,32463,03-25-2024
579,INFU,InfuSystem Holdings Inc,16685,03-25-2024
580,NGVT,Ingevity Corp,7242,03-25-2024
581,IMKTA,Ingles Markets Inc,7978,03-25-2024
582,INMD,Inmode Ltd,16494,03-25-2024
583,INOD,Innodata Inc,22283,03-25-2024
584,IOSP,Innospec Inc,7532,03-25-2024
585,IIPR,Innovative Industrial Properties Inc,4865,03-25-2024
586,INVA,Innoviva Inc,45870,03-25-2024
587,NSIT,Insight Enterprises Inc,7437,03-25-2024
588,INSM,Insmed Inc,8639,03-25-2024
589,NSP,Insperity Inc,8841,03-25-2024
590,INSE,Inspired Entertainment Inc,19997,03-25-2024
591,IBP,Installed Building Products Inc,4314,03-25-2024
592,IIIN,Insteel Industries Inc,6882,03-25-2024
593,INTA,Intapp Inc,3140,03-25-2024
594,ITGR,Integer Holdings Corp,6637,03-25-2024
595,NTLA,Intellia Therapeutics Inc,3773,03-25-2024
596,IPAR,Inter Parfums Inc,3923,03-25-2024
597,IDCC,InterDigital Inc,4894,03-25-2024
598,TILE,Interface Inc,22923,03-25-2024
599,IBOC,International Bancshares Corp,12591,03-25-2024
600,IGT,International Game Technology PLC,15768,03-25-2024
601,IMXI,International Money Express Inc,16746,03-25-2024
602,INSW,International Seaways Inc,11454,03-25-2024
603,INTT,inTEST Corp,9969,03-25-2024
604,ITCI,Intra-Cellular Therapies Inc,18863,03-25-2024
605,IVT,InvenTrust Properties Corp,10750,03-25-2024
606,ITIC,Investors Title Co,1136,03-25-2024
607,IOVA,Iovance Biotherapeutics Inc,8109,03-25-2024
608,IRMD,iRadimed Corp,2570,03-25-2024
609,IRTC,iRhythm Technologies Inc,6377,03-25-2024
610,IRWD,Ironwood Pharmaceuticals Inc,72419,03-25-2024
611,ITOS,iTeos Therapeutics Inc,3556,03-25-2024
612,ITRI,Itron Inc,4742,03-25-2024
613,JJSF,J & J Snack Foods Corp,2694,03-25-2024
614,JACK,Jack in the Box Inc,2250,03-25-2024
615,JXN,Jackson Financial Inc,19430,03-25-2024
616,JAKK,JAKKS Pacific Inc,6707,03-25-2024
617,JRVR,James River Group Holdings Ltd,19189,03-25-2024
618,JBI,Janus International Group Inc,23133,03-25-2024
619,JBGS,JBG SMITH Properties,15547,03-25-2024
620,JELD,JELD-WEN Holding Inc,20648,03-25-2024
621,JOBY,Joby Aviation Inc,33553,03-25-2024
622,JBSS,John B Sanfilippo & Son Inc,4532,03-25-2024
623,JBT,John Bean Technologies Corp,3498,03-25-2024
624,WLY,John Wiley & Sons Inc,12676,03-25-2024
625,JOUT,Johnson Outdoors Inc,3800,03-25-2024
626,JYNT,Joint Corp,10263,03-25-2024
627,RTYM24,JUN 24 CME EMINIRUS2K,8,03-25-2024
628,KAI,Kadant Inc,3590,03-25-2024
629,KALU,Kaiser Aluminum Corp,1575,03-25-2024
630,KAMN,Kaman Corp,5282,03-25-2024
631,KPTI,Karyopharm Therapeutics Inc,89853,03-25-2024
632,KBH,KB Home,11022,03-25-2024
633,KELYA,Kelly Services Inc,18638,03-25-2024
634,KMT,Kennametal Inc,10234,03-25-2024
635,KFRC,Kforce Inc,14084,03-25-2024
636,KE,Kimball Electronics Inc,9582,03-25-2024
637,KNSA,Kiniksa Pharmaceuticals Ltd,19149,03-25-2024
638,KRG,Kite Realty Group Trust,36862,03-25-2024
639,KLXE,KLX Energy Services Holdings Inc,9894,03-25-2024
640,KNF,Knife River Corp,6092,03-25-2024
641,KN,Knowles Corp,22744,03-25-2024
642,KTB,Kontoor Brands Inc,10695,03-25-2024
643,KOP,Koppers Holdings Inc,5022,03-25-2024
644,KFY,Korn Ferry,10309,03-25-2024
645,KOS,Kosmos Energy Ltd,49128,03-25-2024
646,KTOS,Kratos Defense & Security Solutions Inc,9825,03-25-2024
647,DNUT,Krispy Kreme Inc,9651,03-25-2024
648,KRYS,Krystal Biotech Inc,1284,03-25-2024
649,KLIC,Kulicke & Soffa Industries Inc,11612,03-25-2024
650,LZB,La-Z-Boy Inc,15246,03-25-2024
651,LADR,Ladder Capital Corp,18748,03-25-2024
652,LBAI,Lakeland Bancorp Inc,11699,03-25-2024
653,LKFN,Lakeland Financial Corp,8953,03-25-2024
654,LANC,Lancaster Colony Corp,3512,03-25-2024
655,LNTH,Lantheus Holdings Inc,11535,03-25-2024
656,LAUR,Laureate Education Inc,23441,03-25-2024
657,LCII,LCI Industries,6944,03-25-2024
658,LZ,Legalzoom.com Inc,38219,03-25-2024
659,LMAT,LeMaitre Vascular Inc,7363,03-25-2024
660,LC,LendingClub Corp,30605,03-25-2024
661,DRS,Leonardo DRS Inc,18854,03-25-2024
662,LESL,Leslies Inc,17239,03-25-2024
663,LGIH,LGI Homes Inc,1422,03-25-2024
664,LBRT,Liberty Energy Inc,53869,03-25-2024
665,LILA,Liberty Latin America Ltd,2842,03-25-2024
666,LILAK,Liberty Latin America Ltd,35843,03-25-2024
667,LTH,Life Time Group Holdings Inc,7250,03-25-2024
668,LGND,Ligand Pharmaceuticals Inc,5735,03-25-2024
669,LNW,Light & Wonder Inc,12147,03-25-2024
670,LMB,Limbach Holdings Inc,3682,03-25-2024
671,LINC,Lincoln Educational Services Corp,22003,03-25-2024
672,LNN,Lindsay Corp,2028,03-25-2024
673,LGF/B,Lions Gate Entertainment Corp,14491,03-25-2024
674,LIVN,LivaNova PLC,6790,03-25-2024
675,LOB,Live Oak Bancshares Inc,9534,03-25-2024
676,RAMP,LiveRamp Holdings Inc,13155,03-25-2024
677,LPTV,Loop Media Inc,26896,03-25-2024
678,LOVE,Lovesac Co,12589,03-25-2024
679,LXU,LSB Industries Inc,19349,03-25-2024
680,LYTS,LSI Industries Inc,25220,03-25-2024
681,LTC,LTC Properties Inc,8812,03-25-2024
682,LUNA,Luna Innovations Inc,22174,03-25-2024
683,LXP,LXP Industrial Trust,38719,03-25-2024
684,MHO,M/I Homes Inc,6446,03-25-2024
685,MCBC,Macatawa Bank Corp,19776,03-25-2024
686,MAC,Macerich Co,31874,03-25-2024
687,MTSI,MACOM Technology Solutions Holdings Inc,6231,03-25-2024
688,MSGE,Madison Square Garden Entertainment Corp,4254,03-25-2024
689,MDGL,Madrigal Pharmaceuticals Inc,565,03-25-2024
690,MGNI,Magnite Inc,14982,03-25-2024
691,MGY,Magnolia Oil & Gas Corp,57101,03-25-2024
692,MNSB,MainStreet Bancshares Inc,5724,03-25-2024
693,MBUU,Malibu Boats Inc,5465,03-25-2024
694,MTW,Manitowoc Co Inc,11193,03-25-2024
695,MARA,Marathon Digital Holdings Inc,8884,03-25-2024
696,MMI,Marcus & Millichap Inc,17032,03-25-2024
697,MCS,Marcus Corp,12600,03-25-2024
698,HZO,MarineMax Inc,5382,03-25-2024
699,MQ,Marqeta Inc,34407,03-25-2024
700,MRTN,Marten Transport Ltd,7404,03-25-2024
701,DOOR,Masonite International Corp,4811,03-25-2024
702,MBC,Masterbrand Inc,12424,03-25-2024
703,MCFT,MasterCraft Boat Holdings Inc,14664,03-25-2024
704,MTDR,Matador Resources Co,22902,03-25-2024
705,MTRN,Materion Corp,4166,03-25-2024
706,MATV,Mativ Holdings Inc,9252,03-25-2024
707,MATX,Matson Inc,9727,03-25-2024
708,MATW,Matthews International Corp,6770,03-25-2024
709,MMS,Maximus Inc,11492,03-25-2024
710,MXL,MaxLinear Inc,27880,03-25-2024
711,MEC,Mayville Engineering Co Inc,4266,03-25-2024
712,MBI,MBIA Inc,32868,03-25-2024
713,MGRC,McGrath RentCorp,2525,03-25-2024
714,MDC,MDC Holdings Inc,8695,03-25-2024
715,MED,Medifast Inc,5842,03-25-2024
716,MBWM,Mercantile Bank Corp,7160,03-25-2024
717,MMSI,Merit Medical Systems Inc,7763,03-25-2024
718,MTH,Meritage Homes Corp,6172,03-25-2024
719,MLAB,Mesa Laboratories Inc,2815,03-25-2024
720,MTUS,Metallus Inc,20126,03-25-2024
721,MEI,Methode Electronics Inc,9350,03-25-2024
722,MCB,Metropolitan Bank Holding Corp,3500,03-25-2024
723,MFA,MFA Financial Inc,14831,03-25-2024
724,MGEE,MGE Energy Inc,7404,03-25-2024
725,MGPI,MGP Ingredients Inc,1386,03-25-2024
726,MSTR,MicroStrategy Inc,1205,03-25-2024
727,MBCN,Middlefield Banc Corp,2976,03-25-2024
728,MSEX,Middlesex Water Co,3010,03-25-2024
729,MSBI,Midland States Bancorp Inc,5425,03-25-2024
730,MOFG,MidWestOne Financial Group Inc,4470,03-25-2024
731,MLR,Miller Industries Inc,2680,03-25-2024
732,MLKN,MillerKnoll Inc,16504,03-25-2024
733,MDXG,MiMedx Group Inc,88338,03-25-2024
734,MTX,Minerals Technologies Inc,6176,03-25-2024
735,MG,Mistras Group Inc,17808,03-25-2024
736,MITK,Mitek Systems Inc,20514,03-25-2024
737,MODN,Model N Inc,7561,03-25-2024
738,MOD,Modine Manufacturing Co,13612,03-25-2024
739,MC,Moelis & Co,8603,03-25-2024
740,MCRI,Monarch Casino & Resort Inc,3813,03-25-2024
741,MNRO,Monro Inc,3979,03-25-2024
742,MNTK,Montauk Renewables Inc,53121,03-25-2024
743,MOG/A,Moog Inc,5670,03-25-2024
744,MORF,Morphic Holding Inc,4138,03-25-2024
745,MOV,Movado Group Inc,8983,03-25-2024
746,COOP,Mr Cooper Group Inc,14966,03-25-2024
747,MRC,MRC Global Inc,36472,03-25-2024
748,MLI,Mueller Industries Inc,33743,03-25-2024
749,MWA,Mueller Water Products Inc,20933,03-25-2024
750,MPLN,Multiplan Corp,129332,03-25-2024
751,MUR,Murphy Oil Corp,22561,03-25-2024
752,MYE,Myers Industries Inc,32023,03-25-2024
753,MYRG,MYR Group Inc,3964,03-25-2024
754,MYGN,Myriad Genetics Inc,36714,03-25-2024
755,NABL,N-able Inc,9465,03-25-2024
756,NBR,Nabors Industries Ltd,2095,03-25-2024
757,NC,NACCO Industries Inc,3703,03-25-2024
758,NSSC,Napco Security Technologies Inc,19571,03-25-2024
759,NATH,Nathans Famous Inc,2163,03-25-2024
760,NBHC,National Bank Holdings Corp,5408,03-25-2024
761,NKSH,National Bankshares Inc,5323,03-25-2024
762,FIZZ,National Beverage Corp,11796,03-25-2024
763,NHI,National Health Investors Inc,6853,03-25-2024
764,NHC,National HealthCare Corp,5187,03-25-2024
765,NPK,National Presto Industries Inc,1311,03-25-2024
766,NRC,National Research Corp,8207,03-25-2024
767,EYE,National Vision Holdings Inc,9681,03-25-2024
768,NWLI,National Western Life Group Inc,813,03-25-2024
769,NAVI,Navient Corp,37017,03-25-2024
770,NBTB,NBT Bancorp Inc,8729,03-25-2024
771,NNI,Nelnet Inc,3937,03-25-2024
772,NEOG,Neogen Corp,17213,03-25-2024
773,NRDY,Nerdy Inc,34989,03-25-2024
774,NTGR,NETGEAR Inc,13063,03-25-2024
775,NTCT,NetScout Systems Inc,17679,03-25-2024
776,NTST,NETSTREIT Corp,8702,03-25-2024
777,NVRO,Nevro Corp,9498,03-25-2024
778,NJR,New Jersey Resources Corp,16627,03-25-2024
779,NMRK,Newmark Group Inc,21423,03-25-2024
780,NEWT,NewtekOne Inc,1508,03-25-2024
781,NREF,Nexpoint Real Estate Finance Inc,7158,03-25-2024
782,NXRT,NexPoint Residential Trust Inc,5854,03-25-2024
783,NXT,NEXTracker Inc,14600,03-25-2024
784,NIC,Nicolet Bankshares Inc,2892,03-25-2024
785,NMIH,NMI Holdings Inc,21576,03-25-2024
786,NE,Noble Corp PLC,11787,03-25-2024
787,NAT,Nordic American Tankers Ltd,36599,03-25-2024
788,NBN,Northeast Bank,6316,03-25-2024
789,NECB,Northeast Community Bancorp Inc,5335,03-25-2024
790,NOG,Northern Oil & Gas Inc,18249,03-25-2024
791,NWBI,Northwest Bancshares Inc,16425,03-25-2024
792,NWN,Northwest Natural Holding Co,5298,03-25-2024
793,NWPX,Northwest Pipe Co,5275,03-25-2024
794,NWE,Northwestern Energy Group Inc,10845,03-25-2024
795,NWFL,Norwood Financial Corp,4201,03-25-2024
796,NOVT,Novanta Inc,5794,03-25-2024
797,NUS,Nu Skin Enterprises Inc,14502,03-25-2024
798,NUVL,Nuvalent Inc,2052,03-25-2024
799,NVEE,NV5 Global Inc,3811,03-25-2024
800,NVEC,NVE Corp,3137,03-25-2024
801,OI,O-I Glass Inc,22928,03-25-2024
802,OVLY,Oak Valley Bancorp,6251,03-25-2024
803,OII,Oceaneering International Inc,19994,03-25-2024
804,OCFC,OceanFirst Financial Corp,8234,03-25-2024
805,OCUL,Ocular Therapeutix Inc,48693,03-25-2024
806,ODP,ODP Corp,9459,03-25-2024
807,OFG,OFG Bancorp,16828,03-25-2024
808,OIS,Oil States International Inc,25464,03-25-2024
809,ONB,Old National Bancorp,45970,03-25-2024
810,OSBC,Old Second Bancorp Inc,15601,03-25-2024
811,OLMA,Olema Pharmaceuticals Inc,8033,03-25-2024
812,ZEUS,Olympic Steel Inc,8922,03-25-2024
813,OFLX,Omega Flex Inc,2835,03-25-2024
814,OMER,Omeros Corp,23810,03-25-2024
815,OMCL,Omnicell Inc,9436,03-25-2024
816,OGS,ONE Gas Inc,13426,03-25-2024
817,OSPN,OneSpan Inc,14077,03-25-2024
818,OSW,OneSpaWorld Holdings Ltd,11723,03-25-2024
819,ONTO,Onto Innovation Inc,8703,03-25-2024
820,OOMA,Ooma Inc,20120,03-25-2024
821,LPRO,Open Lending Corp,18195,03-25-2024
822,OPEN,Opendoor Technologies Inc,37374,03-25-2024
823,KAR,OPENLANE Inc,15230,03-25-2024
824,OPK,OPKO Health Inc,141931,03-25-2024
825,OPCH,Option Care Health Inc,22487,03-25-2024
826,OSUR,OraSure Technologies Inc,47345,03-25-2024
827,ORGO,Organogenesis Holdings Inc,63927,03-25-2024
828,OBK,Origin Bancorp Inc,3150,03-25-2024
829,ONL,Orion Office REIT Inc,8852,03-25-2024
830,OEC,Orion SA,23972,03-25-2024
831,ORA,Ormat Technologies Inc,10212,03-25-2024
832,OFIX,Orthofix Medical Inc,16748,03-25-2024
833,OSCR,Oscar Health Inc,11872,03-25-2024
834,OSIS,OSI Systems Inc,3797,03-25-2024
835,OTTR,Otter Tail Corp,13325,03-25-2024
836,OUT,Outfront Media Inc,26977,03-25-2024
837,OSG,Overseas Shipholding Group Inc,23034,03-25-2024
838,OVID,Ovid therapeutics Inc,18957,03-25-2024
839,OMI,Owens & Minor Inc,21884,03-25-2024
840,OXM,Oxford Industries Inc,6531,03-25-2024
841,PPBI,Pacific Premier Bancorp Inc,12414,03-25-2024
842,PCRX,Pacira BioSciences Inc,17394,03-25-2024
843,PTVE,Pactiv Evergreen Inc,12746,03-25-2024
844,PD,PagerDuty Inc,8655,03-25-2024
845,PAGS,Pagseguro Digital Ltd,25402,03-25-2024
846,PLMR,Palomar Holdings Inc,4221,03-25-2024
847,PTSI,PAM Transportation Services Inc,3422,03-25-2024
848,PANL,Pangaea Logistics Solutions Ltd,4198,03-25-2024
849,PZZA,Papa Johns International Inc,7838,03-25-2024
850,PARR,Par Pacific Holdings Inc,10601,03-25-2024
851,PAR,PAR Technology Corp,2346,03-25-2024
852,PGRE,Paramount Group Inc,41457,03-25-2024
853,PRK,Park National Corp,3714,03-25-2024
854,PKBK,Parke Bancorp Inc,9234,03-25-2024
855,PSN,Parsons Corp,9814,03-25-2024
856,CASH,Pathward Financial Inc,11420,03-25-2024
857,PAX,Patria Investments Ltd,9150,03-25-2024
858,PATK,Patrick Industries Inc,6663,03-25-2024
859,PDCO,Patterson Cos Inc,20827,03-25-2024
860,PTEN,Patterson-UTI Energy Inc,51441,03-25-2024
861,PBF,PBF Energy Inc,23131,03-25-2024
862,CNXN,PC Connection Inc,10554,03-25-2024
863,PCB,PCB Bancorp,10131,03-25-2024
864,PDFS,PDF Solutions Inc,11738,03-25-2024
865,BTU,Peabody Energy Corp,21522,03-25-2024
866,PGC,Peapack-Gladstone Financial Corp,7310,03-25-2024
867,PEB,Pebblebrook Hotel Trust,21404,03-25-2024
868,MD,Pediatrix Medical Group Inc,31482,03-25-2024
869,PFSI,PennyMac Financial Services Inc,6320,03-25-2024
870,PMT,PennyMac Mortgage Investment Trust,18300,03-25-2024
871,PEBO,Peoples Bancorp Inc,13933,03-25-2024
872,PFIS,Peoples Financial Services Corp,3823,03-25-2024
873,PRDO,Perdoceo Education Corp,61754,03-25-2024
874,PRFT,Perficient Inc,8502,03-25-2024
875,PR,Permian Resources Corp,62187,03-25-2024
876,PETQ,PetIQ Inc,15453,03-25-2024
877,PGTI,PGT Innovations Inc,20634,03-25-2024
878,PAHC,Phibro Animal Health Corp,19331,03-25-2024
879,PECO,Phillips Edison & Co Inc,16296,03-25-2024
880,PLAB,Photronics Inc,26447,03-25-2024
881,PHR,Phreesia Inc,9847,03-25-2024
882,PDM,Piedmont Office Realty Trust Inc,35585,03-25-2024
883,PIPR,Piper Sandler Cos,2488,03-25-2024
884,PJT,PJT Partners Inc,6704,03-25-2024
885,AGS,PlayAGS Inc,16765,03-25-2024
886,MYPS,Playstudios Inc,19681,03-25-2024
887,PLXS,Plexus Corp,5592,03-25-2024
888,PLBC,Plumas Bancorp,2723,03-25-2024
889,PLYM,Plymouth Industrial REIT Inc,6310,03-25-2024
890,PNM,PNM Resources Inc,17604,03-25-2024
891,POR,Portland General Electric Co,19505,03-25-2024
892,PSTX,Poseida Therapeutics Inc,15126,03-25-2024
893,PSTL,Postal Realty Trust Inc,11153,03-25-2024
894,PBPB,Potbelly Corp,22723,03-25-2024
895,PCH,PotlatchDeltic Corp,14840,03-25-2024
896,POWL,Powell Industries Inc,3016,03-25-2024
897,POWI,Power Integrations Inc,10731,03-25-2024
898,PRAA,PRA Group Inc,1462,03-25-2024
899,PFBC,Preferred Bank,7991,03-25-2024
900,PLPC,Preformed Line Products Co,2371,03-25-2024
901,PFC,Premier Financial Corp,7413,03-25-2024
902,PBH,Prestige Consumer Healthcare Inc,14272,03-25-2024
903,PSMT,PriceSmart Inc,2475,03-25-2024
904,FRST,Primis Financial Corp,4279,03-25-2024
905,PRMW,Primo Water Corp,36324,03-25-2024
906,PRIM,Primoris Services Corp,12190,03-25-2024
907,PRA,ProAssurance Corp,9270,03-25-2024
908,ACDC,ProFrac Holding Corp,22295,03-25-2024
909,PRG,PROG Holdings Inc,15135,03-25-2024
910,PRGS,Progress Software Corp,12348,03-25-2024
911,PGNY,Progyny Inc,5609,03-25-2024
912,PUMP,ProPetro Holding Corp,47574,03-25-2024
913,PRO,PROS Holdings Inc,8145,03-25-2024
914,PTGX,Protagonist Therapeutics Inc,5584,03-25-2024
915,PLX,Protalix BioTherapeutics Inc,44567,03-25-2024
916,PRLB,Proto Labs Inc,6591,03-25-2024
917,PFS,Provident Financial Services Inc,15477,03-25-2024
918,PTCT,PTC Therapeutics Inc,16526,03-25-2024
919,PCYO,Pure Cycle Corp,17786,03-25-2024
920,QTWO,Q2 Holdings Inc,4030,03-25-2024
921,QCRH,QCR Holdings Inc,6406,03-25-2024
922,KWR,Quaker Chemical Corp,1666,03-25-2024
923,QLYS,Qualys Inc,6850,03-25-2024
924,NX,Quanex Building Products Corp,14944,03-25-2024
925,QTRX,Quanterix Corp,3925,03-25-2024
926,RXT,Rackspace Technology Inc,54050,03-25-2024
927,RDN,Radian Group Inc,45977,03-25-2024
928,RLGT,Radiant Logistics Inc,34309,03-25-2024
929,RDUS,Radius Recycling Inc,12019,03-25-2024
930,RDNT,RadNet Inc,9406,03-25-2024
931,METC,Ramaco Resources Inc,16909,03-25-2024
932,METCB,Ramaco Resources Inc,1362,03-25-2024
933,RMBS,Rambus Inc,24079,03-25-2024
934,RPD,Rapid7 Inc,8052,03-25-2024
935,RYAM,Rayonier Advanced Materials Inc,36063,03-25-2024
936,RICK,RCI Hospitality Holdings Inc,3291,03-25-2024
937,RMAX,RE/MAX Holdings Inc,14512,03-25-2024
938,RC,Ready Capital Corp,47963,03-25-2024
939,RRR,Red Rock Resorts Inc,8209,03-25-2024
940,RDVT,Red Violet Inc,1337,03-25-2024
941,RDFN,Redfin Corp,16332,03-25-2024
942,RM,Regional Management Corp,6344,03-25-2024
943,RELY,Remitly Global Inc,10899,03-25-2024
944,RNST,Renasant Corp,10018,03-25-2024
945,RBCAA,Republic Bancorp Inc,5910,03-25-2024
946,REZI,Resideo Technologies Inc,26491,03-25-2024
947,RGP,Resources Connection Inc,29013,03-25-2024
948,ROIC,Retail Opportunity Investments Corp,20241,03-25-2024
949,REVG,REV Group Inc,15621,03-25-2024
950,RVMD,REVOLUTION Medicines Inc,7076,03-25-2024
951,RVLV,Revolve Group Inc,8157,03-25-2024
952,REX,REX American Resources Corp,6958,03-25-2024
953,RGCO,RGC Resources Inc,3794,03-25-2024
954,RYTM,Rhythm Pharmaceuticals Inc,4817,03-25-2024
955,RBBN,Ribbon Communications Inc,42489,03-25-2024
956,RELL,Richardson Electronics Ltd,1625,03-25-2024
957,RIOT,Riot Platforms Inc,12980,03-25-2024
958,RLJ,RLJ Lodging Trust,35977,03-25-2024
959,RMR,RMR Group Inc,11162,03-25-2024
960,RKLB,Rocket Lab USA Inc,26152,03-25-2024
961,ROG,Rogers Corp,1421,03-25-2024
962,RES,RPC Inc,78026,03-25-2024
963,RUSHA,Rush Enterprises Inc,20527,03-25-2024
964,RUSHB,Rush Enterprises Inc,8773,03-25-2024
965,RSI,Rush Street Interactive Inc,50374,03-25-2024
966,RXO,RXO Inc,34187,03-25-2024
967,RXST,RxSight Inc,3462,03-25-2024
968,RYI,Ryerson Holding Corp,21673,03-25-2024
969,RHP,Ryman Hospitality Properties Inc,9856,03-25-2024
970,STBA,S&T Bancorp Inc,8162,03-25-2024
971,SBRA,Sabra Health Care REIT Inc,35609,03-25-2024
972,SABR,Sabre Corp,49145,03-25-2024
973,SB,Safe Bulkers Inc,45540,03-25-2024
974,SAFE,Safehold Inc,4766,03-25-2024
975,SAFT,Safety Insurance Group Inc,3732,03-25-2024
976,SBH,Sally Beauty Holdings Inc,24646,03-25-2024
977,SMTI,Sanara Medtech Inc,3527,03-25-2024
978,SD,SandRidge Energy Inc,12471,03-25-2024
979,SASR,Sandy Spring Bancorp Inc,11121,03-25-2024
980,SGMO,Sangamo Therapeutics Inc,7119,03-25-2024
981,SANM,Sanmina Corp,9901,03-25-2024
982,SPNS,Sapiens International Corp NV,9144,03-25-2024
983,BFS,Saul Centers Inc,2466,03-25-2024
984,SVRA,Savara Inc,28885,03-25-2024
985,SCSC,ScanSource Inc,9983,03-25-2024
986,SCHL,Scholastic Corp,12187,03-25-2024
987,STNG,Scorpio Tankers Inc,9720,03-25-2024
988,SBCF,Seacoast Banking Corp of Florida,8240,03-25-2024
989,SDRL,Seadrill Ltd,4766,03-25-2024
990,SEM,Select Medical Holdings Corp,14954,03-25-2024
991,SIGI,Selective Insurance Group Inc,12199,03-25-2024
992,SMLR,Semler Scientific Inc,4647,03-25-2024
993,SEMR,SEMrush Holdings Inc,25523,03-25-2024
994,SXT,Sensient Technologies Corp,8061,03-25-2024
995,SVC,Service Properties Trust,57616,03-25-2024
996,SFBS,ServisFirst Bancshares Inc,12117,03-25-2024
997,SFL,SFL Corp Ltd,21350,03-25-2024
998,SHAK,Shake Shack Inc,2456,03-25-2024
999,SHLS,Shoals Technologies Group Inc,7455,03-25-2024
1000,SCVL,Shoe Carnival Inc,14571,03-25-2024
1001,SSTK,Shutterstock Inc,7531,03-25-2024
1002,SHYF,Shyft Group Inc,18838,03-25-2024
1003,SIBN,SI-BONE Inc,10294,03-25-2024
1004,BSRR,Sierra Bancorp,6799,03-25-2024
1005,SIGA,SIGA Technologies Inc,44329,03-25-2024
1006,SIG,Signet Jewelers Ltd,8884,03-25-2024
1007,SLAB,Silicon Laboratories Inc,4390,03-25-2024
1008,SILK,Silk Road Medical Inc,11451,03-25-2024
1009,SBOW,SilverBow Resources Inc,7855,03-25-2024
1010,SFNC,Simmons First National Corp,16213,03-25-2024
1011,SMPL,Simply Good Foods Co,11676,03-25-2024
1012,SSD,Simpson Manufacturing Co Inc,10507,03-25-2024
1013,SPNT,SiriusPoint Ltd,28666,03-25-2024
1014,SITC,SITE Centers Corp,29142,03-25-2024
1015,STR,Sitio Royalties Corp,10489,03-25-2024
1016,SIX,Six Flags Entertainment Corp,4892,03-25-2024
1017,SJW,SJW Group,5319,03-25-2024
1018,SKY,Skyline Champion Corp,7654,03-25-2024
1019,SKWD,Skyward Specialty Insurance Group Inc,4182,03-25-2024
1020,SKYW,SkyWest Inc,6383,03-25-2024
1021,SLG,SL Green Realty Corp,6179,03-25-2024
1022,SNBR,Sleep Number Corp,9157,03-25-2024
1023,SM,SM Energy Co,27556,03-25-2024
1024,SGH,SMART Global Holdings Inc,17870,03-25-2024
1025,SWBI,Smith & Wesson Brands Inc,19000,03-25-2024
1026,SWI,SolarWinds Corp,22664,03-25-2024
1027,SAH,Sonic Automotive Inc,4976,03-25-2024
1028,SONO,Sonos Inc,24213,03-25-2024
1029,SSTI,SoundThinking Inc,4433,03-25-2024
1030,SFST,Southern First Bancshares Inc,5829,03-25-2024
1031,SMBC,Southern Missouri Bancorp Inc,6440,03-25-2024
1032,SBSI,Southside Bancshares Inc,6265,03-25-2024
1033,SSB,SouthState Corp,10450,03-25-2024
1034,SWX,Southwest Gas Holdings Inc,11300,03-25-2024
1035,SP,SP Plus Corp,7356,03-25-2024
1036,SPTN,SpartanNash Co,18067,03-25-2024
1037,SPHR,Sphere Entertainment Co,4033,03-25-2024
1038,SR,Spire Inc,9273,03-25-2024
1039,SPOK,Spok Holdings Inc,10485,03-25-2024
1040,SWTX,SpringWorks Therapeutics Inc,4886,03-25-2024
1041,CXM,Sprinklr Inc,24626,03-25-2024
1042,SPT,Sprout Social Inc,7199,03-25-2024
1043,SFM,Sprouts Farmers Market Inc,24251,03-25-2024
1044,SPSC,SPS Commerce Inc,7995,03-25-2024
1045,SPXC,SPX Technologies Inc,6487,03-25-2024
1046,SQSP,Squarespace Inc,13262,03-25-2024
1047,JOE,St Joe Co,5919,03-25-2024
1048,STAA,STAAR Surgical Co,9362,03-25-2024
1049,STGW,Stagwell Inc,25618,03-25-2024
1050,SMP,Standard Motor Products Inc,12117,03-25-2024
1051,SXI,Standex International Corp,2357,03-25-2024
1052,SCS,Steelcase Inc,36725,03-25-2024
1053,STEL,Stellar Bancorp Inc,7908,03-25-2024
1054,SCL,Stepan Co,1733,03-25-2024
1055,STEP,StepStone Group Inc,3844,03-25-2024
1056,STRL,Sterling Infrastructure Inc,7022,03-25-2024
1057,SHOO,Steven Madden Ltd,17583,03-25-2024
1058,STC,Stewart Information Services Corp,9033,03-25-2024
1059,SFIX,Stitch Fix Inc,62930,03-25-2024
1060,SYBT,Stock Yards Bancorp Inc,6994,03-25-2024
1061,STNE,StoneCo Ltd,35776,03-25-2024
1062,SRI,Stoneridge Inc,15040,03-25-2024
1063,SNEX,StoneX Group Inc,9277,03-25-2024
1064,STRA,Strategic Education Inc,4142,03-25-2024
1065,LRN,Stride Inc,18973,03-25-2024
1066,RGR,Sturm Ruger & Co Inc,6332,03-25-2024
1067,INN,Summit Hotel Properties Inc,45508,03-25-2024
1068,SUM,Summit Materials Inc,15349,03-25-2024
1069,SXC,SunCoke Energy Inc,39300,03-25-2024
1070,SHO,Sunstone Hotel Investors Inc,45244,03-25-2024
1071,SMCI,Super Micro Computer Inc,7625,03-25-2024
1072,SUPN,Supernus Pharmaceuticals Inc,33479,03-25-2024
1073,SGRY,Surgery Partners Inc,8159,03-25-2024
1074,SRDX,Surmodics Inc,6373,03-25-2024
1075,SG,Sweetgreen Inc,8875,03-25-2024
1076,SLVM,Sylvamo Corp,4468,03-25-2024
1077,SYNA,Synaptics Inc,8748,03-25-2024
1078,TCMD,Tactile Systems Technology Inc,21724,03-25-2024
1079,TALO,Talos Energy Inc,23259,03-25-2024
1080,SKT,Tanger Inc,22012,03-25-2024
1081,TH,Target Hospitality Corp,29044,03-25-2024
1082,TARO,Taro Pharmaceutical Industries Ltd,6826,03-25-2024
1083,TARS,Tarsus Pharmaceuticals Inc,5161,03-25-2024
1084,TMHC,Taylor Morrison Home Corp,19659,03-25-2024
1085,TK,Teekay Corp,50738,03-25-2024
1086,TNK,Teekay Tankers Ltd,11631,03-25-2024
1087,TGNA,TEGNA Inc,39849,03-25-2024
1088,TELA,Tela Bio Inc,8829,03-25-2024
1089,TDS,Telephone and Data Systems Inc,8188,03-25-2024
1090,TENB,Tenable Holdings Inc,16152,03-25-2024
1091,TNC,Tennant Co,7711,03-25-2024
1092,WULF,Terawulf Inc,64705,03-25-2024
1093,TEX,Terex Corp,13017,03-25-2024
1094,TRNO,Terreno Realty Corp,10232,03-25-2024
1095,TTI,TETRA Technologies Inc,97823,03-25-2024
1096,TCBI,Texas Capital Bancshares Inc,8143,03-25-2024
1097,TGTX,TG Therapeutics Inc,31035,03-25-2024
1098,TBPH,Theravance Biopharma Inc,12585,03-25-2024
1099,THR,Thermon Group Holdings Inc,6988,03-25-2024
1100,TWKS,Thoughtworks Holding Inc,16489,03-25-2024
1101,THRY,Thryv Holdings Inc,11933,03-25-2024
1102,TDW,Tidewater Inc,4003,03-25-2024
1103,TSBK,Timberland Bancorp Inc,3484,03-25-2024
1104,TWI,Titan International Inc,14536,03-25-2024
1105,TITN,Titan Machinery Inc,14254,03-25-2024
1106,TMP,Tompkins Financial Corp,2613,03-25-2024
1107,MODG,Topgolf Callaway Brands Corp,7855,03-25-2024
1108,TOWN,Towne Bank,13490,03-25-2024
1109,TRNS,Transcat Inc,5459,03-25-2024
1110,TMDX,TransMedics Group Inc,1489,03-25-2024
1111,THS,TreeHouse Foods Inc,10886,03-25-2024
1112,TPH,Tri Pointe Homes Inc,22943,03-25-2024
1113,TCBK,TriCo Bancshares,8839,03-25-2024
1114,TRS,TriMas Corp,9613,03-25-2024
1115,TNET,TriNet Group Inc,6220,03-25-2024
1116,TRN,Trinity Industries Inc,5863,03-25-2024
1117,TFIN,Triumph Financial Inc,3864,03-25-2024
1118,TGI,Triumph Group Inc,7931,03-25-2024
1119,TROX,Tronox Holdings PLC,13167,03-25-2024
1120,TBRG,TruBridge Inc,13026,03-25-2024
1121,TBI,TrueBlue Inc,28138,03-25-2024
1122,TRUE,TrueCar Inc,84280,03-25-2024
1123,TRST,TrustCo Bank Corp NY,5470,03-25-2024
1124,TRMK,Trustmark Corp,12469,03-25-2024
1125,TTEC,TTEC Holdings Inc,9351,03-25-2024
1126,TTMI,TTM Technologies Inc,30030,03-25-2024
1127,TPB,Turning Point Brands Inc,7277,03-25-2024
1128,HEAR,Turtle Beach Corp,3069,03-25-2024
1129,TPC,Tutor Perini Corp,16359,03-25-2024
1130,UDMY,Udemy Inc,23090,03-25-2024
1131,UFPI,UFP Industries Inc,16338,03-25-2024
1132,UFPT,UFP Technologies Inc,1607,03-25-2024
1133,UCTT,Ultra Clean Holdings Inc,12093,03-25-2024
1134,UMBF,UMB Financial Corp,8487,03-25-2024
1135,UMH,UMH Properties Inc,10717,03-25-2024
1136,UNF,UniFirst Corp,2809,03-25-2024
1137,UIS,Unisys Corp,41053,03-25-2024
1138,UBSI,United Bankshares Inc,17370,03-25-2024
1139,UCBI,United Community Banks Inc,15122,03-25-2024
1140,UNFI,United Natural Foods Inc,16728,03-25-2024
1141,PRKS,United Parks & Resorts Inc,5563,03-25-2024
1142,USLM,United States Lime & Minerals Inc,1909,03-25-2024
1143,UNIT,Uniti Group Inc,62245,03-25-2024
1144,UTL,Unitil Corp,5215,03-25-2024
1145,UNTY,Unity Bancorp Inc,6430,03-25-2024
1146,UVV,Universal Corp,6721,03-25-2024
1147,UHT,Universal Health Realty Income Trust,2937,03-25-2024
1148,UVE,Universal Insurance Holdings Inc,8010,03-25-2024
1149,UVSP,Univest Financial Corp,6506,03-25-2024
1150,UPBD,Upbound Group Inc,21709,03-25-2024
1151,UPST,Upstart Holdings Inc,4295,03-25-2024
1152,UPWK,Upwork Inc,26485,03-25-2024
1153,UEC,Uranium Energy Corp,25554,03-25-2024
1154,UE,Urban Edge Properties,18058,03-25-2024
1155,URBN,Urban Outfitters Inc,9279,03-25-2024
1156,URGN,UroGen Pharma Ltd,18697,03-25-2024
1157,USPH,US Physical Therapy Inc,2633,03-25-2024
1158,SLCA,US Silica Holdings Inc,19696,03-25-2024
1159,USNA,USANA Health Sciences Inc,5511,03-25-2024
1160,UTZ,Utz Brands Inc,7384,03-25-2024
1161,VVX,V2X Inc,6753,03-25-2024
1162,EGY,VAALCO Energy Inc,48221,03-25-2024
1163,VAL,Valaris Ltd,6863,03-25-2024
1164,VLY,Valley National Bancorp,68075,03-25-2024
1165,VNDA,Vanda Pharmaceuticals Inc,50709,03-25-2024
1166,VREX,Varex Imaging Corp,17155,03-25-2024
1167,VRNS,Varonis Systems Inc,15666,03-25-2024
1168,PCVX,Vaxcyte Inc,8572,03-25-2024
1169,VGR,Vector Group Ltd,39676,03-25-2024
1170,VECO,Veeco Instruments Inc,10383,03-25-2024
1171,VRA,Vera Bradley Inc,21951,03-25-2024
1172,VERA,Vera Therapeutics Inc,5011,03-25-2024
1173,VCYT,Veracyte Inc,7820,03-25-2024
1174,VCEL,Vericel Corp,22249,03-25-2024
1175,VRNT,Verint Systems Inc,12875,03-25-2024
1176,VRE,Veris Residential Inc,19901,03-25-2024
1177,VBTX,Veritex Holdings Inc,9582,03-25-2024
1178,VRRM,Verra Mobility Corp,20750,03-25-2024
1179,VRCA,Verrica Pharmaceuticals Inc,5500,03-25-2024
1180,VIAV,Viavi Solutions Inc,38531,03-25-2024
1181,VICR,Vicor Corp,6976,03-25-2024
1182,VCTR,Victory Capital Holdings Inc,4201,03-25-2024
1183,VMD,Viemed Healthcare Inc,32842,03-25-2024
1184,VIGL,Vigil Neuroscience Inc,7769,03-25-2024
1185,VKTX,Viking Therapeutics Inc,6957,03-25-2024
1186,VLGEA,Village Super Market Inc,7737,03-25-2024
1187,VABK,Virginia National Bankshares Corp,4385,03-25-2024
1188,VRTS,Virtus Investment Partners Inc,2405,03-25-2024
1189,VSH,Vishay Intertechnology Inc,22151,03-25-2024
1190,VPG,Vishay Precision Group Inc,7929,03-25-2024
1191,VSTO,Vista Outdoor Inc,13560,03-25-2024
1192,VC,Visteon Corp,2837,03-25-2024
1193,COCO,Vita Coco Co Inc,4842,03-25-2024
1194,VTLE,Vital Energy Inc,5225,03-25-2024
1195,VITL,Vital Farms Inc,17837,03-25-2024
1196,VYGR,Voyager Therapeutics Inc,26939,03-25-2024
1197,WTI,W&T Offshore Inc,84859,03-25-2024
1198,WNC,Wabash National Corp,17942,03-25-2024
1199,WAFD,WaFd Inc,14441,03-25-2024
1200,WD,Walker & Dunlop Inc,4669,03-25-2024
1201,WRBY,Warby Parker Inc,8307,03-25-2024
1202,HCC,Warrior Met Coal Inc,21441,03-25-2024
1203,WASH,Washington Trust Bancorp Inc,6431,03-25-2024
1204,WSBF,Waterstone Financial Inc,15847,03-25-2024
1205,WTS,Watts Water Technologies Inc,7627,03-25-2024
1206,WDFC,WD-40 Co,3019,03-25-2024
1207,WFRD,Weatherford International PLC,9957,03-25-2024
1208,WEAV,Weave Communications Inc,10791,03-25-2024
1209,WMK,Weis Markets Inc,5824,03-25-2024
1210,WERN,Werner Enterprises Inc,7800,03-25-2024
1211,WSBC,WesBanco Inc,11324,03-25-2024
1212,WTBA,West BanCorp Inc,12279,03-25-2024
1213,WABC,Westamerica BanCorp,8954,03-25-2024
1214,WSR,Whitestone REIT,21993,03-25-2024
1215,WLDN,Willdan Group Inc,8194,03-25-2024
1216,WINA,Winmark Corp,1641,03-25-2024
1217,WGO,Winnebago Industries Inc,9846,03-25-2024
1218,WT,WisdomTree Inc,49312,03-25-2024
1219,WWW,Wolverine World Wide Inc,13572,03-25-2024
1220,WK,Workiva Inc,7651,03-25-2024
1221,WRLD,World Acceptance Corp,1209,03-25-2024
1222,WKC,World Kinect Corp,14405,03-25-2024
1223,WOR,Worthington Enterprises Inc,6871,03-25-2024
1224,WS,Worthington Steel Inc,6732,03-25-2024
1225,WSFS,WSFS Financial Corp,12215,03-25-2024
1226,WW,WW International Inc,41956,03-25-2024
1227,XNCR,Xencor Inc,6612,03-25-2024
1228,XHR,Xenia Hotels & Resorts Inc,23766,03-25-2024
1229,XRX,Xerox Holdings Corp,27172,03-25-2024
1230,XPEL,XPEL Inc,11405,03-25-2024
1231,XPER,Xperi Inc,17030,03-25-2024
1232,YMAB,Y-mAbs Therapeutics Inc,12380,03-25-2024
1233,YELP,Yelp Inc,21477,03-25-2024
1234,YEXT,Yext Inc,54824,03-25-2024
1235,YORW,York Water Co,4791,03-25-2024
1236,ZETA,Zeta Global Holdings Corp,34298,03-25-2024
1237,ZD,Ziff Davis Inc,6337,03-25-2024
1238,ZIMV,Zimvie Inc,10983,03-25-2024
1239,ZUMZ,Zumiez Inc,11755,03-25-2024
1240,ZUO,Zuora Inc,23054,03-25-2024
1241,ZWS,Zurn Elkay Water Solutions Corp,11757,03-25-2024
1242,ZYXI,Zynex Inc,17535,03-25-2024
1243,--,USD U.S. DOLLAR,0,03-25-2024
