,Ticker,Name,Shares,Date
0,FLWS,1-800-Flowers.com Inc,19920,02-26-2024
1,SRCE,1st Source Corp,3662,02-26-2024
2,TWOU,2U Inc,26869,02-26-2024
3,FDMT,4D Molecular Therapeutics Inc,3428,02-26-2024
4,EGHT,8x8 Inc,107921,02-26-2024
5,AMRK,A-Mark Precious Metals Inc,12871,02-26-2024
6,ATEN,A10 Networks Inc,45272,02-26-2024
7,AAON,AAON Inc,11807,02-26-2024
8,AIR,AAR Corp,7207,02-26-2024
9,AAN,Aarons Co Inc,19153,02-26-2024
10,ANF,Abercrombie & Fitch Co,15282,02-26-2024
11,ABM,ABM Industries Inc,12394,02-26-2024
12,ASO,Academy Sports & Outdoors Inc,12988,02-26-2024
13,ACAD,ACADIA Pharmaceuticals Inc,39271,02-26-2024
14,AKR,Acadia Realty Trust,18453,02-26-2024
15,ACCO,ACCO Brands Corp,26977,02-26-2024
16,ACIW,ACI Worldwide Inc,19224,02-26-2024
17,ACMR,ACM Research Inc,5394,02-26-2024
18,ACNB,ACNB Corp,1275,02-26-2024
19,GOLF,Acushnet Holdings Corp,10013,02-26-2024
20,ACVA,ACV Auctions Inc,14549,02-26-2024
21,AHCO,AdaptHealth Corp,19070,02-26-2024
22,ADUS,Addus HomeCare Corp,3580,02-26-2024
23,ADEA,Adeia Inc,33754,02-26-2024
24,ADNT,Adient PLC,13483,02-26-2024
25,ADMA,ADMA Biologics Inc,34828,02-26-2024
26,ATGE,Adtalem Global Education Inc,12105,02-26-2024
27,AEIS,Advanced Energy Industries Inc,6915,02-26-2024
28,ASIX,AdvanSix Inc,8879,02-26-2024
29,AEHR,Aehr Test Systems,6497,02-26-2024
30,AVAV,AeroVironment Inc,2728,02-26-2024
31,ASLE,AerSale Corp,1121,02-26-2024
32,AGYS,Agilysys Inc,8630,02-26-2024
33,ALG,Alamo Group Inc,3119,02-26-2024
34,ALRM,Alarm.com Holdings Inc,9959,02-26-2024
35,AIN,Albany International Corp,3687,02-26-2024
36,ALEX,Alexander & Baldwin Inc,27516,02-26-2024
37,ALX,Alexanders Inc,534,02-26-2024
38,ALIT,Alight Inc,42588,02-26-2024
39,ALHC,Alignment Healthcare Inc,16738,02-26-2024
40,ALKT,Alkami Technology Inc,4102,02-26-2024
41,ALKS,Alkermes PLC,50787,02-26-2024
42,ALE,ALLETE Inc,12378,02-26-2024
43,ALNT,Allient Inc,10691,02-26-2024
44,AOSL,Alpha & Omega Semiconductor Ltd,9988,02-26-2024
45,AMR,Alpha Metallurgical Resources Inc,5709,02-26-2024
46,ATEC,Alphatec Holdings Inc,17678,02-26-2024
47,PINE,Alpine Income Property Trust Inc,5595,02-26-2024
48,ALTG,Alta Equipment Group Inc,4053,02-26-2024
49,ALTR,Altair Engineering Inc,9840,02-26-2024
50,AMAL,Amalgamated Financial Corp,5524,02-26-2024
51,AMBC,Ambac Financial Group Inc,26094,02-26-2024
52,AMBA,Ambarella Inc,4089,02-26-2024
53,AMCX,AMC Networks Inc,9146,02-26-2024
54,AMTB,Amerant Bancorp Inc,4817,02-26-2024
55,AAT,American Assets Trust Inc,10513,02-26-2024
56,AXL,American Axle & Manufacturing Holdings Inc,35645,02-26-2024
57,AEO,American Eagle Outfitters Inc,27812,02-26-2024
58,AEL,American Equity Investment Life Holding Co,24689,02-26-2024
59,AMNB,American National Bankshares Inc,4193,02-26-2024
60,AMSWA,American Software Inc,11679,02-26-2024
61,AWR,American States Water Co,9464,02-26-2024
62,AVD,American Vanguard Corp,18637,02-26-2024
63,AMWD,American Woodmark Corp,4159,02-26-2024
64,ABCB,Ameris Bancorp,14068,02-26-2024
65,AMSF,AMERISAFE Inc,6723,02-26-2024
66,ATLO,Ames National Corp,4495,02-26-2024
67,FOLD,Amicus Therapeutics Inc,26853,02-26-2024
68,AMKR,Amkor Technology Inc,30693,02-26-2024
69,AMN,AMN Healthcare Services Inc,13160,02-26-2024
70,AMRX,Amneal Pharmaceuticals Inc,117138,02-26-2024
71,AMPH,Amphastar Pharmaceuticals Inc,11301,02-26-2024
72,AMPY,Amplify Energy Corp,33005,02-26-2024
73,AMLX,Amylyx Pharmaceuticals Inc,19592,02-26-2024
74,ANDE,Andersons Inc,5546,02-26-2024
75,ANGO,AngioDynamics Inc,15023,02-26-2024
76,ANIP,ANI Pharmaceuticals Inc,5514,02-26-2024
77,ANIK,Anika Therapeutics Inc,12355,02-26-2024
78,HOUS,Anywhere Real Estate Inc,33904,02-26-2024
79,AIV,Apartment Investment and Management Co,44893,02-26-2024
80,APG,API Group Corp,27657,02-26-2024
81,APOG,Apogee Enterprises Inc,11244,02-26-2024
82,ARI,Apollo Commercial Real Estate Finance Inc,29038,02-26-2024
83,APPF,Appfolio Inc,5168,02-26-2024
84,APPN,Appian Corp,9870,02-26-2024
85,APLE,Apple Hospitality REIT Inc,42778,02-26-2024
86,APLD,Applied Digital Corp,18760,02-26-2024
87,AIT,Applied Industrial Technologies Inc,11630,02-26-2024
88,ABR,Arbor Realty Trust Inc,33574,02-26-2024
89,ALTM,Arcadium Lithium PLC,31163,02-26-2024
90,ARCB,ArcBest Corp,5689,02-26-2024
91,ACLX,Arcellx Inc,4811,02-26-2024
92,ARCH,Arch Resources Inc,6435,02-26-2024
93,ACHR,Archer Aviation Inc,20191,02-26-2024
94,AROC,Archrock Inc,27918,02-26-2024
95,ACA,Arcosa Inc,8496,02-26-2024
96,ARCT,Arcturus Therapeutics Holdings Inc,12824,02-26-2024
97,ARDX,Ardelyx Inc,24088,02-26-2024
98,ASC,Ardmore Shipping Corp,24816,02-26-2024
99,ACRE,Ares Commercial Real Estate Corp,867,02-26-2024
100,AGX,Argan Inc,3221,02-26-2024
101,ARLO,Arlo Technologies Inc,34011,02-26-2024
102,AHH,Armada Hoffler Properties Inc,10712,02-26-2024
103,ARRY,Array Technologies Inc,10900,02-26-2024
104,AROW,Arrow Financial Corp,8570,02-26-2024
105,ARWR,Arrowhead Pharmaceuticals Inc,5875,02-26-2024
106,APAM,Artisan Partners Asset Management Inc,18321,02-26-2024
107,ASAN,Asana Inc,14804,02-26-2024
108,ABG,Asbury Automotive Group Inc,4468,02-26-2024
109,ASGN,ASGN Inc,12172,02-26-2024
110,ASRT,Assertio Holdings Inc,82954,02-26-2024
111,AMK,AssetMark Financial Holdings Inc,4716,02-26-2024
112,ASB,Associated Banc-Corp,23392,02-26-2024
113,ASTS,AST SpaceMobile Inc,17762,02-26-2024
114,ASTE,Astec Industries Inc,6960,02-26-2024
115,ASTH,Astrana Health Inc,4383,02-26-2024
116,ATXS,Astria Therapeutics Inc,3409,02-26-2024
117,ASUR,Asure Software Inc,3159,02-26-2024
118,ATI,ATI Inc,10556,02-26-2024
119,ATKR,Atkore Inc,12732,02-26-2024
120,BATRA,Atlanta Braves Holdings Inc,3197,02-26-2024
121,BATRK,Atlanta Braves Holdings Inc,4359,02-26-2024
122,AUB,Atlantic Union Bankshares Corp,12383,02-26-2024
123,ATLC,Atlanticus Holdings Corp,2182,02-26-2024
124,ATMU,Atmus Filtration Technologies Inc,7276,02-26-2024
125,ATRC,AtriCure Inc,6920,02-26-2024
126,ATRI,Atrion Corp,142,02-26-2024
127,AUPH,Aurinia Pharmaceuticals Inc,15005,02-26-2024
128,AUR,Aurora Innovation Inc,44226,02-26-2024
129,AVNS,Avanos Medical Inc,12543,02-26-2024
130,AVDX,AvidXchange Holdings Inc,12945,02-26-2024
131,AVNT,Avient Corp,15603,02-26-2024
132,AVA,Avista Corp,13798,02-26-2024
133,RCEL,Avita Medical Inc,13040,02-26-2024
134,ACLS,Axcelis Technologies Inc,8762,02-26-2024
135,AXNX,Axonics Inc,3974,02-26-2024
136,AX,Axos Financial Inc,19125,02-26-2024
137,AXSM,Axsome Therapeutics Inc,4787,02-26-2024
138,AZZ,AZZ Inc,4928,02-26-2024
139,BGS,B&G Foods Inc,10898,02-26-2024
140,BW,Babcock & Wilcox Enterprises Inc,3556,02-26-2024
141,BMI,Badger Meter Inc,7247,02-26-2024
142,BCPC,Balchem Corp,3508,02-26-2024
143,BANC,Banc of California Inc,8236,02-26-2024
144,BANF,BancFirst Corp,6644,02-26-2024
145,BLX,Banco Latinoamericano de Comercio Exterior SA,11202,02-26-2024
146,TBBK,Bancorp Inc,14696,02-26-2024
147,BFC,Bank First Corp,2406,02-26-2024
148,BOH,Bank of Hawaii Corp,5948,02-26-2024
149,NTB,Bank of NT Butterfield & Son Ltd,20702,02-26-2024
150,BKU,BankUnited Inc,15600,02-26-2024
151,BWFG,Bankwell Financial Group Inc,5216,02-26-2024
152,BANR,Banner Corp,5802,02-26-2024
153,B,Barnes Group Inc,7066,02-26-2024
154,BBSI,Barrett Business Services Inc,2582,02-26-2024
155,BCML,BayCom Corp,676,02-26-2024
156,BCBP,BCB Bancorp Inc,11836,02-26-2024
157,BECN,Beacon Roofing Supply Inc,12871,02-26-2024
158,SKIN,Beauty Health Co,31757,02-26-2024
159,BZH,Beazer Homes USA Inc,9551,02-26-2024
160,BELFB,Bel Fuse Inc,5684,02-26-2024
161,BDC,Belden Inc,7412,02-26-2024
162,BRBR,BellRing Brands Inc,18830,02-26-2024
163,BHE,Benchmark Electronics Inc,11048,02-26-2024
164,BHLB,Berkshire Hills Bancorp Inc,6278,02-26-2024
165,BRY,Berry Corp,21017,02-26-2024
166,BYON,Beyond Inc,7504,02-26-2024
167,BGC,BGC Group Inc,29349,02-26-2024
168,BIGC,BigCommerce Holdings Inc,15439,02-26-2024
169,BCRX,BioCryst Pharmaceuticals Inc,25904,02-26-2024
170,BHVN,Biohaven Ltd,4152,02-26-2024
171,BTBT,Bit Digital Inc,43275,02-26-2024
172,BJRI,BJs Restaurants Inc,4376,02-26-2024
173,BKH,Black Hills Corp,13322,02-26-2024
174,BLKB,Blackbaud Inc,7875,02-26-2024
175,BL,BlackLine Inc,2314,02-26-2024
176,BXMT,Blackstone Mortgage Trust Inc,20633,02-26-2024
177,BLMN,Bloomin Brands Inc,14029,02-26-2024
178,BLBD,Blue Bird Corp,5954,02-26-2024
179,BRBS,Blue Ridge Bankshares Inc,2499,02-26-2024
180,BXC,BlueLinx Holdings Inc,8472,02-26-2024
181,BPMC,Blueprint Medicines Corp,3512,02-26-2024
182,BCC,Boise Cascade Co,14591,02-26-2024
183,BOOT,Boot Barn Holdings Inc,4819,02-26-2024
184,BORR,Borr Drilling Ltd,20898,02-26-2024
185,BWMN,Bowman Consulting Group Ltd,9732,02-26-2024
186,BOX,Box Inc,31684,02-26-2024
187,BHR,Braemar Hotels & Resorts Inc,15422,02-26-2024
188,BDN,Brandywine Realty Trust,27300,02-26-2024
189,BRZE,Braze Inc,4443,02-26-2024
190,BFH,Bread Financial Holdings Inc,7864,02-26-2024
191,BBIO,Bridgebio Pharma Inc,5987,02-26-2024
192,BCOV,Brightcove Inc,36607,02-26-2024
193,BSIG,Brightsphere Investment Group Inc,13335,02-26-2024
194,EAT,Brinker International Inc,7283,02-26-2024
195,BCO,Brinks Co,5669,02-26-2024
196,VTOL,Bristow Group Inc,6830,02-26-2024
197,BNL,Broadstone Net Lease Inc,24924,02-26-2024
198,BIPC,Brookfield Infrastructure Corp,26436,02-26-2024
199,BRKL,Brookline Bancorp Inc,22887,02-26-2024
200,BRT,BRT Apartments Corp,8814,02-26-2024
201,BKE,Buckle Inc,10242,02-26-2024
202,BBW,Build-A-Bear Workshop Inc,6588,02-26-2024
203,BY,Byline Bancorp Inc,5411,02-26-2024
204,AI,C3.ai Inc,4648,02-26-2024
205,CABA,Cabaletta Bio Inc,6848,02-26-2024
206,CBT,Cabot Corp,9549,02-26-2024
207,WHD,Cactus Inc,6807,02-26-2024
208,CADE,Cadence Bank,31671,02-26-2024
209,CALM,Cal-Maine Foods Inc,13160,02-26-2024
210,CAL,Caleres Inc,15633,02-26-2024
211,CRC,California Resources Corp,18485,02-26-2024
212,CWT,California Water Service Group,9083,02-26-2024
213,CALX,Calix Inc,13955,02-26-2024
214,CPE,Callon Petroleum Co,10246,02-26-2024
215,CMBM,Cambium Networks Corp,1992,02-26-2024
216,CATC,Cambridge Bancorp,587,02-26-2024
217,CAC,Camden National Corp,8698,02-26-2024
218,CWH,Camping World Holdings Inc,5411,02-26-2024
219,CNNE,Cannae Holdings Inc,5874,02-26-2024
220,CCBG,Capital City Bank Group Inc,8318,02-26-2024
221,CDLX,Cardlytics Inc,11364,02-26-2024
222,CDNA,CareDx Inc,41836,02-26-2024
223,CTRE,CareTrust REIT Inc,19060,02-26-2024
224,CARG,Cargurus Inc,22429,02-26-2024
225,PRTS,CarParts.com Inc,31625,02-26-2024
226,CRS,Carpenter Technology Corp,6790,02-26-2024
227,CSV,Carriage Services Inc,5829,02-26-2024
228,TAST,Carrols Restaurant Group Inc,33339,02-26-2024
229,CARS,Cars.com Inc,26867,02-26-2024
230,CVNA,Carvana Co,5722,02-26-2024
231,CWST,Casella Waste Systems Inc,5321,02-26-2024
232,CASS,Cass Information Systems Inc,4618,02-26-2024
233,CPRX,Catalyst Pharmaceuticals Inc,72891,02-26-2024
234,CATY,Cathay General Bancorp,16967,02-26-2024
235,CVCO,Cavco Industries Inc,1478,02-26-2024
236,CBZ,CBIZ Inc,8933,02-26-2024
237,CBL,CBL & Associates Properties Inc,8118,02-26-2024
238,CECO,CECO Environmental Corp,6819,02-26-2024
239,CSR,Centerspace,2569,02-26-2024
240,CENTA,Central Garden & Pet Co,12280,02-26-2024
241,CENT,Central Garden & Pet Co,5185,02-26-2024
242,CPF,Central Pacific Financial Corp,11247,02-26-2024
243,CVCY,Central Valley Community Bancorp,5445,02-26-2024
244,LEU,Centrus Energy Corp,3123,02-26-2024
245,CCS,Century Communities Inc,4024,02-26-2024
246,CRNC,Cerence Inc,5752,02-26-2024
247,CERE,Cerevel Therapeutics Holdings Inc,2265,02-26-2024
248,CERS,Cerus Corp,64074,02-26-2024
249,CEVA,CEVA Inc,5508,02-26-2024
250,CHX,ChampionX Corp,25635,02-26-2024
251,GTLS,Chart Industries Inc,3913,02-26-2024
252,CLDT,Chatham Lodging Trust,16230,02-26-2024
253,CAKE,Cheesecake Factory Inc,5230,02-26-2024
254,CHEF,Chefs Warehouse Inc,3948,02-26-2024
255,CHGG,Chegg Inc,19380,02-26-2024
256,CHMG,Chemung Financial Corp,3297,02-26-2024
257,CPK,Chesapeake Utilities Corp,4643,02-26-2024
258,CIM,Chimera Investment Corp,21841,02-26-2024
259,COFS,ChoiceOne Financial Services Inc,3697,02-26-2024
260,CHRD,Chord Energy Corp,7000,02-26-2024
261,CHUY,Chuys Holdings Inc,4557,02-26-2024
262,CMPR,Cimpress PLC,9342,02-26-2024
263,CNK,Cinemark Holdings Inc,10297,02-26-2024
264,CHCO,City Holding Co,6325,02-26-2024
265,CIO,City Office REIT Inc,22685,02-26-2024
266,CIVB,Civista Bancshares Inc,10370,02-26-2024
267,CIVI,Civitas Resources Inc,9305,02-26-2024
268,CMTG,Claros Mortgage Trust Inc,15319,02-26-2024
269,CLSK,Cleanspark Inc,10576,02-26-2024
270,CLFD,Clearfield Inc,6265,02-26-2024
271,CLW,Clearwater Paper Corp,5875,02-26-2024
272,CLMB,Climb Global Solutions Inc,2854,02-26-2024
273,CCNE,CNB Financial Corp,7070,02-26-2024
274,CNO,CNO Financial Group Inc,33832,02-26-2024
275,CNX,CNX Resources Corp,25189,02-26-2024
276,COKE,Coca-Cola Consolidated Inc,1772,02-26-2024
277,CDXS,Codexis Inc,8350,02-26-2024
278,CVLY,Codorus Valley Bancorp Inc,4267,02-26-2024
279,CCOI,Cogent Communications Holdings Inc,6318,02-26-2024
280,CNS,Cohen & Steers Inc,8953,02-26-2024
281,COHU,Cohu Inc,13265,02-26-2024
282,COLL,Collegium Pharmaceutical Inc,32341,02-26-2024
283,CBAN,Colony Bankcorp Inc,1091,02-26-2024
284,CLBK,Columbia Financial Inc,6632,02-26-2024
285,CMCO,Columbus McKinnon Corp,8280,02-26-2024
286,FIX,Comfort Systems USA Inc,8526,02-26-2024
287,CMC,Commercial Metals Co,27541,02-26-2024
288,CVGI,Commercial Vehicle Group Inc,13795,02-26-2024
289,CBU,Community Bank System Inc,5721,02-26-2024
290,CHCT,Community Healthcare Trust Inc,5961,02-26-2024
291,CTBI,Community Trust Bancorp Inc,5118,02-26-2024
292,CVLT,CommVault Systems Inc,12998,02-26-2024
293,CODI,Compass Diversified Holdings,296,02-26-2024
294,COMP,Compass Inc,150993,02-26-2024
295,CPSI,Computer Programs and Systems Inc,13195,02-26-2024
296,CNDT,Conduent Inc,85986,02-26-2024
297,CNMD,CONMED Corp,2454,02-26-2024
298,CNOB,ConnectOne Bancorp Inc,6731,02-26-2024
299,CCSI,Consensus Cloud Solutions Inc,7161,02-26-2024
300,CEIX,CONSOL Energy Inc,12764,02-26-2024
301,CWCO,Consolidated Water Co Ltd,14411,02-26-2024
302,CSTM,Constellium SE,18229,02-26-2024
303,ROAD,Construction Partners Inc,3895,02-26-2024
304,CPSS,Consumer Portfolio Services Inc,8425,02-26-2024
305,CPS,Cooper-Standard Holdings Inc,6978,02-26-2024
306,CDP,COPT Defense Properties,19645,02-26-2024
307,CORT,Corcept Therapeutics Inc,48711,02-26-2024
308,CMT,Core Molding Technologies Inc,7288,02-26-2024
309,CCRD,CoreCard Corp,5347,02-26-2024
310,CXW,CoreCivic Inc,34434,02-26-2024
311,CRMD,CorMedix Inc,141,02-26-2024
312,CRSR,Corsair Gaming Inc,6580,02-26-2024
313,CRVL,CorVel Corp,3163,02-26-2024
314,CMRE,Costamare Inc,14316,02-26-2024
315,BASE,Couchbase Inc,9975,02-26-2024
316,COUR,Coursera Inc,16308,02-26-2024
317,CVLG,Covenant Logistics Group Inc,3862,02-26-2024
318,PMTS,CPI Card Group Inc,3101,02-26-2024
319,CRAI,CRA International Inc,3875,02-26-2024
320,CBRL,Cracker Barrel Old Country Store Inc,1803,02-26-2024
321,CRDO,Credo Technology Group Holding Ltd,7901,02-26-2024
322,CRNX,Crinetics Pharmaceuticals Inc,2821,02-26-2024
323,CCRN,Cross Country Healthcare Inc,27874,02-26-2024
324,CYRX,CryoPort Inc,8882,02-26-2024
325,CSGS,CSG Systems International Inc,12041,02-26-2024
326,CSWI,CSW Industrials Inc,4326,02-26-2024
327,CTO,CTO Realty Growth Inc,11031,02-26-2024
328,CTS,CTS Corp,6594,02-26-2024
329,CWK,Cushman & Wakefield PLC,37626,02-26-2024
330,CUBI,Customers Bancorp Inc,16169,02-26-2024
331,CVBF,CVB Financial Corp,18331,02-26-2024
332,CVI,CVR Energy Inc,11889,02-26-2024
333,CVRX,CVRx Inc,6009,02-26-2024
334,CBAY,Cymabay Therapeutics Inc,10994,02-26-2024
335,CYTK,Cytokinetics Inc,3697,02-26-2024
336,DAKT,Daktronics Inc,19342,02-26-2024
337,DAN,Dana Inc,24694,02-26-2024
338,PLAY,Dave & Busters Entertainment Inc,5161,02-26-2024
339,DK,Delek US Holdings Inc,9670,02-26-2024
340,DLX,Deluxe Corp,16503,02-26-2024
341,DENN,Dennys Corp,17014,02-26-2024
342,DBI,Designer Brands Inc,11945,02-26-2024
343,DXLG,Destination XL Group Inc,28259,02-26-2024
344,DHX,DHI Group Inc,30727,02-26-2024
345,DHT,DHT Holdings Inc,34105,02-26-2024
346,DHIL,Diamond Hill Investment Group Inc,1817,02-26-2024
347,DO,Diamond Offshore Drilling Inc,16984,02-26-2024
348,DRH,DiamondRock Hospitality Co,42904,02-26-2024
349,DGII,Digi International Inc,11459,02-26-2024
350,APPS,Digital Turbine Inc,27234,02-26-2024
351,DBRG,DigitalBridge Group Inc,9305,02-26-2024
352,DOCN,DigitalOcean Holdings Inc,2964,02-26-2024
353,DDS,Dillards Inc,2006,02-26-2024
354,DCOM,Dime Community Bancshares Inc,10893,02-26-2024
355,DIOD,Diodes Inc,13355,02-26-2024
356,IRON,Disc Medicine Inc,1611,02-26-2024
357,DSGR,Distribution Solutions Group Inc,8525,02-26-2024
358,DNOW,DNOW Inc,65794,02-26-2024
359,DOLE,Dole PLC,8772,02-26-2024
360,DOMO,Domo Inc,26035,02-26-2024
361,DFIN,Donnelley Financial Solutions Inc,11938,02-26-2024
362,LPG,Dorian LPG Ltd,10669,02-26-2024
363,DORM,Dorman Products Inc,5801,02-26-2024
364,PLOW,Douglas Dynamics Inc,3254,02-26-2024
365,DOUG,Douglas Elliman Inc,70834,02-26-2024
366,DEI,Douglas Emmett Inc,24357,02-26-2024
367,DFH,Dream Finders Homes Inc,3196,02-26-2024
368,DRQ,Dril-Quip Inc,5303,02-26-2024
369,DCO,Ducommun Inc,2497,02-26-2024
370,DUOL,Duolingo Inc,2392,02-26-2024
371,DXPE,DXP Enterprises Inc,13961,02-26-2024
372,DY,Dycom Industries Inc,4018,02-26-2024
373,DVAX,Dynavax Technologies Corp,63307,02-26-2024
374,DX,Dynex Capital Inc,8601,02-26-2024
375,EGBN,Eagle Bancorp Inc,9008,02-26-2024
376,EGLE,Eagle Bulk Shipping Inc,3950,02-26-2024
377,EGRX,Eagle Pharmaceuticals Inc,6418,02-26-2024
378,DEA,Easterly Government Properties Inc,13974,02-26-2024
379,EBC,Eastern Bankshares Inc,8925,02-26-2024
380,SATS,EchoStar Corp,13340,02-26-2024
381,ECVT,Ecovyst Inc,21299,02-26-2024
382,EPC,Edgewell Personal Care Co,11697,02-26-2024
383,EGAN,eGain Corp,18470,02-26-2024
384,LOCO,El Pollo Loco Holdings Inc,11761,02-26-2024
385,ELF,elf Beauty Inc,6856,02-26-2024
386,EFC,Ellington Financial Inc,11228,02-26-2024
387,ELME,Elme Communities,10320,02-26-2024
388,EMBC,Embecta Corp,17077,02-26-2024
389,EBS,Emergent BioSolutions Inc,10829,02-26-2024
390,EP,Empire Petroleum Corp,4010,02-26-2024
391,ESRT,Empire State Realty Trust Inc,40186,02-26-2024
392,EIG,Employers Holdings Inc,8424,02-26-2024
393,ACT,Enact Holdings Inc,11800,02-26-2024
394,ECPG,Encore Capital Group Inc,5471,02-26-2024
395,WIRE,Encore Wire Corp,7081,02-26-2024
396,ENR,Energizer Holdings Inc,10496,02-26-2024
397,EFR,Energy Fuels Inc,19427,02-26-2024
398,ERII,Energy Recovery Inc,22593,02-26-2024
399,EPAC,Enerpac Tool Group Corp,14937,02-26-2024
400,ENS,EnerSys,6896,02-26-2024
401,EHAB,Enhabit Inc,404,02-26-2024
402,ELVN,Enliven Therapeutics Inc,1698,02-26-2024
403,EBF,Ennis Inc,7127,02-26-2024
404,ENVA,Enova International Inc,17421,02-26-2024
405,ENVX,Enovix Corp,11289,02-26-2024
406,NPO,Enpro Inc,4287,02-26-2024
407,ENSG,Ensign Group Inc,9243,02-26-2024
408,ESGR,Enstar Group Ltd,1793,02-26-2024
409,EFSC,Enterprise Financial Services Corp,7067,02-26-2024
410,TRDA,Entrada Therapeutics Inc,17901,02-26-2024
411,ENV,Envestnet Inc,6062,02-26-2024
412,PLUS,ePlus Inc,8457,02-26-2024
413,ETRN,Equitrans Midstream Corp,43318,02-26-2024
414,EQC,Equity Commonwealth,12966,02-26-2024
415,ESE,ESCO Technologies Inc,3460,02-26-2024
416,ESQ,Esquire Financial Holdings Inc,3694,02-26-2024
417,ESNT,Essent Group Ltd,23861,02-26-2024
418,EPRT,Essential Properties Realty Trust Inc,19321,02-26-2024
419,ETD,Ethan Allen Interiors Inc,19601,02-26-2024
420,EVBN,Evans Bancorp Inc,3558,02-26-2024
421,EVBG,Everbridge Inc,5227,02-26-2024
422,EVRI,Everi Holdings Inc,12385,02-26-2024
423,EVER,EverQuote Inc,17936,02-26-2024
424,EVTC,EVERTEC Inc,15837,02-26-2024
425,EVI,EVI Industries Inc,4106,02-26-2024
426,EVH,Evolent Health Inc,8700,02-26-2024
427,EOLS,Evolus Inc,31787,02-26-2024
428,EPM,Evolution Petroleum Corp,29678,02-26-2024
429,SSP,EW Scripps Co,18165,02-26-2024
430,EXLS,ExlService Holdings Inc,31418,02-26-2024
431,EXPI,eXp World Holdings Inc,48974,02-26-2024
432,EXPO,Exponent Inc,4480,02-26-2024
433,XPRO,Expro Group Holdings NV,7919,02-26-2024
434,EXTR,Extreme Networks Inc,51300,02-26-2024
435,FN,Fabrinet,5133,02-26-2024
436,FMAO,Farmers & Merchants Bancorp Inc/Archbold OH,2246,02-26-2024
437,FMNB,Farmers National Banc Corp,11700,02-26-2024
438,FPI,Farmland Partners Inc,11126,02-26-2024
439,FSLY,Fastly Inc,8071,02-26-2024
440,FBK,FB Financial Corp,9103,02-26-2024
441,AGM,Federal Agricultural Mortgage Corp,5980,02-26-2024
442,FSS,Federal Signal Corp,8725,02-26-2024
443,FDBC,Fidelity D&D Bancorp Inc,2167,02-26-2024
444,FIGS,Figs Inc,49757,02-26-2024
445,FISI,Financial Institutions Inc,10054,02-26-2024
446,FA,First Advantage Corp,10076,02-26-2024
447,FBP,First BanCorp,47653,02-26-2024
448,FNLC,First Bancorp Inc,5913,02-26-2024
449,FBNC,First Bancorp/Southern Pines NC,8195,02-26-2024
450,FBMS,First Bancshares Inc,4161,02-26-2024
451,BUSE,First Busey Corp,9538,02-26-2024
452,FBIZ,First Business Financial Services Inc,7607,02-26-2024
453,FCF,First Commonwealth Financial Corp,22279,02-26-2024
454,FCCO,First Community Corp,4816,02-26-2024
455,FFBC,First Financial Bancorp,19808,02-26-2024
456,FFIN,First Financial Bankshares Inc,23865,02-26-2024
457,THFF,First Financial Corp,4070,02-26-2024
458,FIBK,First Interstate BancSystem Inc,10643,02-26-2024
459,FRME,First Merchants Corp,13686,02-26-2024
460,FMBH,First Mid Bancshares Inc,4594,02-26-2024
461,FLIC,First of Long Island Corp,8945,02-26-2024
462,MYFW,First Western Financial Inc,1213,02-26-2024
463,FCFS,FirstCash Holdings Inc,5543,02-26-2024
464,FLNG,FLEX LNG Ltd,3503,02-26-2024
465,FLNC,Fluence Energy Inc,5248,02-26-2024
466,FLR,Fluor Corp,19275,02-26-2024
467,FFIC,Flushing Financial Corp,12703,02-26-2024
468,FLYW,Flywire Corp,5476,02-26-2024
469,FL,Foot Locker Inc,5631,02-26-2024
470,FOR,Forestar Group Inc,11312,02-26-2024
471,FORM,FormFactor Inc,16201,02-26-2024
472,FORR,Forrester Research Inc,7434,02-26-2024
473,FWRD,Forward Air Corp,10386,02-26-2024
474,FOSL,Fossil Group Inc,26905,02-26-2024
475,FCPT,Four Corners Property Trust Inc,15611,02-26-2024
476,FOXF,Fox Factory Holding Corp,6726,02-26-2024
477,FBRT,Franklin BSP Realty Trust Inc,12662,02-26-2024
478,FC,Franklin Covey Co,11573,02-26-2024
479,FELE,Franklin Electric Co Inc,11770,02-26-2024
480,FDP,Fresh Del Monte Produce Inc,10341,02-26-2024
481,FRSH,Freshworks Inc,14346,02-26-2024
482,FTDR,Frontdoor Inc,20813,02-26-2024
483,FRPH,FRP Holdings Inc,3715,02-26-2024
484,FSBW,FS Bancorp Inc,3064,02-26-2024
485,FTAI,FTAI Aviation Ltd,10653,02-26-2024
486,FUBO,fuboTV Inc,29832,02-26-2024
487,FLGT,Fulgent Genetics Inc,10252,02-26-2024
488,FULT,Fulton Financial Corp,31775,02-26-2024
489,FVCB,FVCBankcorp Inc,2301,02-26-2024
490,GIII,G-III Apparel Group Ltd,11098,02-26-2024
491,GCI,Gannett Co Inc,88080,02-26-2024
492,GATX,GATX Corp,3508,02-26-2024
493,GNK,Genco Shipping & Trading Ltd,12195,02-26-2024
494,GENC,Gencor Industries Inc,7539,02-26-2024
495,GCO,Genesco Inc,9425,02-26-2024
496,GNE,Genie Energy Ltd,19136,02-26-2024
497,THRM,Gentherm Inc,7041,02-26-2024
498,GNW,Genworth Financial Inc,110949,02-26-2024
499,GEO,GEO Group Inc,49768,02-26-2024
500,GABC,German American Bancorp Inc,10256,02-26-2024
501,GTY,Getty Realty Corp,8441,02-26-2024
502,ROCK,Gibraltar Industries Inc,5770,02-26-2024
503,GBCI,Glacier Bancorp Inc,12551,02-26-2024
504,GOOD,Gladstone Commercial Corp,11298,02-26-2024
505,LAND,Gladstone Land Corp,3807,02-26-2024
506,GKOS,Glaukos Corp,3500,02-26-2024
507,GIC,Global Industrial Co,12281,02-26-2024
508,GMRE,Global Medical REIT Inc,9487,02-26-2024
509,GNL,Global Net Lease Inc,46628,02-26-2024
510,GMS,GMS Inc,21031,02-26-2024
511,GOGO,Gogo Inc,14872,02-26-2024
512,GLNG,Golar LNG Ltd,6676,02-26-2024
513,GDEN,Golden Entertainment Inc,5101,02-26-2024
514,GT,Goodyear Tire & Rubber Co,45795,02-26-2024
515,GSHD,Goosehead Insurance Inc,5022,02-26-2024
516,GPRO,GoPro Inc,38045,02-26-2024
517,GRC,Gorman-Rupp Co,3813,02-26-2024
518,EAF,GrafTech International Ltd,63488,02-26-2024
519,GHC,Graham Holdings Co,837,02-26-2024
520,GVA,Granite Construction Inc,4648,02-26-2024
521,GTN,Gray Television Inc,18834,02-26-2024
522,GSBC,Great Southern Bancorp Inc,6502,02-26-2024
523,GRBK,Green Brick Partners Inc,6759,02-26-2024
524,GPRE,Green Plains Inc,4289,02-26-2024
525,GBX,Greenbrier Cos Inc,3348,02-26-2024
526,GCBC,Greene County Bancorp Inc,6268,02-26-2024
527,GEF,Greif Inc,5534,02-26-2024
528,GDYN,Grid Dynamics Holdings Inc,15409,02-26-2024
529,GFF,Griffon Corp,13025,02-26-2024
530,GPI,Group 1 Automotive Inc,3990,02-26-2024
531,GES,Guess? Inc,8500,02-26-2024
532,GPOR,Gulfport Energy Corp,5844,02-26-2024
533,HEES,H&E Equipment Services Inc,7028,02-26-2024
534,HCKT,Hackett Group Inc,21790,02-26-2024
535,HAE,Haemonetics Corp,5694,02-26-2024
536,HAIN,Hain Celestial Group Inc,19508,02-26-2024
537,HALO,Halozyme Therapeutics Inc,18022,02-26-2024
538,HLNE,Hamilton Lane Inc,8454,02-26-2024
539,HWC,Hancock Whitney Corp,14277,02-26-2024
540,HAFC,Hanmi Financial Corp,11593,02-26-2024
541,HONE,HarborOne Bancorp Inc,14709,02-26-2024
542,HLIT,Harmonic Inc,29497,02-26-2024
543,HRMY,Harmony Biosciences Holdings Inc,19092,02-26-2024
544,HBIO,Harvard Bioscience Inc,36808,02-26-2024
545,HVT,Haverty Furniture Cos Inc,14170,02-26-2024
546,HWKN,Hawkins Inc,5068,02-26-2024
547,HAYN,Haynes International Inc,518,02-26-2024
548,FUL,HB Fuller Co,8768,02-26-2024
549,HQY,HealthEquity Inc,8807,02-26-2024
550,HSTM,HealthStream Inc,9115,02-26-2024
551,HTLD,Heartland Express Inc,7207,02-26-2024
552,HTLF,Heartland Financial USA Inc,8366,02-26-2024
553,HL,Hecla Mining Co,37712,02-26-2024
554,HSII,Heidrick & Struggles International Inc,5191,02-26-2024
555,HELE,Helen of Troy Ltd,3346,02-26-2024
556,HLIO,Helios Technologies Inc,3296,02-26-2024
557,HLX,Helix Energy Solutions Group Inc,44182,02-26-2024
558,HP,Helmerich & Payne Inc,11647,02-26-2024
559,HLF,Herbalife Ltd,21465,02-26-2024
560,HRI,Herc Holdings Inc,3576,02-26-2024
561,HTBK,Heritage Commerce Corp,17952,02-26-2024
562,HFWA,Heritage Financial Corp,6196,02-26-2024
563,HIBB,Hibbett Inc,6256,02-26-2024
564,HI,Hillenbrand Inc,10179,02-26-2024
565,HLMN,Hillman Solutions Corp,16996,02-26-2024
566,HTH,Hilltop Holdings Inc,13575,02-26-2024
567,HGV,Hilton Grand Vacations Inc,10905,02-26-2024
568,HIMS,Hims & Hers Health Inc,10576,02-26-2024
569,HIFS,Hingham Institution For Savings The,627,02-26-2024
570,HQI,HireQuest Inc,2937,02-26-2024
571,HNI,HNI Corp,21276,02-26-2024
572,HBCP,Home Bancorp Inc,3716,02-26-2024
573,HOMB,Home BancShares Inc,29294,02-26-2024
574,HTBI,HomeTrust Bancshares Inc,5856,02-26-2024
575,HOPE,Hope Bancorp Inc,27347,02-26-2024
576,HMN,Horace Mann Educators Corp,8288,02-26-2024
577,HBNC,Horizon Bancorp Inc,12765,02-26-2024
578,HOV,Hovnanian Enterprises Inc,2176,02-26-2024
579,HUBG,Hub Group Inc,18898,02-26-2024
580,HPP,Hudson Pacific Properties Inc,24942,02-26-2024
581,HDSN,Hudson Technologies Inc,38420,02-26-2024
582,HURN,Huron Consulting Group Inc,5936,02-26-2024
583,HY,Hyster-Yale Materials Handling Inc,77,02-26-2024
584,IIIV,I3 Verticals Inc,1983,02-26-2024
585,ICFI,ICF International Inc,5188,02-26-2024
586,ICHR,Ichor Holdings Ltd,7729,02-26-2024
587,IDYA,Ideaya Biosciences Inc,3733,02-26-2024
588,IDT,IDT Corp,13812,02-26-2024
589,IESC,IES Holdings Inc,7932,02-26-2024
590,IHRT,iHeartMedia Inc,34828,02-26-2024
591,IMAX,IMAX Corp,7987,02-26-2024
592,IMMR,Immersion Corp,3550,02-26-2024
593,IMVT,Immunovant Inc,4472,02-26-2024
594,PI,Impinj Inc,6468,02-26-2024
595,NARI,Inari Medical Inc,8171,02-26-2024
596,IRT,Independence Realty Trust Inc,25833,02-26-2024
597,INDB,Independent Bank Corp,7291,02-26-2024
598,IBCP,Independent Bank Corp,13503,02-26-2024
599,IBTX,Independent Bank Group Inc,5367,02-26-2024
600,INFN,Infinera Corp,46496,02-26-2024
601,III,Information Services Group Inc,32884,02-26-2024
602,INFU,InfuSystem Holdings Inc,16902,02-26-2024
603,NGVT,Ingevity Corp,7126,02-26-2024
604,IMKTA,Ingles Markets Inc,8082,02-26-2024
605,INMD,Inmode Ltd,14253,02-26-2024
606,INOD,Innodata Inc,22572,02-26-2024
607,IOSP,Innospec Inc,7562,02-26-2024
608,IIPR,Innovative Industrial Properties Inc,3867,02-26-2024
609,INVA,Innoviva Inc,46466,02-26-2024
610,NSIT,Insight Enterprises Inc,8335,02-26-2024
611,INSM,Insmed Inc,8751,02-26-2024
612,NSP,Insperity Inc,8956,02-26-2024
613,INSE,Inspired Entertainment Inc,20257,02-26-2024
614,IBP,Installed Building Products Inc,4332,02-26-2024
615,IIIN,Insteel Industries Inc,6721,02-26-2024
616,INTA,Intapp Inc,3180,02-26-2024
617,ITGR,Integer Holdings Corp,6723,02-26-2024
618,IAS,Integral Ad Science Holding Corp,8524,02-26-2024
619,NTLA,Intellia Therapeutics Inc,3822,02-26-2024
620,IPAR,Inter Parfums Inc,3974,02-26-2024
621,IDCC,InterDigital Inc,4958,02-26-2024
622,TILE,Interface Inc,23221,02-26-2024
623,IBOC,International Bancshares Corp,11727,02-26-2024
624,IGT,International Game Technology PLC,15973,02-26-2024
625,IMXI,International Money Express Inc,14342,02-26-2024
626,INSW,International Seaways Inc,10537,02-26-2024
627,INTT,inTEST Corp,10099,02-26-2024
628,ITCI,Intra-Cellular Therapies Inc,17419,02-26-2024
629,IVT,InvenTrust Properties Corp,8813,02-26-2024
630,ITIC,Investors Title Co,1150,02-26-2024
631,IONQ,IonQ Inc,9265,02-26-2024
632,IRMD,iRadimed Corp,2604,02-26-2024
633,IRTC,iRhythm Technologies Inc,6460,02-26-2024
634,IRBT,iRobot Corp,3184,02-26-2024
635,IRWD,Ironwood Pharmaceuticals Inc,73359,02-26-2024
636,ITOS,iTeos Therapeutics Inc,7190,02-26-2024
637,ITRI,Itron Inc,4804,02-26-2024
638,JJSF,J & J Snack Foods Corp,2361,02-26-2024
639,JACK,Jack in the Box Inc,3689,02-26-2024
640,JXN,Jackson Financial Inc,19517,02-26-2024
641,JAKK,JAKKS Pacific Inc,6794,02-26-2024
642,JBI,Janus International Group Inc,23434,02-26-2024
643,JBGS,JBG SMITH Properties,15749,02-26-2024
644,JELD,JELD-WEN Holding Inc,20916,02-26-2024
645,JOBY,Joby Aviation Inc,33988,02-26-2024
646,JBSS,John B Sanfilippo & Son Inc,4590,02-26-2024
647,JBT,John Bean Technologies Corp,5058,02-26-2024
648,WLY,John Wiley & Sons Inc,12841,02-26-2024
649,JOUT,Johnson Outdoors Inc,3850,02-26-2024
650,JYNT,Joint Corp,10396,02-26-2024
651,KAI,Kadant Inc,3884,02-26-2024
652,KALU,Kaiser Aluminum Corp,1595,02-26-2024
653,KAMN,Kaman Corp,5158,02-26-2024
654,KPTI,Karyopharm Therapeutics Inc,91020,02-26-2024
655,KBH,KB Home,10351,02-26-2024
656,KELYA,Kelly Services Inc,16652,02-26-2024
657,KMT,Kennametal Inc,10367,02-26-2024
658,KW,Kennedy-Wilson Holdings Inc,8225,02-26-2024
659,KFRC,Kforce Inc,14142,02-26-2024
660,KE,Kimball Electronics Inc,9706,02-26-2024
661,KNTK,Kinetik Holdings Inc,2715,02-26-2024
662,KNSA,Kiniksa Pharmaceuticals Ltd,18846,02-26-2024
663,KRG,Kite Realty Group Trust,37341,02-26-2024
664,KREF,KKR Real Estate Finance Trust Inc,9111,02-26-2024
665,KLXE,KLX Energy Services Holdings Inc,11920,02-26-2024
666,KNF,Knife River Corp,3618,02-26-2024
667,KN,Knowles Corp,23039,02-26-2024
668,KTB,Kontoor Brands Inc,10834,02-26-2024
669,KOP,Koppers Holdings Inc,4905,02-26-2024
670,KFY,Korn Ferry,10443,02-26-2024
671,KOS,Kosmos Energy Ltd,48348,02-26-2024
672,KTOS,Kratos Defense & Security Solutions Inc,9953,02-26-2024
673,DNUT,Krispy Kreme Inc,9777,02-26-2024
674,KRYS,Krystal Biotech Inc,1253,02-26-2024
675,KLIC,Kulicke & Soffa Industries Inc,13237,02-26-2024
676,LZB,La-Z-Boy Inc,15444,02-26-2024
677,LADR,Ladder Capital Corp,18991,02-26-2024
678,LBAI,Lakeland Bancorp Inc,11851,02-26-2024
679,LKFN,Lakeland Financial Corp,9069,02-26-2024
680,LANC,Lancaster Colony Corp,3558,02-26-2024
681,LNTH,Lantheus Holdings Inc,11685,02-26-2024
682,LAUR,Laureate Education Inc,23746,02-26-2024
683,LCII,LCI Industries,7034,02-26-2024
684,LZ,Legalzoom.com Inc,34695,02-26-2024
685,LMAT,LeMaitre Vascular Inc,7459,02-26-2024
686,LC,LendingClub Corp,29875,02-26-2024
687,DRS,Leonardo DRS Inc,19099,02-26-2024
688,LESL,Leslies Inc,17463,02-26-2024
689,LGIH,LGI Homes Inc,1440,02-26-2024
690,LBRT,Liberty Energy Inc,51771,02-26-2024
691,LILA,Liberty Latin America Ltd,7303,02-26-2024
692,LILAK,Liberty Latin America Ltd,34994,02-26-2024
693,LTH,Life Time Group Holdings Inc,7344,02-26-2024
694,LGND,Ligand Pharmaceuticals Inc,5809,02-26-2024
695,LNW,Light & Wonder Inc,10706,02-26-2024
696,LMB,Limbach Holdings Inc,3730,02-26-2024
697,LINC,Lincoln Educational Services Corp,22289,02-26-2024
698,LNN,Lindsay Corp,1980,02-26-2024
699,LGF/B,Lions Gate Entertainment Corp,9276,02-26-2024
700,LGF/A,Lions Gate Entertainment Corp,8749,02-26-2024
701,LIVN,LivaNova PLC,6682,02-26-2024
702,LOB,Live Oak Bancshares Inc,9658,02-26-2024
703,RAMP,LiveRamp Holdings Inc,11757,02-26-2024
704,LPTV,Loop Media Inc,27245,02-26-2024
705,LOVE,Lovesac Co,8772,02-26-2024
706,LXU,LSB Industries Inc,12416,02-26-2024
707,LYTS,LSI Industries Inc,24821,02-26-2024
708,LTC,LTC Properties Inc,7094,02-26-2024
709,LUNA,Luna Innovations Inc,22462,02-26-2024
710,LXP,LXP Industrial Trust,38106,02-26-2024
711,MHO,M/I Homes Inc,6530,02-26-2024
712,MCBC,Macatawa Bank Corp,20033,02-26-2024
713,MAC,Macerich Co,32288,02-26-2024
714,MTSI,MACOM Technology Solutions Holdings Inc,6312,02-26-2024
715,MSGE,Madison Square Garden Entertainment Corp,4310,02-26-2024
716,MDGL,Madrigal Pharmaceuticals Inc,573,02-26-2024
717,MGNI,Magnite Inc,15177,02-26-2024
718,MGY,Magnolia Oil & Gas Corp,57352,02-26-2024
719,MNSB,MainStreet Bancshares Inc,5798,02-26-2024
720,MBUU,Malibu Boats Inc,5536,02-26-2024
721,MTW,Manitowoc Co Inc,11339,02-26-2024
722,RTYH24,MAR 24 CME EMINIRUS2K,28,02-26-2024
723,MARA,Marathon Digital Holdings Inc,9000,02-26-2024
724,MMI,Marcus & Millichap Inc,19325,02-26-2024
725,MCS,Marcus Corp,8909,02-26-2024
726,HZO,MarineMax Inc,5452,02-26-2024
727,MQ,Marqeta Inc,26329,02-26-2024
728,MRTN,Marten Transport Ltd,7500,02-26-2024
729,DOOR,Masonite International Corp,4873,02-26-2024
730,MBC,Masterbrand Inc,12129,02-26-2024
731,MCFT,MasterCraft Boat Holdings Inc,14854,02-26-2024
732,MTDR,Matador Resources Co,22999,02-26-2024
733,MTRN,Materion Corp,4220,02-26-2024
734,MATV,Mativ Holdings Inc,9372,02-26-2024
735,MATX,Matson Inc,9766,02-26-2024
736,MATW,Matthews International Corp,6858,02-26-2024
737,MMS,Maximus Inc,11542,02-26-2024
738,MXL,MaxLinear Inc,28242,02-26-2024
739,MEC,Mayville Engineering Co Inc,4322,02-26-2024
740,MBI,MBIA Inc,33295,02-26-2024
741,MGRC,McGrath RentCorp,2557,02-26-2024
742,MDC,MDC Holdings Inc,8808,02-26-2024
743,MED,Medifast Inc,3130,02-26-2024
744,MBWM,Mercantile Bank Corp,7253,02-26-2024
745,MMSI,Merit Medical Systems Inc,7864,02-26-2024
746,MTH,Meritage Homes Corp,6198,02-26-2024
747,MLAB,Mesa Laboratories Inc,1998,02-26-2024
748,MEI,Methode Electronics Inc,9472,02-26-2024
749,MCB,Metropolitan Bank Holding Corp,3546,02-26-2024
750,MFA,MFA Financial Inc,10162,02-26-2024
751,MGEE,MGE Energy Inc,7500,02-26-2024
752,MGPI,MGP Ingredients Inc,1404,02-26-2024
753,MSTR,MicroStrategy Inc,622,02-26-2024
754,MBCN,Middlefield Banc Corp,3014,02-26-2024
755,MSEX,Middlesex Water Co,3049,02-26-2024
756,MSBI,Midland States Bancorp Inc,5495,02-26-2024
757,MOFG,MidWestOne Financial Group Inc,4528,02-26-2024
758,MLR,Miller Industries Inc,2714,02-26-2024
759,MLKN,MillerKnoll Inc,14889,02-26-2024
760,MDXG,MiMedx Group Inc,89485,02-26-2024
761,MTX,Minerals Technologies Inc,6256,02-26-2024
762,MIRM,Mirum Pharmaceuticals Inc,3261,02-26-2024
763,MG,Mistras Group Inc,18039,02-26-2024
764,MITK,Mitek Systems Inc,20029,02-26-2024
765,MODN,Model N Inc,7659,02-26-2024
766,MOD,Modine Manufacturing Co,14433,02-26-2024
767,MC,Moelis & Co,8715,02-26-2024
768,MCRI,Monarch Casino & Resort Inc,3723,02-26-2024
769,MNRO,Monro Inc,4031,02-26-2024
770,MNTK,Montauk Renewables Inc,53811,02-26-2024
771,MOG/A,Moog Inc,5744,02-26-2024
772,MORF,Morphic Holding Inc,4192,02-26-2024
773,MOV,Movado Group Inc,8771,02-26-2024
774,COOP,Mr Cooper Group Inc,15032,02-26-2024
775,MRC,MRC Global Inc,32517,02-26-2024
776,MLI,Mueller Industries Inc,34890,02-26-2024
777,MWA,Mueller Water Products Inc,21205,02-26-2024
778,MPLN,Multiplan Corp,131012,02-26-2024
779,MUR,Murphy Oil Corp,22660,02-26-2024
780,MYE,Myers Industries Inc,32438,02-26-2024
781,MYRG,MYR Group Inc,4758,02-26-2024
782,MYGN,Myriad Genetics Inc,37191,02-26-2024
783,NABL,N-able Inc,9588,02-26-2024
784,NBR,Nabors Industries Ltd,2123,02-26-2024
785,NC,NACCO Industries Inc,3751,02-26-2024
786,NSSC,Napco Security Technologies Inc,19825,02-26-2024
787,NATH,Nathans Famous Inc,2191,02-26-2024
788,NBHC,National Bank Holdings Corp,5478,02-26-2024
789,NKSH,National Bankshares Inc,5392,02-26-2024
790,FIZZ,National Beverage Corp,11949,02-26-2024
791,NHI,National Health Investors Inc,6942,02-26-2024
792,NHC,National HealthCare Corp,5255,02-26-2024
793,NPK,National Presto Industries Inc,1328,02-26-2024
794,NRC,National Research Corp,8075,02-26-2024
795,EYE,National Vision Holdings Inc,9448,02-26-2024
796,NWLI,National Western Life Group Inc,823,02-26-2024
797,NAVI,Navient Corp,46827,02-26-2024
798,NVTS,Navitas Semiconductor Corp,15201,02-26-2024
799,NBTB,NBT Bancorp Inc,8843,02-26-2024
800,NNI,Nelnet Inc,4554,02-26-2024
801,NEOG,Neogen Corp,17437,02-26-2024
802,NEO,NeoGenomics Inc,11665,02-26-2024
803,NRDY,Nerdy Inc,35444,02-26-2024
804,NTGR,NETGEAR Inc,9388,02-26-2024
805,NTCT,NetScout Systems Inc,17909,02-26-2024
806,NVRO,Nevro Corp,6041,02-26-2024
807,NJR,New Jersey Resources Corp,16843,02-26-2024
808,NYMT,New York Mortgage Trust Inc,508,02-26-2024
809,NMRK,Newmark Group Inc,21701,02-26-2024
810,NEWT,NewtekOne Inc,3643,02-26-2024
811,NREF,Nexpoint Real Estate Finance Inc,7251,02-26-2024
812,NXRT,NexPoint Residential Trust Inc,5930,02-26-2024
813,NXT,NEXTracker Inc,4481,02-26-2024
814,NIC,Nicolet Bankshares Inc,2824,02-26-2024
815,NMIH,NMI Holdings Inc,21856,02-26-2024
816,NE,Noble Corp PLC,11940,02-26-2024
817,NAT,Nordic American Tankers Ltd,23706,02-26-2024
818,NBN,Northeast Bank,6398,02-26-2024
819,NECB,Northeast Community Bancorp Inc,5987,02-26-2024
820,NOG,Northern Oil & Gas Inc,16973,02-26-2024
821,NWBI,Northwest Bancshares Inc,16638,02-26-2024
822,NWN,Northwest Natural Holding Co,5366,02-26-2024
823,NWPX,Northwest Pipe Co,5343,02-26-2024
824,NWE,Northwestern Energy Group Inc,10986,02-26-2024
825,NWFL,Norwood Financial Corp,4255,02-26-2024
826,NOVT,Novanta Inc,5822,02-26-2024
827,NUS,Nu Skin Enterprises Inc,10469,02-26-2024
828,NUVL,Nuvalent Inc,2078,02-26-2024
829,NVEE,NV5 Global Inc,3861,02-26-2024
830,NVEC,NVE Corp,3062,02-26-2024
831,OI,O-I Glass Inc,22562,02-26-2024
832,OVLY,Oak Valley Bancorp,6332,02-26-2024
833,OII,Oceaneering International Inc,20254,02-26-2024
834,OCFC,OceanFirst Financial Corp,8341,02-26-2024
835,OCUL,Ocular Therapeutix Inc,58671,02-26-2024
836,ODP,ODP Corp,9582,02-26-2024
837,OPI,Office Properties Income Trust,17507,02-26-2024
838,OFG,OFG Bancorp,17047,02-26-2024
839,OIS,Oil States International Inc,25795,02-26-2024
840,ONB,Old National Bancorp,43198,02-26-2024
841,OSBC,Old Second Bancorp Inc,15804,02-26-2024
842,OLMA,Olema Pharmaceuticals Inc,8137,02-26-2024
843,ZEUS,Olympic Steel Inc,9038,02-26-2024
844,OFLX,Omega Flex Inc,2871,02-26-2024
845,OMGA,Omega Therapeutics Inc,9417,02-26-2024
846,OMER,Omeros Corp,24119,02-26-2024
847,OMCL,Omnicell Inc,5786,02-26-2024
848,OGS,ONE Gas Inc,13600,02-26-2024
849,OSPN,OneSpan Inc,14260,02-26-2024
850,OSW,OneSpaWorld Holdings Ltd,11875,02-26-2024
851,ONTO,Onto Innovation Inc,9184,02-26-2024
852,OOMA,Ooma Inc,20381,02-26-2024
853,LPRO,Open Lending Corp,18431,02-26-2024
854,OPEN,Opendoor Technologies Inc,37859,02-26-2024
855,KAR,OPENLANE Inc,12162,02-26-2024
856,OPK,OPKO Health Inc,87114,02-26-2024
857,OPCH,Option Care Health Inc,22779,02-26-2024
858,OSUR,OraSure Technologies Inc,40337,02-26-2024
859,ORGO,Organogenesis Holdings Inc,64757,02-26-2024
860,OBK,Origin Bancorp Inc,3191,02-26-2024
861,ONL,Orion Office REIT Inc,17146,02-26-2024
862,OEC,Orion SA,24283,02-26-2024
863,ORA,Ormat Technologies Inc,10344,02-26-2024
864,OFIX,Orthofix Medical Inc,16350,02-26-2024
865,OSCR,Oscar Health Inc,12026,02-26-2024
866,OSIS,OSI Systems Inc,3847,02-26-2024
867,OTTR,Otter Tail Corp,13383,02-26-2024
868,OUT,Outfront Media Inc,27328,02-26-2024
869,OSG,Overseas Shipholding Group Inc,23333,02-26-2024
870,OVID,Ovid therapeutics Inc,22529,02-26-2024
871,OMI,Owens & Minor Inc,20012,02-26-2024
872,OXM,Oxford Industries Inc,6615,02-26-2024
873,PACB,Pacific Biosciences of California Inc,14906,02-26-2024
874,PPBI,Pacific Premier Bancorp Inc,12575,02-26-2024
875,PCRX,Pacira BioSciences Inc,15861,02-26-2024
876,PTVE,Pactiv Evergreen Inc,12912,02-26-2024
877,PD,PagerDuty Inc,6471,02-26-2024
878,PAGS,Pagseguro Digital Ltd,17598,02-26-2024
879,PLMR,Palomar Holdings Inc,3558,02-26-2024
880,PTSI,PAM Transportation Services Inc,3466,02-26-2024
881,PANL,Pangaea Logistics Solutions Ltd,8572,02-26-2024
882,PZZA,Papa Johns International Inc,7940,02-26-2024
883,PARR,Par Pacific Holdings Inc,9262,02-26-2024
884,PAR,PAR Technology Corp,2376,02-26-2024
885,PGRE,Paramount Group Inc,41996,02-26-2024
886,PRK,Park National Corp,3762,02-26-2024
887,PKBK,Parke Bancorp Inc,9354,02-26-2024
888,PSN,Parsons Corp,9942,02-26-2024
889,CASH,Pathward Financial Inc,11568,02-26-2024
890,PAX,Patria Investments Ltd,9269,02-26-2024
891,PATK,Patrick Industries Inc,8316,02-26-2024
892,PDCO,Patterson Cos Inc,21098,02-26-2024
893,PTEN,Patterson-UTI Energy Inc,52109,02-26-2024
894,PAYO,Payoneer Global Inc,21161,02-26-2024
895,PBF,PBF Energy Inc,23234,02-26-2024
896,CNXN,PC Connection Inc,10691,02-26-2024
897,PCB,PCB Bancorp,10263,02-26-2024
898,PDFS,PDF Solutions Inc,10333,02-26-2024
899,BTU,Peabody Energy Corp,21801,02-26-2024
900,PGC,Peapack-Gladstone Financial Corp,7405,02-26-2024
901,PEB,Pebblebrook Hotel Trust,21682,02-26-2024
902,MD,Pediatrix Medical Group Inc,20790,02-26-2024
903,PFSI,PennyMac Financial Services Inc,7685,02-26-2024
904,PMT,PennyMac Mortgage Investment Trust,14890,02-26-2024
905,PEBO,Peoples Bancorp Inc,14114,02-26-2024
906,PFIS,Peoples Financial Services Corp,3873,02-26-2024
907,PRDO,Perdoceo Education Corp,62025,02-26-2024
908,PRFT,Perficient Inc,8612,02-26-2024
909,PR,Permian Resources Corp,62460,02-26-2024
910,PETQ,PetIQ Inc,15654,02-26-2024
911,PGTI,PGT Innovations Inc,20902,02-26-2024
912,PHAT,Phathom Pharmaceuticals Inc,812,02-26-2024
913,PAHC,Phibro Animal Health Corp,18872,02-26-2024
914,PECO,Phillips Edison & Co Inc,14987,02-26-2024
915,PLAB,Photronics Inc,26790,02-26-2024
916,PHR,Phreesia Inc,9610,02-26-2024
917,DOC,Physicians Realty Trust,31940,02-26-2024
918,PDM,Piedmont Office Realty Trust Inc,27159,02-26-2024
919,PIPR,Piper Sandler Cos,2520,02-26-2024
920,PJT,PJT Partners Inc,6791,02-26-2024
921,AGS,PlayAGS Inc,16983,02-26-2024
922,MYPS,Playstudios Inc,24596,02-26-2024
923,PLXS,Plexus Corp,5664,02-26-2024
924,PLBC,Plumas Bancorp,2759,02-26-2024
925,PLYM,Plymouth Industrial REIT Inc,6392,02-26-2024
926,PNM,PNM Resources Inc,17833,02-26-2024
927,POR,Portland General Electric Co,19758,02-26-2024
928,PSTX,Poseida Therapeutics Inc,25014,02-26-2024
929,PSTL,Postal Realty Trust Inc,11298,02-26-2024
930,PBPB,Potbelly Corp,22186,02-26-2024
931,PCH,PotlatchDeltic Corp,21237,02-26-2024
932,POWL,Powell Industries Inc,4840,02-26-2024
933,POWI,Power Integrations Inc,10871,02-26-2024
934,PWSC,PowerSchool Holdings Inc,4683,02-26-2024
935,PRAA,PRA Group Inc,4913,02-26-2024
936,PFBC,Preferred Bank,8095,02-26-2024
937,PLPC,Preformed Line Products Co,2332,02-26-2024
938,PFC,Premier Financial Corp,7509,02-26-2024
939,PBH,Prestige Consumer Healthcare Inc,16595,02-26-2024
940,PSMT,PriceSmart Inc,2507,02-26-2024
941,FRST,Primis Financial Corp,6057,02-26-2024
942,PRMW,Primo Water Corp,36795,02-26-2024
943,PRIM,Primoris Services Corp,12348,02-26-2024
944,PRVA,Privia Health Group Inc,4393,02-26-2024
945,PRA,ProAssurance Corp,9390,02-26-2024
946,ACDC,ProFrac Holding Corp,22584,02-26-2024
947,PRG,PROG Holdings Inc,15332,02-26-2024
948,PRGS,Progress Software Corp,12508,02-26-2024
949,PGNY,Progyny Inc,5681,02-26-2024
950,PUMP,ProPetro Holding Corp,40173,02-26-2024
951,PRO,PROS Holdings Inc,6790,02-26-2024
952,PTGX,Protagonist Therapeutics Inc,5656,02-26-2024
953,PLX,Protalix BioTherapeutics Inc,52848,02-26-2024
954,PRLB,Proto Labs Inc,6437,02-26-2024
955,PFS,Provident Financial Services Inc,15678,02-26-2024
956,PTCT,PTC Therapeutics Inc,16741,02-26-2024
957,LUNG,Pulmonx Corp,1208,02-26-2024
958,PCYO,Pure Cycle Corp,18017,02-26-2024
959,PRPL,Purple Innovation Inc,974,02-26-2024
960,QTWO,Q2 Holdings Inc,4082,02-26-2024
961,QCRH,QCR Holdings Inc,6490,02-26-2024
962,KWR,Quaker Chemical Corp,1426,02-26-2024
963,QLYS,Qualys Inc,6881,02-26-2024
964,NX,Quanex Building Products Corp,15138,02-26-2024
965,QTRX,Quanterix Corp,3976,02-26-2024
966,QNST,QuinStreet Inc,2426,02-26-2024
967,RXT,Rackspace Technology Inc,54752,02-26-2024
968,RDN,Radian Group Inc,46177,02-26-2024
969,RLGT,Radiant Logistics Inc,34754,02-26-2024
970,RDUS,Radius Recycling Inc,12175,02-26-2024
971,RDNT,RadNet Inc,9528,02-26-2024
972,METC,Ramaco Resources Inc,16638,02-26-2024
973,METCB,Ramaco Resources Inc,2343,02-26-2024
974,RMBS,Rambus Inc,24186,02-26-2024
975,RPD,Rapid7 Inc,8156,02-26-2024
976,RYAM,Rayonier Advanced Materials Inc,36532,02-26-2024
977,RICK,RCI Hospitality Holdings Inc,3333,02-26-2024
978,RMAX,RE/MAX Holdings Inc,14700,02-26-2024
979,RC,Ready Capital Corp,36820,02-26-2024
980,RRR,Red Rock Resorts Inc,8315,02-26-2024
981,RDVT,Red Violet Inc,1996,02-26-2024
982,RDFN,Redfin Corp,16544,02-26-2024
983,RM,Regional Management Corp,6426,02-26-2024
984,RELY,Remitly Global Inc,11041,02-26-2024
985,RNST,Renasant Corp,10148,02-26-2024
986,RBCAA,Republic Bancorp Inc,5986,02-26-2024
987,REZI,Resideo Technologies Inc,26835,02-26-2024
988,RGP,Resources Connection Inc,29390,02-26-2024
989,ROIC,Retail Opportunity Investments Corp,20504,02-26-2024
990,REVG,REV Group Inc,15824,02-26-2024
991,RVMD,REVOLUTION Medicines Inc,5178,02-26-2024
992,RVLV,Revolve Group Inc,8263,02-26-2024
993,REX,REX American Resources Corp,7048,02-26-2024
994,RGCO,RGC Resources Inc,3844,02-26-2024
995,RYTM,Rhythm Pharmaceuticals Inc,4879,02-26-2024
996,RBBN,Ribbon Communications Inc,43041,02-26-2024
997,RELL,Richardson Electronics Ltd,3838,02-26-2024
998,REI,Ring Energy Inc,21694,02-26-2024
999,RIOT,Riot Platforms Inc,13148,02-26-2024
1000,RLJ,RLJ Lodging Trust,27327,02-26-2024
1001,RMR,RMR Group Inc,11307,02-26-2024
1002,RKLB,Rocket Lab USA Inc,26491,02-26-2024
1003,ROG,Rogers Corp,1439,02-26-2024
1004,ROVR,Rover Group Inc,8546,02-26-2024
1005,RES,RPC Inc,71798,02-26-2024
1006,RUSHA,Rush Enterprises Inc,20620,02-26-2024
1007,RUSHB,Rush Enterprises Inc,9059,02-26-2024
1008,RSI,Rush Street Interactive Inc,41135,02-26-2024
1009,RXO,RXO Inc,34631,02-26-2024
1010,RXST,RxSight Inc,3507,02-26-2024
1011,RYI,Ryerson Holding Corp,20165,02-26-2024
1012,RHP,Ryman Hospitality Properties Inc,9470,02-26-2024
1013,STBA,S&T Bancorp Inc,7970,02-26-2024
1014,SBRA,Sabra Health Care REIT Inc,36072,02-26-2024
1015,SABR,Sabre Corp,22865,02-26-2024
1016,SB,Safe Bulkers Inc,44459,02-26-2024
1017,SAFT,Safety Insurance Group Inc,3780,02-26-2024
1018,SBH,Sally Beauty Holdings Inc,24966,02-26-2024
1019,SMTI,Sanara Medtech Inc,3573,02-26-2024
1020,SD,SandRidge Energy Inc,12633,02-26-2024
1021,SASR,Sandy Spring Bancorp Inc,11265,02-26-2024
1022,SGMO,Sangamo Therapeutics Inc,22191,02-26-2024
1023,SANM,Sanmina Corp,10946,02-26-2024
1024,SPNS,Sapiens International Corp NV,8928,02-26-2024
1025,BFS,Saul Centers Inc,2498,02-26-2024
1026,SVRA,Savara Inc,29260,02-26-2024
1027,SCSC,ScanSource Inc,8863,02-26-2024
1028,SRRK,Scholar Rock Holding Corp,5151,02-26-2024
1029,SCHL,Scholastic Corp,12345,02-26-2024
1030,SDGR,Schrodinger Inc,3294,02-26-2024
1031,STNG,Scorpio Tankers Inc,9846,02-26-2024
1032,SCPH,scPharmaceuticals Inc,25,02-26-2024
1033,SBCF,Seacoast Banking Corp of Florida,8347,02-26-2024
1034,SDRL,Seadrill Ltd,4653,02-26-2024
1035,SEM,Select Medical Holdings Corp,14717,02-26-2024
1036,SIGI,Selective Insurance Group Inc,12249,02-26-2024
1037,SMLR,Semler Scientific Inc,4707,02-26-2024
1038,SEMR,SEMrush Holdings Inc,20510,02-26-2024
1039,SXT,Sensient Technologies Corp,8165,02-26-2024
1040,SVC,Service Properties Trust,43146,02-26-2024
1041,SFBS,ServisFirst Bancshares Inc,12275,02-26-2024
1042,SFL,SFL Corp Ltd,20840,02-26-2024
1043,SHAK,Shake Shack Inc,2399,02-26-2024
1044,SHLS,Shoals Technologies Group Inc,7552,02-26-2024
1045,SCVL,Shoe Carnival Inc,14760,02-26-2024
1046,SHBI,Shore Bancshares Inc,701,02-26-2024
1047,SSTK,Shutterstock Inc,7629,02-26-2024
1048,SHYF,Shyft Group Inc,19083,02-26-2024
1049,SIBN,SI-BONE Inc,10428,02-26-2024
1050,BSRR,Sierra Bancorp,6887,02-26-2024
1051,SIGA,SIGA Technologies Inc,43354,02-26-2024
1052,SIG,Signet Jewelers Ltd,9000,02-26-2024
1053,SLAB,Silicon Laboratories Inc,4447,02-26-2024
1054,SILK,Silk Road Medical Inc,11600,02-26-2024
1055,SBOW,SilverBow Resources Inc,7957,02-26-2024
1056,SFNC,Simmons First National Corp,16424,02-26-2024
1057,SMPL,Simply Good Foods Co,11828,02-26-2024
1058,SSD,Simpson Manufacturing Co Inc,10549,02-26-2024
1059,SPNT,SiriusPoint Ltd,24022,02-26-2024
1060,SITC,SITE Centers Corp,29521,02-26-2024
1061,SITM,SiTime Corp,817,02-26-2024
1062,STR,Sitio Royalties Corp,10239,02-26-2024
1063,SIX,Six Flags Entertainment Corp,4956,02-26-2024
1064,SJW,SJW Group,5388,02-26-2024
1065,SKY,Skyline Champion Corp,7754,02-26-2024
1066,SKWD,Skyward Specialty Insurance Group Inc,4236,02-26-2024
1067,SKYW,SkyWest Inc,6284,02-26-2024
1068,SLG,SL Green Realty Corp,5066,02-26-2024
1069,SNBR,Sleep Number Corp,9276,02-26-2024
1070,SM,SM Energy Co,38024,02-26-2024
1071,SGH,SMART Global Holdings Inc,17584,02-26-2024
1072,SWBI,Smith & Wesson Brands Inc,22834,02-26-2024
1073,SOI,Solaris Oilfield Infrastructure Inc,389,02-26-2024
1074,SWI,SolarWinds Corp,18307,02-26-2024
1075,SAH,Sonic Automotive Inc,5040,02-26-2024
1076,SONO,Sonos Inc,24528,02-26-2024
1077,SSTI,SoundThinking Inc,5100,02-26-2024
1078,SFST,Southern First Bancshares Inc,5905,02-26-2024
1079,SMBC,Southern Missouri Bancorp Inc,6524,02-26-2024
1080,SBSI,Southside Bancshares Inc,6347,02-26-2024
1081,SSB,SouthState Corp,9900,02-26-2024
1082,SWX,Southwest Gas Holdings Inc,11447,02-26-2024
1083,SOVO,Sovos Brands Inc,6183,02-26-2024
1084,SP,SP Plus Corp,7452,02-26-2024
1085,SPTN,SpartanNash Co,18302,02-26-2024
1086,SPHR,Sphere Entertainment Co,4085,02-26-2024
1087,SR,Spire Inc,9393,02-26-2024
1088,SAVE,Spirit Airlines Inc,6240,02-26-2024
1089,SPOK,Spok Holdings Inc,10621,02-26-2024
1090,SWTX,SpringWorks Therapeutics Inc,4950,02-26-2024
1091,CXM,Sprinklr Inc,21042,02-26-2024
1092,SPT,Sprout Social Inc,7293,02-26-2024
1093,SFM,Sprouts Farmers Market Inc,24360,02-26-2024
1094,SPSC,SPS Commerce Inc,8027,02-26-2024
1095,SPXC,SPX Technologies Inc,6571,02-26-2024
1096,SQSP,Squarespace Inc,11750,02-26-2024
1097,JOE,St Joe Co,5996,02-26-2024
1098,STAA,STAAR Surgical Co,9214,02-26-2024
1099,STGW,Stagwell Inc,25618,02-26-2024
1100,SMP,Standard Motor Products Inc,10549,02-26-2024
1101,SXI,Standex International Corp,2387,02-26-2024
1102,SCS,Steelcase Inc,32989,02-26-2024
1103,STEL,Stellar Bancorp Inc,8010,02-26-2024
1104,SCL,Stepan Co,1755,02-26-2024
1105,STEP,StepStone Group Inc,3894,02-26-2024
1106,STRL,Sterling Infrastructure Inc,8066,02-26-2024
1107,SHOO,Steven Madden Ltd,17811,02-26-2024
1108,STC,Stewart Information Services Corp,9151,02-26-2024
1109,SFIX,Stitch Fix Inc,33133,02-26-2024
1110,SYBT,Stock Yards Bancorp Inc,7085,02-26-2024
1111,STNE,StoneCo Ltd,36241,02-26-2024
1112,SRI,Stoneridge Inc,14686,02-26-2024
1113,SNEX,StoneX Group Inc,9397,02-26-2024
1114,STRA,Strategic Education Inc,4196,02-26-2024
1115,LRN,Stride Inc,19059,02-26-2024
1116,RGR,Sturm Ruger & Co Inc,6414,02-26-2024
1117,INN,Summit Hotel Properties Inc,35646,02-26-2024
1118,SUM,Summit Materials Inc,15548,02-26-2024
1119,SXC,SunCoke Energy Inc,38675,02-26-2024
1120,SHO,Sunstone Hotel Investors Inc,36550,02-26-2024
1121,SMCI,Super Micro Computer Inc,7659,02-26-2024
1122,SUPN,Supernus Pharmaceuticals Inc,33624,02-26-2024
1123,SGRY,Surgery Partners Inc,6323,02-26-2024
1124,SRDX,Surmodics Inc,6455,02-26-2024
1125,SG,Sweetgreen Inc,8991,02-26-2024
1126,SLVM,Sylvamo Corp,4363,02-26-2024
1127,SYNA,Synaptics Inc,8862,02-26-2024
1128,TCMD,Tactile Systems Technology Inc,22006,02-26-2024
1129,TALO,Talos Energy Inc,22888,02-26-2024
1130,SKT,Tanger Inc,22298,02-26-2024
1131,TH,Target Hospitality Corp,21002,02-26-2024
1132,TARO,Taro Pharmaceutical Industries Ltd,6914,02-26-2024
1133,TARS,Tarsus Pharmaceuticals Inc,5228,02-26-2024
1134,TMHC,Taylor Morrison Home Corp,21998,02-26-2024
1135,TK,Teekay Corp,39813,02-26-2024
1136,TNK,Teekay Tankers Ltd,10746,02-26-2024
1137,TGNA,TEGNA Inc,40366,02-26-2024
1138,TELA,Tela Bio Inc,10522,02-26-2024
1139,TDS,Telephone and Data Systems Inc,5061,02-26-2024
1140,TENB,Tenable Holdings Inc,15175,02-26-2024
1141,TNC,Tennant Co,7811,02-26-2024
1142,WULF,Terawulf Inc,65545,02-26-2024
1143,TEX,Terex Corp,13186,02-26-2024
1144,TRNO,Terreno Realty Corp,10365,02-26-2024
1145,TTI,TETRA Technologies Inc,78384,02-26-2024
1146,TCBI,Texas Capital Bancshares Inc,8249,02-26-2024
1147,TGH,Textainer Group Holdings Ltd,10657,02-26-2024
1148,TGTX,TG Therapeutics Inc,25079,02-26-2024
1149,TBPH,Theravance Biopharma Inc,12749,02-26-2024
1150,THR,Thermon Group Holdings Inc,7078,02-26-2024
1151,TWKS,Thoughtworks Holding Inc,31441,02-26-2024
1152,THRY,Thryv Holdings Inc,11648,02-26-2024
1153,TDW,Tidewater Inc,3908,02-26-2024
1154,TSBK,Timberland Bancorp Inc,3530,02-26-2024
1155,TMST,TimkenSteel Corp,20387,02-26-2024
1156,TIO,Tingo Group Inc,118595,02-26-2024
1157,TWI,Titan International Inc,14725,02-26-2024
1158,TITN,Titan Machinery Inc,14439,02-26-2024
1159,TMP,Tompkins Financial Corp,3572,02-26-2024
1160,MODG,Topgolf Callaway Brands Corp,7957,02-26-2024
1161,TOWN,Towne Bank,13665,02-26-2024
1162,TRNS,Transcat Inc,6051,02-26-2024
1163,TMDX,TransMedics Group Inc,1509,02-26-2024
1164,THS,TreeHouse Foods Inc,11028,02-26-2024
1165,TPH,Tri Pointe Homes Inc,23241,02-26-2024
1166,TCBK,TriCo Bancshares,8954,02-26-2024
1167,TRS,TriMas Corp,9386,02-26-2024
1168,TNET,TriNet Group Inc,6300,02-26-2024
1169,TRN,Trinity Industries Inc,5939,02-26-2024
1170,TSE,Trinseo PLC,2660,02-26-2024
1171,TFIN,Triumph Financial Inc,3805,02-26-2024
1172,TGI,Triumph Group Inc,8034,02-26-2024
1173,TROX,Tronox Holdings PLC,17070,02-26-2024
1174,TBI,TrueBlue Inc,28503,02-26-2024
1175,TRUE,TrueCar Inc,85375,02-26-2024
1176,TRST,TrustCo Bank Corp NY,5541,02-26-2024
1177,TRMK,Trustmark Corp,12631,02-26-2024
1178,TTEC,TTEC Holdings Inc,4857,02-26-2024
1179,TTMI,TTM Technologies Inc,30420,02-26-2024
1180,TPB,Turning Point Brands Inc,7371,02-26-2024
1181,HEAR,Turtle Beach Corp,4906,02-26-2024
1182,TPC,Tutor Perini Corp,16571,02-26-2024
1183,TWO,Two Harbors Investment Corp,7391,02-26-2024
1184,UDMY,Udemy Inc,23390,02-26-2024
1185,UFPI,UFP Industries Inc,16412,02-26-2024
1186,UFPT,UFP Technologies Inc,1627,02-26-2024
1187,UCTT,Ultra Clean Holdings Inc,11903,02-26-2024
1188,UMBF,UMB Financial Corp,8597,02-26-2024
1189,UMH,UMH Properties Inc,10856,02-26-2024
1190,UNF,UniFirst Corp,2845,02-26-2024
1191,UIS,Unisys Corp,30726,02-26-2024
1192,UBSI,United Bankshares Inc,17596,02-26-2024
1193,UCBI,United Community Banks Inc,15318,02-26-2024
1194,UNFI,United Natural Foods Inc,16945,02-26-2024
1195,PRKS,United Parks & Resorts Inc,5635,02-26-2024
1196,USLM,United States Lime & Minerals Inc,1933,02-26-2024
1197,UNIT,Uniti Group Inc,63053,02-26-2024
1198,UTL,Unitil Corp,5089,02-26-2024
1199,UNTY,Unity Bancorp Inc,6514,02-26-2024
1200,UVV,Universal Corp,6809,02-26-2024
1201,UHT,Universal Health Realty Income Trust,2975,02-26-2024
1202,UVE,Universal Insurance Holdings Inc,8114,02-26-2024
1203,UVSP,Univest Financial Corp,6590,02-26-2024
1204,UPBD,Upbound Group Inc,21991,02-26-2024
1205,UPST,Upstart Holdings Inc,4351,02-26-2024
1206,UPWK,Upwork Inc,22704,02-26-2024
1207,UEC,Uranium Energy Corp,25886,02-26-2024
1208,UE,Urban Edge Properties,15226,02-26-2024
1209,URBN,Urban Outfitters Inc,8096,02-26-2024
1210,URGN,UroGen Pharma Ltd,18940,02-26-2024
1211,USPH,US Physical Therapy Inc,2570,02-26-2024
1212,SLCA,US Silica Holdings Inc,19232,02-26-2024
1213,USNA,USANA Health Sciences Inc,5583,02-26-2024
1214,UTZ,Utz Brands Inc,7480,02-26-2024
1215,VVX,V2X Inc,6841,02-26-2024
1216,EGY,VAALCO Energy Inc,47076,02-26-2024
1217,VAL,Valaris Ltd,6952,02-26-2024
1218,VLY,Valley National Bancorp,68959,02-26-2024
1219,VNDA,Vanda Pharmaceuticals Inc,51368,02-26-2024
1220,VREX,Varex Imaging Corp,14384,02-26-2024
1221,VRNS,Varonis Systems Inc,14732,02-26-2024
1222,PCVX,Vaxcyte Inc,5092,02-26-2024
1223,VGR,Vector Group Ltd,40191,02-26-2024
1224,VECO,Veeco Instruments Inc,10518,02-26-2024
1225,VRA,Vera Bradley Inc,22236,02-26-2024
1226,VERA,Vera Therapeutics Inc,6978,02-26-2024
1227,VCYT,Veracyte Inc,7922,02-26-2024
1228,MDRX,Veradigm Inc,36719,02-26-2024
1229,VCEL,Vericel Corp,23527,02-26-2024
1230,VRNT,Verint Systems Inc,13042,02-26-2024
1231,VRE,Veris Residential Inc,20160,02-26-2024
1232,VBTX,Veritex Holdings Inc,9706,02-26-2024
1233,VRRM,Verra Mobility Corp,21019,02-26-2024
1234,VRCA,Verrica Pharmaceuticals Inc,9950,02-26-2024
1235,VTNR,Vertex Energy Inc,30617,02-26-2024
1236,VIAV,Viavi Solutions Inc,37921,02-26-2024
1237,VICR,Vicor Corp,7066,02-26-2024
1238,VCTR,Victory Capital Holdings Inc,4255,02-26-2024
1239,VMD,Viemed Healthcare Inc,32121,02-26-2024
1240,VIGL,Vigil Neuroscience Inc,7870,02-26-2024
1241,VKTX,Viking Therapeutics Inc,6787,02-26-2024
1242,VLGEA,Village Super Market Inc,7837,02-26-2024
1243,VIR,Vir Biotechnology Inc,1782,02-26-2024
1244,VABK,Virginia National Bankshares Corp,4442,02-26-2024
1245,VRTS,Virtus Investment Partners Inc,2437,02-26-2024
1246,VSH,Vishay Intertechnology Inc,27649,02-26-2024
1247,VPG,Vishay Precision Group Inc,7738,02-26-2024
1248,VSTO,Vista Outdoor Inc,13736,02-26-2024
1249,VC,Visteon Corp,2791,02-26-2024
1250,COCO,Vita Coco Co Inc,4905,02-26-2024
1251,VTLE,Vital Energy Inc,5293,02-26-2024
1252,VITL,Vital Farms Inc,17412,02-26-2024
1253,VYGR,Voyager Therapeutics Inc,26298,02-26-2024
1254,WTI,W&T Offshore Inc,85961,02-26-2024
1255,WNC,Wabash National Corp,16205,02-26-2024
1256,WAFD,WaFd Inc,14629,02-26-2024
1257,WD,Walker & Dunlop Inc,4729,02-26-2024
1258,HCC,Warrior Met Coal Inc,21537,02-26-2024
1259,WASH,Washington Trust Bancorp Inc,6515,02-26-2024
1260,WSBF,Waterstone Financial Inc,16053,02-26-2024
1261,WTS,Watts Water Technologies Inc,7661,02-26-2024
1262,WDFC,WD-40 Co,3059,02-26-2024
1263,WFRD,Weatherford International PLC,9557,02-26-2024
1264,WEAV,Weave Communications Inc,10931,02-26-2024
1265,WMK,Weis Markets Inc,5731,02-26-2024
1266,WERN,Werner Enterprises Inc,7902,02-26-2024
1267,WSBC,WesBanco Inc,11471,02-26-2024
1268,WTBA,West BanCorp Inc,12439,02-26-2024
1269,WABC,Westamerica BanCorp,7954,02-26-2024
1270,WSR,Whitestone REIT,21469,02-26-2024
1271,WLDN,Willdan Group Inc,8002,02-26-2024
1272,WINA,Winmark Corp,1663,02-26-2024
1273,WGO,Winnebago Industries Inc,9974,02-26-2024
1274,WT,WisdomTree Inc,48527,02-26-2024
1275,WWW,Wolverine World Wide Inc,13748,02-26-2024
1276,WK,Workiva Inc,7751,02-26-2024
1277,WRLD,World Acceptance Corp,808,02-26-2024
1278,WKC,World Kinect Corp,14592,02-26-2024
1279,WOR,Worthington Enterprises Inc,6961,02-26-2024
1280,WS,Worthington Steel Inc,6820,02-26-2024
1281,WSFS,WSFS Financial Corp,12374,02-26-2024
1282,WW,WW International Inc,42501,02-26-2024
1283,XNCR,Xencor Inc,6698,02-26-2024
1284,XHR,Xenia Hotels & Resorts Inc,24075,02-26-2024
1285,XERS,Xeris Biopharma Holdings Inc,4089,02-26-2024
1286,XRX,Xerox Holdings Corp,24337,02-26-2024
1287,XPEL,XPEL Inc,10492,02-26-2024
1288,XPER,Xperi Inc,12265,02-26-2024
1289,YMAB,Y-mAbs Therapeutics Inc,8538,02-26-2024
1290,YELP,Yelp Inc,21756,02-26-2024
1291,YEXT,Yext Inc,45140,02-26-2024
1292,YORW,York Water Co,4853,02-26-2024
1293,ZETA,Zeta Global Holdings Corp,34743,02-26-2024
1294,ZD,Ziff Davis Inc,6419,02-26-2024
1295,ZIMV,Zimvie Inc,11125,02-26-2024
1296,ZIP,ZipRecruiter Inc,7720,02-26-2024
1297,ZUMZ,Zumiez Inc,11908,02-26-2024
1298,ZUO,Zuora Inc,23353,02-26-2024
1299,ZWS,Zurn Elkay Water Solutions Corp,11571,02-26-2024
1300,ZYXI,Zynex Inc,18542,02-26-2024
1301,--,USD U.S. DOLLAR,0,02-26-2024
