,Ticker,Name,Shares,Date
0,FLWS,1-800-Flowers.com Inc,20308,03-06-2023
1,SRCE,1st Source Corp,3737,03-06-2023
2,TWOU,2U Inc,19799,03-06-2023
3,EGHT,8x8 Inc,52749,03-06-2023
4,AMRK,A-Mark Precious Metals Inc,11151,03-06-2023
5,ATEN,A10 Networks Inc,44854,03-06-2023
6,AAON,AAON Inc,5909,03-06-2023
7,AIR,AAR Corp,8980,03-06-2023
8,AAN,Aarons Co Inc,15373,03-06-2023
9,ABCL,AbCellera Biologics Inc,53051,03-06-2023
10,ANF,Abercrombie & Fitch Co,17602,03-06-2023
11,ABM,ABM Industries Inc,12278,03-06-2023
12,ASO,Academy Sports & Outdoors Inc,12866,03-06-2023
13,ACAD,ACADIA Pharmaceuticals Inc,36674,03-06-2023
14,AKR,Acadia Realty Trust,15369,03-06-2023
15,ACCO,ACCO Brands Corp,27498,03-06-2023
16,ACIW,ACI Worldwide Inc,19046,03-06-2023
17,ACNB,ACNB Corp,2048,03-06-2023
18,GOLF,Acushnet Holdings Corp,9920,03-06-2023
19,ACVA,ACV Auctions Inc,14827,03-06-2023
20,AHCO,AdaptHealth Corp,14901,03-06-2023
21,ADUS,Addus HomeCare Corp,3548,03-06-2023
22,ADEA,Adeia Inc,33445,03-06-2023
23,ADNT,Adient PLC,13358,03-06-2023
24,ADMA,ADMA Biologics Inc,25107,03-06-2023
25,ATGE,Adtalem Global Education Inc,11998,03-06-2023
26,ADTN,ADTRAN Holdings Inc,10885,03-06-2023
27,AEIS,Advanced Energy Industries Inc,6849,03-06-2023
28,ASIX,AdvanSix Inc,9051,03-06-2023
29,ADV,Advantage Solutions Inc,4917,03-06-2023
30,AJRD,Aerojet Rocketdyne Holdings Inc,7206,03-06-2023
31,AVAV,AeroVironment Inc,1553,03-06-2023
32,AGYS,Agilysys Inc,10683,03-06-2023
33,ADC,Agree Realty Corp,8511,03-06-2023
34,ATSG,Air Transport Services Group Inc,7431,03-06-2023
35,ALG,Alamo Group Inc,3090,03-06-2023
36,ALRM,Alarm.com Holdings Inc,9869,03-06-2023
37,AIN,Albany International Corp,4230,03-06-2023
38,ALEC,Alector Inc,23002,03-06-2023
39,ALEX,Alexander & Baldwin Inc,24583,03-06-2023
40,ALX,Alexanders Inc,542,03-06-2023
41,ALCO,Alico Inc,864,03-06-2023
42,ALIT,Alight Inc,31898,03-06-2023
43,ALKS,Alkermes PLC,50321,03-06-2023
44,ALGT,Allegiant Travel Co,1759,03-06-2023
45,ALE,ALLETE Inc,11510,03-06-2023
46,AMOT,Allied Motion Technologies Inc,10596,03-06-2023
47,AOSL,Alpha & Omega Semiconductor Ltd,10181,03-06-2023
48,AMR,Alpha Metallurgical Resources Inc,6388,03-06-2023
49,ALTR,Altair Engineering Inc,9749,03-06-2023
50,ALTO,Alto Ingredients Inc,39306,03-06-2023
51,AIMC,Altra Industrial Motion Corp,11752,03-06-2023
52,AMBC,Ambac Financial Group Inc,5859,03-06-2023
53,AMBA,Ambarella Inc,5297,03-06-2023
54,AMCX,AMC Networks Inc,5339,03-06-2023
55,AMTB,Amerant Bancorp Inc,4910,03-06-2023
56,AMRC,Ameresco Inc,3690,03-06-2023
57,AAT,American Assets Trust Inc,8268,03-06-2023
58,AXL,American Axle & Manufacturing Holdings Inc,35319,03-06-2023
59,AEO,American Eagle Outfitters Inc,18024,03-06-2023
60,AEL,American Equity Investment Life Holding Co,23149,03-06-2023
61,AMNB,American National Bankshares Inc,4273,03-06-2023
62,APEI,American Public Education Inc,14497,03-06-2023
63,AMSWA,American Software Inc,11905,03-06-2023
64,AWR,American States Water Co,11033,03-06-2023
65,AVD,American Vanguard Corp,19000,03-06-2023
66,AMWD,American Woodmark Corp,4122,03-06-2023
67,ABCB,Ameris Bancorp,13938,03-06-2023
68,AMSF,AMERISAFE Inc,6660,03-06-2023
69,FOLD,Amicus Therapeutics Inc,15729,03-06-2023
70,AMKR,Amkor Technology Inc,30413,03-06-2023
71,AMN,AMN Healthcare Services Inc,13036,03-06-2023
72,AMRX,Amneal Pharmaceuticals Inc,89886,03-06-2023
73,AMPH,Amphastar Pharmaceuticals Inc,23367,03-06-2023
74,AMPY,Amplify Energy Corp,33648,03-06-2023
75,ANDE,Andersons Inc,3791,03-06-2023
76,ANGO,AngioDynamics Inc,15310,03-06-2023
77,ANIP,ANI Pharmaceuticals Inc,3448,03-06-2023
78,ANIK,Anika Therapeutics Inc,12239,03-06-2023
79,HOUS,Anywhere Real Estate Inc,68666,03-06-2023
80,AIV,Apartment Investment and Management Co,59643,03-06-2023
81,APLS,Apellis Pharmaceuticals Inc,5847,03-06-2023
82,APG,API Group Corp,25709,03-06-2023
83,APOG,Apogee Enterprises Inc,10207,03-06-2023
84,ARI,Apollo Commercial Real Estate Finance Inc,28770,03-06-2023
85,APPF,Appfolio Inc,5119,03-06-2023
86,APPN,Appian Corp,8517,03-06-2023
87,APLE,Apple Hospitality REIT Inc,39360,03-06-2023
88,AIT,Applied Industrial Technologies Inc,12520,03-06-2023
89,ABR,Arbor Realty Trust Inc,27149,03-06-2023
90,ARCB,ArcBest Corp,7000,03-06-2023
91,ARCH,Arch Resources Inc,5404,03-06-2023
92,AROC,Archrock Inc,34695,03-06-2023
93,ARNC,Arconic Corp,7824,03-06-2023
94,ACA,Arcosa Inc,9360,03-06-2023
95,RCUS,Arcus Biosciences Inc,16102,03-06-2023
96,ASC,Ardmore Shipping Corp,9050,03-06-2023
97,AREN,Arena Group Holdings Inc,10645,03-06-2023
98,ACRE,Ares Commercial Real Estate Corp,15147,03-06-2023
99,AGX,Argan Inc,3283,03-06-2023
100,ARGO,Argo Group International Holdings Ltd,4807,03-06-2023
101,AHH,Armada Hoffler Properties Inc,10921,03-06-2023
102,ARR,ARMOUR Residential REIT Inc,20223,03-06-2023
103,ARRY,Array Technologies Inc,6796,03-06-2023
104,AROW,Arrow Financial Corp,8482,03-06-2023
105,ARWR,Arrowhead Pharmaceuticals Inc,5992,03-06-2023
106,APAM,Artisan Partners Asset Management Inc,18154,03-06-2023
107,ARVN,Arvinas Inc,5652,03-06-2023
108,ASAN,Asana Inc,9917,03-06-2023
109,ABG,Asbury Automotive Group Inc,4428,03-06-2023
110,ASGN,ASGN Inc,12059,03-06-2023
111,ASB,Associated Banc-Corp,23175,03-06-2023
112,ASTE,Astec Industries Inc,7098,03-06-2023
113,AVIR,Atea Pharmaceuticals Inc,25322,03-06-2023
114,ATI,ATI Inc,9326,03-06-2023
115,ATKR,Atkore Inc,14801,03-06-2023
116,AUB,Atlantic Union Bankshares Corp,12268,03-06-2023
117,ATLC,Atlanticus Holdings Corp,2801,03-06-2023
118,AAWW,Atlas Air Worldwide Holdings Inc,6434,03-06-2023
119,ATCX,Atlas Technical Consultants Inc,2800,03-06-2023
120,ATRC,AtriCure Inc,7051,03-06-2023
121,ATRI,Atrion Corp,233,03-06-2023
122,AVNS,Avanos Medical Inc,12427,03-06-2023
123,AVTA,Avantax Inc,7605,03-06-2023
124,AVID,Avid Technology Inc,25673,03-06-2023
125,AVNT,Avient Corp,15458,03-06-2023
126,AVA,Avista Corp,13670,03-06-2023
127,ACLS,Axcelis Technologies Inc,11478,03-06-2023
128,AXNX,Axonics Inc,3121,03-06-2023
129,AX,Axos Financial Inc,20249,03-06-2023
130,AXSM,Axsome Therapeutics Inc,1512,03-06-2023
131,AZZ,AZZ Inc,5026,03-06-2023
132,RILY,B Riley Financial Inc,2068,03-06-2023
133,BGS,B&G Foods Inc,11109,03-06-2023
134,BW,Babcock & Wilcox Enterprises Inc,22147,03-06-2023
135,BMI,Badger Meter Inc,7908,03-06-2023
136,BCPC,Balchem Corp,3474,03-06-2023
137,BALY,Ballys Corp,7579,03-06-2023
138,BANC,Banc of California Inc,8397,03-06-2023
139,BANF,BancFirst Corp,6584,03-06-2023
140,BLX,Banco Latinoamericano de Comercio Exterior SA,11099,03-06-2023
141,TBBK,Bancorp Inc,14558,03-06-2023
142,BFC,Bank First Corp,2451,03-06-2023
143,BMRC,Bank of Marin Bancorp,3879,03-06-2023
144,NTB,Bank of NT Butterfield & Son Ltd,20514,03-06-2023
145,BKU,BankUnited Inc,15456,03-06-2023
146,BWFG,Bankwell Financial Group Inc,5315,03-06-2023
147,BANR,Banner Corp,5747,03-06-2023
148,B,Barnes Group Inc,7200,03-06-2023
149,BBSI,Barrett Business Services Inc,2561,03-06-2023
150,BCML,BayCom Corp,2641,03-06-2023
151,BCBP,BCB Bancorp Inc,12066,03-06-2023
152,BODY,Beachbody Co Inc,90286,03-06-2023
153,BECN,Beacon Roofing Supply Inc,12031,03-06-2023
154,BEAM,Beam Therapeutics Inc,3549,03-06-2023
155,SKIN,Beauty Health Co,9344,03-06-2023
156,BZH,Beazer Homes USA Inc,9461,03-06-2023
157,BDC,Belden Inc,6866,03-06-2023
158,BRBR,BellRing Brands Inc,9796,03-06-2023
159,BHE,Benchmark Electronics Inc,10946,03-06-2023
160,BHLB,Berkshire Hills Bancorp Inc,6396,03-06-2023
161,BRY,Berry Corp,21427,03-06-2023
162,BGCP,BGC Partners Inc,29915,03-06-2023
163,BGFV,Big 5 Sporting Goods Corp,11008,03-06-2023
164,BIG,Big Lots Inc,11152,03-06-2023
165,BCRX,BioCryst Pharmaceuticals Inc,19149,03-06-2023
166,BJRI,BJs Restaurants Inc,4460,03-06-2023
167,BKH,Black Hills Corp,12344,03-06-2023
168,BLKB,Blackbaud Inc,7806,03-06-2023
169,BL,Blackline Inc,2361,03-06-2023
170,BXMT,Blackstone Mortgage Trust Inc,20440,03-06-2023
171,BE,Bloom Energy Corp,8578,03-06-2023
172,BLMN,Bloomin Brands Inc,14185,03-06-2023
173,BLBD,Blue Bird Corp,6067,03-06-2023
174,BRBS,Blue Ridge Bankshares Inc,7283,03-06-2023
175,BVH,Bluegreen Vacations Holding Corp,7938,03-06-2023
176,BXC,BlueLinx Holdings Inc,8573,03-06-2023
177,BCC,Boise Cascade Co,18306,03-06-2023
178,BOOT,Boot Barn Holdings Inc,4775,03-06-2023
179,BOX,Box Inc,31392,03-06-2023
180,BRC,Brady Corp,13957,03-06-2023
181,BHR,Braemar Hotels & Resorts Inc,27050,03-06-2023
182,BDN,Brandywine Realty Trust,27827,03-06-2023
183,BFH,Bread Financial Holdings Inc,8013,03-06-2023
184,BCOV,Brightcove Inc,37318,03-06-2023
185,BSIG,Brightsphere Investment Group Inc,12770,03-06-2023
186,BV,BrightView Holdings Inc,3041,03-06-2023
187,EAT,Brinker International Inc,7217,03-06-2023
188,BCO,Brinks Co,5015,03-06-2023
189,VTOL,Bristow Group Inc,6962,03-06-2023
190,BRMK,Broadmark Realty Capital Inc,32686,03-06-2023
191,BNL,Broadstone Net Lease Inc,21901,03-06-2023
192,BIPC,Brookfield Infrastructure Corp,22989,03-06-2023
193,BRKL,Brookline Bancorp Inc,23330,03-06-2023
194,BRP,BRP Group Inc,4301,03-06-2023
195,BRT,BRT Apartments Corp,8988,03-06-2023
196,BKE,Buckle Inc,10149,03-06-2023
197,BMBL,Bumble Inc,4776,03-06-2023
198,BY,Byline Bancorp Inc,5518,03-06-2023
199,CBT,Cabot Corp,8871,03-06-2023
200,WHD,Cactus Inc,8289,03-06-2023
201,CADE,Cadence Bank,31379,03-06-2023
202,CSTE,Caesarstone Ltd,10776,03-06-2023
203,CALM,Cal-Maine Foods Inc,7853,03-06-2023
204,CAL,Caleres Inc,15487,03-06-2023
205,CRC,California Resources Corp,12639,03-06-2023
206,CWT,California Water Service Group,8998,03-06-2023
207,CALX,Calix Inc,13830,03-06-2023
208,CPE,Callon Petroleum Co,10362,03-06-2023
209,CMBM,Cambium Networks Corp,8447,03-06-2023
210,CATC,Cambridge Bancorp,1646,03-06-2023
211,CAC,Camden National Corp,8619,03-06-2023
212,CWH,Camping World Holdings Inc,5518,03-06-2023
213,CNNE,Cannae Holdings Inc,5991,03-06-2023
214,CCBG,Capital City Bank Group Inc,8477,03-06-2023
215,CFFN,Capitol Federal Financial Inc,15823,03-06-2023
216,CSII,Cardiovascular Systems Inc,15764,03-06-2023
217,CDNA,CareDx Inc,11473,03-06-2023
218,CTRE,CareTrust REIT Inc,16839,03-06-2023
219,CARG,Cargurus Inc,22223,03-06-2023
220,PRTS,CarParts.com Inc,21124,03-06-2023
221,CRS,Carpenter Technology Corp,8540,03-06-2023
222,CSV,Carriage Services Inc,7921,03-06-2023
223,CARS,Cars.com Inc,26619,03-06-2023
224,CASA,Casa Systems Inc,33363,03-06-2023
225,CWST,Casella Waste Systems Inc,5271,03-06-2023
226,CASS,Cass Information Systems Inc,4710,03-06-2023
227,CPRX,Catalyst Pharmaceuticals Inc,72223,03-06-2023
228,CATY,Cathay General Bancorp,16811,03-06-2023
229,CVCO,Cavco Industries Inc,1308,03-06-2023
230,CBZ,CBIZ Inc,12414,03-06-2023
231,CBL,CBL & Associates Properties Inc,6348,03-06-2023
232,CLDX,Celldex Therapeutics Inc,4066,03-06-2023
233,CELH,Celsius Holdings Inc,5798,03-06-2023
234,CSR,Centerspace,2616,03-06-2023
235,CENTA,Central Garden & Pet Co,8705,03-06-2023
236,CENT,Central Garden & Pet Co,5284,03-06-2023
237,CPF,Central Pacific Financial Corp,9154,03-06-2023
238,LEU,Centrus Energy Corp,3184,03-06-2023
239,CCS,Century Communities Inc,3440,03-06-2023
240,CRNC,Cerence Inc,8374,03-06-2023
241,CERE,Cerevel Therapeutics Holdings Inc,3613,03-06-2023
242,CERS,Cerus Corp,24325,03-06-2023
243,CEVA,CEVA Inc,5612,03-06-2023
244,CHX,ChampionX Corp,23801,03-06-2023
245,GTLS,Chart Industries Inc,3876,03-06-2023
246,CCF,Chase Corp,5119,03-06-2023
247,CLDT,Chatham Lodging Trust,16545,03-06-2023
248,CAKE,Cheesecake Factory Inc,5336,03-06-2023
249,CHEF,Chefs Warehouse Inc,4024,03-06-2023
250,CHGG,Chegg Inc,6171,03-06-2023
251,CPK,Chesapeake Utilities Corp,4601,03-06-2023
252,CHS,Chicos FAS Inc,33145,03-06-2023
253,PLCE,Childrens Place Inc,4450,03-06-2023
254,CIM,Chimera Investment Corp,22263,03-06-2023
255,KDNY,Chinook Therapeutics Inc,4030,03-06-2023
256,CHRD,Chord Energy Corp,6937,03-06-2023
257,CHUY,Chuys Holdings Inc,4645,03-06-2023
258,CMPR,Cimpress PLC,9256,03-06-2023
259,CNK,Cinemark Holdings Inc,10495,03-06-2023
260,CIR,CIRCOR International Inc,5520,03-06-2023
261,CTRN,Citi Trends Inc,6835,03-06-2023
262,CZNC,Citizens & Northern Corp,152,03-06-2023
263,CHCO,City Holding Co,6272,03-06-2023
264,CIO,City Office REIT Inc,14827,03-06-2023
265,CIVB,Civista Bancshares Inc,10574,03-06-2023
266,CIVI,Civitas Resources Inc,13412,03-06-2023
267,CMTG,Claros Mortgage Trust Inc,7697,03-06-2023
268,CLNE,Clean Energy Fuels Corp,16020,03-06-2023
269,YOU,Clear Secure Inc,3088,03-06-2023
270,CLFD,Clearfield Inc,6384,03-06-2023
271,CLW,Clearwater Paper Corp,5991,03-06-2023
272,CWEN/A,Clearway Energy Inc,27473,03-06-2023
273,CWEN,Clearway Energy Inc,31030,03-06-2023
274,CCNE,CNB Financial Corp,7204,03-06-2023
275,CNO,CNO Financial Group Inc,31483,03-06-2023
276,CNX,CNX Resources Corp,24959,03-06-2023
277,COKE,Coca-Cola Consolidated Inc,2291,03-06-2023
278,CCOI,Cogent Communications Holdings Inc,7771,03-06-2023
279,CNS,Cohen & Steers Inc,8868,03-06-2023
280,CHRS,Coherus Biosciences Inc,29421,03-06-2023
281,COHU,Cohu Inc,13143,03-06-2023
282,COLL,Collegium Pharmaceutical Inc,32043,03-06-2023
283,CBAN,Colony Bankcorp Inc,4199,03-06-2023
284,COLB,Columbia Banking System Inc,11182,03-06-2023
285,CLBK,Columbia Financial Inc,6766,03-06-2023
286,CMCO,Columbus McKinnon Corp,8202,03-06-2023
287,FIX,Comfort Systems USA Inc,9954,03-06-2023
288,CMC,Commercial Metals Co,27292,03-06-2023
289,COMM,CommScope Holding Co Inc,12367,03-06-2023
290,CBU,Community Bank System Inc,8303,03-06-2023
291,CHCT,Community Healthcare Trust Inc,6074,03-06-2023
292,CTBI,Community Trust Bancorp Inc,5217,03-06-2023
293,CVLT,CommVault Systems Inc,12876,03-06-2023
294,COMP,Compass Inc,258941,03-06-2023
295,CMP,Compass Minerals International Inc,2970,03-06-2023
296,CPSI,Computer Programs and Systems Inc,13455,03-06-2023
297,CRK,Comstock Resources Inc,55725,03-06-2023
298,CMTL,Comtech Telecommunications Corp,9265,03-06-2023
299,CNDT,Conduent Inc,85194,03-06-2023
300,CNMD,CONMED Corp,3256,03-06-2023
301,CNOB,ConnectOne Bancorp Inc,6860,03-06-2023
302,CONN,Conns Inc,8402,03-06-2023
303,CCSI,Consensus Cloud Solutions Inc,3103,03-06-2023
304,CEIX,CONSOL Energy Inc,12648,03-06-2023
305,CNSL,Consolidated Communications Holdings Inc,15574,03-06-2023
306,CSTM,Constellium SE,18061,03-06-2023
307,CPSS,Consumer Portfolio Services Inc,9278,03-06-2023
308,TCS,Container Store Group Inc,11262,03-06-2023
309,CORT,Corcept Therapeutics Inc,58869,03-06-2023
310,CXW,CoreCivic Inc,34118,03-06-2023
311,OFC,Corporate Office Properties Trust,17578,03-06-2023
312,CRSR,Corsair Gaming Inc,6705,03-06-2023
313,CRVL,CorVel Corp,3132,03-06-2023
314,CMRE,Costamare Inc,14595,03-06-2023
315,BASE,Couchbase Inc,7751,03-06-2023
316,CVLG,Covenant Logistics Group Inc,3936,03-06-2023
317,CRAI,CRA International Inc,3841,03-06-2023
318,CBRL,Cracker Barrel Old Country Store Inc,1838,03-06-2023
319,CRD/A,Crawford & Co,652,03-06-2023
320,CRDO,Credo Technology Group Holding Ltd,6320,03-06-2023
321,CROX,Crocs Inc,10602,03-06-2023
322,CCRN,Cross Country Healthcare Inc,27620,03-06-2023
323,CYRX,CryoPort Inc,5350,03-06-2023
324,CSGS,CSG Systems International Inc,11929,03-06-2023
325,CSWI,CSW Industrials Inc,4287,03-06-2023
326,CTO,CTO Realty Growth Inc,11245,03-06-2023
327,CTS,CTS Corp,6532,03-06-2023
328,HLTH,Cue Health Inc,6951,03-06-2023
329,CURO,Curo Group Holdings Corp,14820,03-06-2023
330,CWK,Cushman & Wakefield PLC,65937,03-06-2023
331,CUBI,Customers Bancorp Inc,16022,03-06-2023
332,CUTR,Cutera Inc,6918,03-06-2023
333,CVBF,CVB Financial Corp,18166,03-06-2023
334,CVT,Cvent Holding Corp,24145,03-06-2023
335,CVI,CVR Energy Inc,5701,03-06-2023
336,CYTK,Cytokinetics Inc,6403,03-06-2023
337,DAN,Dana Inc,24969,03-06-2023
338,DSKE,Daseke Inc,4389,03-06-2023
339,PLAY,Dave & Busters Entertainment Inc,5259,03-06-2023
340,DCPH,Deciphera Pharmaceuticals Inc,7578,03-06-2023
341,DK,Delek US Holdings Inc,14316,03-06-2023
342,DLX,Deluxe Corp,16351,03-06-2023
343,DNLI,Denali Therapeutics Inc,3075,03-06-2023
344,DEN,Denbury Inc,4876,03-06-2023
345,DENN,Dennys Corp,17343,03-06-2023
346,DBI,Designer Brands Inc,12180,03-06-2023
347,DXLG,Destination XL Group Inc,21135,03-06-2023
348,DHX,DHI Group Inc,31319,03-06-2023
349,DHT,DHT Holdings Inc,33792,03-06-2023
350,DHIL,Diamond Hill Investment Group Inc,1801,03-06-2023
351,DO,Diamond Offshore Drilling Inc,17312,03-06-2023
352,DRH,DiamondRock Hospitality Co,31521,03-06-2023
353,DGII,Digi International Inc,11590,03-06-2023
354,APPS,Digital Turbine Inc,12726,03-06-2023
355,DBRG,DigitalBridge Group Inc,13410,03-06-2023
356,DDS,Dillards Inc,2639,03-06-2023
357,DCOM,Dime Community Bancshares Inc,10793,03-06-2023
358,DIN,Dine Brands Global Inc,1865,03-06-2023
359,DIOD,Diodes Inc,13234,03-06-2023
360,DSGR,Distribution Solutions Group Inc,4451,03-06-2023
361,DHC,Diversified Healthcare Trust,54076,03-06-2023
362,DOMO,Domo Inc,10415,03-06-2023
363,DFIN,Donnelley Financial Solutions Inc,11833,03-06-2023
364,LPG,Dorian LPG Ltd,13152,03-06-2023
365,DORM,Dorman Products Inc,8258,03-06-2023
366,PLOW,Douglas Dynamics Inc,3315,03-06-2023
367,DOUG,Douglas Elliman Inc,41120,03-06-2023
368,DRQ,Dril-Quip Inc,5404,03-06-2023
369,DCO,Ducommun Inc,2546,03-06-2023
370,DLTH,Duluth Holdings Inc,7144,03-06-2023
371,DUOL,Duolingo Inc,1368,03-06-2023
372,DXPE,DXP Enterprises Inc,14363,03-06-2023
373,DY,Dycom Industries Inc,3981,03-06-2023
374,DVAX,Dynavax Technologies Corp,58279,03-06-2023
375,DX,Dynex Capital Inc,19723,03-06-2023
376,EGBN,Eagle Bancorp Inc,8926,03-06-2023
377,EGLE,Eagle Bulk Shipping Inc,5149,03-06-2023
378,EGRX,Eagle Pharmaceuticals Inc,9783,03-06-2023
379,DEA,Easterly Government Properties Inc,14247,03-06-2023
380,EBC,Eastern Bankshares Inc,15214,03-06-2023
381,EBIX,Ebix Inc,14164,03-06-2023
382,SATS,EchoStar Corp,13603,03-06-2023
383,EPC,Edgewell Personal Care Co,11589,03-06-2023
384,EGIO,Edgio Inc,27773,03-06-2023
385,EGAN,eGain Corp,18827,03-06-2023
386,LOCO,El Pollo Loco Holdings Inc,11989,03-06-2023
387,ELF,elf Beauty Inc,6794,03-06-2023
388,EFC,Ellington Financial Inc,17208,03-06-2023
389,ELME,Elme Communities,10519,03-06-2023
390,EMBC,Embecta Corp,13594,03-06-2023
391,EME,EMCOR Group Inc,12356,03-06-2023
392,EBS,Emergent BioSolutions Inc,36197,03-06-2023
393,EP,Empire Petroleum Corp,5230,03-06-2023
394,ESRT,Empire State Realty Trust Inc,39817,03-06-2023
395,EIG,Employers Holdings Inc,10920,03-06-2023
396,ACT,Enact Holdings Inc,10022,03-06-2023
397,ENTA,Enanta Pharmaceuticals Inc,620,03-06-2023
398,ECPG,Encore Capital Group Inc,12079,03-06-2023
399,WIRE,Encore Wire Corp,7846,03-06-2023
400,ENR,Energizer Holdings Inc,4771,03-06-2023
401,EFR,Energy Fuels Inc,19687,03-06-2023
402,ERII,Energy Recovery Inc,22384,03-06-2023
403,EPAC,Enerpac Tool Group Corp,9919,03-06-2023
404,ENS,EnerSys,3935,03-06-2023
405,EBF,Ennis Inc,7268,03-06-2023
406,ENVA,Enova International Inc,17263,03-06-2023
407,NPO,EnPro Industries Inc,4893,03-06-2023
408,ENSG,Ensign Group Inc,9637,03-06-2023
409,ESGR,Enstar Group Ltd,888,03-06-2023
410,EFSC,Enterprise Financial Services Corp,6057,03-06-2023
411,ENV,Envestnet Inc,6007,03-06-2023
412,PLUS,ePlus Inc,8377,03-06-2023
413,ETRN,Equitrans Midstream Corp,56794,03-06-2023
414,EQC,Equity Commonwealth,10435,03-06-2023
415,ESE,ESCO Technologies Inc,3427,03-06-2023
416,ESQ,Esquire Financial Holdings Inc,3766,03-06-2023
417,ESNT,Essent Group Ltd,23640,03-06-2023
418,EPRT,Essential Properties Realty Trust Inc,11626,03-06-2023
419,ETD,Ethan Allen Interiors Inc,19423,03-06-2023
420,EVRI,Everi Holdings Inc,12622,03-06-2023
421,EVER,EverQuote Inc,18282,03-06-2023
422,EVTC,EVERTEC Inc,13213,03-06-2023
423,EVOP,Evo Payments Inc,5960,03-06-2023
424,EVH,Evolent Health Inc,11564,03-06-2023
425,AQUA,Evoqua Water Technologies Corp,15502,03-06-2023
426,SSP,EW Scripps Co,18520,03-06-2023
427,EXLS,ExlService Holdings Inc,6644,03-06-2023
428,EXPI,eXp World Holdings Inc,64713,03-06-2023
429,EXPO,Exponent Inc,4439,03-06-2023
430,XPRO,Expro Group Holdings NV,6006,03-06-2023
431,EXTR,Extreme Networks Inc,59019,03-06-2023
432,EZPW,EZCORP Inc,18886,03-06-2023
433,FN,Fabrinet,6211,03-06-2023
434,FMAO,Farmers & Merchants Bancorp Inc/Archbold OH,3645,03-06-2023
435,FMNB,Farmers National Banc Corp,11925,03-06-2023
436,FPI,Farmland Partners Inc,11340,03-06-2023
437,FARO,FARO Technologies Inc,5494,03-06-2023
438,FBK,FB Financial Corp,9017,03-06-2023
439,AGM,Federal Agricultural Mortgage Corp,8124,03-06-2023
440,FSS,Federal Signal Corp,8645,03-06-2023
441,FHI,Federated Hermes Inc,24286,03-06-2023
442,FIGS,Figs Inc,35090,03-06-2023
443,FISI,Financial Institutions Inc,10248,03-06-2023
444,FA,First Advantage Corp,10274,03-06-2023
445,FBP,First BanCorp,43620,03-06-2023
446,FNLC,First Bancorp Inc,6027,03-06-2023
447,FBNC,First Bancorp/Southern Pines NC,8124,03-06-2023
448,FBMS,First Bancshares Inc,4242,03-06-2023
449,BUSE,First Busey Corp,9722,03-06-2023
450,FBIZ,First Business Financial Services Inc,7564,03-06-2023
451,FCF,First Commonwealth Financial Corp,22072,03-06-2023
452,FFBC,First Financial Bancorp,19625,03-06-2023
453,FFIN,First Financial Bankshares Inc,25187,03-06-2023
454,THFF,First Financial Corp,4151,03-06-2023
455,FFWM,First Foundation Inc,11183,03-06-2023
456,FGBI,First Guaranty Bancshares Inc,4935,03-06-2023
457,INBK,First Internet Bancorp,5029,03-06-2023
458,FIBK,First Interstate BancSystem Inc,10544,03-06-2023
459,FRME,First Merchants Corp,13560,03-06-2023
460,FMBH,First Mid Bancshares Inc,4682,03-06-2023
461,FLIC,First of Long Island Corp,9115,03-06-2023
462,MYFW,First Western Financial Inc,2364,03-06-2023
463,FCFS,FirstCash Holdings Inc,5496,03-06-2023
464,FLNG,FLEX LNG Ltd,3571,03-06-2023
465,FLR,Fluor Corp,19101,03-06-2023
466,FFIC,Flushing Financial Corp,12946,03-06-2023
467,FOCS,Focus Financial Partners Inc,4601,03-06-2023
468,FL,Foot Locker Inc,5738,03-06-2023
469,FOR,Forestar Group Inc,11212,03-06-2023
470,FORM,FormFactor Inc,19131,03-06-2023
471,FORR,Forrester Research Inc,6043,03-06-2023
472,FWRD,Forward Air Corp,10293,03-06-2023
473,FOSL,Fossil Group Inc,40578,03-06-2023
474,FCPT,Four Corners Property Trust Inc,15466,03-06-2023
475,FOXF,Fox Factory Holding Corp,5811,03-06-2023
476,FRG,Franchise Group Inc,4430,03-06-2023
477,FC,Franklin Covey Co,11835,03-06-2023
478,FELE,Franklin Electric Co Inc,11662,03-06-2023
479,FSP,Franklin Street Properties Corp,32342,03-06-2023
480,FDP,Fresh Del Monte Produce Inc,8638,03-06-2023
481,FTDR,Frontdoor Inc,20625,03-06-2023
482,FRO,Frontline PLC,7289,03-06-2023
483,FRPH,FRP Holdings Inc,3786,03-06-2023
484,FLGT,Fulgent Genetics Inc,10158,03-06-2023
485,FULT,Fulton Financial Corp,31484,03-06-2023
486,FNKO,Funko Inc,11998,03-06-2023
487,FVCB,FVCBankcorp Inc,4871,03-06-2023
488,GIII,G-III Apparel Group Ltd,10996,03-06-2023
489,GCI,Gannett Co Inc,85928,03-06-2023
490,GATX,GATX Corp,3478,03-06-2023
491,GNK,Genco Shipping & Trading Ltd,12428,03-06-2023
492,GCO,Genesco Inc,9337,03-06-2023
493,THRM,Gentherm Inc,8517,03-06-2023
494,GNW,Genworth Financial Inc,109931,03-06-2023
495,GEO,GEO Group Inc,49312,03-06-2023
496,GABC,German American Bancorp Inc,10162,03-06-2023
497,GERN,Geron Corp,38503,03-06-2023
498,GTY,Getty Realty Corp,8603,03-06-2023
499,ROCK,Gibraltar Industries Inc,5717,03-06-2023
500,GBCI,Glacier Bancorp Inc,18575,03-06-2023
501,GOOD,Gladstone Commercial Corp,11517,03-06-2023
502,LAND,Gladstone Land Corp,6226,03-06-2023
503,GKOS,Glaukos Corp,2938,03-06-2023
504,GIC,Global Industrial Co,12169,03-06-2023
505,GMRE,Global Medical REIT Inc,9672,03-06-2023
506,GNL,Global Net Lease Inc,22719,03-06-2023
507,GSAT,Globalstar Inc,60289,03-06-2023
508,GMS,GMS Inc,23233,03-06-2023
509,GOGO,Gogo Inc,15156,03-06-2023
510,GLNG,Golar LNG Ltd,8721,03-06-2023
511,GDEN,Golden Entertainment Inc,5200,03-06-2023
512,GOGL,Golden Ocean Group Ltd,11924,03-06-2023
513,GT,Goodyear Tire & Rubber Co,45375,03-06-2023
514,GPRO,GoPro Inc,38783,03-06-2023
515,GRC,Gorman-Rupp Co,3886,03-06-2023
516,EAF,GrafTech International Ltd,78177,03-06-2023
517,GHC,Graham Holdings Co,827,03-06-2023
518,GVA,Granite Construction Inc,4738,03-06-2023
519,GPMT,Granite Point Mortgage Trust Inc,4293,03-06-2023
520,GTN,Gray Television Inc,19201,03-06-2023
521,GLDD,Great Lakes Dredge & Dock Corp,16558,03-06-2023
522,GSBC,Great Southern Bancorp Inc,6444,03-06-2023
523,GRBK,Green Brick Partners Inc,6595,03-06-2023
524,GDOT,Green Dot Corp,4970,03-06-2023
525,GPRE,Green Plains Inc,4377,03-06-2023
526,GBX,Greenbrier Cos Inc,3413,03-06-2023
527,GCBC,Greene County Bancorp Inc,3195,03-06-2023
528,GEF,Greif Inc,5598,03-06-2023
529,GDYN,Grid Dynamics Holdings Inc,11083,03-06-2023
530,GFF,Griffon Corp,8878,03-06-2023
531,GPI,Group 1 Automotive Inc,3955,03-06-2023
532,GES,Guess? Inc,8667,03-06-2023
533,GPOR,Gulfport Energy Corp,2420,03-06-2023
534,HEES,H&E Equipment Services Inc,6963,03-06-2023
535,HCKT,Hackett Group Inc,21593,03-06-2023
536,HAE,Haemonetics Corp,4140,03-06-2023
537,HAIN,Hain Celestial Group Inc,10559,03-06-2023
538,HALO,Halozyme Therapeutics Inc,19567,03-06-2023
539,HLNE,Hamilton Lane Inc,8374,03-06-2023
540,HWC,Hancock Whitney Corp,13056,03-06-2023
541,HAFC,Hanmi Financial Corp,11816,03-06-2023
542,HASI,Hannon Armstrong Sustainable Infrastructure Capital Inc,4879,03-06-2023
543,HONE,HarborOne Bancorp Inc,14991,03-06-2023
544,HLIT,Harmonic Inc,24859,03-06-2023
545,HRMY,Harmony Biosciences Holdings Inc,16164,03-06-2023
546,HVT,Haverty Furniture Cos Inc,14243,03-06-2023
547,HA,Hawaiian Holdings Inc,8567,03-06-2023
548,HWKN,Hawkins Inc,2876,03-06-2023
549,FUL,HB Fuller Co,8685,03-06-2023
550,HQY,HealthEquity Inc,8727,03-06-2023
551,HSTM,HealthStream Inc,9290,03-06-2023
552,HTLD,Heartland Express Inc,7345,03-06-2023
553,HTLF,Heartland Financial USA Inc,8291,03-06-2023
554,HL,Hecla Mining Co,38444,03-06-2023
555,HSII,Heidrick & Struggles International Inc,5293,03-06-2023
556,HELE,Helen of Troy Ltd,3312,03-06-2023
557,HLIO,Helios Technologies Inc,3360,03-06-2023
558,HLX,Helix Energy Solutions Group Inc,51936,03-06-2023
559,HP,Helmerich & Payne Inc,8040,03-06-2023
560,HLF,Herbalife Nutrition Ltd,21272,03-06-2023
561,HRI,Herc Holdings Inc,3544,03-06-2023
562,HTBK,Heritage Commerce Corp,18299,03-06-2023
563,HFWA,Heritage Financial Corp,6318,03-06-2023
564,HCCI,Heritage-Crystal Clean Inc,6748,03-06-2023
565,HT,Hersha Hospitality Trust,29628,03-06-2023
566,HIBB,Hibbett Inc,6197,03-06-2023
567,HI,Hillenbrand Inc,14021,03-06-2023
568,HTH,Hilltop Holdings Inc,13451,03-06-2023
569,HGV,Hilton Grand Vacations Inc,10804,03-06-2023
570,HIFS,Hingham Institution For Savings The,1246,03-06-2023
571,HNI,HNI Corp,16953,03-06-2023
572,HBCP,Home Bancorp Inc,3787,03-06-2023
573,HOMB,Home BancShares Inc,29026,03-06-2023
574,HMST,HomeStreet Inc,9302,03-06-2023
575,HTBI,HomeTrust Bancshares Inc,5974,03-06-2023
576,HOPE,Hope Bancorp Inc,27095,03-06-2023
577,HMN,Horace Mann Educators Corp,11278,03-06-2023
578,HBNC,Horizon Bancorp Inc,13012,03-06-2023
579,TWNK,Hostess Brands Inc,34415,03-06-2023
580,HLI,Houlihan Lokey Inc,10227,03-06-2023
581,HOV,Hovnanian Enterprises Inc,2155,03-06-2023
582,HUBG,Hub Group Inc,11930,03-06-2023
583,HDSN,Hudson Technologies Inc,38066,03-06-2023
584,HURN,Huron Consulting Group Inc,5881,03-06-2023
585,IIIV,I3 Verticals Inc,6550,03-06-2023
586,ICFI,ICF International Inc,5140,03-06-2023
587,INVE,Identiv Inc,13906,03-06-2023
588,IDT,IDT Corp,13689,03-06-2023
589,IESC,IES Holdings Inc,8191,03-06-2023
590,IHRT,iHeartMedia Inc,13350,03-06-2023
591,PI,Impinj Inc,6411,03-06-2023
592,NARI,Inari Medical Inc,7352,03-06-2023
593,IRT,Independence Realty Trust Inc,22400,03-06-2023
594,INDB,Independent Bank Corp,7224,03-06-2023
595,IBCP,Independent Bank Corp,13382,03-06-2023
596,IBTX,Independent Bank Group Inc,6443,03-06-2023
597,ILPT,Industrial Logistics Properties Trust,32620,03-06-2023
598,INFN,Infinera Corp,18431,03-06-2023
599,III,Information Services Group Inc,33521,03-06-2023
600,NGVT,Ingevity Corp,7206,03-06-2023
601,IMKTA,Ingles Markets Inc,8945,03-06-2023
602,IOSP,Innospec Inc,7042,03-06-2023
603,INNV,Innovage Holding Corp,277,03-06-2023
604,IIPR,Innovative Industrial Properties Inc,2802,03-06-2023
605,INVA,Innoviva Inc,46040,03-06-2023
606,INGN,Inogen Inc,1612,03-06-2023
607,NOTV,Inotiv Inc,1325,03-06-2023
608,INSG,Inseego Corp,47326,03-06-2023
609,NSIT,Insight Enterprises Inc,8258,03-06-2023
610,INSM,Insmed Inc,6979,03-06-2023
611,NSP,Insperity Inc,8872,03-06-2023
612,INSP,Inspire Medical Systems Inc,4490,03-06-2023
613,INSE,Inspired Entertainment Inc,20889,03-06-2023
614,IBP,Installed Building Products Inc,4293,03-06-2023
615,IIIN,Insteel Industries Inc,6849,03-06-2023
616,ITGR,Integer Holdings Corp,6660,03-06-2023
617,NTLA,Intellia Therapeutics Inc,3901,03-06-2023
618,IPAR,Inter Parfums Inc,3941,03-06-2023
619,IDCC,InterDigital Inc,2470,03-06-2023
620,TILE,Interface Inc,23007,03-06-2023
621,IBOC,International Bancshares Corp,10685,03-06-2023
622,IGT,International Game Technology PLC,15825,03-06-2023
623,IMXI,International Money Express Inc,12110,03-06-2023
624,INSW,International Seaways Inc,6175,03-06-2023
625,ITCI,Intra-Cellular Therapies Inc,5732,03-06-2023
626,IPI,Intrepid Potash Inc,3867,03-06-2023
627,IVT,InvenTrust Properties Corp,6908,03-06-2023
628,ITIC,Investors Title Co,1203,03-06-2023
629,IRMD,iRadimed Corp,2005,03-06-2023
630,IRTC,iRhythm Technologies Inc,6398,03-06-2023
631,IRDM,Iridium Communications Inc,10643,03-06-2023
632,IRBT,iRobot Corp,6676,03-06-2023
633,IRWD,Ironwood Pharmaceuticals Inc,61665,03-06-2023
634,STAR,iStar Inc,19656,03-06-2023
635,ITOS,iTeos Therapeutics Inc,22193,03-06-2023
636,ITRI,Itron Inc,4760,03-06-2023
637,ISEE,IVERIC bio Inc,9603,03-06-2023
638,JJSF,J & J Snack Foods Corp,1775,03-06-2023
639,JACK,Jack in the Box Inc,3655,03-06-2023
640,JXN,Jackson Financial Inc,18154,03-06-2023
641,JELD,JELD-WEN Holding Inc,11540,03-06-2023
642,JOBY,Joby Aviation Inc,34646,03-06-2023
643,JBSS,John B Sanfilippo & Son Inc,4545,03-06-2023
644,JBT,John Bean Technologies Corp,5010,03-06-2023
645,WLY,John Wiley & Sons Inc,12721,03-06-2023
646,JOUT,Johnson Outdoors Inc,3924,03-06-2023
647,JYNT,Joint Corp,10598,03-06-2023
648,KAI,Kadant Inc,4333,03-06-2023
649,KALU,Kaiser Aluminum Corp,2722,03-06-2023
650,KAMN,Kaman Corp,5256,03-06-2023
651,KRTX,Karuna Therapeutics Inc,2093,03-06-2023
652,KPTI,Karyopharm Therapeutics Inc,69486,03-06-2023
653,KBH,KB Home,8454,03-06-2023
654,KRNY,Kearny Financial Corp,11481,03-06-2023
655,KELYA,Kelly Services Inc,16499,03-06-2023
656,KMT,Kennametal Inc,10271,03-06-2023
657,KW,Kennedy-Wilson Holdings Inc,18043,03-06-2023
658,KFRC,Kforce Inc,16596,03-06-2023
659,KE,Kimball Electronics Inc,9893,03-06-2023
660,KBAL,Kimball International Inc,31714,03-06-2023
661,KNSL,Kinsale Capital Group Inc,4381,03-06-2023
662,KRG,Kite Realty Group Trust,37000,03-06-2023
663,KREF,KKR Real Estate Finance Trust Inc,13078,03-06-2023
664,KN,Knowles Corp,22829,03-06-2023
665,KTB,Kontoor Brands Inc,10737,03-06-2023
666,KOP,Koppers Holdings Inc,4999,03-06-2023
667,KFY,Korn Ferry,10347,03-06-2023
668,KOS,Kosmos Energy Ltd,58759,03-06-2023
669,KRYS,Krystal Biotech Inc,1278,03-06-2023
670,KLIC,Kulicke & Soffa Industries Inc,15976,03-06-2023
671,LZB,La-Z-Boy Inc,15301,03-06-2023
672,LADR,Ladder Capital Corp,14726,03-06-2023
673,LBAI,Lakeland Bancorp Inc,12078,03-06-2023
674,LKFN,Lakeland Financial Corp,8984,03-06-2023
675,LANC,Lancaster Colony Corp,3527,03-06-2023
676,LE,Lands End Inc,5993,03-06-2023
677,LNTH,Lantheus Holdings Inc,10445,03-06-2023
678,LAUR,Laureate Education Inc,23525,03-06-2023
679,LCII,LCI Industries,6548,03-06-2023
680,LZ,Legalzoom.com Inc,24248,03-06-2023
681,LMAT,LeMaitre Vascular Inc,9053,03-06-2023
682,LC,LendingClub Corp,18611,03-06-2023
683,LGIH,LGI Homes Inc,1116,03-06-2023
684,LICY,Li-Cycle Holdings Corp,16687,03-06-2023
685,LBRT,Liberty Energy Inc,11497,03-06-2023
686,LILA,Liberty Latin America Ltd,5368,03-06-2023
687,LILAK,Liberty Latin America Ltd,35670,03-06-2023
688,BATRA,Liberty Media Corp-Liberty Braves,4773,03-06-2023
689,BATRK,Liberty Media Corp-Liberty Braves,4442,03-06-2023
690,LFCR,Lifecore Biomedical Inc,600,03-06-2023
691,LCUT,Lifetime Brands Inc,4982,03-06-2023
692,LGND,Ligand Pharmaceuticals Inc,5754,03-06-2023
693,LNW,Light & Wonder Inc,9508,03-06-2023
694,LNN,Lindsay Corp,2017,03-06-2023
695,LIVN,LivaNova PLC,6756,03-06-2023
696,LOB,Live Oak Bancshares Inc,9570,03-06-2023
697,LTHM,Livent Corp,11493,03-06-2023
698,RAMP,LiveRamp Holdings Inc,11649,03-06-2023
699,LXU,LSB Industries Inc,8228,03-06-2023
700,LTC,LTC Properties Inc,7235,03-06-2023
701,LAZR,Luminar Technologies Inc,18677,03-06-2023
702,LXP,LXP Industrial Trust,38531,03-06-2023
703,MHO,M/I Homes Inc,6471,03-06-2023
704,MCBC,Macatawa Bank Corp,20422,03-06-2023
705,MAC,Macerich Co,28136,03-06-2023
706,MTSI,MACOM Technology Solutions Holdings Inc,6253,03-06-2023
707,MGNI,Magnite Inc,14943,03-06-2023
708,MGY,Magnolia Oil & Gas Corp,56825,03-06-2023
709,MBUU,Malibu Boats Inc,5489,03-06-2023
710,MTW,Manitowoc Co Inc,11559,03-06-2023
711,MNKD,MannKind Corp,24282,03-06-2023
712,RTYH3,MAR 23 CME EMINIRUS2K,52,03-06-2023
713,MMI,Marcus & Millichap Inc,24742,03-06-2023
714,MCS,Marcus Corp,9081,03-06-2023
715,MPX,Marine Products Corp,2037,03-06-2023
716,HZO,MarineMax Inc,8484,03-06-2023
717,MRTN,Marten Transport Ltd,7644,03-06-2023
718,DOOR,Masonite International Corp,4828,03-06-2023
719,MCFT,MasterCraft Boat Holdings Inc,14715,03-06-2023
720,MTDR,Matador Resources Co,21902,03-06-2023
721,MTRN,Materion Corp,4181,03-06-2023
722,MATV,Mativ Holdings Inc,6464,03-06-2023
723,MATX,Matson Inc,11883,03-06-2023
724,MATW,Matthews International Corp,6990,03-06-2023
725,MAXR,Maxar Technologies Inc,7691,03-06-2023
726,MMS,Maximus Inc,11435,03-06-2023
727,MXL,MaxLinear Inc,16720,03-06-2023
728,MBI,MBIA Inc,32989,03-06-2023
729,MGRC,McGrath RentCorp,2532,03-06-2023
730,MDC,MDC Holdings Inc,6693,03-06-2023
731,MED,Medifast Inc,2776,03-06-2023
732,MEDP,Medpace Holdings Inc,6645,03-06-2023
733,MBWM,Mercantile Bank Corp,7190,03-06-2023
734,MMSI,Merit Medical Systems Inc,7792,03-06-2023
735,MTH,Meritage Homes Corp,6142,03-06-2023
736,MLAB,Mesa Laboratories Inc,877,03-06-2023
737,MEI,Methode Electronics Inc,9657,03-06-2023
738,MCB,Metropolitan Bank Holding Corp,1849,03-06-2023
739,MFA,MFA Financial Inc,10358,03-06-2023
740,MGEE,MGE Energy Inc,7431,03-06-2023
741,MGPI,MGP Ingredients Inc,1962,03-06-2023
742,MSEX,Middlesex Water Co,3110,03-06-2023
743,MSBI,Midland States Bancorp Inc,5600,03-06-2023
744,MOFG,MidWestOne Financial Group Inc,4614,03-06-2023
745,MLR,Miller Industries Inc,2765,03-06-2023
746,MLKN,MillerKnoll Inc,13090,03-06-2023
747,MDXG,MiMedx Group Inc,88665,03-06-2023
748,MTX,Minerals Technologies Inc,6197,03-06-2023
749,MITK,Mitek Systems Inc,20414,03-06-2023
750,MODN,Model N Inc,11070,03-06-2023
751,MOD,Modine Manufacturing Co,14304,03-06-2023
752,MODV,ModivCare Inc,3927,03-06-2023
753,MC,Moelis & Co,13285,03-06-2023
754,MNTV,Momentive Global Inc,18220,03-06-2023
755,MCRI,Monarch Casino & Resort Inc,3794,03-06-2023
756,MGI,MoneyGram International Inc,19552,03-06-2023
757,MNRO,Monro Inc,4108,03-06-2023
758,MNTK,Montauk Renewables Inc,41251,03-06-2023
759,MOG/A,Moog Inc,5692,03-06-2023
760,MOV,Movado Group Inc,8939,03-06-2023
761,COOP,Mr Cooper Group Inc,33111,03-06-2023
762,MRC,MRC Global Inc,27816,03-06-2023
763,MLI,Mueller Industries Inc,17285,03-06-2023
764,MWA,Mueller Water Products Inc,21010,03-06-2023
765,MPLN,Multiplan Corp,133547,03-06-2023
766,MUR,Murphy Oil Corp,21440,03-06-2023
767,MUSA,Murphy USA Inc,5674,03-06-2023
768,MYE,Myers Industries Inc,32140,03-06-2023
769,MYRG,MYR Group Inc,5584,03-06-2023
770,MYGN,Myriad Genetics Inc,36851,03-06-2023
771,NBR,Nabors Industries Ltd,3041,03-06-2023
772,NC,NACCO Industries Inc,3825,03-06-2023
773,NSSC,Napco Security Technologies Inc,21784,03-06-2023
774,NBHC,National Bank Holdings Corp,5581,03-06-2023
775,FIZZ,National Beverage Corp,11843,03-06-2023
776,NESR,National Energy Services Reunited Corp,11310,03-06-2023
777,NHI,National Health Investors Inc,6882,03-06-2023
778,NHC,National HealthCare Corp,5208,03-06-2023
779,NPK,National Presto Industries Inc,744,03-06-2023
780,NRC,National Research Corp,8166,03-06-2023
781,EYE,National Vision Holdings Inc,9634,03-06-2023
782,NWLI,National Western Life Group Inc,814,03-06-2023
783,NAVI,Navient Corp,46396,03-06-2023
784,NBTB,NBT Bancorp Inc,8764,03-06-2023
785,RTL,Necessity Retail REIT Inc,35043,03-06-2023
786,NNI,Nelnet Inc,5209,03-06-2023
787,NEOG,Neogen Corp,8366,03-06-2023
788,NEO,NeoGenomics Inc,11892,03-06-2023
789,NTGR,NETGEAR Inc,9568,03-06-2023
790,NTCT,NetScout Systems Inc,17745,03-06-2023
791,NTST,NETSTREIT Corp,5495,03-06-2023
792,NVRO,Nevro Corp,6158,03-06-2023
793,NJR,New Jersey Resources Corp,16687,03-06-2023
794,NYMT,New York Mortgage Trust Inc,39382,03-06-2023
795,NMRK,Newmark Group Inc,32365,03-06-2023
796,NREF,Nexpoint Real Estate Finance Inc,7395,03-06-2023
797,NXRT,NexPoint Residential Trust Inc,6043,03-06-2023
798,NXGN,NextGen Healthcare Inc,36351,03-06-2023
799,NEX,NexTier Oilfield Solutions Inc,26049,03-06-2023
800,NIC,Nicolet Bankshares Inc,4504,03-06-2023
801,NMIH,NMI Holdings Inc,19617,03-06-2023
802,NE,Noble Corp PLC,6986,03-06-2023
803,NBN,Northeast Bank,6339,03-06-2023
804,NOG,Northern Oil and Gas Inc,9128,03-06-2023
805,NWBI,Northwest Bancshares Inc,16963,03-06-2023
806,NWN,Northwest Natural Holding Co,5469,03-06-2023
807,NWPX,Northwest Pipe Co,5444,03-06-2023
808,NWE,NorthWestern Corp,10885,03-06-2023
809,NG,Novagold Resources Inc,20828,03-06-2023
810,NOVT,Novanta Inc,5766,03-06-2023
811,DNOW,NOW Inc,65189,03-06-2023
812,NUS,Nu Skin Enterprises Inc,10671,03-06-2023
813,NUVA,NuVasive Inc,11813,03-06-2023
814,NVEE,NV5 Global Inc,6870,03-06-2023
815,OI,O-I Glass Inc,26037,03-06-2023
816,OII,Oceaneering International Inc,20067,03-06-2023
817,OCFC,OceanFirst Financial Corp,8501,03-06-2023
818,ODP,ODP Corp,9493,03-06-2023
819,OPAD,Offerpad Solutions Inc,45684,03-06-2023
820,OPI,Office Properties Income Trust,17843,03-06-2023
821,OFG,OFG Bancorp,16889,03-06-2023
822,OIS,Oil States International Inc,26293,03-06-2023
823,ONB,Old National Bancorp,42801,03-06-2023
824,OSBC,Old Second Bancorp Inc,16107,03-06-2023
825,ZEUS,Olympic Steel Inc,8955,03-06-2023
826,OFLX,Omega Flex Inc,2925,03-06-2023
827,OMCL,Omnicell Inc,6636,03-06-2023
828,OGS,ONE Gas Inc,11723,03-06-2023
829,OSPN,OneSpan Inc,14535,03-06-2023
830,ONEW,OneWater Marine Inc,3990,03-06-2023
831,ONTO,Onto Innovation Inc,12500,03-06-2023
832,OOMA,Ooma Inc,20778,03-06-2023
833,LPRO,Open Lending Corp,18787,03-06-2023
834,OPK,OPKO Health Inc,138951,03-06-2023
835,OPRT,Oportun Financial Corp,1896,03-06-2023
836,OPY,Oppenheimer Holdings Inc,7323,03-06-2023
837,OPCH,Option Care Health Inc,22569,03-06-2023
838,ORGO,Organogenesis Holdings Inc,66009,03-06-2023
839,OBNK,Origin Bancorp Inc,3251,03-06-2023
840,OEC,Orion Engineered Carbons SA,24063,03-06-2023
841,ONL,Orion Office REIT Inc,17478,03-06-2023
842,ORA,Ormat Technologies Inc,10247,03-06-2023
843,OFIX,Orthofix Medical Inc,16666,03-06-2023
844,OSIS,OSI Systems Inc,3813,03-06-2023
845,OTTR,Otter Tail Corp,12621,03-06-2023
846,OUT,Outfront Media Inc,16307,03-06-2023
847,OSTK,Overstock.com Inc,7648,03-06-2023
848,OMI,Owens & Minor Inc,19829,03-06-2023
849,OXM,Oxford Industries Inc,6552,03-06-2023
850,PACB,Pacific Biosciences of California Inc,9636,03-06-2023
851,PPBI,Pacific Premier Bancorp Inc,12463,03-06-2023
852,PCRX,Pacira BioSciences Inc,10452,03-06-2023
853,PTVE,Pactiv Evergreen Inc,9569,03-06-2023
854,PLMR,Palomar Holdings Inc,2014,03-06-2023
855,PTSI,PAM Transportation Services Inc,3753,03-06-2023
856,PZZA,Papa Johns International Inc,7866,03-06-2023
857,PARR,Par Pacific Holdings Inc,9174,03-06-2023
858,PGRE,Paramount Group Inc,42807,03-06-2023
859,PRK,Park National Corp,4283,03-06-2023
860,PKBK,Parke Bancorp Inc,9535,03-06-2023
861,PSN,Parsons Corp,10692,03-06-2023
862,CASH,Pathward Financial Inc,11460,03-06-2023
863,PATK,Patrick Industries Inc,7594,03-06-2023
864,PDCO,Patterson Cos Inc,20902,03-06-2023
865,PTEN,Patterson-UTI Energy Inc,13270,03-06-2023
866,PSFE,Paysafe Ltd,15150,03-06-2023
867,PBF,PBF Energy Inc,18588,03-06-2023
868,CNXN,PC Connection Inc,10596,03-06-2023
869,PCB,PCB Bancorp,10976,03-06-2023
870,PDFS,PDF Solutions Inc,4410,03-06-2023
871,BTU,Peabody Energy Corp,15688,03-06-2023
872,PGC,Peapack-Gladstone Financial Corp,7547,03-06-2023
873,PEB,Pebblebrook Hotel Trust,21482,03-06-2023
874,MD,Pediatrix Medical Group Inc,17456,03-06-2023
875,PFSI,PennyMac Financial Services Inc,14566,03-06-2023
876,PMT,PennyMac Mortgage Investment Trust,11559,03-06-2023
877,PEBO,Peoples Bancorp Inc,13987,03-06-2023
878,PFIS,Peoples Financial Services Corp,3948,03-06-2023
879,PRDO,Perdoceo Education Corp,64072,03-06-2023
880,PRFT,Perficient Inc,8531,03-06-2023
881,PRM,Perimeter Solutions SA,11036,03-06-2023
882,PR,Permian Resources Corp,47346,03-06-2023
883,PETQ,PetIQ Inc,11549,03-06-2023
884,PETS,PetMed Express Inc,8150,03-06-2023
885,PGTI,PGT Innovations Inc,20709,03-06-2023
886,PAHC,Phibro Animal Health Corp,19237,03-06-2023
887,PECO,Phillips Edison & Co Inc,9669,03-06-2023
888,PLAB,Photronics Inc,26546,03-06-2023
889,DOC,Physicians Realty Trust,31647,03-06-2023
890,PLL,Piedmont Lithium Inc,1782,03-06-2023
891,PDM,Piedmont Office Realty Trust Inc,27683,03-06-2023
892,PIPR,Piper Sandler Cos,3697,03-06-2023
893,PJT,PJT Partners Inc,6731,03-06-2023
894,MYPS,Playstudios Inc,28717,03-06-2023
895,PLXS,Plexus Corp,5610,03-06-2023
896,PLYM,Plymouth Industrial REIT Inc,6515,03-06-2023
897,PNM,PNM Resources Inc,17667,03-06-2023
898,POR,Portland General Electric Co,19578,03-06-2023
899,PSTL,Postal Realty Trust Inc,11516,03-06-2023
900,PCH,PotlatchDeltic Corp,24256,03-06-2023
901,POWL,Powell Industries Inc,5362,03-06-2023
902,POWI,Power Integrations Inc,10772,03-06-2023
903,PRAA,PRA Group Inc,9144,03-06-2023
904,PFBC,Preferred Bank,8021,03-06-2023
905,PLPC,Preformed Line Products Co,2361,03-06-2023
906,PFC,Premier Financial Corp,7653,03-06-2023
907,PBH,Prestige Consumer Healthcare Inc,16441,03-06-2023
908,PSMT,PriceSmart Inc,2555,03-06-2023
909,FRST,Primis Financial Corp,9261,03-06-2023
910,--,PRIMO WATER CORPORATION,33458,03-06-2023
911,PRIM,Primoris Services Corp,12233,03-06-2023
912,PRA,ProAssurance Corp,9571,03-06-2023
913,PRCT,PROCEPT BioRobotics Corp,2129,03-06-2023
914,PRG,PROG Holdings Inc,13645,03-06-2023
915,PRGS,Progress Software Corp,12392,03-06-2023
916,PGNY,Progyny Inc,5790,03-06-2023
917,RXDX,Prometheus Biosciences Inc,3392,03-06-2023
918,PUMP,ProPetro Holding Corp,40623,03-06-2023
919,PRO,PROS Holdings Inc,5497,03-06-2023
920,PRTA,Prothena Corp PLC,3356,03-06-2023
921,PRLB,Proto Labs Inc,6559,03-06-2023
922,PFS,Provident Financial Services Inc,15536,03-06-2023
923,PTCT,PTC Therapeutics Inc,11731,03-06-2023
924,PCYO,Pure Cycle Corp,18368,03-06-2023
925,QCRH,QCR Holdings Inc,6434,03-06-2023
926,KWR,Quaker Chemical Corp,1171,03-06-2023
927,QLYS,Qualys Inc,6817,03-06-2023
928,NX,Quanex Building Products Corp,14998,03-06-2023
929,QNST,QuinStreet Inc,12081,03-06-2023
930,RXT,Rackspace Technology Inc,56043,03-06-2023
931,RDN,Radian Group Inc,45755,03-06-2023
932,RLGT,Radiant Logistics Inc,35743,03-06-2023
933,RDNT,RadNet Inc,9440,03-06-2023
934,METC,Ramaco Resources Inc,21147,03-06-2023
935,RMBS,Rambus Inc,23963,03-06-2023
936,ROCC,Ranger Oil Corp,9249,03-06-2023
937,RPD,Rapid7 Inc,8080,03-06-2023
938,RYAM,Rayonier Advanced Materials Inc,37239,03-06-2023
939,RBC,RBC Bearings Inc,2721,03-06-2023
940,RICK,RCI Hospitality Holdings Inc,3396,03-06-2023
941,RMAX,RE/MAX Holdings Inc,14981,03-06-2023
942,RC,Ready Capital Corp,21041,03-06-2023
943,RETA,Reata Pharmaceuticals Inc,2560,03-06-2023
944,RRR,Red Rock Resorts Inc,8237,03-06-2023
945,RDVT,Red Violet Inc,3005,03-06-2023
946,RDFN,Redfin Corp,56382,03-06-2023
947,RWT,Redwood Trust Inc,13872,03-06-2023
948,RGNX,REGENXBIO Inc,18223,03-06-2023
949,RM,Regional Management Corp,6548,03-06-2023
950,RELY,Remitly Global Inc,9735,03-06-2023
951,RNST,Renasant Corp,10054,03-06-2023
952,RPAY,Repay Holdings Corp,27796,03-06-2023
953,RBCAA,Republic Bancorp Inc,5928,03-06-2023
954,REZI,Resideo Technologies Inc,26587,03-06-2023
955,RGP,Resources Connection Inc,29119,03-06-2023
956,ROIC,Retail Opportunity Investments Corp,20319,03-06-2023
957,REVG,REV Group Inc,15681,03-06-2023
958,RVNC,Revance Therapeutics Inc,5421,03-06-2023
959,RVMD,REVOLUTION Medicines Inc,3851,03-06-2023
960,RVLV,Revolve Group Inc,5599,03-06-2023
961,REX,REX American Resources Corp,6982,03-06-2023
962,RBBN,Ribbon Communications Inc,43874,03-06-2023
963,RMNI,Rimini Street Inc,3773,03-06-2023
964,REI,Ring Energy Inc,56712,03-06-2023
965,RLI,RLI Corp,6388,03-06-2023
966,RLJ,RLJ Lodging Trust,23117,03-06-2023
967,RMR,RMR Group Inc,11206,03-06-2023
968,ROG,Rogers Corp,936,03-06-2023
969,RES,RPC Inc,57872,03-06-2023
970,RPT,RPT Realty,24296,03-06-2023
971,RUSHA,Rush Enterprises Inc,13620,03-06-2023
972,RUSHB,Rush Enterprises Inc,6272,03-06-2023
973,RSI,Rush Street Interactive Inc,26921,03-06-2023
974,RYI,Ryerson Holding Corp,18488,03-06-2023
975,RHP,Ryman Hospitality Properties Inc,5406,03-06-2023
976,STBA,S&T Bancorp Inc,8123,03-06-2023
977,SBRA,Sabra Health Care REIT Inc,35739,03-06-2023
978,SABR,Sabre Corp,14207,03-06-2023
979,SB,Safe Bulkers Inc,45319,03-06-2023
980,SAFT,Safety Insurance Group Inc,4888,03-06-2023
981,SAGE,Sage Therapeutics Inc,2245,03-06-2023
982,SAIA,Saia Inc,3632,03-06-2023
983,SBH,Sally Beauty Holdings Inc,24736,03-06-2023
984,SD,SandRidge Energy Inc,21120,03-06-2023
985,SASR,Sandy Spring Bancorp Inc,11161,03-06-2023
986,SANM,Sanmina Corp,14477,03-06-2023
987,SPNS,Sapiens International Corp NV,9100,03-06-2023
988,BFS,Saul Centers Inc,2547,03-06-2023
989,SCSC,ScanSource Inc,8782,03-06-2023
990,SCHN,Schnitzer Steel Industries Inc,14343,03-06-2023
991,SCHL,Scholastic Corp,12230,03-06-2023
992,STNG,Scorpio Tankers Inc,7059,03-06-2023
993,SBCF,Seacoast Banking Corp of Florida,8511,03-06-2023
994,SEAS,SeaWorld Entertainment Inc,4825,03-06-2023
995,SCWX,SecureWorks Corp,6835,03-06-2023
996,SEM,Select Medical Holdings Corp,14881,03-06-2023
997,SIGI,Selective Insurance Group Inc,12141,03-06-2023
998,SMTC,Semtech Corp,11498,03-06-2023
999,SXT,Sensient Technologies Corp,8088,03-06-2023
1000,SVC,Service Properties Trust,36831,03-06-2023
1001,SFBS,ServisFirst Bancshares Inc,14107,03-06-2023
1002,SFL,SFL Corp Ltd,21245,03-06-2023
1003,SHLS,Shoals Technologies Group Inc,5507,03-06-2023
1004,SWAV,Shockwave Medical Inc,5249,03-06-2023
1005,SCVL,Shoe Carnival Inc,14628,03-06-2023
1006,SHBI,Shore Bancshares Inc,6984,03-06-2023
1007,SSTI,ShotSpotter Inc,5199,03-06-2023
1008,SSTK,Shutterstock Inc,7558,03-06-2023
1009,SHYF,Shyft Group Inc,13434,03-06-2023
1010,SIBN,SI-BONE Inc,8310,03-06-2023
1011,BSRR,Sierra Bancorp,7018,03-06-2023
1012,SIGA,SIGA Technologies Inc,45832,03-06-2023
1013,SIG,Signet Jewelers Ltd,8919,03-06-2023
1014,SLAB,Silicon Laboratories Inc,3677,03-06-2023
1015,SILK,Silk Road Medical Inc,6613,03-06-2023
1016,SBOW,SilverBow Resources Inc,10646,03-06-2023
1017,SI,Silvergate Capital Corp,4309,03-06-2023
1018,SFNC,Simmons First National Corp,16271,03-06-2023
1019,SMPL,Simply Good Foods Co,10340,03-06-2023
1020,SSD,Simpson Manufacturing Co Inc,11168,03-06-2023
1021,SBGI,Sinclair Broadcast Group Inc,7637,03-06-2023
1022,SPNT,SiriusPoint Ltd,24485,03-06-2023
1023,SITC,SITE Centers Corp,25834,03-06-2023
1024,SITM,SiTime Corp,1961,03-06-2023
1025,STR,Sitio Royalties Corp,10437,03-06-2023
1026,SJW,SJW Group,5342,03-06-2023
1027,SKY,Skyline Champion Corp,7683,03-06-2023
1028,SNBR,Sleep Number Corp,9459,03-06-2023
1029,SM,SM Energy Co,37675,03-06-2023
1030,SGH,SMART Global Holdings Inc,24302,03-06-2023
1031,SWBI,Smith & Wesson Brands Inc,22624,03-06-2023
1032,SOI,Solaris Oilfield Infrastructure Inc,16408,03-06-2023
1033,SAH,Sonic Automotive Inc,4993,03-06-2023
1034,SONO,Sonos Inc,24301,03-06-2023
1035,SFST,Southern First Bancshares Inc,6019,03-06-2023
1036,SMBC,Southern Missouri Bancorp Inc,6465,03-06-2023
1037,SBSI,Southside Bancshares Inc,6473,03-06-2023
1038,SSB,SouthState Corp,9808,03-06-2023
1039,SWX,Southwest Gas Holdings Inc,10618,03-06-2023
1040,SP,SP Plus Corp,7383,03-06-2023
1041,SPTN,SpartanNash Co,18132,03-06-2023
1042,SR,Spire Inc,9305,03-06-2023
1043,SAVE,Spirit Airlines Inc,6359,03-06-2023
1044,SPWH,Sportsmans Warehouse Holdings Inc,18508,03-06-2023
1045,SPT,Sprout Social Inc,6474,03-06-2023
1046,SFM,Sprouts Farmers Market Inc,24134,03-06-2023
1047,SPSC,SPS Commerce Inc,7957,03-06-2023
1048,SPXC,SPX Technologies Inc,6510,03-06-2023
1049,SQSP,Squarespace Inc,10242,03-06-2023
1050,JOE,St Joe Co,5939,03-06-2023
1051,STAA,STAAR Surgical Co,9317,03-06-2023
1052,STAG,STAG Industrial Inc,23445,03-06-2023
1053,STGW,Stagwell Inc,25618,03-06-2023
1054,SMP,Standard Motor Products Inc,10455,03-06-2023
1055,SXI,Standex International Corp,2364,03-06-2023
1056,SCS,Steelcase Inc,32689,03-06-2023
1057,STEL,Stellar Bancorp Inc,8163,03-06-2023
1058,STEM,Stem Inc,8532,03-06-2023
1059,SCL,Stepan Co,3851,03-06-2023
1060,STEP,StepStone Group Inc,6850,03-06-2023
1061,STRL,Sterling Infrastructure Inc,7993,03-06-2023
1062,SHOO,Steven Madden Ltd,17645,03-06-2023
1063,STC,Stewart Information Services Corp,10176,03-06-2023
1064,SFIX,Stitch Fix Inc,33772,03-06-2023
1065,SYBT,Stock Yards Bancorp Inc,7019,03-06-2023
1066,STNE,StoneCo Ltd,39947,03-06-2023
1067,SRI,Stoneridge Inc,14967,03-06-2023
1068,SNEX,StoneX Group Inc,6206,03-06-2023
1069,STRA,Strategic Education Inc,4159,03-06-2023
1070,LRN,Stride Inc,21054,03-06-2023
1071,RGR,Sturm Ruger & Co Inc,7269,03-06-2023
1072,INN,Summit Hotel Properties Inc,36338,03-06-2023
1073,SUM,Summit Materials Inc,15409,03-06-2023
1074,SXC,SunCoke Energy Inc,39110,03-06-2023
1075,NOVA,Sunnova Energy International Inc,6680,03-06-2023
1076,SPWR,SunPower Corp,5458,03-06-2023
1077,SHO,Sunstone Hotel Investors Inc,31646,03-06-2023
1078,SMCI,Super Micro Computer Inc,5929,03-06-2023
1079,SUPN,Supernus Pharmaceuticals Inc,33315,03-06-2023
1080,SGRY,Surgery Partners Inc,6451,03-06-2023
1081,SRDX,Surmodics Inc,6578,03-06-2023
1082,SLVM,Sylvamo Corp,4446,03-06-2023
1083,SYNA,Synaptics Inc,8781,03-06-2023
1084,SNDX,Syndax Pharmaceuticals Inc,7984,03-06-2023
1085,TCMD,Tactile Systems Technology Inc,18293,03-06-2023
1086,TALO,Talos Energy Inc,31404,03-06-2023
1087,SKT,Tanger Factory Outlet Centers Inc,22093,03-06-2023
1088,TMHC,Taylor Morrison Home Corp,21795,03-06-2023
1089,TNK,Teekay Tankers Ltd,3427,03-06-2023
1090,TGNA,TEGNA Inc,39994,03-06-2023
1091,TDS,Telephone and Data Systems Inc,14375,03-06-2023
1092,TELL,Tellurian Inc,42065,03-06-2023
1093,TENB,Tenable Holdings Inc,12929,03-06-2023
1094,TNC,Tennant Co,7739,03-06-2023
1095,TEX,Terex Corp,12168,03-06-2023
1096,TRNO,Terreno Realty Corp,10269,03-06-2023
1097,TTI,TETRA Technologies Inc,46333,03-06-2023
1098,TCBI,Texas Capital Bancshares Inc,6534,03-06-2023
1099,TXRH,Texas Roadhouse Inc,9072,03-06-2023
1100,TGH,Textainer Group Holdings Ltd,9377,03-06-2023
1101,THRY,Thryv Holdings Inc,9869,03-06-2023
1102,TDW,Tidewater Inc,3983,03-06-2023
1103,TMST,TimkenSteel Corp,20203,03-06-2023
1104,TWI,Titan International Inc,15009,03-06-2023
1105,TITN,Titan Machinery Inc,14309,03-06-2023
1106,TMP,Tompkins Financial Corp,3640,03-06-2023
1107,TR,Tootsie Roll Industries Inc,2753,03-06-2023
1108,MODG,Topgolf Callaway Brands Corp,11996,03-06-2023
1109,TOWN,Towne Bank,13542,03-06-2023
1110,TRTX,TPG RE Finance Trust Inc,14185,03-06-2023
1111,TRNS,Transcat Inc,6716,03-06-2023
1112,TMDX,TransMedics Group Inc,1539,03-06-2023
1113,TA,TravelCenters of America Inc,4007,03-06-2023
1114,TVTX,Travere Therapeutics Inc,18679,03-06-2023
1115,TG,Tredegar Corp,11469,03-06-2023
1116,THS,TreeHouse Foods Inc,10927,03-06-2023
1117,TPH,Tri Pointe Homes Inc,23026,03-06-2023
1118,TCBK,TriCo Bancshares,8868,03-06-2023
1119,TRS,TriMas Corp,9566,03-06-2023
1120,TNET,TriNet Group Inc,6240,03-06-2023
1121,TRN,Trinity Industries Inc,6052,03-06-2023
1122,TSE,Trinseo PLC,6636,03-06-2023
1123,TRTN,Triton International Ltd,8232,03-06-2023
1124,TFIN,Triumph Financial Inc,6711,03-06-2023
1125,TROX,Tronox Holdings PLC,22668,03-06-2023
1126,TBI,TrueBlue Inc,25098,03-06-2023
1127,TRUE,TrueCar Inc,87427,03-06-2023
1128,TRST,TrustCo Bank Corp NY,5653,03-06-2023
1129,TRMK,Trustmark Corp,12515,03-06-2023
1130,TTEC,TTEC Holdings Inc,4949,03-06-2023
1131,TTMI,TTM Technologies Inc,30138,03-06-2023
1132,TUP,Tupperware Brands Corp,27148,03-06-2023
1133,TPB,Turning Point Brands Inc,5392,03-06-2023
1134,HEAR,Turtle Beach Corp,12383,03-06-2023
1135,TPC,Tutor Perini Corp,16890,03-06-2023
1136,TWO,Two Harbors Investment Corp,21020,03-06-2023
1137,UDMY,Udemy Inc,10576,03-06-2023
1138,UFPI,UFP Industries Inc,16260,03-06-2023
1139,UFPT,UFP Technologies Inc,5700,03-06-2023
1140,UCTT,Ultra Clean Holdings Inc,12035,03-06-2023
1141,UMBF,UMB Financial Corp,8516,03-06-2023
1142,UMH,UMH Properties Inc,11070,03-06-2023
1143,UFI,Unifi Inc,343,03-06-2023
1144,UNF,UniFirst Corp,2817,03-06-2023
1145,UIS,Unisys Corp,31317,03-06-2023
1146,UBSI,United Bankshares Inc,17434,03-06-2023
1147,UCBI,United Community Banks Inc,17684,03-06-2023
1148,UFCS,United Fire Group Inc,2103,03-06-2023
1149,UNFI,United Natural Foods Inc,17276,03-06-2023
1150,USM,United States Cellular Corp,9498,03-06-2023
1151,USLM,United States Lime & Minerals Inc,1914,03-06-2023
1152,UNIT,Uniti Group Inc,44025,03-06-2023
1153,UTL,Unitil Corp,5190,03-06-2023
1154,UNTY,Unity Bancorp Inc,6641,03-06-2023
1155,UVV,Universal Corp,6747,03-06-2023
1156,UHT,Universal Health Realty Income Trust,3033,03-06-2023
1157,UVE,Universal Insurance Holdings Inc,12586,03-06-2023
1158,UTI,Universal Technical Institute Inc,4792,03-06-2023
1159,UVSP,Univest Financial Corp,6715,03-06-2023
1160,UPBD,Upbound Group Inc,21788,03-06-2023
1161,UPLD,Upland Software Inc,20356,03-06-2023
1162,UPWK,Upwork Inc,17606,03-06-2023
1163,UEC,Uranium Energy Corp,43929,03-06-2023
1164,UE,Urban Edge Properties,12417,03-06-2023
1165,URBN,Urban Outfitters Inc,8021,03-06-2023
1166,UBA,Urstadt Biddle Properties Inc,2167,03-06-2023
1167,USPH,US Physical Therapy Inc,2620,03-06-2023
1168,SLCA,US Silica Holdings Inc,19600,03-06-2023
1169,USNA,USANA Health Sciences Inc,5533,03-06-2023
1170,UTZ,Utz Brands Inc,7624,03-06-2023
1171,VVX,V2X Inc,6779,03-06-2023
1172,EGY,VAALCO Energy Inc,65672,03-06-2023
1173,VAL,Valaris Ltd,6891,03-06-2023
1174,VLY,Valley National Bancorp,68325,03-06-2023
1175,VNDA,Vanda Pharmaceuticals Inc,52360,03-06-2023
1176,VREX,Varex Imaging Corp,14250,03-06-2023
1177,VRNS,Varonis Systems Inc,14597,03-06-2023
1178,PCVX,Vaxcyte Inc,4281,03-06-2023
1179,VGR,Vector Group Ltd,36184,03-06-2023
1180,VECO,Veeco Instruments Inc,10420,03-06-2023
1181,VCYT,Veracyte Inc,8077,03-06-2023
1182,MDRX,Veradigm Inc,37133,03-06-2023
1183,VCEL,Vericel Corp,23312,03-06-2023
1184,VRNT,Verint Systems Inc,12925,03-06-2023
1185,VRE,Veris Residential Inc,19974,03-06-2023
1186,VBTX,Veritex Holdings Inc,9893,03-06-2023
1187,VRTV,Veritiv Corp,9821,03-06-2023
1188,VERI,Veritone Inc,14055,03-06-2023
1189,VRRM,Verra Mobility Corp,20828,03-06-2023
1190,VIA,Via Renewables Inc,1958,03-06-2023
1191,VIAV,Viavi Solutions Inc,38345,03-06-2023
1192,VICR,Vicor Corp,7144,03-06-2023
1193,VIEW,View Inc,25020,03-06-2023
1194,VLGEA,Village Super Market Inc,7986,03-06-2023
1195,VIR,Vir Biotechnology Inc,36549,03-06-2023
1196,VRTS,Virtus Investment Partners Inc,2417,03-06-2023
1197,VSH,Vishay Intertechnology Inc,27394,03-06-2023
1198,VPG,Vishay Precision Group Inc,7890,03-06-2023
1199,VSTO,Vista Outdoor Inc,13610,03-06-2023
1200,VC,Visteon Corp,2491,03-06-2023
1201,VTLE,Vital Energy Inc,8469,03-06-2023
1202,VITL,Vital Farms Inc,14291,03-06-2023
1203,WTI,W&T Offshore Inc,86922,03-06-2023
1204,WNC,Wabash National Corp,12076,03-06-2023
1205,WD,Walker & Dunlop Inc,9713,03-06-2023
1206,HCC,Warrior Met Coal Inc,23577,03-06-2023
1207,WAFD,Washington Federal Inc,14495,03-06-2023
1208,WASH,Washington Trust Bancorp Inc,6641,03-06-2023
1209,WSBF,Waterstone Financial Inc,16363,03-06-2023
1210,WTS,Watts Water Technologies Inc,7590,03-06-2023
1211,WDFC,WD-40 Co,3033,03-06-2023
1212,WFRD,Weatherford International PLC,6610,03-06-2023
1213,WMK,Weis Markets Inc,5797,03-06-2023
1214,WERN,Werner Enterprises Inc,9168,03-06-2023
1215,WSBC,WesBanco Inc,11370,03-06-2023
1216,WTBA,West BanCorp Inc,12681,03-06-2023
1217,WABC,Westamerica BanCorp,5894,03-06-2023
1218,WSR,Whitestone REIT,21886,03-06-2023
1219,WLDN,Willdan Group Inc,8154,03-06-2023
1220,WING,Wingstop Inc,6420,03-06-2023
1221,WINA,Winmark Corp,2303,03-06-2023
1222,WGO,Winnebago Industries Inc,10902,03-06-2023
1223,WWW,Wolverine World Wide Inc,14011,03-06-2023
1224,WK,Workiva Inc,7681,03-06-2023
1225,WRLD,World Acceptance Corp,1516,03-06-2023
1226,INT,World Fuel Services Corp,14462,03-06-2023
1227,WOR,Worthington Industries Inc,6898,03-06-2023
1228,WSFS,WSFS Financial Corp,12258,03-06-2023
1229,WW,WW International Inc,42980,03-06-2023
1230,XNCR,Xencor Inc,11117,03-06-2023
1231,XHR,Xenia Hotels & Resorts Inc,16510,03-06-2023
1232,XRX,Xerox Holdings Corp,24112,03-06-2023
1233,XMTR,Xometry Inc,2298,03-06-2023
1234,XPEL,XPEL Inc,8179,03-06-2023
1235,XPER,Xperi Inc,8945,03-06-2023
1236,YELP,Yelp Inc,21558,03-06-2023
1237,YEXT,Yext Inc,36266,03-06-2023
1238,YORW,York Water Co,4944,03-06-2023
1239,ZETA,Zeta Global Holdings Corp,29365,03-06-2023
1240,ZD,Ziff Davis Inc,6359,03-06-2023
1241,ZIMV,Zimvie Inc,9512,03-06-2023
1242,ZIP,ZipRecruiter Inc,7873,03-06-2023
1243,ZUMZ,Zumiez Inc,12137,03-06-2023
1244,ZUO,Zuora Inc,23807,03-06-2023
1245,ZWS,Zurn Elkay Water Solutions Corp,10115,03-06-2023
1246,ZYXI,Zynex Inc,21199,03-06-2023
1247,EUR,EUR EUROPEAN UNION EURO,0,03-06-2023
1248,--,USD U.S. DOLLAR,0,03-06-2023
