,Ticker,Name,Shares,Date
0,FLWS,1-800-Flowers.com Inc,20688,02-02-2024
1,SRCE,1st Source Corp,3806,02-02-2024
2,TWOU,2U Inc,27903,02-02-2024
3,FDMT,4D Molecular Therapeutics Inc,3560,02-02-2024
4,EGHT,8x8 Inc,112075,02-02-2024
5,AMRK,A-Mark Precious Metals Inc,13369,02-02-2024
6,ATEN,A10 Networks Inc,47014,02-02-2024
7,AAON,AAON Inc,12263,02-02-2024
8,AIR,AAR Corp,7483,02-02-2024
9,AAN,Aarons Co Inc,19891,02-02-2024
10,ANF,Abercrombie & Fitch Co,15870,02-02-2024
11,ABM,ABM Industries Inc,12870,02-02-2024
12,ASO,Academy Sports & Outdoors Inc,13486,02-02-2024
13,ACAD,ACADIA Pharmaceuticals Inc,40783,02-02-2024
14,AKR,Acadia Realty Trust,19163,02-02-2024
15,ACCO,ACCO Brands Corp,28015,02-02-2024
16,ACIW,ACI Worldwide Inc,19962,02-02-2024
17,ACMR,ACM Research Inc,5604,02-02-2024
18,ACNB,ACNB Corp,1323,02-02-2024
19,GOLF,Acushnet Holdings Corp,10397,02-02-2024
20,ACVA,ACV Auctions Inc,15107,02-02-2024
21,AHCO,AdaptHealth Corp,19802,02-02-2024
22,ADUS,Addus HomeCare Corp,3718,02-02-2024
23,ADEA,Adeia Inc,35056,02-02-2024
24,ADNT,Adient PLC,14001,02-02-2024
25,ADMA,ADMA Biologics Inc,36168,02-02-2024
26,ATGE,Adtalem Global Education Inc,12573,02-02-2024
27,AEIS,Advanced Energy Industries Inc,7179,02-02-2024
28,ASIX,AdvanSix Inc,9221,02-02-2024
29,AEHR,Aehr Test Systems,6749,02-02-2024
30,AVAV,AeroVironment Inc,2832,02-02-2024
31,ASLE,AerSale Corp,1163,02-02-2024
32,AGYS,Agilysys Inc,8960,02-02-2024
33,ALG,Alamo Group Inc,3239,02-02-2024
34,ALRM,Alarm.com Holdings Inc,10343,02-02-2024
35,AIN,Albany International Corp,3831,02-02-2024
36,ALEX,Alexander & Baldwin Inc,28574,02-02-2024
37,ALX,Alexanders Inc,552,02-02-2024
38,ALIT,Alight Inc,44226,02-02-2024
39,ALHC,Alignment Healthcare Inc,17380,02-02-2024
40,ALKT,Alkami Technology Inc,4258,02-02-2024
41,ALKS,Alkermes PLC,52743,02-02-2024
42,ALE,ALLETE Inc,12852,02-02-2024
43,ALNT,Allient Inc,11105,02-02-2024
44,AOSL,Alpha & Omega Semiconductor Ltd,10372,02-02-2024
45,AMR,Alpha Metallurgical Resources Inc,5931,02-02-2024
46,ATEC,Alphatec Holdings Inc,18358,02-02-2024
47,PINE,Alpine Income Property Trust Inc,5811,02-02-2024
48,ALTG,Alta Equipment Group Inc,4209,02-02-2024
49,ALTR,Altair Engineering Inc,10218,02-02-2024
50,AMAL,Amalgamated Financial Corp,5734,02-02-2024
51,AMBC,Ambac Financial Group Inc,27098,02-02-2024
52,AMBA,Ambarella Inc,4245,02-02-2024
53,AMCX,AMC Networks Inc,9500,02-02-2024
54,AMTB,Amerant Bancorp Inc,5003,02-02-2024
55,AAT,American Assets Trust Inc,10917,02-02-2024
56,AXL,American Axle & Manufacturing Holdings Inc,37019,02-02-2024
57,AEO,American Eagle Outfitters Inc,28882,02-02-2024
58,AEL,American Equity Investment Life Holding Co,25639,02-02-2024
59,AMNB,American National Bankshares Inc,4355,02-02-2024
60,AMSWA,American Software Inc,12129,02-02-2024
61,AWR,American States Water Co,9830,02-02-2024
62,AVD,American Vanguard Corp,19357,02-02-2024
63,AMWD,American Woodmark Corp,4321,02-02-2024
64,ABCB,Ameris Bancorp,14608,02-02-2024
65,AMSF,AMERISAFE Inc,6981,02-02-2024
66,ATLO,Ames National Corp,4669,02-02-2024
67,FOLD,Amicus Therapeutics Inc,27885,02-02-2024
68,AMKR,Amkor Technology Inc,31875,02-02-2024
69,AMN,AMN Healthcare Services Inc,13664,02-02-2024
70,AMRX,Amneal Pharmaceuticals Inc,121646,02-02-2024
71,AMPH,Amphastar Pharmaceuticals Inc,11735,02-02-2024
72,AMPY,Amplify Energy Corp,34277,02-02-2024
73,AMLX,Amylyx Pharmaceuticals Inc,20348,02-02-2024
74,ANDE,Andersons Inc,5762,02-02-2024
75,ANGO,AngioDynamics Inc,15599,02-02-2024
76,ANIP,ANI Pharmaceuticals Inc,5724,02-02-2024
77,ANIK,Anika Therapeutics Inc,12829,02-02-2024
78,HOUS,Anywhere Real Estate Inc,35208,02-02-2024
79,AIV,Apartment Investment and Management Co,46621,02-02-2024
80,APG,API Group Corp,28721,02-02-2024
81,APOG,Apogee Enterprises Inc,11676,02-02-2024
82,ARI,Apollo Commercial Real Estate Finance Inc,30154,02-02-2024
83,AMEH,Apollo Medical Holdings Inc,4551,02-02-2024
84,APPF,Appfolio Inc,5366,02-02-2024
85,APPN,Appian Corp,10248,02-02-2024
86,APLE,Apple Hospitality REIT Inc,44424,02-02-2024
87,APLD,Applied Digital Corp,19480,02-02-2024
88,AIT,Applied Industrial Technologies Inc,12080,02-02-2024
89,ABR,Arbor Realty Trust Inc,34866,02-02-2024
90,ALTM,Arcadium Lithium PLC,32363,02-02-2024
91,ARCB,ArcBest Corp,5911,02-02-2024
92,ACLX,Arcellx Inc,4997,02-02-2024
93,ARCH,Arch Resources Inc,6681,02-02-2024
94,ACHR,Archer Aviation Inc,20967,02-02-2024
95,AROC,Archrock Inc,28992,02-02-2024
96,ACA,Arcosa Inc,8822,02-02-2024
97,ARCT,Arcturus Therapeutics Holdings Inc,13316,02-02-2024
98,ARDX,Ardelyx Inc,25014,02-02-2024
99,ASC,Ardmore Shipping Corp,25770,02-02-2024
100,ACRE,Ares Commercial Real Estate Corp,903,02-02-2024
101,AGX,Argan Inc,3347,02-02-2024
102,ARLO,Arlo Technologies Inc,35319,02-02-2024
103,AHH,Armada Hoffler Properties Inc,11126,02-02-2024
104,ARRY,Array Technologies Inc,11320,02-02-2024
105,AROW,Arrow Financial Corp,8900,02-02-2024
106,ARWR,Arrowhead Pharmaceuticals Inc,6103,02-02-2024
107,APAM,Artisan Partners Asset Management Inc,19029,02-02-2024
108,ASAN,Asana Inc,15374,02-02-2024
109,ABG,Asbury Automotive Group Inc,4642,02-02-2024
110,ASGN,ASGN Inc,12640,02-02-2024
111,ASRT,Assertio Holdings Inc,86148,02-02-2024
112,AMK,AssetMark Financial Holdings Inc,4896,02-02-2024
113,ASB,Associated Banc-Corp,24292,02-02-2024
114,ASTS,AST SpaceMobile Inc,18446,02-02-2024
115,ASTE,Astec Industries Inc,7230,02-02-2024
116,ATXS,Astria Therapeutics Inc,3541,02-02-2024
117,ASUR,Asure Software Inc,3279,02-02-2024
118,ATI,ATI Inc,10964,02-02-2024
119,ATKR,Atkore Inc,13224,02-02-2024
120,BATRA,Atlanta Braves Holdings Inc,3319,02-02-2024
121,BATRK,Atlanta Braves Holdings Inc,4527,02-02-2024
122,AUB,Atlantic Union Bankshares Corp,12859,02-02-2024
123,ATLC,Atlanticus Holdings Corp,2266,02-02-2024
124,ATMU,Atmus Filtration Technologies Inc,7558,02-02-2024
125,ATRC,AtriCure Inc,7184,02-02-2024
126,ATRI,Atrion Corp,148,02-02-2024
127,AUPH,Aurinia Pharmaceuticals Inc,15581,02-02-2024
128,AUR,Aurora Innovation Inc,45930,02-02-2024
129,AVNS,Avanos Medical Inc,13025,02-02-2024
130,AVDX,AvidXchange Holdings Inc,13443,02-02-2024
131,AVNT,Avient Corp,16203,02-02-2024
132,AVA,Avista Corp,14328,02-02-2024
133,RCEL,Avita Medical Inc,13544,02-02-2024
134,ACLS,Axcelis Technologies Inc,9098,02-02-2024
135,AXNX,Axonics Inc,4126,02-02-2024
136,AX,Axos Financial Inc,19863,02-02-2024
137,AXSM,Axsome Therapeutics Inc,4973,02-02-2024
138,AZZ,AZZ Inc,5120,02-02-2024
139,BGS,B&G Foods Inc,11318,02-02-2024
140,BW,Babcock & Wilcox Enterprises Inc,3694,02-02-2024
141,BMI,Badger Meter Inc,7525,02-02-2024
142,BCPC,Balchem Corp,3642,02-02-2024
143,BANC,Banc of California Inc,8554,02-02-2024
144,BANF,BancFirst Corp,6902,02-02-2024
145,BLX,Banco Latinoamericano de Comercio Exterior SA,11634,02-02-2024
146,TBBK,Bancorp Inc,15260,02-02-2024
147,BFC,Bank First Corp,2496,02-02-2024
148,BOH,Bank of Hawaii Corp,6176,02-02-2024
149,NTB,Bank of NT Butterfield & Son Ltd,21500,02-02-2024
150,BKU,BankUnited Inc,16200,02-02-2024
151,BWFG,Bankwell Financial Group Inc,5414,02-02-2024
152,BANR,Banner Corp,6024,02-02-2024
153,B,Barnes Group Inc,7336,02-02-2024
154,BBSI,Barrett Business Services Inc,2684,02-02-2024
155,BCML,BayCom Corp,700,02-02-2024
156,BCBP,BCB Bancorp Inc,12292,02-02-2024
157,BECN,Beacon Roofing Supply Inc,13369,02-02-2024
158,SKIN,Beauty Health Co,32981,02-02-2024
159,BZH,Beazer Homes USA Inc,9917,02-02-2024
160,BELFB,Bel Fuse Inc,5902,02-02-2024
161,BDC,Belden Inc,7700,02-02-2024
162,BRBR,BellRing Brands Inc,19556,02-02-2024
163,BHE,Benchmark Electronics Inc,11474,02-02-2024
164,BHLB,Berkshire Hills Bancorp Inc,6518,02-02-2024
165,BRY,Berry Corp,21827,02-02-2024
166,BYON,Beyond Inc,7792,02-02-2024
167,BGC,BGC Group Inc,30477,02-02-2024
168,BIGC,BigCommerce Holdings Inc,16033,02-02-2024
169,BCRX,BioCryst Pharmaceuticals Inc,26900,02-02-2024
170,BHVN,Biohaven Ltd,4314,02-02-2024
171,BTBT,Bit Digital Inc,44943,02-02-2024
172,BJRI,BJs Restaurants Inc,4544,02-02-2024
173,BKH,Black Hills Corp,13834,02-02-2024
174,BLKB,Blackbaud Inc,8181,02-02-2024
175,BL,BlackLine Inc,2404,02-02-2024
176,BXMT,Blackstone Mortgage Trust Inc,21425,02-02-2024
177,BLMN,Bloomin Brands Inc,14569,02-02-2024
178,BLBD,Blue Bird Corp,6182,02-02-2024
179,BRBS,Blue Ridge Bankshares Inc,2595,02-02-2024
180,BXC,BlueLinx Holdings Inc,8796,02-02-2024
181,BPMC,Blueprint Medicines Corp,3650,02-02-2024
182,BCC,Boise Cascade Co,15155,02-02-2024
183,BOOT,Boot Barn Holdings Inc,5005,02-02-2024
184,BORR,Borr Drilling Ltd,21702,02-02-2024
185,BWMN,Bowman Consulting Group Ltd,10104,02-02-2024
186,BOX,Box Inc,32902,02-02-2024
187,BHR,Braemar Hotels & Resorts Inc,16016,02-02-2024
188,BDN,Brandywine Realty Trust,28350,02-02-2024
189,BRZE,Braze Inc,4613,02-02-2024
190,BFH,Bread Financial Holdings Inc,8164,02-02-2024
191,BBIO,Bridgebio Pharma Inc,6215,02-02-2024
192,BCOV,Brightcove Inc,38017,02-02-2024
193,BSIG,Brightsphere Investment Group Inc,13851,02-02-2024
194,EAT,Brinker International Inc,7565,02-02-2024
195,BCO,Brinks Co,5885,02-02-2024
196,VTOL,Bristow Group Inc,7094,02-02-2024
197,BNL,Broadstone Net Lease Inc,25884,02-02-2024
198,BIPC,Brookfield Infrastructure Corp,27456,02-02-2024
199,BRKL,Brookline Bancorp Inc,23769,02-02-2024
200,BRT,BRT Apartments Corp,9156,02-02-2024
201,BKE,Buckle Inc,10638,02-02-2024
202,BBW,Build-A-Bear Workshop Inc,6840,02-02-2024
203,BY,Byline Bancorp Inc,5621,02-02-2024
204,AI,C3.ai Inc,4828,02-02-2024
205,CABA,Cabaletta Bio Inc,7112,02-02-2024
206,CBT,Cabot Corp,9915,02-02-2024
207,WHD,Cactus Inc,7071,02-02-2024
208,CADE,Cadence Bank,32889,02-02-2024
209,CALM,Cal-Maine Foods Inc,13664,02-02-2024
210,CAL,Caleres Inc,16233,02-02-2024
211,CRC,California Resources Corp,19199,02-02-2024
212,CWT,California Water Service Group,9431,02-02-2024
213,CALX,Calix Inc,14495,02-02-2024
214,CPE,Callon Petroleum Co,10642,02-02-2024
215,CMBM,Cambium Networks Corp,2070,02-02-2024
216,CATC,Cambridge Bancorp,611,02-02-2024
217,CAC,Camden National Corp,9034,02-02-2024
218,CWH,Camping World Holdings Inc,5621,02-02-2024
219,CNNE,Cannae Holdings Inc,6102,02-02-2024
220,CCBG,Capital City Bank Group Inc,8636,02-02-2024
221,CDLX,Cardlytics Inc,11802,02-02-2024
222,CDNA,CareDx Inc,43446,02-02-2024
223,CTRE,CareTrust REIT Inc,19792,02-02-2024
224,CARG,Cargurus Inc,23293,02-02-2024
225,PRTS,CarParts.com Inc,32843,02-02-2024
226,CRS,Carpenter Technology Corp,7054,02-02-2024
227,CSV,Carriage Services Inc,6051,02-02-2024
228,TAST,Carrols Restaurant Group Inc,34623,02-02-2024
229,CARS,Cars.com Inc,27901,02-02-2024
230,CVNA,Carvana Co,5944,02-02-2024
231,CWST,Casella Waste Systems Inc,5525,02-02-2024
232,CASS,Cass Information Systems Inc,4798,02-02-2024
233,CPRX,Catalyst Pharmaceuticals Inc,75699,02-02-2024
234,CATY,Cathay General Bancorp,17621,02-02-2024
235,CVCO,Cavco Industries Inc,1532,02-02-2024
236,CBZ,CBIZ Inc,9275,02-02-2024
237,CBL,CBL & Associates Properties Inc,8430,02-02-2024
238,CECO,CECO Environmental Corp,7083,02-02-2024
239,CSR,Centerspace,2665,02-02-2024
240,CENTA,Central Garden & Pet Co,9125,02-02-2024
241,CENT,Central Garden & Pet Co,5383,02-02-2024
242,CPF,Central Pacific Financial Corp,11679,02-02-2024
243,CVCY,Central Valley Community Bancorp,5655,02-02-2024
244,LEU,Centrus Energy Corp,3243,02-02-2024
245,CCS,Century Communities Inc,4180,02-02-2024
246,CRNC,Cerence Inc,5974,02-02-2024
247,CERE,Cerevel Therapeutics Holdings Inc,2355,02-02-2024
248,CERS,Cerus Corp,66540,02-02-2024
249,CEVA,CEVA Inc,5718,02-02-2024
250,CHX,ChampionX Corp,26621,02-02-2024
251,GTLS,Chart Industries Inc,4063,02-02-2024
252,CLDT,Chatham Lodging Trust,16854,02-02-2024
253,CAKE,Cheesecake Factory Inc,5434,02-02-2024
254,CHEF,Chefs Warehouse Inc,4098,02-02-2024
255,CHGG,Chegg Inc,20124,02-02-2024
256,CHMG,Chemung Financial Corp,3423,02-02-2024
257,CPK,Chesapeake Utilities Corp,4823,02-02-2024
258,CIM,Chimera Investment Corp,22681,02-02-2024
259,COFS,ChoiceOne Financial Services Inc,3841,02-02-2024
260,CHRD,Chord Energy Corp,7270,02-02-2024
261,CHUY,Chuys Holdings Inc,4731,02-02-2024
262,CMPR,Cimpress PLC,9702,02-02-2024
263,CNK,Cinemark Holdings Inc,10693,02-02-2024
264,CHCO,City Holding Co,6571,02-02-2024
265,CIO,City Office REIT Inc,23557,02-02-2024
266,CIVB,Civista Bancshares Inc,10772,02-02-2024
267,CIVI,Civitas Resources Inc,9665,02-02-2024
268,CMTG,Claros Mortgage Trust Inc,15907,02-02-2024
269,CLSK,Cleanspark Inc,10984,02-02-2024
270,CLFD,Clearfield Inc,6505,02-02-2024
271,CLW,Clearwater Paper Corp,6103,02-02-2024
272,CLMB,Climb Global Solutions Inc,2962,02-02-2024
273,CCNE,CNB Financial Corp,7340,02-02-2024
274,CNO,CNO Financial Group Inc,35134,02-02-2024
275,CNX,CNX Resources Corp,26161,02-02-2024
276,COKE,Coca-Cola Consolidated Inc,1838,02-02-2024
277,CDXS,Codexis Inc,8674,02-02-2024
278,CVLY,Codorus Valley Bancorp Inc,4429,02-02-2024
279,CCOI,Cogent Communications Holdings Inc,6564,02-02-2024
280,CNS,Cohen & Steers Inc,9295,02-02-2024
281,COHU,Cohu Inc,13775,02-02-2024
282,COLL,Collegium Pharmaceutical Inc,33585,02-02-2024
283,CBAN,Colony Bankcorp Inc,1133,02-02-2024
284,CLBK,Columbia Financial Inc,6890,02-02-2024
285,CMCO,Columbus McKinnon Corp,8598,02-02-2024
286,FIX,Comfort Systems USA Inc,8856,02-02-2024
287,CMC,Commercial Metals Co,28603,02-02-2024
288,CVGI,Commercial Vehicle Group Inc,14325,02-02-2024
289,CBU,Community Bank System Inc,5943,02-02-2024
290,CHCT,Community Healthcare Trust Inc,6189,02-02-2024
291,CTBI,Community Trust Bancorp Inc,5316,02-02-2024
292,CVLT,CommVault Systems Inc,13496,02-02-2024
293,CODI,Compass Diversified Holdings,308,02-02-2024
294,COMP,Compass Inc,156805,02-02-2024
295,CPSI,Computer Programs and Systems Inc,13705,02-02-2024
296,CNDT,Conduent Inc,89294,02-02-2024
297,CNMD,CONMED Corp,2550,02-02-2024
298,CNOB,ConnectOne Bancorp Inc,6989,02-02-2024
299,CCSI,Consensus Cloud Solutions Inc,7437,02-02-2024
300,CEIX,CONSOL Energy Inc,13256,02-02-2024
301,CWCO,Consolidated Water Co Ltd,14965,02-02-2024
302,CSTM,Constellium SE,18931,02-02-2024
303,ROAD,Construction Partners Inc,4045,02-02-2024
304,CPSS,Consumer Portfolio Services Inc,8749,02-02-2024
305,CPS,Cooper-Standard Holdings Inc,7248,02-02-2024
306,CDP,COPT Defense Properties,20401,02-02-2024
307,CORT,Corcept Therapeutics Inc,50585,02-02-2024
308,CMT,Core Molding Technologies Inc,7570,02-02-2024
309,CCRD,CoreCard Corp,5551,02-02-2024
310,CXW,CoreCivic Inc,35760,02-02-2024
311,CRMD,CorMedix Inc,147,02-02-2024
312,CRSR,Corsair Gaming Inc,6832,02-02-2024
313,CRVL,CorVel Corp,3283,02-02-2024
314,CMRE,Costamare Inc,14868,02-02-2024
315,BASE,Couchbase Inc,10359,02-02-2024
316,COUR,Coursera Inc,16938,02-02-2024
317,CVLG,Covenant Logistics Group Inc,4012,02-02-2024
318,PMTS,CPI Card Group Inc,3221,02-02-2024
319,CRAI,CRA International Inc,4025,02-02-2024
320,CBRL,Cracker Barrel Old Country Store Inc,1875,02-02-2024
321,CRDO,Credo Technology Group Holding Ltd,8207,02-02-2024
322,CRNX,Crinetics Pharmaceuticals Inc,2929,02-02-2024
323,CCRN,Cross Country Healthcare Inc,28948,02-02-2024
324,CYRX,CryoPort Inc,9224,02-02-2024
325,CSGS,CSG Systems International Inc,12503,02-02-2024
326,CSWI,CSW Industrials Inc,4494,02-02-2024
327,CTO,CTO Realty Growth Inc,11457,02-02-2024
328,CTS,CTS Corp,6846,02-02-2024
329,CWK,Cushman & Wakefield PLC,39074,02-02-2024
330,CUBI,Customers Bancorp Inc,16793,02-02-2024
331,CVBF,CVB Financial Corp,19039,02-02-2024
332,CVI,CVR Energy Inc,12345,02-02-2024
333,CVRX,CVRx Inc,6243,02-02-2024
334,CBAY,Cymabay Therapeutics Inc,11420,02-02-2024
335,CYTK,Cytokinetics Inc,3841,02-02-2024
336,DAKT,Daktronics Inc,20086,02-02-2024
337,DAN,Dana Inc,25644,02-02-2024
338,PLAY,Dave & Busters Entertainment Inc,5359,02-02-2024
339,DK,Delek US Holdings Inc,10042,02-02-2024
340,DLX,Deluxe Corp,17139,02-02-2024
341,DENN,Dennys Corp,17668,02-02-2024
342,DBI,Designer Brands Inc,12407,02-02-2024
343,DXLG,Destination XL Group Inc,29345,02-02-2024
344,DHX,DHI Group Inc,31909,02-02-2024
345,DHT,DHT Holdings Inc,35419,02-02-2024
346,DHIL,Diamond Hill Investment Group Inc,1889,02-02-2024
347,DO,Diamond Offshore Drilling Inc,17638,02-02-2024
348,DRH,DiamondRock Hospitality Co,44554,02-02-2024
349,DGII,Digi International Inc,11903,02-02-2024
350,APPS,Digital Turbine Inc,28284,02-02-2024
351,DBRG,DigitalBridge Group Inc,9665,02-02-2024
352,DOCN,DigitalOcean Holdings Inc,3078,02-02-2024
353,DDS,Dillards Inc,2084,02-02-2024
354,DCOM,Dime Community Bancshares Inc,11313,02-02-2024
355,DIOD,Diodes Inc,13871,02-02-2024
356,IRON,Disc Medicine Inc,1671,02-02-2024
357,DSGR,Distribution Solutions Group Inc,8855,02-02-2024
358,DNOW,DNOW Inc,68326,02-02-2024
359,DOLE,Dole PLC,9108,02-02-2024
360,DOMO,Domo Inc,27037,02-02-2024
361,DFIN,Donnelley Financial Solutions Inc,12400,02-02-2024
362,LPG,Dorian LPG Ltd,11079,02-02-2024
363,DORM,Dorman Products Inc,6023,02-02-2024
364,PLOW,Douglas Dynamics Inc,3380,02-02-2024
365,DOUG,Douglas Elliman Inc,73560,02-02-2024
366,DEI,Douglas Emmett Inc,25293,02-02-2024
367,DFH,Dream Finders Homes Inc,3322,02-02-2024
368,DRQ,Dril-Quip Inc,5507,02-02-2024
369,DCO,Ducommun Inc,2593,02-02-2024
370,DUOL,Duolingo Inc,2482,02-02-2024
371,DXPE,DXP Enterprises Inc,14501,02-02-2024
372,DY,Dycom Industries Inc,4174,02-02-2024
373,DVAX,Dynavax Technologies Corp,65745,02-02-2024
374,DX,Dynex Capital Inc,8931,02-02-2024
375,EGBN,Eagle Bancorp Inc,9356,02-02-2024
376,EGLE,Eagle Bulk Shipping Inc,4100,02-02-2024
377,EGRX,Eagle Pharmaceuticals Inc,6664,02-02-2024
378,DEA,Easterly Government Properties Inc,14514,02-02-2024
379,EBC,Eastern Bankshares Inc,9267,02-02-2024
380,SATS,EchoStar Corp,13856,02-02-2024
381,ECVT,Ecovyst Inc,22121,02-02-2024
382,EPC,Edgewell Personal Care Co,12147,02-02-2024
383,EGAN,eGain Corp,19180,02-02-2024
384,LOCO,El Pollo Loco Holdings Inc,12213,02-02-2024
385,ELF,elf Beauty Inc,7120,02-02-2024
386,EFC,Ellington Financial Inc,11660,02-02-2024
387,ELME,Elme Communities,10716,02-02-2024
388,EMBC,Embecta Corp,17737,02-02-2024
389,EBS,Emergent BioSolutions Inc,11245,02-02-2024
390,EP,Empire Petroleum Corp,4166,02-02-2024
391,ESRT,Empire State Realty Trust Inc,41734,02-02-2024
392,EIG,Employers Holdings Inc,8748,02-02-2024
393,ACT,Enact Holdings Inc,12256,02-02-2024
394,ECPG,Encore Capital Group Inc,5681,02-02-2024
395,WIRE,Encore Wire Corp,7351,02-02-2024
396,ENR,Energizer Holdings Inc,10898,02-02-2024
397,EFR,Energy Fuels Inc,20177,02-02-2024
398,ERII,Energy Recovery Inc,23463,02-02-2024
399,EPAC,Enerpac Tool Group Corp,15513,02-02-2024
400,ENS,EnerSys,7160,02-02-2024
401,EHAB,Enhabit Inc,422,02-02-2024
402,ELVN,Enliven Therapeutics Inc,1764,02-02-2024
403,EBF,Ennis Inc,7403,02-02-2024
404,ENVA,Enova International Inc,18093,02-02-2024
405,ENVX,Enovix Corp,11721,02-02-2024
406,NPO,Enpro Inc,4455,02-02-2024
407,ENSG,Ensign Group Inc,9597,02-02-2024
408,ESGR,Enstar Group Ltd,1865,02-02-2024
409,EFSC,Enterprise Financial Services Corp,7337,02-02-2024
410,TRDA,Entrada Therapeutics Inc,18591,02-02-2024
411,ENV,Envestnet Inc,6296,02-02-2024
412,PLUS,ePlus Inc,8781,02-02-2024
413,ETRN,Equitrans Midstream Corp,44986,02-02-2024
414,EQC,Equity Commonwealth,13464,02-02-2024
415,ESE,ESCO Technologies Inc,3592,02-02-2024
416,ESQ,Esquire Financial Holdings Inc,3838,02-02-2024
417,ESNT,Essent Group Ltd,24779,02-02-2024
418,EPRT,Essential Properties Realty Trust Inc,20065,02-02-2024
419,ETD,Ethan Allen Interiors Inc,20357,02-02-2024
420,EVBN,Evans Bancorp Inc,3696,02-02-2024
421,EVBG,Everbridge Inc,5431,02-02-2024
422,EVRI,Everi Holdings Inc,12861,02-02-2024
423,EVER,EverQuote Inc,18626,02-02-2024
424,EVTC,EVERTEC Inc,16449,02-02-2024
425,EVI,EVI Industries Inc,4262,02-02-2024
426,EVH,Evolent Health Inc,9036,02-02-2024
427,EOLS,Evolus Inc,33011,02-02-2024
428,EPM,Evolution Petroleum Corp,30820,02-02-2024
429,SSP,EW Scripps Co,18867,02-02-2024
430,EXLS,ExlService Holdings Inc,32630,02-02-2024
431,EXPI,eXp World Holdings Inc,50858,02-02-2024
432,EXPO,Exponent Inc,4654,02-02-2024
433,XPRO,Expro Group Holdings NV,8225,02-02-2024
434,EXTR,Extreme Networks Inc,53274,02-02-2024
435,FN,Fabrinet,5331,02-02-2024
436,FMAO,Farmers & Merchants Bancorp Inc/Archbold OH,2330,02-02-2024
437,FMNB,Farmers National Banc Corp,12150,02-02-2024
438,FPI,Farmland Partners Inc,11552,02-02-2024
439,FSLY,Fastly Inc,8383,02-02-2024
440,FBK,FB Financial Corp,9451,02-02-2024
441,AGM,Federal Agricultural Mortgage Corp,6208,02-02-2024
442,FSS,Federal Signal Corp,9061,02-02-2024
443,FDBC,Fidelity D&D Bancorp Inc,2251,02-02-2024
444,FIGS,Figs Inc,51673,02-02-2024
445,FISI,Financial Institutions Inc,10440,02-02-2024
446,FA,First Advantage Corp,10466,02-02-2024
447,FBP,First BanCorp,49489,02-02-2024
448,FNLC,First Bancorp Inc,6141,02-02-2024
449,FBNC,First Bancorp/Southern Pines NC,8513,02-02-2024
450,FBMS,First Bancshares Inc,4323,02-02-2024
451,BUSE,First Busey Corp,9904,02-02-2024
452,FBIZ,First Business Financial Services Inc,7901,02-02-2024
453,FCF,First Commonwealth Financial Corp,23137,02-02-2024
454,FCCO,First Community Corp,5002,02-02-2024
455,FFBC,First Financial Bancorp,20570,02-02-2024
456,FFIN,First Financial Bankshares Inc,24783,02-02-2024
457,THFF,First Financial Corp,4226,02-02-2024
458,FIBK,First Interstate BancSystem Inc,11051,02-02-2024
459,FRME,First Merchants Corp,14214,02-02-2024
460,FMBH,First Mid Bancshares Inc,4768,02-02-2024
461,FLIC,First of Long Island Corp,9287,02-02-2024
462,MYFW,First Western Financial Inc,1261,02-02-2024
463,FCFS,FirstCash Holdings Inc,5759,02-02-2024
464,FLNG,FLEX LNG Ltd,3637,02-02-2024
465,FLNC,Fluence Energy Inc,5452,02-02-2024
466,FLR,Fluor Corp,20019,02-02-2024
467,FFIC,Flushing Financial Corp,13191,02-02-2024
468,FLYW,Flywire Corp,5686,02-02-2024
469,FL,Foot Locker Inc,5847,02-02-2024
470,FOR,Forestar Group Inc,11750,02-02-2024
471,FORM,FormFactor Inc,16825,02-02-2024
472,FORR,Forrester Research Inc,7722,02-02-2024
473,FWRD,Forward Air Corp,10788,02-02-2024
474,FOSL,Fossil Group Inc,27943,02-02-2024
475,FCPT,Four Corners Property Trust Inc,16211,02-02-2024
476,FOXF,Fox Factory Holding Corp,6984,02-02-2024
477,FBRT,Franklin BSP Realty Trust Inc,13148,02-02-2024
478,FC,Franklin Covey Co,12017,02-02-2024
479,FELE,Franklin Electric Co Inc,12222,02-02-2024
480,FDP,Fresh Del Monte Produce Inc,10737,02-02-2024
481,FRSH,Freshworks Inc,14898,02-02-2024
482,FTDR,Frontdoor Inc,21617,02-02-2024
483,FRPH,FRP Holdings Inc,3859,02-02-2024
484,FSBW,FS Bancorp Inc,3184,02-02-2024
485,FTAI,FTAI Aviation Ltd,11061,02-02-2024
486,FUBO,fuboTV Inc,30980,02-02-2024
487,FLGT,Fulgent Genetics Inc,10648,02-02-2024
488,FULT,Fulton Financial Corp,32999,02-02-2024
489,FVCB,FVCBankcorp Inc,2391,02-02-2024
490,GIII,G-III Apparel Group Ltd,11524,02-02-2024
491,GCI,Gannett Co Inc,88080,02-02-2024
492,GATX,GATX Corp,3646,02-02-2024
493,GNK,Genco Shipping & Trading Ltd,12663,02-02-2024
494,GENC,Gencor Industries Inc,7827,02-02-2024
495,GCO,Genesco Inc,9787,02-02-2024
496,GNE,Genie Energy Ltd,19874,02-02-2024
497,THRM,Gentherm Inc,7311,02-02-2024
498,GNW,Genworth Financial Inc,115221,02-02-2024
499,GEO,GEO Group Inc,51684,02-02-2024
500,GABC,German American Bancorp Inc,10652,02-02-2024
501,GTY,Getty Realty Corp,8765,02-02-2024
502,ROCK,Gibraltar Industries Inc,5992,02-02-2024
503,GBCI,Glacier Bancorp Inc,13033,02-02-2024
504,GOOD,Gladstone Commercial Corp,11732,02-02-2024
505,LAND,Gladstone Land Corp,3951,02-02-2024
506,GKOS,Glaukos Corp,3632,02-02-2024
507,GIC,Global Industrial Co,12755,02-02-2024
508,GMRE,Global Medical REIT Inc,9853,02-02-2024
509,GNL,Global Net Lease Inc,48422,02-02-2024
510,GMS,GMS Inc,21841,02-02-2024
511,GOGO,Gogo Inc,15442,02-02-2024
512,GLNG,Golar LNG Ltd,6934,02-02-2024
513,GDEN,Golden Entertainment Inc,5299,02-02-2024
514,GT,Goodyear Tire & Rubber Co,47559,02-02-2024
515,GSHD,Goosehead Insurance Inc,5214,02-02-2024
516,GPRO,GoPro Inc,39509,02-02-2024
517,GRC,Gorman-Rupp Co,3957,02-02-2024
518,EAF,GrafTech International Ltd,65932,02-02-2024
519,GHC,Graham Holdings Co,867,02-02-2024
520,GVA,Granite Construction Inc,4828,02-02-2024
521,GTN,Gray Television Inc,19560,02-02-2024
522,GSBC,Great Southern Bancorp Inc,6754,02-02-2024
523,GRBK,Green Brick Partners Inc,6759,02-02-2024
524,GPRE,Green Plains Inc,4457,02-02-2024
525,GBX,Greenbrier Cos Inc,3476,02-02-2024
526,GCBC,Greene County Bancorp Inc,6508,02-02-2024
527,GEF,Greif Inc,5750,02-02-2024
528,GDYN,Grid Dynamics Holdings Inc,16003,02-02-2024
529,GFF,Griffon Corp,13529,02-02-2024
530,GPI,Group 1 Automotive Inc,4146,02-02-2024
531,GES,Guess? Inc,8830,02-02-2024
532,GPOR,Gulfport Energy Corp,6068,02-02-2024
533,HEES,H&E Equipment Services Inc,7298,02-02-2024
534,HCKT,Hackett Group Inc,22630,02-02-2024
535,HAE,Haemonetics Corp,5916,02-02-2024
536,HAIN,Hain Celestial Group Inc,20258,02-02-2024
537,HALO,Halozyme Therapeutics Inc,18718,02-02-2024
538,HLNE,Hamilton Lane Inc,8778,02-02-2024
539,HWC,Hancock Whitney Corp,14829,02-02-2024
540,HAFC,Hanmi Financial Corp,12037,02-02-2024
541,HONE,HarborOne Bancorp Inc,15273,02-02-2024
542,HLIT,Harmonic Inc,30631,02-02-2024
543,HRMY,Harmony Biosciences Holdings Inc,19826,02-02-2024
544,HBIO,Harvard Bioscience Inc,38224,02-02-2024
545,HVT,Haverty Furniture Cos Inc,14716,02-02-2024
546,HWKN,Hawkins Inc,5266,02-02-2024
547,HAYN,Haynes International Inc,536,02-02-2024
548,FUL,HB Fuller Co,9104,02-02-2024
549,HQY,HealthEquity Inc,9145,02-02-2024
550,HSTM,HealthStream Inc,9465,02-02-2024
551,HTLD,Heartland Express Inc,7483,02-02-2024
552,HTLF,Heartland Financial USA Inc,8690,02-02-2024
553,HL,Hecla Mining Co,39164,02-02-2024
554,HSII,Heidrick & Struggles International Inc,5389,02-02-2024
555,HELE,Helen of Troy Ltd,3472,02-02-2024
556,HLIO,Helios Technologies Inc,3422,02-02-2024
557,HLX,Helix Energy Solutions Group Inc,45882,02-02-2024
558,HP,Helmerich & Payne Inc,12097,02-02-2024
559,HLF,Herbalife Ltd,22293,02-02-2024
560,HRI,Herc Holdings Inc,3714,02-02-2024
561,HTBK,Heritage Commerce Corp,18642,02-02-2024
562,HFWA,Heritage Financial Corp,6436,02-02-2024
563,HIBB,Hibbett Inc,6496,02-02-2024
564,HI,Hillenbrand Inc,10569,02-02-2024
565,HLMN,Hillman Solutions Corp,17650,02-02-2024
566,HTH,Hilltop Holdings Inc,14097,02-02-2024
567,HGV,Hilton Grand Vacations Inc,11325,02-02-2024
568,HIMS,Hims & Hers Health Inc,10984,02-02-2024
569,HIFS,Hingham Institution For Savings The,651,02-02-2024
570,HQI,HireQuest Inc,3051,02-02-2024
571,HNI,HNI Corp,22094,02-02-2024
572,HBCP,Home Bancorp Inc,3860,02-02-2024
573,HOMB,Home BancShares Inc,30422,02-02-2024
574,HTBI,HomeTrust Bancshares Inc,6084,02-02-2024
575,HOPE,Hope Bancorp Inc,28399,02-02-2024
576,HMN,Horace Mann Educators Corp,8606,02-02-2024
577,HBNC,Horizon Bancorp Inc,13257,02-02-2024
578,HOV,Hovnanian Enterprises Inc,2260,02-02-2024
579,HUBG,Hub Group Inc,19624,02-02-2024
580,HPP,Hudson Pacific Properties Inc,25902,02-02-2024
581,HDSN,Hudson Technologies Inc,39898,02-02-2024
582,HURN,Huron Consulting Group Inc,6164,02-02-2024
583,HY,Hyster-Yale Materials Handling Inc,83,02-02-2024
584,IIIV,I3 Verticals Inc,2061,02-02-2024
585,ICFI,ICF International Inc,5386,02-02-2024
586,ICHR,Ichor Holdings Ltd,8029,02-02-2024
587,IDYA,Ideaya Biosciences Inc,3877,02-02-2024
588,IDT,IDT Corp,14346,02-02-2024
589,IESC,IES Holdings Inc,8238,02-02-2024
590,IHRT,iHeartMedia Inc,36168,02-02-2024
591,IMAX,IMAX Corp,8293,02-02-2024
592,IMMR,Immersion Corp,3688,02-02-2024
593,IMGN,ImmunoGen Inc,15302,02-02-2024
594,IMVT,Immunovant Inc,4646,02-02-2024
595,PI,Impinj Inc,6720,02-02-2024
596,NARI,Inari Medical Inc,8483,02-02-2024
597,IRT,Independence Realty Trust Inc,26829,02-02-2024
598,INDB,Independent Bank Corp,7573,02-02-2024
599,IBCP,Independent Bank Corp,14025,02-02-2024
600,IBTX,Independent Bank Group Inc,5571,02-02-2024
601,INFN,Infinera Corp,48286,02-02-2024
602,III,Information Services Group Inc,34150,02-02-2024
603,INFU,InfuSystem Holdings Inc,17552,02-02-2024
604,NGVT,Ingevity Corp,7402,02-02-2024
605,IMKTA,Ingles Markets Inc,8394,02-02-2024
606,INMD,Inmode Ltd,14801,02-02-2024
607,INOD,Innodata Inc,23442,02-02-2024
608,IOSP,Innospec Inc,7856,02-02-2024
609,IIPR,Innovative Industrial Properties Inc,4017,02-02-2024
610,INVA,Innoviva Inc,48254,02-02-2024
611,NSIT,Insight Enterprises Inc,8655,02-02-2024
612,INSM,Insmed Inc,9087,02-02-2024
613,NSP,Insperity Inc,9300,02-02-2024
614,INSE,Inspired Entertainment Inc,21037,02-02-2024
615,IBP,Installed Building Products Inc,4500,02-02-2024
616,IIIN,Insteel Industries Inc,6979,02-02-2024
617,INTA,Intapp Inc,3300,02-02-2024
618,ITGR,Integer Holdings Corp,6981,02-02-2024
619,IAS,Integral Ad Science Holding Corp,8854,02-02-2024
620,NTLA,Intellia Therapeutics Inc,3972,02-02-2024
621,IPAR,Inter Parfums Inc,4130,02-02-2024
622,IDCC,InterDigital Inc,5150,02-02-2024
623,TILE,Interface Inc,24115,02-02-2024
624,IBOC,International Bancshares Corp,12177,02-02-2024
625,IGT,International Game Technology PLC,16587,02-02-2024
626,IMXI,International Money Express Inc,14894,02-02-2024
627,INSW,International Seaways Inc,10945,02-02-2024
628,INTT,inTEST Corp,10489,02-02-2024
629,ITCI,Intra-Cellular Therapies Inc,18091,02-02-2024
630,IVT,InvenTrust Properties Corp,9155,02-02-2024
631,ITIC,Investors Title Co,1192,02-02-2024
632,IONQ,IonQ Inc,9619,02-02-2024
633,IRMD,iRadimed Corp,2706,02-02-2024
634,IRTC,iRhythm Technologies Inc,6706,02-02-2024
635,IRBT,iRobot Corp,3304,02-02-2024
636,IRWD,Ironwood Pharmaceuticals Inc,76185,02-02-2024
637,ITOS,iTeos Therapeutics Inc,7466,02-02-2024
638,ITRI,Itron Inc,4990,02-02-2024
639,JJSF,J & J Snack Foods Corp,2451,02-02-2024
640,JACK,Jack in the Box Inc,3833,02-02-2024
641,JXN,Jackson Financial Inc,20267,02-02-2024
642,JAKK,JAKKS Pacific Inc,7058,02-02-2024
643,JBI,Janus International Group Inc,24334,02-02-2024
644,JBGS,JBG SMITH Properties,16355,02-02-2024
645,JELD,JELD-WEN Holding Inc,21720,02-02-2024
646,JOBY,Joby Aviation Inc,35296,02-02-2024
647,JBSS,John B Sanfilippo & Son Inc,4764,02-02-2024
648,JBT,John Bean Technologies Corp,5250,02-02-2024
649,WLY,John Wiley & Sons Inc,13333,02-02-2024
650,JOUT,Johnson Outdoors Inc,4000,02-02-2024
651,JYNT,Joint Corp,10798,02-02-2024
652,KAI,Kadant Inc,4034,02-02-2024
653,KALU,Kaiser Aluminum Corp,1655,02-02-2024
654,KAMN,Kaman Corp,5356,02-02-2024
655,KPTI,Karyopharm Therapeutics Inc,94524,02-02-2024
656,KBH,KB Home,10747,02-02-2024
657,KELYA,Kelly Services Inc,17294,02-02-2024
658,KMT,Kennametal Inc,10765,02-02-2024
659,KW,Kennedy-Wilson Holdings Inc,8543,02-02-2024
660,KFRC,Kforce Inc,14688,02-02-2024
661,KE,Kimball Electronics Inc,10078,02-02-2024
662,KNTK,Kinetik Holdings Inc,2817,02-02-2024
663,KNSA,Kiniksa Pharmaceuticals Ltd,19572,02-02-2024
664,KRG,Kite Realty Group Trust,38781,02-02-2024
665,KREF,KKR Real Estate Finance Trust Inc,9459,02-02-2024
666,KLXE,KLX Energy Services Holdings Inc,12378,02-02-2024
667,KNF,Knife River Corp,3756,02-02-2024
668,KN,Knowles Corp,23927,02-02-2024
669,KTB,Kontoor Brands Inc,11254,02-02-2024
670,KOP,Koppers Holdings Inc,5091,02-02-2024
671,KFY,Korn Ferry,10845,02-02-2024
672,KOS,Kosmos Energy Ltd,50208,02-02-2024
673,KTOS,Kratos Defense & Security Solutions Inc,10337,02-02-2024
674,DNUT,Krispy Kreme Inc,10155,02-02-2024
675,KRYS,Krystal Biotech Inc,1301,02-02-2024
676,KLIC,Kulicke & Soffa Industries Inc,13747,02-02-2024
677,LZB,La-Z-Boy Inc,16038,02-02-2024
678,LADR,Ladder Capital Corp,19723,02-02-2024
679,LBAI,Lakeland Bancorp Inc,12307,02-02-2024
680,LKFN,Lakeland Financial Corp,9417,02-02-2024
681,LANC,Lancaster Colony Corp,3696,02-02-2024
682,LNTH,Lantheus Holdings Inc,12135,02-02-2024
683,LAUR,Laureate Education Inc,24658,02-02-2024
684,LCII,LCI Industries,7304,02-02-2024
685,LZ,Legalzoom.com Inc,36033,02-02-2024
686,LMAT,LeMaitre Vascular Inc,7747,02-02-2024
687,LC,LendingClub Corp,31027,02-02-2024
688,DRS,Leonardo DRS Inc,19833,02-02-2024
689,LESL,Leslies Inc,18135,02-02-2024
690,LGIH,LGI Homes Inc,1494,02-02-2024
691,LBRT,Liberty Energy Inc,53763,02-02-2024
692,LILA,Liberty Latin America Ltd,7585,02-02-2024
693,LILAK,Liberty Latin America Ltd,36340,02-02-2024
694,LTH,Life Time Group Holdings Inc,7626,02-02-2024
695,LGND,Ligand Pharmaceuticals Inc,6031,02-02-2024
696,LNW,Light & Wonder Inc,11120,02-02-2024
697,LMB,Limbach Holdings Inc,3874,02-02-2024
698,LINC,Lincoln Educational Services Corp,23147,02-02-2024
699,LNN,Lindsay Corp,2058,02-02-2024
700,LGF/B,Lions Gate Entertainment Corp,9636,02-02-2024
701,LGF/A,Lions Gate Entertainment Corp,9085,02-02-2024
702,LIVN,LivaNova PLC,6940,02-02-2024
703,LOB,Live Oak Bancshares Inc,10030,02-02-2024
704,RAMP,LiveRamp Holdings Inc,12209,02-02-2024
705,LPTV,Loop Media Inc,28295,02-02-2024
706,LOVE,Lovesac Co,9108,02-02-2024
707,LXU,LSB Industries Inc,12896,02-02-2024
708,LYTS,LSI Industries Inc,25775,02-02-2024
709,LTC,LTC Properties Inc,7370,02-02-2024
710,LUNA,Luna Innovations Inc,23326,02-02-2024
711,LXP,LXP Industrial Trust,39572,02-02-2024
712,MHO,M/I Homes Inc,6782,02-02-2024
713,MCBC,Macatawa Bank Corp,20807,02-02-2024
714,MAC,Macerich Co,33530,02-02-2024
715,MTSI,MACOM Technology Solutions Holdings Inc,6554,02-02-2024
716,MSGE,Madison Square Garden Entertainment Corp,4478,02-02-2024
717,MDGL,Madrigal Pharmaceuticals Inc,597,02-02-2024
718,MGNI,Magnite Inc,15759,02-02-2024
719,MGY,Magnolia Oil & Gas Corp,59560,02-02-2024
720,MNSB,MainStreet Bancshares Inc,6020,02-02-2024
721,MBUU,Malibu Boats Inc,5752,02-02-2024
722,MTW,Manitowoc Co Inc,11777,02-02-2024
723,RTYH24,MAR 24 CME EMINIRUS2K,18,02-02-2024
724,MARA,Marathon Digital Holdings Inc,9348,02-02-2024
725,MMI,Marcus & Millichap Inc,20069,02-02-2024
726,MCS,Marcus Corp,9251,02-02-2024
727,HZO,MarineMax Inc,5662,02-02-2024
728,MQ,Marqeta Inc,27343,02-02-2024
729,MRTN,Marten Transport Ltd,7788,02-02-2024
730,DOOR,Masonite International Corp,5059,02-02-2024
731,MBC,Masterbrand Inc,12597,02-02-2024
732,MCFT,MasterCraft Boat Holdings Inc,15424,02-02-2024
733,MTDR,Matador Resources Co,23887,02-02-2024
734,MTRN,Materion Corp,4382,02-02-2024
735,MATV,Mativ Holdings Inc,9732,02-02-2024
736,MATX,Matson Inc,10144,02-02-2024
737,MATW,Matthews International Corp,7122,02-02-2024
738,MMS,Maximus Inc,11986,02-02-2024
739,MXL,MaxLinear Inc,29328,02-02-2024
740,MEC,Mayville Engineering Co Inc,4490,02-02-2024
741,MBI,MBIA Inc,34579,02-02-2024
742,MGRC,McGrath RentCorp,2653,02-02-2024
743,MDC,MDC Holdings Inc,9150,02-02-2024
744,MED,Medifast Inc,3250,02-02-2024
745,MBWM,Mercantile Bank Corp,7535,02-02-2024
746,MMSI,Merit Medical Systems Inc,8166,02-02-2024
747,MTH,Meritage Homes Corp,6438,02-02-2024
748,MLAB,Mesa Laboratories Inc,2076,02-02-2024
749,MEI,Methode Electronics Inc,9838,02-02-2024
750,MCB,Metropolitan Bank Holding Corp,3684,02-02-2024
751,MFA,MFA Financial Inc,10552,02-02-2024
752,MGEE,MGE Energy Inc,7788,02-02-2024
753,MGPI,MGP Ingredients Inc,1458,02-02-2024
754,MSTR,MicroStrategy Inc,646,02-02-2024
755,MBCN,Middlefield Banc Corp,3128,02-02-2024
756,MSEX,Middlesex Water Co,3169,02-02-2024
757,MSBI,Midland States Bancorp Inc,5705,02-02-2024
758,MOFG,MidWestOne Financial Group Inc,4702,02-02-2024
759,MLR,Miller Industries Inc,2816,02-02-2024
760,MLKN,MillerKnoll Inc,15465,02-02-2024
761,MDXG,MiMedx Group Inc,92931,02-02-2024
762,MTX,Minerals Technologies Inc,6496,02-02-2024
763,MIRM,Mirum Pharmaceuticals Inc,3387,02-02-2024
764,MG,Mistras Group Inc,18735,02-02-2024
765,MITK,Mitek Systems Inc,20799,02-02-2024
766,MODN,Model N Inc,7953,02-02-2024
767,MOD,Modine Manufacturing Co,14991,02-02-2024
768,MC,Moelis & Co,9051,02-02-2024
769,MCRI,Monarch Casino & Resort Inc,3867,02-02-2024
770,MNRO,Monro Inc,4187,02-02-2024
771,MNTK,Montauk Renewables Inc,55883,02-02-2024
772,MOG/A,Moog Inc,5966,02-02-2024
773,MORF,Morphic Holding Inc,4354,02-02-2024
774,MOV,Movado Group Inc,9107,02-02-2024
775,COOP,Mr Cooper Group Inc,15610,02-02-2024
776,MRC,MRC Global Inc,33771,02-02-2024
777,MLI,Mueller Industries Inc,36234,02-02-2024
778,MWA,Mueller Water Products Inc,22021,02-02-2024
779,MPLN,Multiplan Corp,136054,02-02-2024
780,MUR,Murphy Oil Corp,23532,02-02-2024
781,MYE,Myers Industries Inc,33686,02-02-2024
782,MYRG,MYR Group Inc,4944,02-02-2024
783,MYGN,Myriad Genetics Inc,38625,02-02-2024
784,NABL,N-able Inc,9956,02-02-2024
785,NBR,Nabors Industries Ltd,2207,02-02-2024
786,NC,NACCO Industries Inc,3895,02-02-2024
787,NSSC,Napco Security Technologies Inc,20587,02-02-2024
788,NATH,Nathans Famous Inc,2275,02-02-2024
789,NBHC,National Bank Holdings Corp,5688,02-02-2024
790,NKSH,National Bankshares Inc,5602,02-02-2024
791,FIZZ,National Beverage Corp,12411,02-02-2024
792,NHI,National Health Investors Inc,7212,02-02-2024
793,NHC,National HealthCare Corp,5459,02-02-2024
794,NPK,National Presto Industries Inc,1382,02-02-2024
795,NRC,National Research Corp,8387,02-02-2024
796,EYE,National Vision Holdings Inc,9814,02-02-2024
797,NWLI,National Western Life Group Inc,853,02-02-2024
798,NAVI,Navient Corp,48629,02-02-2024
799,NVTS,Navitas Semiconductor Corp,15789,02-02-2024
800,NBTB,NBT Bancorp Inc,9185,02-02-2024
801,NNI,Nelnet Inc,4728,02-02-2024
802,NEOG,Neogen Corp,18109,02-02-2024
803,NEO,NeoGenomics Inc,12115,02-02-2024
804,NRDY,Nerdy Inc,36808,02-02-2024
805,NTGR,NETGEAR Inc,9748,02-02-2024
806,NTCT,NetScout Systems Inc,18599,02-02-2024
807,NVRO,Nevro Corp,6275,02-02-2024
808,NJR,New Jersey Resources Corp,17491,02-02-2024
809,NYMT,New York Mortgage Trust Inc,526,02-02-2024
810,NMRK,Newmark Group Inc,22535,02-02-2024
811,NEWT,NewtekOne Inc,3781,02-02-2024
812,NREF,Nexpoint Real Estate Finance Inc,7533,02-02-2024
813,NXRT,NexPoint Residential Trust Inc,6158,02-02-2024
814,NXT,NEXTracker Inc,4655,02-02-2024
815,NIC,Nicolet Bankshares Inc,2932,02-02-2024
816,NMIH,NMI Holdings Inc,22696,02-02-2024
817,NE,Noble Corp PLC,12402,02-02-2024
818,NAT,Nordic American Tankers Ltd,24618,02-02-2024
819,NBN,Northeast Bank,6644,02-02-2024
820,NECB,Northeast Community Bancorp Inc,6215,02-02-2024
821,NOG,Northern Oil & Gas Inc,17627,02-02-2024
822,NWBI,Northwest Bancshares Inc,17280,02-02-2024
823,NWN,Northwest Natural Holding Co,5570,02-02-2024
824,NWPX,Northwest Pipe Co,5547,02-02-2024
825,NWE,Northwestern Energy Group Inc,11408,02-02-2024
826,NWFL,Norwood Financial Corp,4417,02-02-2024
827,NOVT,Novanta Inc,6044,02-02-2024
828,NUS,Nu Skin Enterprises Inc,10871,02-02-2024
829,NUVL,Nuvalent Inc,2156,02-02-2024
830,NVEE,NV5 Global Inc,4011,02-02-2024
831,NVEC,NVE Corp,3182,02-02-2024
832,OI,O-I Glass Inc,23432,02-02-2024
833,OVLY,Oak Valley Bancorp,6578,02-02-2024
834,OII,Oceaneering International Inc,21034,02-02-2024
835,OCFC,OceanFirst Financial Corp,8661,02-02-2024
836,OCUL,Ocular Therapeutix Inc,60929,02-02-2024
837,ODP,ODP Corp,9950,02-02-2024
838,OPI,Office Properties Income Trust,18179,02-02-2024
839,OFG,OFG Bancorp,17701,02-02-2024
840,OIS,Oil States International Inc,26787,02-02-2024
841,ONB,Old National Bancorp,44860,02-02-2024
842,OSBC,Old Second Bancorp Inc,16410,02-02-2024
843,OLMA,Olema Pharmaceuticals Inc,8449,02-02-2024
844,ZEUS,Olympic Steel Inc,9386,02-02-2024
845,OFLX,Omega Flex Inc,2979,02-02-2024
846,OMGA,Omega Therapeutics Inc,9777,02-02-2024
847,OMER,Omeros Corp,25049,02-02-2024
848,OMCL,Omnicell Inc,6008,02-02-2024
849,OGS,ONE Gas Inc,14122,02-02-2024
850,OSPN,OneSpan Inc,14808,02-02-2024
851,OSW,OneSpaWorld Holdings Ltd,12331,02-02-2024
852,ONTO,Onto Innovation Inc,9538,02-02-2024
853,OOMA,Ooma Inc,21167,02-02-2024
854,LPRO,Open Lending Corp,19139,02-02-2024
855,OPEN,Opendoor Technologies Inc,39317,02-02-2024
856,KAR,OPENLANE Inc,12630,02-02-2024
857,OPK,OPKO Health Inc,90468,02-02-2024
858,OPCH,Option Care Health Inc,23655,02-02-2024
859,OSUR,OraSure Technologies Inc,41891,02-02-2024
860,ORGO,Organogenesis Holdings Inc,67249,02-02-2024
861,OBK,Origin Bancorp Inc,3311,02-02-2024
862,ONL,Orion Office REIT Inc,17806,02-02-2024
863,OEC,Orion SA,25219,02-02-2024
864,ORA,Ormat Technologies Inc,10740,02-02-2024
865,OFIX,Orthofix Medical Inc,16980,02-02-2024
866,OSCR,Oscar Health Inc,12488,02-02-2024
867,OSIS,OSI Systems Inc,3997,02-02-2024
868,OTTR,Otter Tail Corp,13899,02-02-2024
869,OUT,Outfront Media Inc,28378,02-02-2024
870,OSG,Overseas Shipholding Group Inc,24233,02-02-2024
871,OVID,Ovid therapeutics Inc,23395,02-02-2024
872,OMI,Owens & Minor Inc,20782,02-02-2024
873,OXM,Oxford Industries Inc,6867,02-02-2024
874,PACB,Pacific Biosciences of California Inc,15482,02-02-2024
875,PPBI,Pacific Premier Bancorp Inc,13061,02-02-2024
876,PCRX,Pacira BioSciences Inc,16473,02-02-2024
877,PTVE,Pactiv Evergreen Inc,13410,02-02-2024
878,PD,PagerDuty Inc,6719,02-02-2024
879,PAGS,Pagseguro Digital Ltd,18276,02-02-2024
880,PLMR,Palomar Holdings Inc,3696,02-02-2024
881,PTSI,PAM Transportation Services Inc,3598,02-02-2024
882,PANL,Pangaea Logistics Solutions Ltd,8902,02-02-2024
883,PZZA,Papa Johns International Inc,8246,02-02-2024
884,PARR,Par Pacific Holdings Inc,9616,02-02-2024
885,PAR,PAR Technology Corp,2466,02-02-2024
886,PGRE,Paramount Group Inc,43612,02-02-2024
887,PRK,Park National Corp,3906,02-02-2024
888,PKBK,Parke Bancorp Inc,9714,02-02-2024
889,PSN,Parsons Corp,10326,02-02-2024
890,CASH,Pathward Financial Inc,12012,02-02-2024
891,PAX,Patria Investments Ltd,9625,02-02-2024
892,PATK,Patrick Industries Inc,8634,02-02-2024
893,PDCO,Patterson Cos Inc,21908,02-02-2024
894,PTEN,Patterson-UTI Energy Inc,54115,02-02-2024
895,PAYO,Payoneer Global Inc,21977,02-02-2024
896,PBF,PBF Energy Inc,24128,02-02-2024
897,CNXN,PC Connection Inc,11105,02-02-2024
898,PCB,PCB Bancorp,10659,02-02-2024
899,PDFS,PDF Solutions Inc,10729,02-02-2024
900,BTU,Peabody Energy Corp,22641,02-02-2024
901,PGC,Peapack-Gladstone Financial Corp,7689,02-02-2024
902,PEB,Pebblebrook Hotel Trust,22516,02-02-2024
903,MD,Pediatrix Medical Group Inc,21590,02-02-2024
904,PFSI,PennyMac Financial Services Inc,7979,02-02-2024
905,PMT,PennyMac Mortgage Investment Trust,15462,02-02-2024
906,PEBO,Peoples Bancorp Inc,14660,02-02-2024
907,PFIS,Peoples Financial Services Corp,4023,02-02-2024
908,PRDO,Perdoceo Education Corp,64413,02-02-2024
909,PRFT,Perficient Inc,8942,02-02-2024
910,PR,Permian Resources Corp,64866,02-02-2024
911,PETQ,PetIQ Inc,16256,02-02-2024
912,PGTI,PGT Innovations Inc,21706,02-02-2024
913,PHAT,Phathom Pharmaceuticals Inc,842,02-02-2024
914,PAHC,Phibro Animal Health Corp,19598,02-02-2024
915,PECO,Phillips Edison & Co Inc,15563,02-02-2024
916,PLAB,Photronics Inc,27822,02-02-2024
917,PHR,Phreesia Inc,9982,02-02-2024
918,DOC,Physicians Realty Trust,33170,02-02-2024
919,PDM,Piedmont Office Realty Trust Inc,28203,02-02-2024
920,PIPR,Piper Sandler Cos,2616,02-02-2024
921,PJT,PJT Partners Inc,7055,02-02-2024
922,AGS,PlayAGS Inc,17637,02-02-2024
923,MYPS,Playstudios Inc,25544,02-02-2024
924,PLXS,Plexus Corp,5880,02-02-2024
925,PLBC,Plumas Bancorp,2867,02-02-2024
926,PLYM,Plymouth Industrial REIT Inc,6638,02-02-2024
927,PNM,PNM Resources Inc,18519,02-02-2024
928,POR,Portland General Electric Co,20520,02-02-2024
929,PSTX,Poseida Therapeutics Inc,25976,02-02-2024
930,PSTL,Postal Realty Trust Inc,11732,02-02-2024
931,PBPB,Potbelly Corp,23038,02-02-2024
932,PCH,PotlatchDeltic Corp,22053,02-02-2024
933,POWL,Powell Industries Inc,5026,02-02-2024
934,POWI,Power Integrations Inc,11291,02-02-2024
935,PWSC,PowerSchool Holdings Inc,4863,02-02-2024
936,PRAA,PRA Group Inc,5105,02-02-2024
937,PFBC,Preferred Bank,8407,02-02-2024
938,PLPC,Preformed Line Products Co,2422,02-02-2024
939,PFC,Premier Financial Corp,7797,02-02-2024
940,PBH,Prestige Consumer Healthcare Inc,17233,02-02-2024
941,PSMT,PriceSmart Inc,2603,02-02-2024
942,FRST,Primis Financial Corp,6291,02-02-2024
943,PRMW,Primo Water Corp,38211,02-02-2024
944,PRIM,Primoris Services Corp,12822,02-02-2024
945,PRVA,Privia Health Group Inc,4561,02-02-2024
946,PRA,ProAssurance Corp,9750,02-02-2024
947,ACDC,ProFrac Holding Corp,23454,02-02-2024
948,PRG,PROG Holdings Inc,15920,02-02-2024
949,PRGS,Progress Software Corp,12988,02-02-2024
950,PGNY,Progyny Inc,5897,02-02-2024
951,PUMP,ProPetro Holding Corp,41721,02-02-2024
952,PRO,PROS Holdings Inc,7054,02-02-2024
953,PTGX,Protagonist Therapeutics Inc,5872,02-02-2024
954,PLX,Protalix BioTherapeutics Inc,54882,02-02-2024
955,PRLB,Proto Labs Inc,6683,02-02-2024
956,PFS,Provident Financial Services Inc,16284,02-02-2024
957,PTCT,PTC Therapeutics Inc,17385,02-02-2024
958,LUNG,Pulmonx Corp,1256,02-02-2024
959,PCYO,Pure Cycle Corp,18713,02-02-2024
960,PRPL,Purple Innovation Inc,1010,02-02-2024
961,QTWO,Q2 Holdings Inc,4238,02-02-2024
962,QCRH,QCR Holdings Inc,6742,02-02-2024
963,KWR,Quaker Chemical Corp,1480,02-02-2024
964,QLYS,Qualys Inc,7145,02-02-2024
965,NX,Quanex Building Products Corp,15720,02-02-2024
966,QTRX,Quanterix Corp,4132,02-02-2024
967,QNST,QuinStreet Inc,2522,02-02-2024
968,RXT,Rackspace Technology Inc,56860,02-02-2024
969,RDN,Radian Group Inc,47955,02-02-2024
970,RLGT,Radiant Logistics Inc,36092,02-02-2024
971,RDNT,RadNet Inc,9894,02-02-2024
972,METC,Ramaco Resources Inc,17280,02-02-2024
973,METCB,Ramaco Resources Inc,2433,02-02-2024
974,RMBS,Rambus Inc,25116,02-02-2024
975,RPD,Rapid7 Inc,8468,02-02-2024
976,RYAM,Rayonier Advanced Materials Inc,37938,02-02-2024
977,RICK,RCI Hospitality Holdings Inc,3459,02-02-2024
978,RMAX,RE/MAX Holdings Inc,15264,02-02-2024
979,RC,Ready Capital Corp,38236,02-02-2024
980,RRR,Red Rock Resorts Inc,8633,02-02-2024
981,RDVT,Red Violet Inc,2074,02-02-2024
982,RDFN,Redfin Corp,17180,02-02-2024
983,RM,Regional Management Corp,6672,02-02-2024
984,RELY,Remitly Global Inc,11467,02-02-2024
985,RNST,Renasant Corp,10538,02-02-2024
986,RBCAA,Republic Bancorp Inc,6214,02-02-2024
987,REZI,Resideo Technologies Inc,27867,02-02-2024
988,RGP,Resources Connection Inc,30520,02-02-2024
989,ROIC,Retail Opportunity Investments Corp,21296,02-02-2024
990,REVG,REV Group Inc,16436,02-02-2024
991,RVMD,REVOLUTION Medicines Inc,5376,02-02-2024
992,RVLV,Revolve Group Inc,8581,02-02-2024
993,REX,REX American Resources Corp,7318,02-02-2024
994,RGCO,RGC Resources Inc,3994,02-02-2024
995,RYTM,Rhythm Pharmaceuticals Inc,5065,02-02-2024
996,RBBN,Ribbon Communications Inc,44697,02-02-2024
997,RELL,Richardson Electronics Ltd,3988,02-02-2024
998,REI,Ring Energy Inc,22528,02-02-2024
999,RIOT,Riot Platforms Inc,13652,02-02-2024
1000,RLJ,RLJ Lodging Trust,28377,02-02-2024
1001,RMR,RMR Group Inc,11745,02-02-2024
1002,RKLB,Rocket Lab USA Inc,27511,02-02-2024
1003,ROG,Rogers Corp,1493,02-02-2024
1004,ROVR,Rover Group Inc,8876,02-02-2024
1005,RES,RPC Inc,74564,02-02-2024
1006,RUSHA,Rush Enterprises Inc,21412,02-02-2024
1007,RUSHB,Rush Enterprises Inc,9407,02-02-2024
1008,RSI,Rush Street Interactive Inc,42719,02-02-2024
1009,RXO,RXO Inc,35963,02-02-2024
1010,RXST,RxSight Inc,3645,02-02-2024
1011,RYI,Ryerson Holding Corp,20939,02-02-2024
1012,RHP,Ryman Hospitality Properties Inc,9836,02-02-2024
1013,STBA,S&T Bancorp Inc,8276,02-02-2024
1014,SBRA,Sabra Health Care REIT Inc,37460,02-02-2024
1015,SABR,Sabre Corp,23747,02-02-2024
1016,SB,Safe Bulkers Inc,46169,02-02-2024
1017,SAFT,Safety Insurance Group Inc,3924,02-02-2024
1018,SBH,Sally Beauty Holdings Inc,25926,02-02-2024
1019,SMTI,Sanara Medtech Inc,3711,02-02-2024
1020,SD,SandRidge Energy Inc,13119,02-02-2024
1021,SASR,Sandy Spring Bancorp Inc,11697,02-02-2024
1022,SGMO,Sangamo Therapeutics Inc,23043,02-02-2024
1023,SANM,Sanmina Corp,11366,02-02-2024
1024,SPNS,Sapiens International Corp NV,9270,02-02-2024
1025,BFS,Saul Centers Inc,2594,02-02-2024
1026,SVRA,Savara Inc,30388,02-02-2024
1027,SCSC,ScanSource Inc,9205,02-02-2024
1028,RDUS,Schnitzer Steel Industries Inc,12643,02-02-2024
1029,SRRK,Scholar Rock Holding Corp,5349,02-02-2024
1030,SCHL,Scholastic Corp,12819,02-02-2024
1031,SDGR,Schrodinger Inc,3420,02-02-2024
1032,STNG,Scorpio Tankers Inc,10224,02-02-2024
1033,SCPH,scPharmaceuticals Inc,25,02-02-2024
1034,SBCF,Seacoast Banking Corp of Florida,8671,02-02-2024
1035,SDRL,Seadrill Ltd,4833,02-02-2024
1036,SEAS,SeaWorld Entertainment Inc,5851,02-02-2024
1037,SEM,Select Medical Holdings Corp,15283,02-02-2024
1038,SIGI,Selective Insurance Group Inc,12723,02-02-2024
1039,SMLR,Semler Scientific Inc,4887,02-02-2024
1040,SEMR,SEMrush Holdings Inc,21302,02-02-2024
1041,SXT,Sensient Technologies Corp,8477,02-02-2024
1042,SVC,Service Properties Trust,44808,02-02-2024
1043,SFBS,ServisFirst Bancshares Inc,12749,02-02-2024
1044,SFL,SFL Corp Ltd,21644,02-02-2024
1045,SHAK,Shake Shack Inc,2489,02-02-2024
1046,SHLS,Shoals Technologies Group Inc,7840,02-02-2024
1047,SCVL,Shoe Carnival Inc,15330,02-02-2024
1048,SHBI,Shore Bancshares Inc,729,02-02-2024
1049,SSTK,Shutterstock Inc,7923,02-02-2024
1050,SHYF,Shyft Group Inc,19817,02-02-2024
1051,SIBN,SI-BONE Inc,10830,02-02-2024
1052,BSRR,Sierra Bancorp,7151,02-02-2024
1053,SIGA,SIGA Technologies Inc,45022,02-02-2024
1054,SIG,Signet Jewelers Ltd,9348,02-02-2024
1055,SLAB,Silicon Laboratories Inc,4621,02-02-2024
1056,SILK,Silk Road Medical Inc,12044,02-02-2024
1057,SBOW,SilverBow Resources Inc,8263,02-02-2024
1058,SFNC,Simmons First National Corp,17054,02-02-2024
1059,SMPL,Simply Good Foods Co,12284,02-02-2024
1060,SSD,Simpson Manufacturing Co Inc,10957,02-02-2024
1061,SPNT,SiriusPoint Ltd,24946,02-02-2024
1062,SITC,SITE Centers Corp,30657,02-02-2024
1063,SITM,SiTime Corp,847,02-02-2024
1064,STR,Sitio Royalties Corp,10635,02-02-2024
1065,SIX,Six Flags Entertainment Corp,5148,02-02-2024
1066,SJW,SJW Group,5598,02-02-2024
1067,SKY,Skyline Champion Corp,8054,02-02-2024
1068,SKWD,Skyward Specialty Insurance Group Inc,4398,02-02-2024
1069,SKYW,SkyWest Inc,6524,02-02-2024
1070,SLG,SL Green Realty Corp,5264,02-02-2024
1071,SNBR,Sleep Number Corp,9636,02-02-2024
1072,SM,SM Energy Co,39488,02-02-2024
1073,SGH,SMART Global Holdings Inc,18262,02-02-2024
1074,SWBI,Smith & Wesson Brands Inc,23712,02-02-2024
1075,SOI,Solaris Oilfield Infrastructure Inc,403,02-02-2024
1076,SWI,SolarWinds Corp,19011,02-02-2024
1077,SAH,Sonic Automotive Inc,5232,02-02-2024
1078,SONO,Sonos Inc,25472,02-02-2024
1079,SSTI,SoundThinking Inc,5298,02-02-2024
1080,SFST,Southern First Bancshares Inc,6133,02-02-2024
1081,SMBC,Southern Missouri Bancorp Inc,6776,02-02-2024
1082,SBSI,Southside Bancshares Inc,6593,02-02-2024
1083,SSB,SouthState Corp,10280,02-02-2024
1084,SWX,Southwest Gas Holdings Inc,11887,02-02-2024
1085,SOVO,Sovos Brands Inc,6423,02-02-2024
1086,SP,SP Plus Corp,7740,02-02-2024
1087,SPTN,SpartanNash Co,19006,02-02-2024
1088,SPHR,Sphere Entertainment Co,4241,02-02-2024
1089,SR,Spire Inc,9753,02-02-2024
1090,SAVE,Spirit Airlines Inc,6480,02-02-2024
1091,SPOK,Spok Holdings Inc,11029,02-02-2024
1092,SWTX,SpringWorks Therapeutics Inc,5142,02-02-2024
1093,CXM,Sprinklr Inc,21852,02-02-2024
1094,SPT,Sprout Social Inc,7575,02-02-2024
1095,SFM,Sprouts Farmers Market Inc,25296,02-02-2024
1096,SPSC,SPS Commerce Inc,8339,02-02-2024
1097,SPXC,SPX Technologies Inc,6823,02-02-2024
1098,SQSP,Squarespace Inc,12200,02-02-2024
1099,JOE,St Joe Co,6226,02-02-2024
1100,STAA,STAAR Surgical Co,9568,02-02-2024
1101,STGW,Stagwell Inc,25618,02-02-2024
1102,SMP,Standard Motor Products Inc,10957,02-02-2024
1103,SXI,Standex International Corp,2477,02-02-2024
1104,SCS,Steelcase Inc,34261,02-02-2024
1105,STEL,Stellar Bancorp Inc,8316,02-02-2024
1106,SCL,Stepan Co,1821,02-02-2024
1107,STEP,StepStone Group Inc,4044,02-02-2024
1108,STRL,Sterling Infrastructure Inc,8378,02-02-2024
1109,SHOO,Steven Madden Ltd,18495,02-02-2024
1110,STC,Stewart Information Services Corp,9505,02-02-2024
1111,SFIX,Stitch Fix Inc,34407,02-02-2024
1112,SYBT,Stock Yards Bancorp Inc,7357,02-02-2024
1113,STNE,StoneCo Ltd,37635,02-02-2024
1114,SRI,Stoneridge Inc,15250,02-02-2024
1115,SNEX,StoneX Group Inc,9757,02-02-2024
1116,STRA,Strategic Education Inc,4358,02-02-2024
1117,LRN,Stride Inc,19791,02-02-2024
1118,RGR,Sturm Ruger & Co Inc,6660,02-02-2024
1119,INN,Summit Hotel Properties Inc,37020,02-02-2024
1120,SUM,Summit Materials Inc,16148,02-02-2024
1121,SXC,SunCoke Energy Inc,40163,02-02-2024
1122,SHO,Sunstone Hotel Investors Inc,37956,02-02-2024
1123,SMCI,Super Micro Computer Inc,7953,02-02-2024
1124,SUPN,Supernus Pharmaceuticals Inc,34920,02-02-2024
1125,SGRY,Surgery Partners Inc,6569,02-02-2024
1126,SRDX,Surmodics Inc,6701,02-02-2024
1127,SG,Sweetgreen Inc,9339,02-02-2024
1128,SLVM,Sylvamo Corp,4531,02-02-2024
1129,SYNA,Synaptics Inc,9204,02-02-2024
1130,TCMD,Tactile Systems Technology Inc,22852,02-02-2024
1131,TALO,Talos Energy Inc,23770,02-02-2024
1132,SKT,Tanger Inc,23156,02-02-2024
1133,TH,Target Hospitality Corp,21812,02-02-2024
1134,TARO,Taro Pharmaceutical Industries Ltd,7178,02-02-2024
1135,TARS,Tarsus Pharmaceuticals Inc,5432,02-02-2024
1136,TMHC,Taylor Morrison Home Corp,22844,02-02-2024
1137,TK,Teekay Corp,41345,02-02-2024
1138,TNK,Teekay Tankers Ltd,11160,02-02-2024
1139,TGNA,TEGNA Inc,41920,02-02-2024
1140,TELA,Tela Bio Inc,10930,02-02-2024
1141,TDS,Telephone and Data Systems Inc,5253,02-02-2024
1142,TENB,Tenable Holdings Inc,15757,02-02-2024
1143,TNC,Tennant Co,8111,02-02-2024
1144,WULF,Terawulf Inc,68067,02-02-2024
1145,TEX,Terex Corp,13696,02-02-2024
1146,TRNO,Terreno Realty Corp,10763,02-02-2024
1147,TTI,TETRA Technologies Inc,81402,02-02-2024
1148,TCBI,Texas Capital Bancshares Inc,8567,02-02-2024
1149,TGH,Textainer Group Holdings Ltd,11065,02-02-2024
1150,TGTX,TG Therapeutics Inc,26045,02-02-2024
1151,TBPH,Theravance Biopharma Inc,13241,02-02-2024
1152,THR,Thermon Group Holdings Inc,7348,02-02-2024
1153,TWKS,Thoughtworks Holding Inc,32653,02-02-2024
1154,THRY,Thryv Holdings Inc,12098,02-02-2024
1155,TDW,Tidewater Inc,4058,02-02-2024
1156,TSBK,Timberland Bancorp Inc,3668,02-02-2024
1157,TMST,TimkenSteel Corp,21173,02-02-2024
1158,TIO,Tingo Group Inc,118595,02-02-2024
1159,TWI,Titan International Inc,15291,02-02-2024
1160,TITN,Titan Machinery Inc,14997,02-02-2024
1161,TMP,Tompkins Financial Corp,3710,02-02-2024
1162,MODG,Topgolf Callaway Brands Corp,8263,02-02-2024
1163,TOWN,Towne Bank,14193,02-02-2024
1164,TRNS,Transcat Inc,6285,02-02-2024
1165,TMDX,TransMedics Group Inc,1569,02-02-2024
1166,THS,TreeHouse Foods Inc,11454,02-02-2024
1167,TPH,Tri Pointe Homes Inc,24135,02-02-2024
1168,TCBK,TriCo Bancshares,9296,02-02-2024
1169,TRS,TriMas Corp,9746,02-02-2024
1170,TNET,TriNet Group Inc,6540,02-02-2024
1171,TRN,Trinity Industries Inc,6167,02-02-2024
1172,TSE,Trinseo PLC,2762,02-02-2024
1173,TFIN,Triumph Financial Inc,3949,02-02-2024
1174,TGI,Triumph Group Inc,8346,02-02-2024
1175,TROX,Tronox Holdings PLC,17726,02-02-2024
1176,TBI,TrueBlue Inc,29601,02-02-2024
1177,TRUE,TrueCar Inc,88663,02-02-2024
1178,TRST,TrustCo Bank Corp NY,5757,02-02-2024
1179,TRMK,Trustmark Corp,13117,02-02-2024
1180,TTEC,TTEC Holdings Inc,5043,02-02-2024
1181,TTMI,TTM Technologies Inc,31590,02-02-2024
1182,TPB,Turning Point Brands Inc,7653,02-02-2024
1183,HEAR,Turtle Beach Corp,5094,02-02-2024
1184,TPC,Tutor Perini Corp,17207,02-02-2024
1185,TWO,Two Harbors Investment Corp,7673,02-02-2024
1186,UDMY,Udemy Inc,24290,02-02-2024
1187,UFPI,UFP Industries Inc,17042,02-02-2024
1188,UFPT,UFP Technologies Inc,1687,02-02-2024
1189,UCTT,Ultra Clean Holdings Inc,12359,02-02-2024
1190,UMBF,UMB Financial Corp,8927,02-02-2024
1191,UMH,UMH Properties Inc,11276,02-02-2024
1192,UNF,UniFirst Corp,2953,02-02-2024
1193,UIS,Unisys Corp,31908,02-02-2024
1194,UBSI,United Bankshares Inc,18274,02-02-2024
1195,UCBI,United Community Banks Inc,15906,02-02-2024
1196,UNFI,United Natural Foods Inc,17599,02-02-2024
1197,USLM,United States Lime & Minerals Inc,2005,02-02-2024
1198,UNIT,Uniti Group Inc,65479,02-02-2024
1199,UTL,Unitil Corp,5287,02-02-2024
1200,UNTY,Unity Bancorp Inc,6766,02-02-2024
1201,UVV,Universal Corp,7073,02-02-2024
1202,UHT,Universal Health Realty Income Trust,3089,02-02-2024
1203,UVE,Universal Insurance Holdings Inc,8426,02-02-2024
1204,UVSP,Univest Financial Corp,6842,02-02-2024
1205,UPBD,Upbound Group Inc,22837,02-02-2024
1206,UPST,Upstart Holdings Inc,4519,02-02-2024
1207,UPWK,Upwork Inc,23580,02-02-2024
1208,UEC,Uranium Energy Corp,26882,02-02-2024
1209,UE,Urban Edge Properties,15814,02-02-2024
1210,URBN,Urban Outfitters Inc,8408,02-02-2024
1211,URGN,UroGen Pharma Ltd,19668,02-02-2024
1212,USPH,US Physical Therapy Inc,2668,02-02-2024
1213,SLCA,US Silica Holdings Inc,19970,02-02-2024
1214,USNA,USANA Health Sciences Inc,5799,02-02-2024
1215,UTZ,Utz Brands Inc,7768,02-02-2024
1216,VVX,V2X Inc,7105,02-02-2024
1217,EGY,VAALCO Energy Inc,48888,02-02-2024
1218,VAL,Valaris Ltd,7222,02-02-2024
1219,VLY,Valley National Bancorp,71613,02-02-2024
1220,VNDA,Vanda Pharmaceuticals Inc,53344,02-02-2024
1221,VREX,Varex Imaging Corp,14936,02-02-2024
1222,VRNS,Varonis Systems Inc,15298,02-02-2024
1223,PCVX,Vaxcyte Inc,5290,02-02-2024
1224,VGR,Vector Group Ltd,41739,02-02-2024
1225,VECO,Veeco Instruments Inc,10922,02-02-2024
1226,VRA,Vera Bradley Inc,23094,02-02-2024
1227,VERA,Vera Therapeutics Inc,7248,02-02-2024
1228,VCYT,Veracyte Inc,8228,02-02-2024
1229,MDRX,Veradigm Inc,38135,02-02-2024
1230,VCEL,Vericel Corp,24433,02-02-2024
1231,VRNT,Verint Systems Inc,13546,02-02-2024
1232,VRE,Veris Residential Inc,20934,02-02-2024
1233,VBTX,Veritex Holdings Inc,10078,02-02-2024
1234,VRRM,Verra Mobility Corp,21829,02-02-2024
1235,VRCA,Verrica Pharmaceuticals Inc,10334,02-02-2024
1236,VTNR,Vertex Energy Inc,31795,02-02-2024
1237,VIAV,Viavi Solutions Inc,39381,02-02-2024
1238,VICR,Vicor Corp,7336,02-02-2024
1239,VCTR,Victory Capital Holdings Inc,4417,02-02-2024
1240,VMD,Viemed Healthcare Inc,33357,02-02-2024
1241,VIGL,Vigil Neuroscience Inc,8172,02-02-2024
1242,VKTX,Viking Therapeutics Inc,7051,02-02-2024
1243,VLGEA,Village Super Market Inc,8137,02-02-2024
1244,VIR,Vir Biotechnology Inc,1848,02-02-2024
1245,VABK,Virginia National Bankshares Corp,4616,02-02-2024
1246,VRTS,Virtus Investment Partners Inc,2533,02-02-2024
1247,VSH,Vishay Intertechnology Inc,28713,02-02-2024
1248,VPG,Vishay Precision Group Inc,8038,02-02-2024
1249,VSTO,Vista Outdoor Inc,14264,02-02-2024
1250,VC,Visteon Corp,2899,02-02-2024
1251,COCO,Vita Coco Co Inc,5091,02-02-2024
1252,VTLE,Vital Energy Inc,5497,02-02-2024
1253,VITL,Vital Farms Inc,18084,02-02-2024
1254,VYGR,Voyager Therapeutics Inc,27312,02-02-2024
1255,WTI,W&T Offshore Inc,89269,02-02-2024
1256,WNC,Wabash National Corp,16829,02-02-2024
1257,WAFD,WaFd Inc,15193,02-02-2024
1258,WD,Walker & Dunlop Inc,4909,02-02-2024
1259,HCC,Warrior Met Coal Inc,22365,02-02-2024
1260,WASH,Washington Trust Bancorp Inc,6767,02-02-2024
1261,WSBF,Waterstone Financial Inc,16671,02-02-2024
1262,WTS,Watts Water Technologies Inc,7955,02-02-2024
1263,WDFC,WD-40 Co,3179,02-02-2024
1264,WFRD,Weatherford International PLC,9923,02-02-2024
1265,WEAV,Weave Communications Inc,11351,02-02-2024
1266,WMK,Weis Markets Inc,5953,02-02-2024
1267,WERN,Werner Enterprises Inc,8208,02-02-2024
1268,WSBC,WesBanco Inc,11915,02-02-2024
1269,WTBA,West BanCorp Inc,12919,02-02-2024
1270,WABC,Westamerica BanCorp,8260,02-02-2024
1271,WSR,Whitestone REIT,22297,02-02-2024
1272,WLDN,Willdan Group Inc,8308,02-02-2024
1273,WINA,Winmark Corp,1729,02-02-2024
1274,WGO,Winnebago Industries Inc,10358,02-02-2024
1275,WT,WisdomTree Inc,50395,02-02-2024
1276,WWW,Wolverine World Wide Inc,14276,02-02-2024
1277,WK,Workiva Inc,8051,02-02-2024
1278,WRLD,World Acceptance Corp,838,02-02-2024
1279,WKC,World Kinect Corp,15156,02-02-2024
1280,WOR,Worthington Enterprises Inc,7231,02-02-2024
1281,WS,Worthington Steel Inc,7084,02-02-2024
1282,WSFS,WSFS Financial Corp,12848,02-02-2024
1283,WW,WW International Inc,44139,02-02-2024
1284,XNCR,Xencor Inc,6956,02-02-2024
1285,XHR,Xenia Hotels & Resorts Inc,25001,02-02-2024
1286,XERS,Xeris Biopharma Holdings Inc,4245,02-02-2024
1287,XRX,Xerox Holdings Corp,25273,02-02-2024
1288,XPEL,XPEL Inc,10894,02-02-2024
1289,XPER,Xperi Inc,12739,02-02-2024
1290,YMAB,Y-mAbs Therapeutics Inc,8868,02-02-2024
1291,YELP,Yelp Inc,22596,02-02-2024
1292,YEXT,Yext Inc,46880,02-02-2024
1293,YORW,York Water Co,5039,02-02-2024
1294,ZETA,Zeta Global Holdings Corp,36081,02-02-2024
1295,ZD,Ziff Davis Inc,6665,02-02-2024
1296,ZIMV,Zimvie Inc,11551,02-02-2024
1297,ZIP,ZipRecruiter Inc,8020,02-02-2024
1298,ZUMZ,Zumiez Inc,12364,02-02-2024
1299,ZUO,Zuora Inc,24253,02-02-2024
1300,ZWS,Zurn Elkay Water Solutions Corp,12015,02-02-2024
1301,ZYXI,Zynex Inc,19256,02-02-2024
1302,--,USD U.S. DOLLAR,0,02-02-2024
