,Ticker,Name,Shares,Date
0,MMM,3M Co,23970,01-05-2024
1,AOS,A O Smith Corp,5337,01-05-2024
2,ABT,Abbott Laboratories,75350,01-05-2024
3,ABBV,AbbVie Inc,76814,01-05-2024
4,ACN,Accenture PLC,28902,01-05-2024
5,ADBE,Adobe Inc,19800,01-05-2024
6,AMD,Advanced Micro Devices Inc,69595,01-05-2024
7,AFL,Aflac Inc,23383,01-05-2024
8,A,Agilent Technologies Inc,12802,01-05-2024
9,APD,Air Products and Chemicals Inc,9537,01-05-2024
10,ABNB,Airbnb Inc,18227,01-05-2024
11,AKAM,Akamai Technologies Inc,6473,01-05-2024
12,ALB,Albemarle Corp,5142,01-05-2024
13,ARE,Alexandria Real Estate Equities Inc,7441,01-05-2024
14,ALGN,Align Technology Inc,3135,01-05-2024
15,LNT,Alliant Energy Corp,10797,01-05-2024
16,ALL,Allstate Corp,11357,01-05-2024
17,ALNY,Alnylam Pharmaceuticals Inc,5350,01-05-2024
18,GOOGL,Alphabet Inc,258712,01-05-2024
19,GOOG,Alphabet Inc,224754,01-05-2024
20,MO,Altria Group Inc,77652,01-05-2024
21,AMZN,Amazon.com Inc,391906,01-05-2024
22,AMCR,Amcor PLC,62897,01-05-2024
23,DOX,Amdocs Ltd,5203,01-05-2024
24,AEE,Ameren Corp,11265,01-05-2024
25,AEP,American Electric Power Co Inc,22349,01-05-2024
26,AXP,American Express Co,25721,01-05-2024
27,AIG,American International Group Inc,30961,01-05-2024
28,AMT,American Tower Corp,20280,01-05-2024
29,AWK,American Water Works Co Inc,8474,01-05-2024
30,AMP,Ameriprise Financial Inc,4424,01-05-2024
31,AME,AMETEK Inc,10026,01-05-2024
32,AMGN,Amgen Inc,23147,01-05-2024
33,APH,Amphenol Corp,25632,01-05-2024
34,ADI,Analog Devices Inc,21946,01-05-2024
35,ANSS,ANSYS Inc,3750,01-05-2024
36,AON,Aon PLC,8728,01-05-2024
37,APO,Apollo Global Management Inc,17631,01-05-2024
38,AAPL,Apple Inc,644965,01-05-2024
39,AMAT,Applied Materials Inc,36454,01-05-2024
40,APTV,Aptiv PLC,12255,01-05-2024
41,ACGL,Arch Capital Group Ltd,15444,01-05-2024
42,ADM,Archer-Daniels-Midland Co,23259,01-05-2024
43,ARES,Ares Management Corp,6428,01-05-2024
44,ANET,Arista Networks Inc,10264,01-05-2024
45,AJG,Arthur J Gallagher & Co,9198,01-05-2024
46,T,AT&T Inc,311208,01-05-2024
47,TEAM,Atlassian Corp,6559,01-05-2024
48,ATO,Atmos Energy Corp,6430,01-05-2024
49,ADSK,Autodesk Inc,9256,01-05-2024
50,ADP,Automatic Data Processing Inc,18025,01-05-2024
51,AZO,AutoZone Inc,738,01-05-2024
52,AVB,AvalonBay Communities Inc,6216,01-05-2024
53,AGR,Avangrid Inc,3124,01-05-2024
54,AVTR,Avantor Inc,28248,01-05-2024
55,BKR,Baker Hughes Co,43793,01-05-2024
56,BALL,Ball Corp,13399,01-05-2024
57,BAC,Bank of America Corp,301723,01-05-2024
58,BK,Bank of New York Mellon Corp,32769,01-05-2024
59,BAX,Baxter International Inc,21880,01-05-2024
60,BDX,Becton Dickinson & Co,12668,01-05-2024
61,BRK/B,Berkshire Hathaway Inc,56220,01-05-2024
62,BBY,Best Buy Co Inc,8480,01-05-2024
63,BIIB,Biogen Inc,6299,01-05-2024
64,BMRN,BioMarin Pharmaceutical Inc,7992,01-05-2024
65,BLK,BlackRock Inc,6444,01-05-2024
66,BX,Blackstone Inc,30552,01-05-2024
67,SQ,Block Inc,23847,01-05-2024
68,BA,Boeing Co,24229,01-05-2024
69,BKNG,Booking Holdings Inc,1555,01-05-2024
70,BSX,Boston Scientific Corp,63525,01-05-2024
71,BMY,Bristol-Myers Squibb Co,91417,01-05-2024
72,AVGO,Broadcom Inc,17588,01-05-2024
73,BR,Broadridge Financial Solutions Inc,5104,01-05-2024
74,BF/A,Brown-Forman Corp,2130,01-05-2024
75,BF/B,Brown-Forman Corp,13284,01-05-2024
76,CDNS,Cadence Design Systems Inc,11757,01-05-2024
77,CPB,Campbell Soup Co,8410,01-05-2024
78,COF,Capital One Financial Corp,16396,01-05-2024
79,CAH,Cardinal Health Inc,10866,01-05-2024
80,KMX,CarMax Inc,6876,01-05-2024
81,CCL,Carnival Corp,43054,01-05-2024
82,CARR,Carrier Global Corp,36160,01-05-2024
83,CAT,Caterpillar Inc,22388,01-05-2024
84,CBOE,Cboe Global Markets Inc,4621,01-05-2024
85,CBRE,CBRE Group Inc,13363,01-05-2024
86,CDW,CDW Corp,5868,01-05-2024
87,CE,Celanese Corp,4739,01-05-2024
88,COR,Cencora Inc,7363,01-05-2024
89,CNC,Centene Corp,23883,01-05-2024
90,CNP,CenterPoint Energy Inc,27264,01-05-2024
91,CHRW,CH Robinson Worldwide Inc,4897,01-05-2024
92,SCHW,Charles Schwab Corp,60151,01-05-2024
93,CHTR,Charter Communications Inc,4322,01-05-2024
94,LNG,Cheniere Energy Inc,10508,01-05-2024
95,CVX,Chevron Corp,75672,01-05-2024
96,CMG,Chipotle Mexican Grill Inc,1169,01-05-2024
97,CB,Chubb Ltd,18006,01-05-2024
98,CHD,Church & Dwight Co Inc,10610,01-05-2024
99,CI,Cigna Group,12805,01-05-2024
100,CINF,Cincinnati Financial Corp,6700,01-05-2024
101,CTAS,Cintas Corp,3760,01-05-2024
102,CSCO,Cisco Systems Inc,177453,01-05-2024
103,C,Citigroup Inc,82329,01-05-2024
104,CFG,Citizens Financial Group Inc,20887,01-05-2024
105,CLX,Clorox Co,5333,01-05-2024
106,NET,Cloudflare Inc,12205,01-05-2024
107,CME,CME Group Inc,15592,01-05-2024
108,CMS,CMS Energy Corp,12664,01-05-2024
109,KO,Coca-Cola Co,169403,01-05-2024
110,CTSH,Cognizant Technology Solutions Corp,21995,01-05-2024
111,COIN,Coinbase Global Inc,6804,01-05-2024
112,CL,Colgate-Palmolive Co,36151,01-05-2024
113,CMCSA,Comcast Corp,177545,01-05-2024
114,CAG,Conagra Brands Inc,20652,01-05-2024
115,COP,ConocoPhillips,52700,01-05-2024
116,ED,Consolidated Edison Inc,15009,01-05-2024
117,STZ,Constellation Brands Inc,6866,01-05-2024
118,CEG,Constellation Energy Corp,14074,01-05-2024
119,COO,Cooper Cos Inc,2133,01-05-2024
120,CPRT,Copart Inc,36812,01-05-2024
121,GLW,Corning Inc,33282,01-05-2024
122,CTVA,Corteva Inc,30910,01-05-2024
123,CSGP,CoStar Group Inc,17647,01-05-2024
124,COST,Costco Wholesale Corp,19254,01-05-2024
125,CTRA,Coterra Energy Inc,32472,01-05-2024
126,CPNG,Coupang Inc,47124,01-05-2024
127,CRH,CRH PLC,30048,01-05-2024
128,CRWD,Crowdstrike Holdings Inc,9513,01-05-2024
129,CCI,Crown Castle Inc,18697,01-05-2024
130,CSX,CSX Corp,87124,01-05-2024
131,CMI,Cummins Inc,6215,01-05-2024
132,CVS,CVS Health Corp,55723,01-05-2024
133,DHR,Danaher Corp,28727,01-05-2024
134,DRI,Darden Restaurants Inc,5271,01-05-2024
135,DDOG,Datadog Inc,12428,01-05-2024
136,DE,Deere & Co,11738,01-05-2024
137,DELL,Dell Technologies Inc,10713,01-05-2024
138,DAL,Delta Air Lines Inc,27730,01-05-2024
139,DVN,Devon Energy Corp,27742,01-05-2024
140,DXCM,Dexcom Inc,16856,01-05-2024
141,FANG,Diamondback Energy Inc,7423,01-05-2024
142,DLR,Digital Realty Trust Inc,13209,01-05-2024
143,DFS,Discover Financial Services,10813,01-05-2024
144,DG,Dollar General Corp,9511,01-05-2024
145,DLTR,Dollar Tree Inc,9037,01-05-2024
146,D,Dominion Energy Inc,36237,01-05-2024
147,DPZ,Dominos Pizza Inc,1545,01-05-2024
148,DASH,DoorDash Inc,11314,01-05-2024
149,DOV,Dover Corp,5967,01-05-2024
150,DOW,Dow Inc,30818,01-05-2024
151,DHI,DR Horton Inc,13341,01-05-2024
152,DTE,DTE Energy Co,8951,01-05-2024
153,DUK,Duke Energy Corp,33557,01-05-2024
154,DD,DuPont de Nemours Inc,18159,01-05-2024
155,ETN,Eaton Corp PLC,17231,01-05-2024
156,EBAY,eBay Inc,23251,01-05-2024
157,ECL,Ecolab Inc,11033,01-05-2024
158,EIX,Edison International,16565,01-05-2024
159,EW,Edwards Lifesciences Corp,26163,01-05-2024
160,EA,Electronic Arts Inc,11775,01-05-2024
161,ELV,Elevance Health Inc,10264,01-05-2024
162,LLY,Eli Lilly & Co,36825,01-05-2024
163,EMR,Emerson Electric Co,24766,01-05-2024
164,ENPH,Enphase Energy Inc,5784,01-05-2024
165,ETR,Entergy Corp,9109,01-05-2024
166,EOG,EOG Resources Inc,25450,01-05-2024
167,EPAM,EPAM Systems Inc,2488,01-05-2024
168,EFX,Equifax Inc,5315,01-05-2024
169,EQIX,Equinix Inc,4103,01-05-2024
170,EQR,Equity Residential,16092,01-05-2024
171,ESS,Essex Property Trust Inc,2733,01-05-2024
172,EL,Estee Lauder Cos Inc,9281,01-05-2024
173,EG,Everest Group Ltd,1477,01-05-2024
174,EVRG,Evergy Inc,9738,01-05-2024
175,ES,Eversource Energy,15030,01-05-2024
176,EXC,Exelon Corp,43245,01-05-2024
177,EXPE,Expedia Group Inc,6227,01-05-2024
178,EXPD,Expeditors International of Washington Inc,6406,01-05-2024
179,EXR,Extra Space Storage Inc,9094,01-05-2024
180,XOM,Exxon Mobil Corp,176033,01-05-2024
181,FICO,Fair Isaac Corp,1065,01-05-2024
182,FAST,Fastenal Co,24649,01-05-2024
183,FDX,FedEx Corp,10060,01-05-2024
184,FERG,Ferguson PLC,8449,01-05-2024
185,FNF,Fidelity National Financial Inc,11219,01-05-2024
186,FIS,Fidelity National Information Services Inc,23757,01-05-2024
187,FITB,Fifth Third Bancorp,29341,01-05-2024
188,FE,FirstEnergy Corp,23643,01-05-2024
189,FI,Fiserv Inc,26369,01-05-2024
190,FLT,FleetCor Technologies Inc,3137,01-05-2024
191,F,Ford Motor Co,170885,01-05-2024
192,FTNT,Fortinet Inc,29312,01-05-2024
193,FTV,Fortive Corp,15368,01-05-2024
194,FOX,Fox Corp,5744,01-05-2024
195,FOXA,Fox Corp,10813,01-05-2024
196,BEN,Franklin Resources Inc,12296,01-05-2024
197,FCX,Freeport-McMoRan Inc,62113,01-05-2024
198,GRMN,Garmin Ltd,6534,01-05-2024
199,IT,Gartner Inc,3306,01-05-2024
200,GEHC,GE HealthCare Technologies Inc,15792,01-05-2024
201,GEN,Gen Digital Inc,26752,01-05-2024
202,GD,General Dynamics Corp,9784,01-05-2024
203,GE,General Electric Co,47079,01-05-2024
204,GIS,General Mills Inc,25460,01-05-2024
205,GM,General Motors Co,60258,01-05-2024
206,GPC,Genuine Parts Co,5934,01-05-2024
207,GILD,Gilead Sciences Inc,54285,01-05-2024
208,GPN,Global Payments Inc,11285,01-05-2024
209,GFS,GLOBALFOUNDRIES Inc,3246,01-05-2024
210,GL,Globe Life Inc,4115,01-05-2024
211,GS,Goldman Sachs Group Inc,14415,01-05-2024
212,HAL,Halliburton Co,39026,01-05-2024
213,HIG,Hartford Financial Services Group Inc,13283,01-05-2024
214,HCA,HCA Healthcare Inc,9007,01-05-2024
215,PEAK,Healthpeak Properties Inc,23587,01-05-2024
216,HSIC,Henry Schein Inc,5701,01-05-2024
217,HSY,Hershey Co,6377,01-05-2024
218,HES,Hess Corp,12105,01-05-2024
219,HPE,Hewlett Packard Enterprise Co,56002,01-05-2024
220,HLT,Hilton Worldwide Holdings Inc,11292,01-05-2024
221,HOLX,Hologic Inc,10641,01-05-2024
222,HD,Home Depot Inc,43734,01-05-2024
223,HON,Honeywell International Inc,28950,01-05-2024
224,HRL,Hormel Foods Corp,12462,01-05-2024
225,HST,Host Hotels & Resorts Inc,30518,01-05-2024
226,HPQ,HP Inc,42679,01-05-2024
227,HUBS,HubSpot Inc,2073,01-05-2024
228,HUM,Humana Inc,5412,01-05-2024
229,HBAN,Huntington Bancshares Inc,62282,01-05-2024
230,IDXX,IDEXX Laboratories Inc,3613,01-05-2024
231,ITW,Illinois Tool Works Inc,13232,01-05-2024
232,ILMN,Illumina Inc,6883,01-05-2024
233,INCY,Incyte Corp,8046,01-05-2024
234,IR,Ingersoll Rand Inc,17565,01-05-2024
235,INTC,Intel Corp,181610,01-05-2024
236,IBKR,Interactive Brokers Group Inc,4393,01-05-2024
237,ICE,Intercontinental Exchange Inc,24112,01-05-2024
238,IBM,International Business Machines Corp,39529,01-05-2024
239,IFF,International Flavors & Fragrances Inc,11112,01-05-2024
240,IP,International Paper Co,14991,01-05-2024
241,INTU,Intuit Inc,11839,01-05-2024
242,ISRG,Intuitive Surgical Inc,15125,01-05-2024
243,INVH,Invitation Homes Inc,24704,01-05-2024
244,IQV,IQVIA Holdings Inc,7917,01-05-2024
245,IRM,Iron Mountain Inc,12429,01-05-2024
246,SJM,J M Smucker Co,4288,01-05-2024
247,JBHT,JB Hunt Transport Services Inc,3607,01-05-2024
248,JNJ,Johnson & Johnson,104819,01-05-2024
249,JCI,Johnson Controls International plc,29498,01-05-2024
250,JPM,JPMorgan Chase & Co,126230,01-05-2024
251,K,Kellanova,11130,01-05-2024
252,KVUE,Kenvue Inc,75438,01-05-2024
253,KDP,Keurig Dr Pepper Inc,39299,01-05-2024
254,KEY,KeyCorp,40200,01-05-2024
255,KEYS,Keysight Technologies Inc,7782,01-05-2024
256,KMB,Kimberly-Clark Corp,14606,01-05-2024
257,KMI,Kinder Morgan Inc,85090,01-05-2024
258,KKR,KKR & Co Inc,28169,01-05-2024
259,KLAC,KLA Corp,5944,01-05-2024
260,KHC,Kraft Heinz Co,34130,01-05-2024
261,KR,Kroger Co,30742,01-05-2024
262,LHX,L3Harris Technologies Inc,8180,01-05-2024
263,LH,Laboratory Corp of America Holdings,3791,01-05-2024
264,LRCX,Lam Research Corp,5840,01-05-2024
265,LVS,Las Vegas Sands Corp,14187,01-05-2024
266,LDOS,Leidos Holdings Inc,5892,01-05-2024
267,LEN/B,Lennar Corp,474,01-05-2024
268,LEN,Lennar Corp,10723,01-05-2024
269,LBRDA,Liberty Broadband Corp,641,01-05-2024
270,LBRDK,Liberty Broadband Corp,4921,01-05-2024
271,LIN,Linde PLC,21289,01-05-2024
272,LYV,Live Nation Entertainment Inc,6386,01-05-2024
273,LKQ,LKQ Corp,11073,01-05-2024
274,LMT,Lockheed Martin Corp,11061,01-05-2024
275,L,Loews Corp,7993,01-05-2024
276,LOW,Lowes Cos Inc,25498,01-05-2024
277,LCID,Lucid Group Inc,36461,01-05-2024
278,LULU,Lululemon Athletica Inc,4809,01-05-2024
279,LYB,LyondellBasell Industries NV,11128,01-05-2024
280,MTB,M&T Bank Corp,7236,01-05-2024
281,ESH24,MAR 24 EMINI S&P 500,4,01-05-2024
282,MPC,Marathon Petroleum Corp,17442,01-05-2024
283,MKL,Markel Group Inc,566,01-05-2024
284,MAR,Marriott International Inc,11318,01-05-2024
285,MMC,Marsh & McLennan Cos Inc,21475,01-05-2024
286,MLM,Martin Marietta Materials Inc,2676,01-05-2024
287,MRVL,Marvell Technology Inc,37320,01-05-2024
288,MAS,Masco Corp,9686,01-05-2024
289,MA,Mastercard Inc,36473,01-05-2024
290,MTCH,Match Group Inc,12150,01-05-2024
291,MKC,McCormick & Co Inc,10798,01-05-2024
292,MCD,McDonalds Corp,31702,01-05-2024
293,MCK,McKesson Corp,5893,01-05-2024
294,MDT,Medtronic PLC,57886,01-05-2024
295,MELI,MercadoLibre Inc,1980,01-05-2024
296,MRK,Merck & Co Inc,110470,01-05-2024
297,META,Meta Platforms Inc,95884,01-05-2024
298,MET,MetLife Inc,27430,01-05-2024
299,MTD,Mettler-Toledo International Inc,969,01-05-2024
300,MGM,MGM Resorts International,12119,01-05-2024
301,MCHP,Microchip Technology Inc,23322,01-05-2024
302,MU,Micron Technology Inc,47511,01-05-2024
303,MSFT,Microsoft Corp,319265,01-05-2024
304,MAA,Mid-America Apartment Communities Inc,4938,01-05-2024
305,MBLY,Mobileye Global Inc,3682,01-05-2024
306,MRNA,Moderna Inc,14375,01-05-2024
307,TAP,Molson Coors Beverage Co,7520,01-05-2024
308,MDLZ,Mondelez International Inc,59171,01-05-2024
309,MDB,MongoDB Inc,3007,01-05-2024
310,MNST,Monster Beverage Corp,21935,01-05-2024
311,MCO,Moodys Corp,6893,01-05-2024
312,MS,Morgan Stanley,56135,01-05-2024
313,MOS,Mosaic Co,14409,01-05-2024
314,MSI,Motorola Solutions Inc,7313,01-05-2024
315,MSCI,MSCI Inc,3346,01-05-2024
316,NDAQ,Nasdaq Inc,14854,01-05-2024
317,NLOP,NET Lease Office Properties,591,01-05-2024
318,NTAP,NetApp Inc,9186,01-05-2024
319,NFLX,Netflix Inc,18857,01-05-2024
320,NEM,Newmont Corp,34310,01-05-2024
321,NEE,NextEra Energy Inc,88080,01-05-2024
322,NKE,NIKE Inc,53052,01-05-2024
323,NI,NiSource Inc,17762,01-05-2024
324,NSC,Norfolk Southern Corp,9948,01-05-2024
325,NTRS,Northern Trust Corp,9028,01-05-2024
326,NOC,Northrop Grumman Corp,6565,01-05-2024
327,NUE,Nucor Corp,10869,01-05-2024
328,NVDA,NVIDIA Corp,103256,01-05-2024
329,NVR,NVR Inc,107,01-05-2024
330,OXY,Occidental Petroleum Corp,30402,01-05-2024
331,OKTA,Okta Inc,6451,01-05-2024
332,ODFL,Old Dominion Freight Line Inc,4177,01-05-2024
333,OMC,Omnicom Group Inc,8531,01-05-2024
334,ON,ON Semiconductor Corp,18669,01-05-2024
335,OKE,ONEOK Inc,25259,01-05-2024
336,ORCL,Oracle Corp,67716,01-05-2024
337,ORLY,OReilly Automotive Inc,2628,01-05-2024
338,OTIS,Otis Worldwide Corp,18050,01-05-2024
339,PCAR,PACCAR Inc,22382,01-05-2024
340,PKG,Packaging Corp of America,3796,01-05-2024
341,PLTR,Palantir Technologies Inc,79376,01-05-2024
342,PANW,Palo Alto Networks Inc,13155,01-05-2024
343,PH,Parker-Hannifin Corp,5515,01-05-2024
344,PAYX,Paychex Inc,13921,01-05-2024
345,PAYC,Paycom Software Inc,2185,01-05-2024
346,PYPL,PayPal Holdings Inc,47723,01-05-2024
347,PEP,PepsiCo Inc,59926,01-05-2024
348,PFE,Pfizer Inc,245824,01-05-2024
349,PCG,PG&E Corp,106785,01-05-2024
350,PM,Philip Morris International Inc,67480,01-05-2024
351,PSX,Phillips 66,19333,01-05-2024
352,PINS,Pinterest Inc,25219,01-05-2024
353,PXD,Pioneer Natural Resources Co,10135,01-05-2024
354,PNC,PNC Financial Services Group Inc,17284,01-05-2024
355,PPG,PPG Industries Inc,10164,01-05-2024
356,PPL,PPL Corp,31981,01-05-2024
357,PFG,Principal Financial Group Inc,10586,01-05-2024
358,PG,Procter & Gamble Co,102554,01-05-2024
359,PGR,Progressive Corp,25464,01-05-2024
360,PLD,Prologis Inc,40118,01-05-2024
361,PRU,Prudential Financial Inc,15919,01-05-2024
362,PEG,Public Service Enterprise Group Inc,21535,01-05-2024
363,PSA,Public Storage,6880,01-05-2024
364,PHM,PulteGroup Inc,9511,01-05-2024
365,QCOM,QUALCOMM Inc,48486,01-05-2024
366,PWR,Quanta Services Inc,6257,01-05-2024
367,DGX,Quest Diagnostics Inc,4802,01-05-2024
368,RJF,Raymond James Financial Inc,8171,01-05-2024
369,O,Realty Income Corp,30876,01-05-2024
370,REGN,Regeneron Pharmaceuticals Inc,4458,01-05-2024
371,RF,Regions Financial Corp,40490,01-05-2024
372,RSG,Republic Services Inc,9008,01-05-2024
373,RMD,ResMed Inc,6337,01-05-2024
374,RIVN,Rivian Automotive Inc,28776,01-05-2024
375,RBLX,ROBLOX Corp,20246,01-05-2024
376,RKT,Rocket Cos Inc,4449,01-05-2024
377,ROK,Rockwell Automation Inc,4959,01-05-2024
378,ROL,Rollins Inc,13542,01-05-2024
379,ROP,Roper Technologies Inc,4664,01-05-2024
380,ROST,Ross Stores Inc,14492,01-05-2024
381,RCL,Royal Caribbean Cruises Ltd,9572,01-05-2024
382,RPRX,Royalty Pharma PLC,16077,01-05-2024
383,RTX,RTX Corp,63572,01-05-2024
384,SPGI,S&P Global Inc,13942,01-05-2024
385,CRM,Salesforce Inc,40991,01-05-2024
386,SBAC,SBA Communications Corp,4689,01-05-2024
387,SLB,Schlumberger NV,61961,01-05-2024
388,STX,Seagate Technology Holdings PLC,8420,01-05-2024
389,SRE,Sempra,27369,01-05-2024
390,NOW,ServiceNow Inc,8899,01-05-2024
391,SHW,Sherwin-Williams Co,10280,01-05-2024
392,SPG,Simon Property Group Inc,14058,01-05-2024
393,SIRI,Sirius XM Holdings Inc,27763,01-05-2024
394,SWKS,Skyworks Solutions Inc,6901,01-05-2024
395,SNAP,Snap Inc,44189,01-05-2024
396,SNA,Snap-on Inc,2211,01-05-2024
397,SNOW,Snowflake Inc,11884,01-05-2024
398,SO,Southern Co,47409,01-05-2024
399,SCCO,Southern Copper Corp,3713,01-05-2024
400,LUV,Southwest Airlines Co,25665,01-05-2024
401,SPLK,Splunk Inc,6591,01-05-2024
402,SPOT,Spotify Technology SA,5861,01-05-2024
403,SSNC,SS&C Technologies Holdings Inc,9537,01-05-2024
404,SWK,Stanley Black & Decker Inc,6499,01-05-2024
405,SBUX,Starbucks Corp,48993,01-05-2024
406,STT,State Street Corp,13841,01-05-2024
407,STE,STERIS PLC,4283,01-05-2024
408,SYK,Stryker Corp,13797,01-05-2024
409,SYF,Synchrony Financial,18111,01-05-2024
410,SNPS,Synopsys Inc,6553,01-05-2024
411,SYY,Sysco Corp,21947,01-05-2024
412,TROW,T Rowe Price Group Inc,9577,01-05-2024
413,TMUS,T-Mobile US Inc,22539,01-05-2024
414,TTWO,Take-Two Interactive Software Inc,7336,01-05-2024
415,TGT,Target Corp,20112,01-05-2024
416,TEL,TE Connectivity Ltd,13737,01-05-2024
417,TER,Teradyne Inc,6773,01-05-2024
418,TSLA,Tesla Inc,119658,01-05-2024
419,TXN,Texas Instruments Inc,39391,01-05-2024
420,TXT,Textron Inc,8492,01-05-2024
421,TMO,Thermo Fisher Scientific Inc,16735,01-05-2024
422,TJX,TJX Cos Inc,49872,01-05-2024
423,TSCO,Tractor Supply Co,4779,01-05-2024
424,TTD,Trade Desk Inc,19204,01-05-2024
425,TT,Trane Technologies PLC,9957,01-05-2024
426,TDG,TransDigm Group Inc,2227,01-05-2024
427,TRU,TransUnion,8427,01-05-2024
428,TRV,Travelers Cos Inc,10045,01-05-2024
429,TRMB,Trimble Inc,10671,01-05-2024
430,TFC,Truist Financial Corp,57826,01-05-2024
431,TWLO,Twilio Inc,7528,01-05-2024
432,TSN,Tyson Foods Inc,12223,01-05-2024
433,UBER,Uber Technologies Inc,84844,01-05-2024
434,UDR,UDR Inc,13266,01-05-2024
435,ULTA,Ulta Beauty Inc,2136,01-05-2024
436,UNP,Union Pacific Corp,26519,01-05-2024
437,UAL,United Airlines Holdings Inc,14044,01-05-2024
438,UPS,United Parcel Service Inc,31557,01-05-2024
439,URI,United Rentals Inc,3027,01-05-2024
440,UNH,UnitedHealth Group Inc,40432,01-05-2024
441,U,Unity Software Inc,10738,01-05-2024
442,USB,US Bancorp,64440,01-05-2024
443,VLO,Valero Energy Corp,15346,01-05-2024
444,VEEV,Veeva Systems Inc,6315,01-05-2024
445,VTR,Ventas Inc,17221,01-05-2024
446,VRSN,VeriSign Inc,3860,01-05-2024
447,VRSK,Verisk Analytics Inc,6310,01-05-2024
448,VZ,Verizon Communications Inc,183096,01-05-2024
449,VRTX,Vertex Pharmaceuticals Inc,11208,01-05-2024
450,VTRS,Viatris Inc,51775,01-05-2024
451,VICI,VICI Properties Inc,44093,01-05-2024
452,V,Visa Inc,70463,01-05-2024
453,VMC,Vulcan Materials Co,5796,01-05-2024
454,WRB,W R Berkley Corp,8663,01-05-2024
455,WBA,Walgreens Boots Alliance Inc,30906,01-05-2024
456,WMT,Walmart Inc,61844,01-05-2024
457,DIS,Walt Disney Co,79580,01-05-2024
458,WBD,Warner Bros Discovery Inc,96564,01-05-2024
459,WMG,Warner Music Group Corp,5369,01-05-2024
460,WM,Waste Management Inc,17645,01-05-2024
461,WAT,Waters Corp,2581,01-05-2024
462,WEC,WEC Energy Group Inc,13749,01-05-2024
463,WFC,Wells Fargo & Co,158308,01-05-2024
464,WELL,Welltower Inc,22549,01-05-2024
465,WST,West Pharmaceutical Services Inc,3198,01-05-2024
466,WDC,Western Digital Corp,13847,01-05-2024
467,WAB,Westinghouse Air Brake Technologies Corp,7662,01-05-2024
468,WY,Weyerhaeuser Co,31627,01-05-2024
469,WMB,Williams Cos Inc,52776,01-05-2024
470,WTW,Willis Towers Watson PLC,4646,01-05-2024
471,WDAY,Workday Inc,8935,01-05-2024
472,WPC,WP Carey Inc,9056,01-05-2024
473,GWW,WW Grainger Inc,1732,01-05-2024
474,XEL,Xcel Energy Inc,23893,01-05-2024
475,XYL,Xylem Inc,10286,01-05-2024
476,YUMC,Yum China Holdings Inc,17572,01-05-2024
477,YUM,Yum! Brands Inc,12177,01-05-2024
478,ZBRA,Zebra Technologies Corp,2183,01-05-2024
479,ZBH,Zimmer Biomet Holdings Inc,9090,01-05-2024
480,ZTS,Zoetis Inc,20149,01-05-2024
481,ZM,Zoom Video Communications Inc,11091,01-05-2024
482,ZS,Zscaler Inc,3751,01-05-2024
483,--,USD U.S. DOLLAR,0,01-05-2024
