,Ticker,Name,Shares,Date
0,MMM,3M Co,23610,11-28-2023
1,AOS,A O Smith Corp,5257,11-28-2023
2,ABT,Abbott Laboratories,74223,11-28-2023
3,ABBV,AbbVie Inc,75663,11-28-2023
4,ACN,Accenture PLC,28470,11-28-2023
5,ADBE,Adobe Inc,19504,11-28-2023
6,AMD,Advanced Micro Devices Inc,68555,11-28-2023
7,AFL,Aflac Inc,23031,11-28-2023
8,A,Agilent Technologies Inc,12610,11-28-2023
9,APD,Air Products and Chemicals Inc,9393,11-28-2023
10,ABNB,Airbnb Inc,17955,11-28-2023
11,AKAM,Akamai Technologies Inc,6377,11-28-2023
12,ALB,Albemarle Corp,5062,11-28-2023
13,ARE,Alexandria Real Estate Equities Inc,7329,11-28-2023
14,ALGN,Align Technology Inc,3087,11-28-2023
15,LNT,Alliant Energy Corp,10637,11-28-2023
16,ALL,Allstate Corp,11189,11-28-2023
17,ALNY,Alnylam Pharmaceuticals Inc,5270,11-28-2023
18,GOOGL,Alphabet Inc,254840,11-28-2023
19,GOOG,Alphabet Inc,221388,11-28-2023
20,MO,Altria Group Inc,76491,11-28-2023
21,AMZN,Amazon.com Inc,386044,11-28-2023
22,AMCR,Amcor PLC,61954,11-28-2023
23,DOX,Amdocs Ltd,5123,11-28-2023
24,AEE,Ameren Corp,11097,11-28-2023
25,AEP,American Electric Power Co Inc,22013,11-28-2023
26,AXP,American Express Co,25337,11-28-2023
27,AIG,American International Group Inc,30497,11-28-2023
28,AMT,American Tower Corp,19976,11-28-2023
29,AWK,American Water Works Co Inc,8346,11-28-2023
30,AMP,Ameriprise Financial Inc,4360,11-28-2023
31,AME,AMETEK Inc,9874,11-28-2023
32,AMGN,Amgen Inc,22803,11-28-2023
33,APH,Amphenol Corp,25248,11-28-2023
34,ADI,Analog Devices Inc,21618,11-28-2023
35,ANSS,ANSYS Inc,3694,11-28-2023
36,AON,Aon PLC,8600,11-28-2023
37,APO,Apollo Global Management Inc,17367,11-28-2023
38,AAPL,Apple Inc,635313,11-28-2023
39,AMAT,Applied Materials Inc,35910,11-28-2023
40,APTV,Aptiv PLC,12071,11-28-2023
41,ACGL,Arch Capital Group Ltd,15212,11-28-2023
42,ADM,Archer-Daniels-Midland Co,22908,11-28-2023
43,ARES,Ares Management Corp,6332,11-28-2023
44,ANET,Arista Networks Inc,10112,11-28-2023
45,AJG,Arthur J Gallagher & Co,9062,11-28-2023
46,T,AT&T Inc,306553,11-28-2023
47,TEAM,Atlassian Corp,6463,11-28-2023
48,ATO,Atmos Energy Corp,6334,11-28-2023
49,ADSK,Autodesk Inc,9120,11-28-2023
50,ADP,Automatic Data Processing Inc,17753,11-28-2023
51,AZO,AutoZone Inc,730,11-28-2023
52,AVB,AvalonBay Communities Inc,6120,11-28-2023
53,AGR,Avangrid Inc,3076,11-28-2023
54,AVTR,Avantor Inc,27824,11-28-2023
55,BKR,Baker Hughes Co,43137,11-28-2023
56,BALL,Ball Corp,13199,11-28-2023
57,BAC,Bank of America Corp,297206,11-28-2023
58,BK,Bank of New York Mellon Corp,32282,11-28-2023
59,BAX,Baxter International Inc,21552,11-28-2023
60,BDX,Becton Dickinson & Co,12476,11-28-2023
61,BRK/B,Berkshire Hathaway Inc,55380,11-28-2023
62,BBY,Best Buy Co Inc,8352,11-28-2023
63,BIIB,Biogen Inc,6203,11-28-2023
64,BMRN,BioMarin Pharmaceutical Inc,7872,11-28-2023
65,BLK,BlackRock Inc,6348,11-28-2023
66,BX,Blackstone Inc,30096,11-28-2023
67,SQ,Block Inc,23488,11-28-2023
68,BA,Boeing Co,23869,11-28-2023
69,BKNG,Booking Holdings Inc,1531,11-28-2023
70,BSX,Boston Scientific Corp,62574,11-28-2023
71,BMY,Bristol-Myers Squibb Co,90050,11-28-2023
72,AVGO,Broadcom Inc,17324,11-28-2023
73,BR,Broadridge Financial Solutions Inc,5025,11-28-2023
74,BF/A,Brown-Forman Corp,2098,11-28-2023
75,BF/B,Brown-Forman Corp,13084,11-28-2023
76,CDNS,Cadence Design Systems Inc,11581,11-28-2023
77,CPB,Campbell Soup Co,8282,11-28-2023
78,COF,Capital One Financial Corp,16148,11-28-2023
79,CAH,Cardinal Health Inc,10706,11-28-2023
80,KMX,CarMax Inc,6772,11-28-2023
81,CCL,Carnival Corp,42407,11-28-2023
82,CARR,Carrier Global Corp,35617,11-28-2023
83,CAT,Caterpillar Inc,22052,11-28-2023
84,CBOE,Cboe Global Markets Inc,4549,11-28-2023
85,CBRE,CBRE Group Inc,13163,11-28-2023
86,CDW,CDW Corp,5780,11-28-2023
87,CE,Celanese Corp,4667,11-28-2023
88,COR,Cencora Inc,7251,11-28-2023
89,CNC,Centene Corp,23524,11-28-2023
90,CNP,CenterPoint Energy Inc,26856,11-28-2023
91,CHRW,CH Robinson Worldwide Inc,4825,11-28-2023
92,SCHW,Charles Schwab Corp,59248,11-28-2023
93,CHTR,Charter Communications Inc,4258,11-28-2023
94,LNG,Cheniere Energy Inc,10348,11-28-2023
95,CVX,Chevron Corp,74537,11-28-2023
96,CMG,Chipotle Mexican Grill Inc,1153,11-28-2023
97,CB,Chubb Ltd,17735,11-28-2023
98,CHD,Church & Dwight Co Inc,10450,11-28-2023
99,CI,Cigna Group,12613,11-28-2023
100,CINF,Cincinnati Financial Corp,6597,11-28-2023
101,CTAS,Cintas Corp,3704,11-28-2023
102,CSCO,Cisco Systems Inc,174798,11-28-2023
103,C,Citigroup Inc,81098,11-28-2023
104,CFG,Citizens Financial Group Inc,20575,11-28-2023
105,CLX,Clorox Co,5253,11-28-2023
106,NET,Cloudflare Inc,12021,11-28-2023
107,CME,CME Group Inc,15360,11-28-2023
108,CMS,CMS Energy Corp,12472,11-28-2023
109,KO,Coca-Cola Co,166868,11-28-2023
110,CTSH,Cognizant Technology Solutions Corp,21667,11-28-2023
111,COIN,Coinbase Global Inc,6700,11-28-2023
112,CL,Colgate-Palmolive Co,35608,11-28-2023
113,CMCSA,Comcast Corp,174889,11-28-2023
114,CAG,Conagra Brands Inc,20341,11-28-2023
115,COP,ConocoPhillips,51909,11-28-2023
116,ED,Consolidated Edison Inc,14785,11-28-2023
117,STZ,Constellation Brands Inc,6762,11-28-2023
118,CEG,Constellation Energy Corp,13866,11-28-2023
119,COO,Cooper Cos Inc,2101,11-28-2023
120,CPRT,Copart Inc,36260,11-28-2023
121,GLW,Corning Inc,32786,11-28-2023
122,CTVA,Corteva Inc,30446,11-28-2023
123,CSGP,CoStar Group Inc,17383,11-28-2023
124,COST,Costco Wholesale Corp,18966,11-28-2023
125,CTRA,Coterra Energy Inc,31985,11-28-2023
126,CPNG,Coupang Inc,46420,11-28-2023
127,--,CRH PLC,29600,11-28-2023
128,CRWD,Crowdstrike Holdings Inc,9369,11-28-2023
129,CCI,Crown Castle Inc,18417,11-28-2023
130,CSX,CSX Corp,85821,11-28-2023
131,CMI,Cummins Inc,6119,11-28-2023
132,CVS,CVS Health Corp,54891,11-28-2023
133,DHR,Danaher Corp,28296,11-28-2023
134,DRI,Darden Restaurants Inc,5191,11-28-2023
135,DDOG,Datadog Inc,12244,11-28-2023
136,ESZ3,DEC 23 EMINI S&P 500,17,11-28-2023
137,DE,Deere & Co,11562,11-28-2023
138,DELL,Dell Technologies Inc,10553,11-28-2023
139,DAL,Delta Air Lines Inc,27314,11-28-2023
140,DVN,Devon Energy Corp,27326,11-28-2023
141,DXCM,Dexcom Inc,16601,11-28-2023
142,FANG,Diamondback Energy Inc,7311,11-28-2023
143,DLR,Digital Realty Trust Inc,13009,11-28-2023
144,DFS,Discover Financial Services,10653,11-28-2023
145,DG,Dollar General Corp,9367,11-28-2023
146,DLTR,Dollar Tree Inc,8901,11-28-2023
147,D,Dominion Energy Inc,35694,11-28-2023
148,DPZ,Dominos Pizza Inc,1521,11-28-2023
149,DASH,DoorDash Inc,11146,11-28-2023
150,DOV,Dover Corp,5879,11-28-2023
151,DOW,Dow Inc,30355,11-28-2023
152,DHI,DR Horton Inc,13141,11-28-2023
153,DTE,DTE Energy Co,8815,11-28-2023
154,DUK,Duke Energy Corp,33054,11-28-2023
155,DD,DuPont de Nemours Inc,17887,11-28-2023
156,ETN,Eaton Corp PLC,16975,11-28-2023
157,EBAY,eBay Inc,22900,11-28-2023
158,ECL,Ecolab Inc,10865,11-28-2023
159,EIX,Edison International,16317,11-28-2023
160,EW,Edwards Lifesciences Corp,25771,11-28-2023
161,EA,Electronic Arts Inc,11599,11-28-2023
162,ELV,Elevance Health Inc,10112,11-28-2023
163,LLY,Eli Lilly & Co,36273,11-28-2023
164,EMR,Emerson Electric Co,24396,11-28-2023
165,ENPH,Enphase Energy Inc,5696,11-28-2023
166,ETR,Entergy Corp,8973,11-28-2023
167,EOG,EOG Resources Inc,25067,11-28-2023
168,EPAM,EPAM Systems Inc,2448,11-28-2023
169,EFX,Equifax Inc,5235,11-28-2023
170,EQIX,Equinix Inc,4039,11-28-2023
171,EQR,Equity Residential,15852,11-28-2023
172,ESS,Essex Property Trust Inc,2693,11-28-2023
173,EL,Estee Lauder Cos Inc,9138,11-28-2023
174,EG,Everest Group Ltd,1453,11-28-2023
175,EVRG,Evergy Inc,9594,11-28-2023
176,ES,Eversource Energy,14806,11-28-2023
177,EXC,Exelon Corp,42597,11-28-2023
178,EXPE,Expedia Group Inc,6131,11-28-2023
179,EXPD,Expeditors International of Washington Inc,6310,11-28-2023
180,EXR,Extra Space Storage Inc,8958,11-28-2023
181,XOM,Exxon Mobil Corp,173395,11-28-2023
182,FICO,Fair Isaac Corp,1049,11-28-2023
183,FAST,Fastenal Co,24281,11-28-2023
184,FDX,FedEx Corp,9908,11-28-2023
185,FERG,Ferguson PLC,8321,11-28-2023
186,FNF,Fidelity National Financial Inc,11051,11-28-2023
187,FIS,Fidelity National Information Services Inc,23398,11-28-2023
188,FITB,Fifth Third Bancorp,28901,11-28-2023
189,FE,FirstEnergy Corp,23291,11-28-2023
190,FI,Fiserv Inc,25975,11-28-2023
191,FLT,FleetCor Technologies Inc,3089,11-28-2023
192,F,Ford Motor Co,168326,11-28-2023
193,FTNT,Fortinet Inc,28872,11-28-2023
194,FTV,Fortive Corp,15136,11-28-2023
195,FOX,Fox Corp,5656,11-28-2023
196,FOXA,Fox Corp,10653,11-28-2023
197,BEN,Franklin Resources Inc,12112,11-28-2023
198,FCX,Freeport-McMoRan Inc,61185,11-28-2023
199,GRMN,Garmin Ltd,6438,11-28-2023
200,IT,Gartner Inc,3258,11-28-2023
201,GEHC,GE HealthCare Technologies Inc,15553,11-28-2023
202,GEN,Gen Digital Inc,26352,11-28-2023
203,GD,General Dynamics Corp,9640,11-28-2023
204,GE,General Electric Co,46375,11-28-2023
205,GIS,General Mills Inc,25077,11-28-2023
206,GM,General Motors Co,59355,11-28-2023
207,GPC,Genuine Parts Co,5846,11-28-2023
208,GILD,Gilead Sciences Inc,53470,11-28-2023
209,GPN,Global Payments Inc,11117,11-28-2023
210,GFS,GLOBALFOUNDRIES Inc,3198,11-28-2023
211,GL,Globe Life Inc,4051,11-28-2023
212,GS,Goldman Sachs Group Inc,14199,11-28-2023
213,HAL,Halliburton Co,38442,11-28-2023
214,HIG,Hartford Financial Services Group Inc,13083,11-28-2023
215,HCA,HCA Healthcare Inc,8871,11-28-2023
216,PEAK,Healthpeak Properties Inc,23235,11-28-2023
217,HSIC,Henry Schein Inc,5613,11-28-2023
218,HSY,Hershey Co,6281,11-28-2023
219,HES,Hess Corp,11921,11-28-2023
220,HPE,Hewlett Packard Enterprise Co,55163,11-28-2023
221,HLT,Hilton Worldwide Holdings Inc,11124,11-28-2023
222,HOLX,Hologic Inc,10481,11-28-2023
223,HD,Home Depot Inc,43079,11-28-2023
224,HON,Honeywell International Inc,28518,11-28-2023
225,HRL,Hormel Foods Corp,12278,11-28-2023
226,HST,Host Hotels & Resorts Inc,30062,11-28-2023
227,HPQ,HP Inc,42039,11-28-2023
228,HUBS,HubSpot Inc,2041,11-28-2023
229,HUM,Humana Inc,5332,11-28-2023
230,HBAN,Huntington Bancshares Inc,61347,11-28-2023
231,IDXX,IDEXX Laboratories Inc,3557,11-28-2023
232,ITW,Illinois Tool Works Inc,13032,11-28-2023
233,ILMN,Illumina Inc,6779,11-28-2023
234,INCY,Incyte Corp,7926,11-28-2023
235,IR,Ingersoll Rand Inc,17301,11-28-2023
236,INTC,Intel Corp,178892,11-28-2023
237,IBKR,Interactive Brokers Group Inc,4329,11-28-2023
238,ICE,Intercontinental Exchange Inc,23752,11-28-2023
239,IBM,International Business Machines Corp,38937,11-28-2023
240,IFF,International Flavors & Fragrances Inc,10944,11-28-2023
241,IP,International Paper Co,14767,11-28-2023
242,INTU,Intuit Inc,11663,11-28-2023
243,ISRG,Intuitive Surgical Inc,14901,11-28-2023
244,INVH,Invitation Homes Inc,24336,11-28-2023
245,IQV,IQVIA Holdings Inc,7797,11-28-2023
246,IRM,Iron Mountain Inc,12245,11-28-2023
247,SJM,J M Smucker Co,4224,11-28-2023
248,JBHT,JB Hunt Transport Services Inc,3551,11-28-2023
249,JNJ,Johnson & Johnson,103252,11-28-2023
250,JCI,Johnson Controls International plc,29058,11-28-2023
251,JPM,JPMorgan Chase & Co,124343,11-28-2023
252,K,Kellanova,10962,11-28-2023
253,KVUE,Kenvue Inc,74310,11-28-2023
254,KDP,Keurig Dr Pepper Inc,38708,11-28-2023
255,KEY,KeyCorp,39600,11-28-2023
256,KEYS,Keysight Technologies Inc,7663,11-28-2023
257,KMB,Kimberly-Clark Corp,14390,11-28-2023
258,KMI,Kinder Morgan Inc,83818,11-28-2023
259,KKR,KKR & Co Inc,27746,11-28-2023
260,KLAC,KLA Corp,5856,11-28-2023
261,KHC,Kraft Heinz Co,33618,11-28-2023
262,KR,Kroger Co,30279,11-28-2023
263,LHX,L3Harris Technologies Inc,8060,11-28-2023
264,LH,Laboratory Corp of America Holdings,3735,11-28-2023
265,LRCX,Lam Research Corp,5752,11-28-2023
266,LVS,Las Vegas Sands Corp,13972,11-28-2023
267,LDOS,Leidos Holdings Inc,5804,11-28-2023
268,LEN/B,Lennar Corp,466,11-28-2023
269,LEN,Lennar Corp,10563,11-28-2023
270,LBRDA,Liberty Broadband Corp,633,11-28-2023
271,LBRDK,Liberty Broadband Corp,4849,11-28-2023
272,LIN,Linde PLC,20969,11-28-2023
273,LYV,Live Nation Entertainment Inc,6290,11-28-2023
274,LKQ,LKQ Corp,10905,11-28-2023
275,LMT,Lockheed Martin Corp,10893,11-28-2023
276,L,Loews Corp,7873,11-28-2023
277,LOW,Lowes Cos Inc,25115,11-28-2023
278,LCID,Lucid Group Inc,35911,11-28-2023
279,LULU,Lululemon Athletica Inc,4737,11-28-2023
280,LYB,LyondellBasell Industries NV,10960,11-28-2023
281,MTB,M&T Bank Corp,7125,11-28-2023
282,MPC,Marathon Petroleum Corp,17179,11-28-2023
283,MKL,Markel Group Inc,558,11-28-2023
284,MAR,Marriott International Inc,11150,11-28-2023
285,MMC,Marsh & McLennan Cos Inc,21155,11-28-2023
286,MLM,Martin Marietta Materials Inc,2636,11-28-2023
287,MRVL,Marvell Technology Inc,36761,11-28-2023
288,MAS,Masco Corp,9542,11-28-2023
289,MA,Mastercard Inc,35929,11-28-2023
290,MTCH,Match Group Inc,11966,11-28-2023
291,MKC,McCormick & Co Inc,10638,11-28-2023
292,MCD,McDonalds Corp,31230,11-28-2023
293,MCK,McKesson Corp,5805,11-28-2023
294,MDT,Medtronic PLC,57021,11-28-2023
295,MELI,MercadoLibre Inc,1948,11-28-2023
296,MRK,Merck & Co Inc,108815,11-28-2023
297,META,Meta Platforms Inc,94451,11-28-2023
298,MET,MetLife Inc,27022,11-28-2023
299,MTD,Mettler-Toledo International Inc,953,11-28-2023
300,MGM,MGM Resorts International,11935,11-28-2023
301,MCHP,Microchip Technology Inc,22971,11-28-2023
302,MU,Micron Technology Inc,46800,11-28-2023
303,MSFT,Microsoft Corp,314490,11-28-2023
304,MAA,Mid-America Apartment Communities Inc,4866,11-28-2023
305,MBLY,Mobileye Global Inc,3626,11-28-2023
306,MRNA,Moderna Inc,14159,11-28-2023
307,TAP,Molson Coors Beverage Co,7408,11-28-2023
308,MDLZ,Mondelez International Inc,58284,11-28-2023
309,MDB,MongoDB Inc,2959,11-28-2023
310,MNST,Monster Beverage Corp,21607,11-28-2023
311,MCO,Moodys Corp,6789,11-28-2023
312,MS,Morgan Stanley,55295,11-28-2023
313,MOS,Mosaic Co,14193,11-28-2023
314,MSI,Motorola Solutions Inc,7201,11-28-2023
315,MSCI,MSCI Inc,3298,11-28-2023
316,NDAQ,Nasdaq Inc,14630,11-28-2023
317,NLOP,NET Lease Office Properties,583,11-28-2023
318,NTAP,NetApp Inc,9050,11-28-2023
319,NFLX,Netflix Inc,18577,11-28-2023
320,NEM,Newmont Corp,33798,11-28-2023
321,NEE,NextEra Energy Inc,86761,11-28-2023
322,NKE,NIKE Inc,52260,11-28-2023
323,NI,NiSource Inc,17498,11-28-2023
324,NSC,Norfolk Southern Corp,9797,11-28-2023
325,NTRS,Northern Trust Corp,8892,11-28-2023
326,NOC,Northrop Grumman Corp,6469,11-28-2023
327,NUE,Nucor Corp,10709,11-28-2023
328,NVDA,NVIDIA Corp,101713,11-28-2023
329,NVR,NVR Inc,107,11-28-2023
330,OXY,Occidental Petroleum Corp,29946,11-28-2023
331,OKTA,Okta Inc,6355,11-28-2023
332,ODFL,Old Dominion Freight Line Inc,4113,11-28-2023
333,OMC,Omnicom Group Inc,8403,11-28-2023
334,ON,ON Semiconductor Corp,18389,11-28-2023
335,OKE,ONEOK Inc,24883,11-28-2023
336,ORCL,Oracle Corp,66701,11-28-2023
337,ORLY,OReilly Automotive Inc,2588,11-28-2023
338,OTIS,Otis Worldwide Corp,17778,11-28-2023
339,PCAR,PACCAR Inc,22046,11-28-2023
340,PKG,Packaging Corp of America,3740,11-28-2023
341,PLTR,Palantir Technologies Inc,78185,11-28-2023
342,PANW,Palo Alto Networks Inc,12956,11-28-2023
343,PH,Parker-Hannifin Corp,5435,11-28-2023
344,PAYX,Paychex Inc,13713,11-28-2023
345,PAYC,Paycom Software Inc,2153,11-28-2023
346,PYPL,PayPal Holdings Inc,47011,11-28-2023
347,PEP,PepsiCo Inc,59030,11-28-2023
348,PFE,Pfizer Inc,242146,11-28-2023
349,PCG,PG&E Corp,105186,11-28-2023
350,PM,Philip Morris International Inc,66472,11-28-2023
351,PSX,Phillips 66,19045,11-28-2023
352,PINS,Pinterest Inc,24843,11-28-2023
353,PXD,Pioneer Natural Resources Co,9983,11-28-2023
354,PNC,PNC Financial Services Group Inc,17028,11-28-2023
355,PPG,PPG Industries Inc,10012,11-28-2023
356,PPL,PPL Corp,31501,11-28-2023
357,PFG,Principal Financial Group Inc,10426,11-28-2023
358,PG,Procter & Gamble Co,101019,11-28-2023
359,PGR,Progressive Corp,25081,11-28-2023
360,PLD,Prologis Inc,39518,11-28-2023
361,PRU,Prudential Financial Inc,15679,11-28-2023
362,PEG,Public Service Enterprise Group Inc,21215,11-28-2023
363,PSA,Public Storage,6776,11-28-2023
364,PHM,PulteGroup Inc,9367,11-28-2023
365,QCOM,QUALCOMM Inc,47759,11-28-2023
366,PWR,Quanta Services Inc,6161,11-28-2023
367,DGX,Quest Diagnostics Inc,4730,11-28-2023
368,RJF,Raymond James Financial Inc,8051,11-28-2023
369,O,Realty Income Corp,30413,11-28-2023
370,REGN,Regeneron Pharmaceuticals Inc,4394,11-28-2023
371,RF,Regions Financial Corp,39883,11-28-2023
372,RSG,Republic Services Inc,8872,11-28-2023
373,RMD,ResMed Inc,6241,11-28-2023
374,RIVN,Rivian Automotive Inc,28344,11-28-2023
375,RBLX,ROBLOX Corp,19942,11-28-2023
376,RKT,Rocket Cos Inc,4385,11-28-2023
377,ROK,Rockwell Automation Inc,4887,11-28-2023
378,ROL,Rollins Inc,13336,11-28-2023
379,ROP,Roper Technologies Inc,4592,11-28-2023
380,ROST,Ross Stores Inc,14276,11-28-2023
381,RCL,Royal Caribbean Cruises Ltd,9428,11-28-2023
382,RPRX,Royalty Pharma PLC,15837,11-28-2023
383,RTX,RTX Corp,62621,11-28-2023
384,SPGI,S&P Global Inc,13734,11-28-2023
385,CRM,Salesforce Inc,40376,11-28-2023
386,SBAC,SBA Communications Corp,4617,11-28-2023
387,SLB,Schlumberger NV,61034,11-28-2023
388,STX,Seagate Technology Holdings PLC,8292,11-28-2023
389,SGEN,Seagen Inc,5899,11-28-2023
390,SRE,Sempra,26961,11-28-2023
391,NOW,ServiceNow Inc,8763,11-28-2023
392,SHW,Sherwin-Williams Co,10128,11-28-2023
393,SPG,Simon Property Group Inc,13850,11-28-2023
394,SIRI,Sirius XM Holdings Inc,27341,11-28-2023
395,SWKS,Skyworks Solutions Inc,6797,11-28-2023
396,SNAP,Snap Inc,43526,11-28-2023
397,SNA,Snap-on Inc,2179,11-28-2023
398,SNOW,Snowflake Inc,11708,11-28-2023
399,SO,Southern Co,46698,11-28-2023
400,SCCO,Southern Copper Corp,3657,11-28-2023
401,LUV,Southwest Airlines Co,25281,11-28-2023
402,SPLK,Splunk Inc,6495,11-28-2023
403,SPOT,Spotify Technology SA,5773,11-28-2023
404,SSNC,SS&C Technologies Holdings Inc,9393,11-28-2023
405,SWK,Stanley Black & Decker Inc,6403,11-28-2023
406,SBUX,Starbucks Corp,48258,11-28-2023
407,STT,State Street Corp,13633,11-28-2023
408,STE,STERIS PLC,4219,11-28-2023
409,SYK,Stryker Corp,13589,11-28-2023
410,SYF,Synchrony Financial,17839,11-28-2023
411,SNPS,Synopsys Inc,6457,11-28-2023
412,SYY,Sysco Corp,21619,11-28-2023
413,TROW,T Rowe Price Group Inc,9433,11-28-2023
414,TMUS,T-Mobile US Inc,22203,11-28-2023
415,TTWO,Take-Two Interactive Software Inc,7224,11-28-2023
416,TGT,Target Corp,19809,11-28-2023
417,TEL,TE Connectivity Ltd,13529,11-28-2023
418,TER,Teradyne Inc,6669,11-28-2023
419,TSLA,Tesla Inc,117867,11-28-2023
420,TXN,Texas Instruments Inc,38800,11-28-2023
421,TXT,Textron Inc,8364,11-28-2023
422,TMO,Thermo Fisher Scientific Inc,16487,11-28-2023
423,TJX,TJX Cos Inc,49126,11-28-2023
424,TSCO,Tractor Supply Co,4707,11-28-2023
425,TTD,Trade Desk Inc,18916,11-28-2023
426,TT,Trane Technologies PLC,9806,11-28-2023
427,TDG,TransDigm Group Inc,2195,11-28-2023
428,TRU,TransUnion,8299,11-28-2023
429,TRV,Travelers Cos Inc,9893,11-28-2023
430,TRMB,Trimble Inc,10511,11-28-2023
431,TFC,Truist Financial Corp,56962,11-28-2023
432,TWLO,Twilio Inc,7416,11-28-2023
433,TSN,Tyson Foods Inc,12039,11-28-2023
434,UBER,Uber Technologies Inc,83573,11-28-2023
435,UDR,UDR Inc,13066,11-28-2023
436,ULTA,Ulta Beauty Inc,2104,11-28-2023
437,UNP,Union Pacific Corp,26120,11-28-2023
438,UAL,United Airlines Holdings Inc,13836,11-28-2023
439,UPS,United Parcel Service Inc,31085,11-28-2023
440,URI,United Rentals Inc,2979,11-28-2023
441,UNH,UnitedHealth Group Inc,39825,11-28-2023
442,U,Unity Software Inc,10578,11-28-2023
443,USB,US Bancorp,63473,11-28-2023
444,VLO,Valero Energy Corp,15114,11-28-2023
445,VEEV,Veeva Systems Inc,6219,11-28-2023
446,VTR,Ventas Inc,16965,11-28-2023
447,VRSN,VeriSign Inc,3804,11-28-2023
448,VRSK,Verisk Analytics Inc,6214,11-28-2023
449,VZ,Verizon Communications Inc,180354,11-28-2023
450,VRTX,Vertex Pharmaceuticals Inc,11040,11-28-2023
451,VTRS,Viatris Inc,50999,11-28-2023
452,VICI,VICI Properties Inc,43430,11-28-2023
453,V,Visa Inc,69408,11-28-2023
454,VMC,Vulcan Materials Co,5708,11-28-2023
455,WRB,W R Berkley Corp,8535,11-28-2023
456,WBA,Walgreens Boots Alliance Inc,30442,11-28-2023
457,WMT,Walmart Inc,60917,11-28-2023
458,DIS,Walt Disney Co,78389,11-28-2023
459,WBD,Warner Bros Discovery Inc,95117,11-28-2023
460,WMG,Warner Music Group Corp,5289,11-28-2023
461,WM,Waste Management Inc,17381,11-28-2023
462,WAT,Waters Corp,2541,11-28-2023
463,WEC,WEC Energy Group Inc,13541,11-28-2023
464,WFC,Wells Fargo & Co,155940,11-28-2023
465,WELL,Welltower Inc,22213,11-28-2023
466,WST,West Pharmaceutical Services Inc,3150,11-28-2023
467,WDC,Western Digital Corp,13639,11-28-2023
468,WAB,Westinghouse Air Brake Technologies Corp,7550,11-28-2023
469,WY,Weyerhaeuser Co,31155,11-28-2023
470,WMB,Williams Cos Inc,51985,11-28-2023
471,WTW,Willis Towers Watson PLC,4574,11-28-2023
472,WDAY,Workday Inc,8799,11-28-2023
473,WPC,WP Carey Inc,8920,11-28-2023
474,GWW,WW Grainger Inc,1708,11-28-2023
475,XEL,Xcel Energy Inc,23534,11-28-2023
476,XYL,Xylem Inc,10134,11-28-2023
477,YUMC,Yum China Holdings Inc,17308,11-28-2023
478,YUM,Yum! Brands Inc,11993,11-28-2023
479,ZBRA,Zebra Technologies Corp,2151,11-28-2023
480,ZBH,Zimmer Biomet Holdings Inc,8954,11-28-2023
481,ZTS,Zoetis Inc,19846,11-28-2023
482,ZM,Zoom Video Communications Inc,10923,11-28-2023
483,ZS,Zscaler Inc,3695,11-28-2023
484,--,USD U.S. DOLLAR,0,11-28-2023
