,Ticker,Name,Shares,Date
0,MMM,3M Co,12836,03-03-2023
1,AOS,A O Smith Corp,2926,03-03-2023
2,ABT,Abbott Laboratories,40232,03-03-2023
3,ABBV,AbbVie Inc,41059,03-03-2023
4,ACN,Accenture PLC,15290,03-03-2023
5,ATVI,Activision Blizzard Inc,16645,03-03-2023
6,ADBE,Adobe Inc,10779,03-03-2023
7,AAP,Advance Auto Parts Inc,1370,03-03-2023
8,AMD,Advanced Micro Devices Inc,37279,03-03-2023
9,AFL,Aflac Inc,13118,03-03-2023
10,A,Agilent Technologies Inc,6858,03-03-2023
11,APD,Air Products and Chemicals Inc,5140,03-03-2023
12,ABNB,Airbnb Inc,8676,03-03-2023
13,AKAM,Akamai Technologies Inc,3591,03-03-2023
14,ALB,Albemarle Corp,2717,03-03-2023
15,ARE,Alexandria Real Estate Equities Inc,3780,03-03-2023
16,ALGN,Align Technology Inc,1700,03-03-2023
17,LNT,Alliant Energy Corp,5824,03-03-2023
18,ALL,Allstate Corp,6043,03-03-2023
19,ALLY,Ally Financial Inc,6195,03-03-2023
20,ALNY,Alnylam Pharmaceuticals Inc,2846,03-03-2023
21,GOOGL,Alphabet Inc-Cl A,138414,03-03-2023
22,GOOG,Alphabet Inc-Cl C,122199,03-03-2023
23,MO,Altria Group Inc,41608,03-03-2023
24,AMZN,Amazon.com Inc,206805,03-03-2023
25,AMCR,Amcor PLC,34523,03-03-2023
26,DOX,Amdocs Ltd,2809,03-03-2023
27,AEE,Ameren Corp,5973,03-03-2023
28,AEP,American Electric Power Co Inc,11931,03-03-2023
29,AXP,American Express Co,12715,03-03-2023
30,AIG,American International Group Inc,17232,03-03-2023
31,AMT,American Tower Corp,10793,03-03-2023
32,AWK,American Water Works Co Inc,4217,03-03-2023
33,AMP,Ameriprise Financial Inc,2462,03-03-2023
34,ABC,AmerisourceBergen Corp,3974,03-03-2023
35,AME,AMETEK Inc,5307,03-03-2023
36,AMGN,Amgen Inc,12378,03-03-2023
37,APH,Amphenol Corp,13752,03-03-2023
38,ADI,Analog Devices Inc,11796,03-03-2023
39,NLY,Annaly Capital Management Inc,10839,03-03-2023
40,ANSS,ANSYS Inc,2014,03-03-2023
41,AON,Aon PLC,4571,03-03-2023
42,APO,Apollo Global Management Inc,8992,03-03-2023
43,AAPL,Apple Inc,369405,03-03-2023
44,AMAT,Applied Materials Inc,19519,03-03-2023
45,APP,AppLovin Corp,2717,03-03-2023
46,APTV,Aptiv PLC,6262,03-03-2023
47,ACGL,Arch Capital Group Ltd,8306,03-03-2023
48,ADM,Archer-Daniels-Midland Co,12688,03-03-2023
49,ANET,Arista Networks Inc,5473,03-03-2023
50,AJG,Arthur J Gallagher & Co,4846,03-03-2023
51,T,AT&T Inc,165492,03-03-2023
52,TEAM,Atlassian Corp,3417,03-03-2023
53,ATO,Atmos Energy Corp,3263,03-03-2023
54,ADSK,Autodesk Inc,5005,03-03-2023
55,ADP,Automatic Data Processing Inc,9626,03-03-2023
56,AZO,AutoZone Inc,440,03-03-2023
57,AVB,AvalonBay Communities Inc,3182,03-03-2023
58,AGR,Avangrid Inc,1645,03-03-2023
59,AVTR,Avantor Inc,14991,03-03-2023
60,BKR,Baker Hughes Co,23150,03-03-2023
61,BALL,Ball Corp,7239,03-03-2023
62,BAC,Bank of America Corp,162440,03-03-2023
63,BK,Bank of New York Mellon Corp,17177,03-03-2023
64,BAX,Baxter International Inc,11691,03-03-2023
65,BDX,Becton Dickinson and Co,6597,03-03-2023
66,BRK/B,Berkshire Hathaway Inc,30133,03-03-2023
67,BBY,Best Buy Co Inc,4574,03-03-2023
68,BILL,BILL Holdings Inc,2333,03-03-2023
69,BIIB,Biogen Inc,3325,03-03-2023
70,BMRN,BioMarin Pharmaceutical Inc,4290,03-03-2023
71,BLK,BlackRock Inc,3230,03-03-2023
72,BX,Blackstone Inc,16142,03-03-2023
73,SQ,Block Inc,12412,03-03-2023
74,BA,Boeing Co,13836,03-03-2023
75,BKNG,Booking Holdings Inc,899,03-03-2023
76,BXP,Boston Properties Inc,3317,03-03-2023
77,BSX,Boston Scientific Corp,33211,03-03-2023
78,BMY,Bristol-Myers Squibb Co,49383,03-03-2023
79,AVGO,Broadcom Inc,9493,03-03-2023
80,BR,Broadridge Financial Solutions Inc,2712,03-03-2023
81,BF/A,Brown-Forman Corp,1134,03-03-2023
82,BF/B,Brown-Forman Corp,7092,03-03-2023
83,BURL,Burlington Stores Inc,1508,03-03-2023
84,CDNS,Cadence Design Systems Inc,6309,03-03-2023
85,CZR,Caesars Entertainment Inc,4764,03-03-2023
86,CPB,Campbell Soup Co,4610,03-03-2023
87,COF,Capital One Financial Corp,8747,03-03-2023
88,CAH,Cardinal Health Inc,6059,03-03-2023
89,KMX,CarMax Inc,3659,03-03-2023
90,CCL,Carnival Corp,22958,03-03-2023
91,CARR,Carrier Global Corp,19402,03-03-2023
92,CTLT,Catalent Inc,3959,03-03-2023
93,CAT,Caterpillar Inc,12081,03-03-2023
94,CBOE,Cboe Global Markets Inc,2455,03-03-2023
95,CBRE,CBRE Group Inc,7046,03-03-2023
96,CDW,CDW Corp,3140,03-03-2023
97,CE,Celanese Corp,2285,03-03-2023
98,CNC,Centene Corp,13034,03-03-2023
99,CNP,CenterPoint Energy Inc,14582,03-03-2023
100,CHRW,CH Robinson Worldwide Inc,2678,03-03-2023
101,SCHW,Charles Schwab Corp,35344,03-03-2023
102,CHTR,Charter Communications Inc,2274,03-03-2023
103,LNG,Cheniere Energy Inc,5733,03-03-2023
104,CVX,Chevron Corp,44055,03-03-2023
105,CHWY,Chewy Inc,2091,03-03-2023
106,CMG,Chipotle Mexican Grill Inc,639,03-03-2023
107,CB,Chubb Ltd,8958,03-03-2023
108,CHD,Church & Dwight Co Inc,5659,03-03-2023
109,CI,Cigna Group,7080,03-03-2023
110,CINF,Cincinnati Financial Corp,3565,03-03-2023
111,CTAS,Cintas Corp,1997,03-03-2023
112,CSCO,Cisco Systems Inc,87251,03-03-2023
113,C,Citigroup Inc,44929,03-03-2023
114,CFG,Citizens Financial Group Inc,11358,03-03-2023
115,CLX,Clorox Co,2860,03-03-2023
116,NET,Cloudflare Inc,6147,03-03-2023
117,CME,CME Group Inc,8314,03-03-2023
118,CMS,CMS Energy Corp,6717,03-03-2023
119,KO,Coca-Cola Co,90136,03-03-2023
120,CTSH,Cognizant Technology Solutions Corp,11931,03-03-2023
121,COIN,Coinbase Global Inc,3346,03-03-2023
122,CL,Colgate-Palmolive Co,19373,03-03-2023
123,CMCSA,Comcast Corp,99623,03-03-2023
124,CAG,Conagra Brands Inc,11086,03-03-2023
125,COP,ConocoPhillips,28918,03-03-2023
126,ED,Consolidated Edison Inc,8236,03-03-2023
127,STZ,Constellation Brands Inc,3838,03-03-2023
128,CEG,Constellation Energy Corp,7596,03-03-2023
129,COO,Cooper Cos Inc,1141,03-03-2023
130,CPRT,Copart Inc,9952,03-03-2023
131,GLW,Corning Inc,17744,03-03-2023
132,CTVA,Corteva Inc,16449,03-03-2023
133,CSGP,CoStar Group Inc,9352,03-03-2023
134,COST,Costco Wholesale Corp,10292,03-03-2023
135,CTRA,Coterra Energy Inc,17749,03-03-2023
136,CPNG,Coupang Inc,20976,03-03-2023
137,CRWD,Crowdstrike Holdings Inc,4974,03-03-2023
138,CCI,Crown Castle Inc,10019,03-03-2023
139,CSX,CSX Corp,48729,03-03-2023
140,CMI,Cummins Inc,3264,03-03-2023
141,CVS,CVS Health Corp,30452,03-03-2023
142,DHR,Danaher Corp,15393,03-03-2023
143,DRI,Darden Restaurants Inc,2834,03-03-2023
144,DDOG,Datadog Inc,6202,03-03-2023
145,DVA,DaVita Inc,1186,03-03-2023
146,DE,Deere & Co,6369,03-03-2023
147,DELL,Dell Technologies Inc,5413,03-03-2023
148,DAL,Delta Air Lines Inc,14854,03-03-2023
149,DVN,Devon Energy Corp,15074,03-03-2023
150,DXCM,Dexcom Inc,8919,03-03-2023
151,FANG,Diamondback Energy Inc,4069,03-03-2023
152,DLR,Digital Realty Trust Inc,6675,03-03-2023
153,DFS,Discover Financial Services,6264,03-03-2023
154,DISH,DISH Network Corp,5799,03-03-2023
155,DOCU,DocuSign Inc,4596,03-03-2023
156,DG,Dollar General Corp,5185,03-03-2023
157,DLTR,Dollar Tree Inc,4808,03-03-2023
158,D,Dominion Energy Inc,19335,03-03-2023
159,DPZ,Dominos Pizza Inc,818,03-03-2023
160,DASH,DoorDash Inc,6101,03-03-2023
161,DOV,Dover Corp,3246,03-03-2023
162,DOW,Dow Inc,16323,03-03-2023
163,DHI,DR Horton Inc,7379,03-03-2023
164,DTE,DTE Energy Co,4742,03-03-2023
165,DUK,Duke Energy Corp,17872,03-03-2023
166,DD,DuPont de Nemours Inc,10578,03-03-2023
167,EMN,Eastman Chemical Co,2775,03-03-2023
168,ETN,Eaton Corp PLC,9206,03-03-2023
169,EBAY,eBay Inc,12587,03-03-2023
170,ECL,Ecolab Inc,5863,03-03-2023
171,EIX,Edison International,8870,03-03-2023
172,EW,Edwards Lifesciences Corp,14247,03-03-2023
173,EA,Electronic Arts Inc,6382,03-03-2023
174,ELV,Elevance Health Inc,5535,03-03-2023
175,LLY,Eli Lilly & Co,20422,03-03-2023
176,EMR,Emerson Electric Co,13702,03-03-2023
177,ENPH,Enphase Energy Inc,3092,03-03-2023
178,ETR,Entergy Corp,4710,03-03-2023
179,EOG,EOG Resources Inc,13608,03-03-2023
180,EPAM,EPAM Systems Inc,1294,03-03-2023
181,EFX,Equifax Inc,2834,03-03-2023
182,EQIX,Equinix Inc,2144,03-03-2023
183,EQR,Equity Residential,8513,03-03-2023
184,ESS,Essex Property Trust Inc,1494,03-03-2023
185,EL,Estee Lauder Cos Inc,4938,03-03-2023
186,ETSY,Etsy Inc,2901,03-03-2023
187,RE,Everest Re Group Ltd,897,03-03-2023
188,EVRG,Evergy Inc,5260,03-03-2023
189,ES,Eversource Energy,8015,03-03-2023
190,EXC,Exelon Corp,22855,03-03-2023
191,EXPE,Expedia Group Inc,3482,03-03-2023
192,EXPD,Expeditors International of Washington Inc,3679,03-03-2023
193,EXR,Extra Space Storage Inc,3065,03-03-2023
194,XOM,Exxon Mobil Corp,95343,03-03-2023
195,FG,F&G Annuities & Life Inc,414,03-03-2023
196,FFIV,F5 Inc,1395,03-03-2023
197,FAST,Fastenal Co,13289,03-03-2023
198,FDX,FedEx Corp,5401,03-03-2023
199,FNF,Fidelity National Financial Inc,5986,03-03-2023
200,FIS,Fidelity National Information Services Inc,13660,03-03-2023
201,FITB,Fifth Third Bancorp,15845,03-03-2023
202,FRC,First Republic Bank,4145,03-03-2023
203,FE,FirstEnergy Corp,12611,03-03-2023
204,FISV,Fiserv Inc,13616,03-03-2023
205,FLT,FleetCor Technologies Inc,1662,03-03-2023
206,FMC,FMC Corp,2912,03-03-2023
207,F,Ford Motor Co,91643,03-03-2023
208,FTNT,Fortinet Inc,15343,03-03-2023
209,FTV,Fortive Corp,8091,03-03-2023
210,FOX,Fox Corp,3168,03-03-2023
211,FOXA,Fox Corp,6988,03-03-2023
212,BEN,Franklin Resources Inc,6704,03-03-2023
213,FCX,Freeport-McMoRan Inc,33057,03-03-2023
214,GRMN,Garmin Ltd,3562,03-03-2023
215,IT,Gartner Inc,1784,03-03-2023
216,GEHC,GE HealthCare Technologies Inc,8413,03-03-2023
217,GEN,Gen Digital Inc,13249,03-03-2023
218,GNRC,Generac Holdings Inc,1449,03-03-2023
219,GD,General Dynamics Corp,5592,03-03-2023
220,GE,General Electric Co,25148,03-03-2023
221,GIS,General Mills Inc,13666,03-03-2023
222,GM,General Motors Co,31803,03-03-2023
223,GPC,Genuine Parts Co,3224,03-03-2023
224,GILD,Gilead Sciences Inc,29137,03-03-2023
225,GPN,Global Payments Inc,6225,03-03-2023
226,GFS,GLOBALFOUNDRIES Inc,1739,03-03-2023
227,GL,Globe Life Inc,2062,03-03-2023
228,GS,Goldman Sachs Group Inc,7833,03-03-2023
229,HAL,Halliburton Co,19470,03-03-2023
230,HIG,Hartford Financial Services Group Inc,7360,03-03-2023
231,HAS,Hasbro Inc,3014,03-03-2023
232,HCA,HCA Healthcare Inc,4891,03-03-2023
233,PEAK,Healthpeak Properties Inc,12452,03-03-2023
234,HSIC,Henry Schein Inc,3105,03-03-2023
235,HSY,Hershey Co,3408,03-03-2023
236,HES,Hess Corp,6456,03-03-2023
237,HPE,Hewlett Packard Enterprise Co,29673,03-03-2023
238,HLT,Hilton Worldwide Holdings Inc,6168,03-03-2023
239,HOLX,Hologic Inc,5642,03-03-2023
240,HD,Home Depot Inc,23674,03-03-2023
241,HON,Honeywell International Inc,15584,03-03-2023
242,HZNP,Horizon Therapeutics Plc,5227,03-03-2023
243,HRL,Hormel Foods Corp,6627,03-03-2023
244,HST,Host Hotels & Resorts Inc,16429,03-03-2023
245,HPQ,HP Inc,22785,03-03-2023
246,HUBS,HubSpot Inc,1074,03-03-2023
247,HUM,Humana Inc,2906,03-03-2023
248,HBAN,Huntington Bancshares Inc,32972,03-03-2023
249,IDXX,IDEXX Laboratories Inc,1906,03-03-2023
250,ITW,Illinois Tool Works Inc,6265,03-03-2023
251,ILMN,Illumina Inc,3647,03-03-2023
252,INCY,Incyte Corp,4276,03-03-2023
253,IR,Ingersoll Rand Inc,9397,03-03-2023
254,INTC,Intel Corp,95879,03-03-2023
255,IBKR,Interactive Brokers Group Inc,2296,03-03-2023
256,ICE,Intercontinental Exchange Inc,12855,03-03-2023
257,IBM,International Business Machines Corp,20992,03-03-2023
258,IFF,International Flavors & Fragrances Inc,5920,03-03-2023
259,IP,International Paper Co,8233,03-03-2023
260,INTU,Intuit Inc,6348,03-03-2023
261,ISRG,Intuitive Surgical Inc,8176,03-03-2023
262,INVH,Invitation Homes Inc,14175,03-03-2023
263,IQV,IQVIA Holdings Inc,4212,03-03-2023
264,IRM,Iron Mountain Inc,6699,03-03-2023
265,SJM,J M Smucker Co,2354,03-03-2023
266,JAZZ,Jazz Pharmaceuticals PLC,1420,03-03-2023
267,JBHT,JB Hunt Transport Services Inc,1907,03-03-2023
268,JNJ,Johnson & Johnson,60718,03-03-2023
269,JCI,Johnson Controls International plc,15902,03-03-2023
270,JPM,JPMorgan Chase & Co,67406,03-03-2023
271,K,Kellogg Co,6063,03-03-2023
272,KDP,Keurig Dr Pepper Inc,20420,03-03-2023
273,KEY,KeyCorp,21596,03-03-2023
274,KEYS,Keysight Technologies Inc,4124,03-03-2023
275,KMB,Kimberly-Clark Corp,7832,03-03-2023
276,KMI,Kinder Morgan Inc,45662,03-03-2023
277,KKR,KKR & Co Inc,15030,03-03-2023
278,KLAC,KLA Corp,3281,03-03-2023
279,KHC,Kraft Heinz Co,18099,03-03-2023
280,KR,Kroger Co,15341,03-03-2023
281,LHX,L3Harris Technologies Inc,4407,03-03-2023
282,LH,Laboratory Corp of America Holdings,2055,03-03-2023
283,LRCX,Lam Research Corp,3160,03-03-2023
284,LVS,Las Vegas Sands Corp,7674,03-03-2023
285,LDOS,Leidos Holdings Inc,3143,03-03-2023
286,LEN/B,Lennar Corp,338,03-03-2023
287,LEN,Lennar Corp,5807,03-03-2023
288,LBRDA,Liberty Broadband Corp,371,03-03-2023
289,LBRDK,Liberty Broadband Corp,2781,03-03-2023
290,LSXMA,Liberty Media Corp-Liberty SiriusXM,1759,03-03-2023
291,LSXMK,Liberty Media Corp-Liberty SiriusXM,3487,03-03-2023
292,LIN,Linde PLC,11346,03-03-2023
293,LYV,Live Nation Entertainment Inc,3595,03-03-2023
294,LKQ,LKQ Corp,6030,03-03-2023
295,LMT,Lockheed Martin Corp,6087,03-03-2023
296,L,Loews Corp,4606,03-03-2023
297,LOW,Lowes Cos Inc,13985,03-03-2023
298,LCID,Lucid Group Inc,11912,03-03-2023
299,LULU,Lululemon Athletica Inc,2836,03-03-2023
300,LUMN,Lumen Technologies Inc,23796,03-03-2023
301,LYB,LyondellBasell Industries NV,5984,03-03-2023
302,MTB,M&T Bank Corp,3949,03-03-2023
303,MPC,Marathon Petroleum Corp,10852,03-03-2023
304,MKL,Markel Corp,294,03-03-2023
305,MAR,Marriott International Inc,6464,03-03-2023
306,MMC,Marsh & McLennan Cos Inc,11492,03-03-2023
307,MLM,Martin Marietta Materials Inc,1434,03-03-2023
308,MRVL,Marvell Technology Inc,19740,03-03-2023
309,MAS,Masco Corp,5219,03-03-2023
310,MA,Mastercard Inc,19653,03-03-2023
311,MTCH,Match Group Inc,6461,03-03-2023
312,MKC,McCormick & Co Inc,5777,03-03-2023
313,MCD,McDonalds Corp,17018,03-03-2023
314,MCK,McKesson Corp,3218,03-03-2023
315,MDT,Medtronic PLC,30887,03-03-2023
316,MELI,MercadoLibre Inc,1118,03-03-2023
317,MRK,Merck & Co Inc,58684,03-03-2023
318,META,Meta Platforms Inc,52152,03-03-2023
319,MET,MetLife Inc,13577,03-03-2023
320,MTD,Mettler-Toledo International Inc,511,03-03-2023
321,MGM,MGM Resorts International,7127,03-03-2023
322,MCHP,Microchip Technology Inc,12526,03-03-2023
323,MU,Micron Technology Inc,25287,03-03-2023
324,MSFT,Microsoft Corp,170651,03-03-2023
325,MAA,Mid-America Apartment Communities Inc,2666,03-03-2023
326,MRNA,Moderna Inc,7767,03-03-2023
327,TAP,Molson Coors Beverage Co,4087,03-03-2023
328,MDLZ,Mondelez International Inc,31645,03-03-2023
329,MDB,MongoDB Inc,1550,03-03-2023
330,MNST,Monster Beverage Corp,8598,03-03-2023
331,MCO,Moodys Corp,3658,03-03-2023
332,MS,Morgan Stanley,30067,03-03-2023
333,MOS,Mosaic Co,7889,03-03-2023
334,MSI,Motorola Solutions Inc,3871,03-03-2023
335,MSCI,MSCI Inc,1801,03-03-2023
336,NDAQ,Nasdaq Inc,7913,03-03-2023
337,NTAP,NetApp Inc,4995,03-03-2023
338,NFLX,Netflix Inc,10183,03-03-2023
339,NEM,Newmont Corp,18423,03-03-2023
340,NEE,NextEra Energy Inc,46082,03-03-2023
341,NKE,NIKE Inc,28862,03-03-2023
342,NI,NiSource Inc,9399,03-03-2023
343,NSC,Norfolk Southern Corp,5376,03-03-2023
344,NTRS,Northern Trust Corp,4628,03-03-2023
345,NOC,Northrop Grumman Corp,3218,03-03-2023
346,NUE,Nucor Corp,5923,03-03-2023
347,NVDA,NVIDIA Corp,54801,03-03-2023
348,NVR,NVR Inc,69,03-03-2023
349,OXY,Occidental Petroleum Corp,21066,03-03-2023
350,OKTA,Okta Inc,3460,03-03-2023
351,ODFL,Old Dominion Freight Line Inc,2319,03-03-2023
352,OMC,Omnicom Group Inc,4687,03-03-2023
353,ON,ON Semiconductor Corp,9999,03-03-2023
354,OKE,ONEOK Inc,10321,03-03-2023
355,ORCL,Oracle Corp,35880,03-03-2023
356,ORLY,OReilly Automotive Inc,1440,03-03-2023
357,OTIS,Otis Worldwide Corp,9679,03-03-2023
358,PCAR,PACCAR Inc,11051,03-03-2023
359,PKG,Packaging Corp of America,2115,03-03-2023
360,PLTR,Palantir Technologies Inc,39903,03-03-2023
361,PANW,Palo Alto Networks Inc,6895,03-03-2023
362,PARAA,Paramount Global,212,03-03-2023
363,PARA,Paramount Global,13464,03-03-2023
364,PH,Parker-Hannifin Corp,2969,03-03-2023
365,PAYX,Paychex Inc,7484,03-03-2023
366,PAYC,Paycom Software Inc,1183,03-03-2023
367,PYPL,PayPal Holdings Inc,26425,03-03-2023
368,PEP,PepsiCo Inc,31968,03-03-2023
369,PFE,Pfizer Inc,130358,03-03-2023
370,PCG,PG&E Corp,40356,03-03-2023
371,PM,Philip Morris International Inc,35974,03-03-2023
372,PSX,Phillips 66,10952,03-03-2023
373,PINS,Pinterest Inc,13442,03-03-2023
374,PXD,Pioneer Natural Resources Co,5248,03-03-2023
375,PNC,PNC Financial Services Group Inc,9313,03-03-2023
376,PPG,PPG Industries Inc,5453,03-03-2023
377,PPL,PPL Corp,16623,03-03-2023
378,PFG,Principal Financial Group Inc,5651,03-03-2023
379,PG,Procter & Gamble Co,55021,03-03-2023
380,PGR,Progressive Corp,13559,03-03-2023
381,PLD,Prologis Inc,21397,03-03-2023
382,PRU,Prudential Financial Inc,8537,03-03-2023
383,PEG,Public Service Enterprise Group Inc,11575,03-03-2023
384,PSA,Public Storage,3537,03-03-2023
385,PHM,PulteGroup Inc,5261,03-03-2023
386,QRVO,Qorvo Inc,2340,03-03-2023
387,QCOM,QUALCOMM Inc,26014,03-03-2023
388,DGX,Quest Diagnostics Inc,2626,03-03-2023
389,RJF,Raymond James Financial Inc,4511,03-03-2023
390,RTX,Raytheon Technologies Corp,34146,03-03-2023
391,O,Realty Income Corp,14533,03-03-2023
392,REGN,Regeneron Pharmaceuticals Inc,2422,03-03-2023
393,RF,Regions Financial Corp,21606,03-03-2023
394,RSG,Republic Services Inc,4786,03-03-2023
395,RMD,ResMed Inc,3373,03-03-2023
396,RIVN,Rivian Automotive Inc,12023,03-03-2023
397,HOOD,Robinhood Markets Inc,14408,03-03-2023
398,RBLX,ROBLOX Corp,7974,03-03-2023
399,RKT,Rocket Cos Inc,2630,03-03-2023
400,ROK,Rockwell Automation Inc,2661,03-03-2023
401,ROKU,Roku Inc,2821,03-03-2023
402,ROL,Rollins Inc,5995,03-03-2023
403,ROP,Roper Technologies Inc,2453,03-03-2023
404,ROST,Ross Stores Inc,7846,03-03-2023
405,RCL,Royal Caribbean Cruises Ltd,5085,03-03-2023
406,RPRX,Royalty Pharma PLC,8672,03-03-2023
407,SPGI,S&P Global Inc,7559,03-03-2023
408,CRM,Salesforce Inc,22515,03-03-2023
409,SBAC,SBA Communications Corp,2484,03-03-2023
410,SLB,Schlumberger NV,32901,03-03-2023
411,STX,Seagate Technology Holdings PLC,4457,03-03-2023
412,SGEN,Seagen Inc,3187,03-03-2023
413,SRE,Sempra Energy,7303,03-03-2023
414,NOW,ServiceNow Inc,4693,03-03-2023
415,SHW,Sherwin-Williams Co,5520,03-03-2023
416,SPG,Simon Property Group Inc,7540,03-03-2023
417,SIRI,Sirius XM Holdings Inc,15629,03-03-2023
418,SWKS,Skyworks Solutions Inc,3708,03-03-2023
419,SNAP,Snap Inc,23232,03-03-2023
420,SNA,Snap-on Inc,1214,03-03-2023
421,SNOW,Snowflake Inc,6332,03-03-2023
422,SO,Southern Co,25049,03-03-2023
423,SCCO,Southern Copper Corp,1981,03-03-2023
424,LUV,Southwest Airlines Co,13745,03-03-2023
425,SPLK,Splunk Inc,3779,03-03-2023
426,SPOT,Spotify Technology SA,2764,03-03-2023
427,SSNC,SS&C Technologies Holdings Inc,5104,03-03-2023
428,SWK,Stanley Black & Decker Inc,3532,03-03-2023
429,SBUX,Starbucks Corp,26121,03-03-2023
430,STT,State Street Corp,8013,03-03-2023
431,STE,STERIS PLC,2313,03-03-2023
432,SYK,Stryker Corp,7731,03-03-2023
433,SIVB,SVB Financial Group,1359,03-03-2023
434,SYF,Synchrony Financial,10413,03-03-2023
435,SNPS,Synopsys Inc,3521,03-03-2023
436,SYY,Sysco Corp,11668,03-03-2023
437,TROW,T Rowe Price Group Inc,5097,03-03-2023
438,TMUS,T-Mobile US Inc,14412,03-03-2023
439,TTWO,Take-Two Interactive Software Inc,3840,03-03-2023
440,TGT,Target Corp,10669,03-03-2023
441,TEL,TE Connectivity Ltd,7358,03-03-2023
442,TFX,Teleflex Inc,1088,03-03-2023
443,TER,Teradyne Inc,3606,03-03-2023
444,TSLA,Tesla Inc,62439,03-03-2023
445,TXN,Texas Instruments Inc,21069,03-03-2023
446,TXT,Textron Inc,4826,03-03-2023
447,TMO,Thermo Fisher Scientific Inc,9102,03-03-2023
448,TJX,TJX Cos Inc,25031,03-03-2023
449,TSCO,Tractor Supply Co,2560,03-03-2023
450,TTD,Trade Desk Inc,10261,03-03-2023
451,TT,Trane Technologies PLC,5325,03-03-2023
452,TDG,TransDigm Group Inc,1207,03-03-2023
453,TRU,TransUnion,4460,03-03-2023
454,TRV,Travelers Cos Inc,5424,03-03-2023
455,TRMB,Trimble Inc,5703,03-03-2023
456,TFC,Truist Financial Corp,30640,03-03-2023
457,TWLO,Twilio Inc,4013,03-03-2023
458,TSN,Tyson Foods Inc,6585,03-03-2023
459,UBER,Uber Technologies Inc,44472,03-03-2023
460,UDR,UDR Inc,7522,03-03-2023
461,ULTA,Ulta Beauty Inc,1164,03-03-2023
462,UNP,Union Pacific Corp,14256,03-03-2023
463,UAL,United Airlines Holdings Inc,7571,03-03-2023
464,UPS,United Parcel Service Inc,16956,03-03-2023
465,URI,United Rentals Inc,1602,03-03-2023
466,UNH,UnitedHealth Group Inc,21644,03-03-2023
467,U,Unity Software Inc,7016,03-03-2023
468,USB,US Bancorp,31130,03-03-2023
469,MTN,Vail Resorts Inc,927,03-03-2023
470,VLO,Valero Energy Corp,8926,03-03-2023
471,VEEV,Veeva Systems Inc,3250,03-03-2023
472,VTR,Ventas Inc,9244,03-03-2023
473,VRSN,VeriSign Inc,2135,03-03-2023
474,VRSK,Verisk Analytics Inc,3600,03-03-2023
475,VZ,Verizon Communications Inc,97593,03-03-2023
476,VRTX,Vertex Pharmaceuticals Inc,5955,03-03-2023
477,VFC,VF Corp,8096,03-03-2023
478,VTRS,Viatris Inc,28109,03-03-2023
479,VICI,VICI Properties Inc,22347,03-03-2023
480,V,Visa Inc,37624,03-03-2023
481,VMW,VMware Inc,5273,03-03-2023
482,VMC,Vulcan Materials Co,3010,03-03-2023
483,WRB,W R Berkley Corp,4649,03-03-2023
484,WBA,Walgreens Boots Alliance Inc,16541,03-03-2023
485,WMT,Walmart Inc,32612,03-03-2023
486,DIS,Walt Disney Co,42366,03-03-2023
487,WBD,Warner Bros Discovery Inc,51368,03-03-2023
488,WMG,Warner Music Group Corp,2737,03-03-2023
489,WM,Waste Management Inc,9524,03-03-2023
490,WAT,Waters Corp,1376,03-03-2023
491,WEC,WEC Energy Group Inc,7321,03-03-2023
492,WFC,Wells Fargo & Co,88476,03-03-2023
493,WELL,Welltower Inc,10976,03-03-2023
494,WST,West Pharmaceutical Services Inc,1712,03-03-2023
495,WDC,Western Digital Corp,7326,03-03-2023
496,WAB,Westinghouse Air Brake Technologies Corp,4047,03-03-2023
497,WRK,WestRock Co,5835,03-03-2023
498,WY,Weyerhaeuser Co,17056,03-03-2023
499,WHR,Whirlpool Corp,1258,03-03-2023
500,WMB,Williams Cos Inc,28232,03-03-2023
501,WTW,Willis Towers Watson PLC,2495,03-03-2023
502,WDAY,Workday Inc,4639,03-03-2023
503,WPC,WP Carey Inc,4764,03-03-2023
504,GWW,WW Grainger Inc,1046,03-03-2023
505,XEL,Xcel Energy Inc,12693,03-03-2023
506,XYL,Xylem Inc,4173,03-03-2023
507,YUMC,Yum China Holdings Inc,9378,03-03-2023
508,YUM,Yum! Brands Inc,6542,03-03-2023
509,ZBRA,Zebra Technologies Corp,1193,03-03-2023
510,ZBH,Zimmer Biomet Holdings Inc,4872,03-03-2023
511,ZTS,Zoetis Inc,10825,03-03-2023
512,ZM,Zoom Video Communications Inc,4989,03-03-2023
513,ZI,ZoomInfo Technologies Inc,6800,03-03-2023
514,ZS,Zscaler Inc,1996,03-03-2023
515,USD,USD U.S. DOLLAR,0,03-03-2023
