,Ticker,Name,Shares,Date
0,MMM,3M Co,23025,03-11-2024
1,AOS,A O Smith Corp,5127,03-11-2024
2,ABT,Abbott Laboratories,72389,03-11-2024
3,ABBV,AbbVie Inc,73790,03-11-2024
4,ACN,Accenture PLC,26579,03-11-2024
5,ADBE,Adobe Inc,19023,03-11-2024
6,AMD,Advanced Micro Devices Inc,66865,03-11-2024
7,AFL,Aflac Inc,22459,03-11-2024
8,A,Agilent Technologies Inc,12298,03-11-2024
9,APD,Air Products and Chemicals Inc,9159,03-11-2024
10,ABNB,Airbnb Inc,17513,03-11-2024
11,AKAM,Akamai Technologies Inc,6221,03-11-2024
12,ALB,Albemarle Corp,4932,03-11-2024
13,ARE,Alexandria Real Estate Equities Inc,6517,03-11-2024
14,ALGN,Align Technology Inc,3009,03-11-2024
15,LNT,Alliant Energy Corp,10377,03-11-2024
16,ALL,Allstate Corp,10916,03-11-2024
17,ALNY,Alnylam Pharmaceuticals Inc,5140,03-11-2024
18,GOOGL,Alphabet Inc,248546,03-11-2024
19,GOOG,Alphabet Inc,207381,03-11-2024
20,MO,Altria Group Inc,74605,03-11-2024
21,AMZN,Amazon.com Inc,376876,03-11-2024
22,AMCR,Amcor PLC,60419,03-11-2024
23,DOX,Amdocs Ltd,4993,03-11-2024
24,AEE,Ameren Corp,10824,03-11-2024
25,AEP,American Electric Power Co Inc,21467,03-11-2024
26,AXP,American Express Co,24713,03-11-2024
27,AIG,American International Group Inc,29743,03-11-2024
28,AMT,American Tower Corp,19482,03-11-2024
29,AWK,American Water Works Co Inc,8138,03-11-2024
30,AMP,Ameriprise Financial Inc,4256,03-11-2024
31,AMGN,Amgen Inc,22244,03-11-2024
32,APH,Amphenol Corp,24624,03-11-2024
33,ADI,Analog Devices Inc,21085,03-11-2024
34,ANSS,ANSYS Inc,3603,03-11-2024
35,AON,Aon PLC,8392,03-11-2024
36,APO,Apollo Global Management Inc,16938,03-11-2024
37,AAPL,Apple Inc,620229,03-11-2024
38,AMAT,Applied Materials Inc,35026,03-11-2024
39,APTV,Aptiv PLC,11772,03-11-2024
40,ACGL,Arch Capital Group Ltd,14835,03-11-2024
41,ADM,Archer-Daniels-Midland Co,22355,03-11-2024
42,ARES,Ares Management Corp,7087,03-11-2024
43,ANET,Arista Networks Inc,9865,03-11-2024
44,ARM,ARM Holdings PLC,4001,03-11-2024
45,AJG,Arthur J Gallagher & Co,8841,03-11-2024
46,T,AT&T Inc,298982,03-11-2024
47,TEAM,Atlassian Corp,6307,03-11-2024
48,ATO,Atmos Energy Corp,6178,03-11-2024
49,ADSK,Autodesk Inc,8899,03-11-2024
50,ADP,Automatic Data Processing Inc,17311,03-11-2024
51,AZO,AutoZone Inc,717,03-11-2024
52,AVB,AvalonBay Communities Inc,5964,03-11-2024
53,AGR,Avangrid Inc,2998,03-11-2024
54,AVTR,Avantor Inc,27135,03-11-2024
55,BKR,Baker Hughes Co,42071,03-11-2024
56,BALL,Ball Corp,12874,03-11-2024
57,BAC,Bank of America Corp,289875,03-11-2024
58,BK,Bank of New York Mellon Corp,31480,03-11-2024
59,BAX,Baxter International Inc,21019,03-11-2024
60,BDX,Becton Dickinson & Co,12164,03-11-2024
61,BRK/B,Berkshire Hathaway Inc,54015,03-11-2024
62,BBY,Best Buy Co Inc,8144,03-11-2024
63,BIIB,Biogen Inc,6047,03-11-2024
64,BMRN,BioMarin Pharmaceutical Inc,7677,03-11-2024
65,BLK,BlackRock Inc,6192,03-11-2024
66,BX,Blackstone Inc,29355,03-11-2024
67,SQ,Block Inc,22902,03-11-2024
68,BA,Boeing Co,23282,03-11-2024
69,BKNG,Booking Holdings Inc,1459,03-11-2024
70,BSX,Boston Scientific Corp,61026,03-11-2024
71,BMY,Bristol-Myers Squibb Co,85168,03-11-2024
72,AVGO,Broadcom Inc,19215,03-11-2024
73,BR,Broadridge Financial Solutions Inc,4894,03-11-2024
74,BF/A,Brown-Forman Corp,2046,03-11-2024
75,BF/B,Brown-Forman Corp,12759,03-11-2024
76,CDNS,Cadence Design Systems Inc,11295,03-11-2024
77,CPB,Campbell Soup Co,8074,03-11-2024
78,COF,Capital One Financial Corp,15745,03-11-2024
79,CAH,Cardinal Health Inc,10446,03-11-2024
80,KMX,CarMax Inc,6603,03-11-2024
81,CCL,Carnival Corp,41375,03-11-2024
82,CARR,Carrier Global Corp,34732,03-11-2024
83,CAT,Caterpillar Inc,21506,03-11-2024
84,CBOE,Cboe Global Markets Inc,4432,03-11-2024
85,CBRE,CBRE Group Inc,12838,03-11-2024
86,CDW,CDW Corp,5637,03-11-2024
87,CE,Celanese Corp,4550,03-11-2024
88,COR,Cencora Inc,7069,03-11-2024
89,CNC,Centene Corp,22938,03-11-2024
90,CNP,CenterPoint Energy Inc,26193,03-11-2024
91,CHRW,CH Robinson Worldwide Inc,4708,03-11-2024
92,SCHW,Charles Schwab Corp,57795,03-11-2024
93,CHTR,Charter Communications Inc,4154,03-11-2024
94,LNG,Cheniere Energy Inc,10088,03-11-2024
95,CVX,Chevron Corp,71977,03-11-2024
96,CMG,Chipotle Mexican Grill Inc,1127,03-11-2024
97,CB,Chubb Ltd,17292,03-11-2024
98,CHD,Church & Dwight Co Inc,10190,03-11-2024
99,CI,Cigna Group,12301,03-11-2024
100,CINF,Cincinnati Financial Corp,6448,03-11-2024
101,CTAS,Cintas Corp,3613,03-11-2024
102,CSCO,Cisco Systems Inc,170473,03-11-2024
103,C,Citigroup Inc,79095,03-11-2024
104,CFG,Citizens Financial Group Inc,20068,03-11-2024
105,CLX,Clorox Co,5123,03-11-2024
106,NET,Cloudflare Inc,11722,03-11-2024
107,CME,CME Group Inc,14983,03-11-2024
108,CMS,CMS Energy Corp,12160,03-11-2024
109,KO,Coca-Cola Co,162746,03-11-2024
110,CTSH,Cognizant Technology Solutions Corp,21134,03-11-2024
111,COIN,Coinbase Global Inc,6531,03-11-2024
112,CL,Colgate-Palmolive Co,34723,03-11-2024
113,CMCSA,Comcast Corp,166569,03-11-2024
114,CAG,Conagra Brands Inc,19833,03-11-2024
115,COP,ConocoPhillips,50617,03-11-2024
116,ED,Consolidated Edison Inc,14421,03-11-2024
117,STZ,Constellation Brands Inc,6593,03-11-2024
118,CEG,Constellation Energy Corp,13528,03-11-2024
119,COO,Cooper Cos Inc,8196,03-11-2024
120,CPRT,Copart Inc,35363,03-11-2024
121,GLW,Corning Inc,31980,03-11-2024
122,CTVA,Corteva Inc,29692,03-11-2024
123,CSGP,CoStar Group Inc,16954,03-11-2024
124,COST,Costco Wholesale Corp,18498,03-11-2024
125,CTRA,Coterra Energy Inc,31191,03-11-2024
126,CPNG,Coupang Inc,45276,03-11-2024
127,CRH,CRH PLC,28872,03-11-2024
128,CRWD,Crowdstrike Holdings Inc,9135,03-11-2024
129,CCI,Crown Castle Inc,17962,03-11-2024
130,CSX,CSX Corp,83701,03-11-2024
131,CMI,Cummins Inc,5987,03-11-2024
132,CVS,CVS Health Corp,53531,03-11-2024
133,DHR,Danaher Corp,27593,03-11-2024
134,DRI,Darden Restaurants Inc,5061,03-11-2024
135,DDOG,Datadog Inc,11945,03-11-2024
136,DE,Deere & Co,10732,03-11-2024
137,DELL,Dell Technologies Inc,10293,03-11-2024
138,DAL,Delta Air Lines Inc,26638,03-11-2024
139,DVN,Devon Energy Corp,26650,03-11-2024
140,DXCM,Dexcom Inc,16208,03-11-2024
141,FANG,Diamondback Energy Inc,7129,03-11-2024
142,DLR,Digital Realty Trust Inc,12684,03-11-2024
143,DFS,Discover Financial Services,10393,03-11-2024
144,DG,Dollar General Corp,9133,03-11-2024
145,DLTR,Dollar Tree Inc,8680,03-11-2024
146,D,Dominion Energy Inc,34809,03-11-2024
147,DPZ,Dominos Pizza Inc,1482,03-11-2024
148,DASH,DoorDash Inc,12856,03-11-2024
149,DOV,Dover Corp,5736,03-11-2024
150,DOW,Dow Inc,29600,03-11-2024
151,DHI,DR Horton Inc,12816,03-11-2024
152,DTE,DTE Energy Co,8594,03-11-2024
153,DUK,Duke Energy Corp,32234,03-11-2024
154,DD,DuPont de Nemours Inc,17445,03-11-2024
155,ETN,Eaton Corp PLC,16559,03-11-2024
156,EBAY,eBay Inc,22347,03-11-2024
157,ECL,Ecolab Inc,10592,03-11-2024
158,EIX,Edison International,15914,03-11-2024
159,EW,Edwards Lifesciences Corp,25134,03-11-2024
160,EA,Electronic Arts Inc,11313,03-11-2024
161,ELV,Elevance Health Inc,9865,03-11-2024
162,LLY,Eli Lilly & Co,35376,03-11-2024
163,EMR,Emerson Electric Co,23798,03-11-2024
164,ENPH,Enphase Energy Inc,5553,03-11-2024
165,ETR,Entergy Corp,8752,03-11-2024
166,EOG,EOG Resources Inc,24442,03-11-2024
167,EPAM,EPAM Systems Inc,2383,03-11-2024
168,EFX,Equifax Inc,5105,03-11-2024
169,EQIX,Equinix Inc,3935,03-11-2024
170,EQR,Equity Residential,14306,03-11-2024
171,ESS,Essex Property Trust Inc,2628,03-11-2024
172,EL,Estee Lauder Cos Inc,8922,03-11-2024
173,EG,Everest Group Ltd,1414,03-11-2024
174,EVRG,Evergy Inc,9360,03-11-2024
175,ES,Eversource Energy,14442,03-11-2024
176,EXC,Exelon Corp,41544,03-11-2024
177,EXPE,Expedia Group Inc,5556,03-11-2024
178,EXPD,Expeditors International of Washington Inc,6154,03-11-2024
179,EXR,Extra Space Storage Inc,8737,03-11-2024
180,XOM,Exxon Mobil Corp,167670,03-11-2024
181,FICO,Fair Isaac Corp,1023,03-11-2024
182,FAST,Fastenal Co,23683,03-11-2024
183,FDX,FedEx Corp,9661,03-11-2024
184,FERG,Ferguson PLC,8113,03-11-2024
185,FNF,Fidelity National Financial Inc,10778,03-11-2024
186,FIS,Fidelity National Information Services Inc,24751,03-11-2024
187,FITB,Fifth Third Bancorp,28186,03-11-2024
188,FE,FirstEnergy Corp,22719,03-11-2024
189,FI,Fiserv Inc,25338,03-11-2024
190,FLT,FleetCor Technologies Inc,3011,03-11-2024
191,F,Ford Motor Co,164161,03-11-2024
192,FTNT,Fortinet Inc,28157,03-11-2024
193,FTV,Fortive Corp,14759,03-11-2024
194,FOX,Fox Corp,5513,03-11-2024
195,FOXA,Fox Corp,10393,03-11-2024
196,BEN,Franklin Resources Inc,11813,03-11-2024
197,FCX,Freeport-McMoRan Inc,59669,03-11-2024
198,GRMN,Garmin Ltd,6282,03-11-2024
199,IT,Gartner Inc,3180,03-11-2024
200,GEHC,GE HealthCare Technologies Inc,15158,03-11-2024
201,GEN,Gen Digital Inc,25702,03-11-2024
202,GD,General Dynamics Corp,9406,03-11-2024
203,GE,General Electric Co,45231,03-11-2024
204,GIS,General Mills Inc,24452,03-11-2024
205,GM,General Motors Co,57885,03-11-2024
206,GPC,Genuine Parts Co,5703,03-11-2024
207,GILD,Gilead Sciences Inc,52138,03-11-2024
208,GPN,Global Payments Inc,10844,03-11-2024
209,GFS,GLOBALFOUNDRIES Inc,3120,03-11-2024
210,GL,Globe Life Inc,3947,03-11-2024
211,GS,Goldman Sachs Group Inc,13848,03-11-2024
212,HAL,Halliburton Co,37493,03-11-2024
213,HIG,Hartford Financial Services Group Inc,12758,03-11-2024
214,HCA,HCA Healthcare Inc,8214,03-11-2024
215,DOC,Healthpeak Properties Inc,22663,03-11-2024
216,HSIC,Henry Schein Inc,5470,03-11-2024
217,HSY,Hershey Co,6125,03-11-2024
218,HES,Hess Corp,11622,03-11-2024
219,HPE,Hewlett Packard Enterprise Co,53797,03-11-2024
220,HLT,Hilton Worldwide Holdings Inc,10539,03-11-2024
221,HOLX,Hologic Inc,10221,03-11-2024
222,HD,Home Depot Inc,42012,03-11-2024
223,HON,Honeywell International Inc,27816,03-11-2024
224,HRL,Hormel Foods Corp,11979,03-11-2024
225,HST,Host Hotels & Resorts Inc,29321,03-11-2024
226,HPQ,HP Inc,40999,03-11-2024
227,HUBS,HubSpot Inc,1989,03-11-2024
228,HUM,Humana Inc,5202,03-11-2024
229,HBAN,Huntington Bancshares Inc,59850,03-11-2024
230,IDXX,IDEXX Laboratories Inc,3466,03-11-2024
231,ITW,Illinois Tool Works Inc,12707,03-11-2024
232,ILMN,Illumina Inc,6610,03-11-2024
233,INCY,Incyte Corp,7731,03-11-2024
234,IR,Ingersoll Rand Inc,16872,03-11-2024
235,INTC,Intel Corp,174466,03-11-2024
236,IBKR,Interactive Brokers Group Inc,4225,03-11-2024
237,ICE,Intercontinental Exchange Inc,23709,03-11-2024
238,IBM,International Business Machines Corp,37975,03-11-2024
239,IFF,International Flavors & Fragrances Inc,10671,03-11-2024
240,IP,International Paper Co,14403,03-11-2024
241,INTU,Intuit Inc,11377,03-11-2024
242,ISRG,Intuitive Surgical Inc,14537,03-11-2024
243,INVH,Invitation Homes Inc,23738,03-11-2024
244,IQV,IQVIA Holdings Inc,7602,03-11-2024
245,IRM,Iron Mountain Inc,11946,03-11-2024
246,SJM,J M Smucker Co,4120,03-11-2024
247,JBHT,JB Hunt Transport Services Inc,3460,03-11-2024
248,JNJ,Johnson & Johnson,100703,03-11-2024
249,JCI,Johnson Controls International plc,28343,03-11-2024
250,JPM,JPMorgan Chase & Co,121272,03-11-2024
251,ESM24,JUN 24 EMINI S&P 500,22,03-11-2024
252,K,Kellanova,10689,03-11-2024
253,KVUE,Kenvue Inc,72477,03-11-2024
254,KDP,Keurig Dr Pepper Inc,37766,03-11-2024
255,KEY,KeyCorp,38628,03-11-2024
256,KEYS,Keysight Technologies Inc,7467,03-11-2024
257,KMB,Kimberly-Clark Corp,14039,03-11-2024
258,KMI,Kinder Morgan Inc,81748,03-11-2024
259,KKR,KKR & Co Inc,28002,03-11-2024
260,KLAC,KLA Corp,5713,03-11-2024
261,KHC,Kraft Heinz Co,32786,03-11-2024
262,KR,Kroger Co,29544,03-11-2024
263,LHX,L3Harris Technologies Inc,7865,03-11-2024
264,LH,Laboratory Corp of America Holdings,3644,03-11-2024
265,LRCX,Lam Research Corp,5609,03-11-2024
266,LVS,Las Vegas Sands Corp,15315,03-11-2024
267,LDOS,Leidos Holdings Inc,5661,03-11-2024
268,LEN/B,Lennar Corp,453,03-11-2024
269,LEN,Lennar Corp,10303,03-11-2024
270,LBRDA,Liberty Broadband Corp,620,03-11-2024
271,LBRDK,Liberty Broadband Corp,4732,03-11-2024
272,LIN,Linde PLC,20449,03-11-2024
273,LYV,Live Nation Entertainment Inc,6134,03-11-2024
274,LKQ,LKQ Corp,10632,03-11-2024
275,LMT,Lockheed Martin Corp,10386,03-11-2024
276,L,Loews Corp,7678,03-11-2024
277,LOW,Lowes Cos Inc,24490,03-11-2024
278,LCID,Lucid Group Inc,34986,03-11-2024
279,LULU,Lululemon Athletica Inc,4620,03-11-2024
280,LYB,LyondellBasell Industries NV,10687,03-11-2024
281,MTB,M&T Bank Corp,6936,03-11-2024
282,MPC,Marathon Petroleum Corp,15885,03-11-2024
283,MKL,Markel Group Inc,545,03-11-2024
284,MAR,Marriott International Inc,10877,03-11-2024
285,MMC,Marsh & McLennan Cos Inc,20635,03-11-2024
286,MLM,Martin Marietta Materials Inc,2571,03-11-2024
287,MRVL,Marvell Technology Inc,35850,03-11-2024
288,MAS,Masco Corp,9308,03-11-2024
289,MA,Mastercard Inc,35045,03-11-2024
290,MTCH,Match Group Inc,11667,03-11-2024
291,MKC,McCormick & Co Inc,10378,03-11-2024
292,MCD,McDonalds Corp,30455,03-11-2024
293,MCK,McKesson Corp,5662,03-11-2024
294,MDT,Medtronic PLC,55616,03-11-2024
295,MELI,MercadoLibre Inc,1896,03-11-2024
296,MRK,Merck & Co Inc,106119,03-11-2024
297,META,Meta Platforms Inc,92121,03-11-2024
298,MET,MetLife Inc,26351,03-11-2024
299,MTD,Mettler-Toledo International Inc,927,03-11-2024
300,MGM,MGM Resorts International,11636,03-11-2024
301,MCHP,Microchip Technology Inc,22398,03-11-2024
302,MU,Micron Technology Inc,45642,03-11-2024
303,MSFT,Microsoft Corp,307027,03-11-2024
304,MAA,Mid-America Apartment Communities Inc,4749,03-11-2024
305,MBLY,Mobileye Global Inc,3535,03-11-2024
306,MRNA,Moderna Inc,13808,03-11-2024
307,TAP,Molson Coors Beverage Co,7226,03-11-2024
308,MDLZ,Mondelez International Inc,56840,03-11-2024
309,MDB,MongoDB Inc,2881,03-11-2024
310,MNST,Monster Beverage Corp,21074,03-11-2024
311,MCO,Moodys Corp,6620,03-11-2024
312,MS,Morgan Stanley,53930,03-11-2024
313,MOS,Mosaic Co,13842,03-11-2024
314,MSI,Motorola Solutions Inc,7019,03-11-2024
315,MSCI,MSCI Inc,3220,03-11-2024
316,NDAQ,Nasdaq Inc,14266,03-11-2024
317,NLOP,NET Lease Office Properties,575,03-11-2024
318,NTAP,NetApp Inc,8829,03-11-2024
319,NFLX,Netflix Inc,18122,03-11-2024
320,NEM,Newmont Corp,48217,03-11-2024
321,NEE,NextEra Energy Inc,84615,03-11-2024
322,NKE,NIKE Inc,50970,03-11-2024
323,NI,NiSource Inc,17069,03-11-2024
324,NSC,Norfolk Southern Corp,9549,03-11-2024
325,NTRS,Northern Trust Corp,8671,03-11-2024
326,NOC,Northrop Grumman Corp,6313,03-11-2024
327,NUE,Nucor Corp,10449,03-11-2024
328,NVDA,NVIDIA Corp,99321,03-11-2024
329,NVR,NVR Inc,124,03-11-2024
330,OXY,Occidental Petroleum Corp,29205,03-11-2024
331,OKTA,Okta Inc,6199,03-11-2024
332,ODFL,Old Dominion Freight Line Inc,4009,03-11-2024
333,OMC,Omnicom Group Inc,8195,03-11-2024
334,ON,ON Semiconductor Corp,17934,03-11-2024
335,OKE,ONEOK Inc,24272,03-11-2024
336,ORCL,Oracle Corp,65049,03-11-2024
337,ORLY,OReilly Automotive Inc,2523,03-11-2024
338,OTIS,Otis Worldwide Corp,17336,03-11-2024
339,PCAR,PACCAR Inc,21500,03-11-2024
340,PKG,Packaging Corp of America,3649,03-11-2024
341,PLTR,Palantir Technologies Inc,76267,03-11-2024
342,PANW,Palo Alto Networks Inc,13063,03-11-2024
343,PH,Parker-Hannifin Corp,5305,03-11-2024
344,PAYX,Paychex Inc,13375,03-11-2024
345,PAYC,Paycom Software Inc,2101,03-11-2024
346,PYPL,PayPal Holdings Inc,45851,03-11-2024
347,PEP,PepsiCo Inc,57574,03-11-2024
348,PFE,Pfizer Inc,236157,03-11-2024
349,PCG,PG&E Corp,102585,03-11-2024
350,PM,Philip Morris International Inc,64831,03-11-2024
351,PSX,Phillips 66,18577,03-11-2024
352,PINS,Pinterest Inc,24232,03-11-2024
353,PXD,Pioneer Natural Resources Co,9736,03-11-2024
354,PNC,PNC Financial Services Group Inc,16607,03-11-2024
355,PPG,PPG Industries Inc,9765,03-11-2024
356,PPL,PPL Corp,30721,03-11-2024
357,PFG,Principal Financial Group Inc,10166,03-11-2024
358,PG,Procter & Gamble Co,98522,03-11-2024
359,PGR,Progressive Corp,24456,03-11-2024
360,PLD,Prologis Inc,38543,03-11-2024
361,PRU,Prudential Financial Inc,15289,03-11-2024
362,PEG,Public Service Enterprise Group Inc,20695,03-11-2024
363,PSA,Public Storage,6607,03-11-2024
364,PHM,PulteGroup Inc,9133,03-11-2024
365,QCOM,QUALCOMM Inc,46575,03-11-2024
366,PWR,Quanta Services Inc,6005,03-11-2024
367,DGX,Quest Diagnostics Inc,4613,03-11-2024
368,RJF,Raymond James Financial Inc,7856,03-11-2024
369,O,Realty Income Corp,29658,03-11-2024
370,REGN,Regeneron Pharmaceuticals Inc,4290,03-11-2024
371,RF,Regions Financial Corp,38894,03-11-2024
372,RSG,Republic Services Inc,8651,03-11-2024
373,RMD,ResMed Inc,6085,03-11-2024
374,RIVN,Rivian Automotive Inc,27642,03-11-2024
375,RBLX,ROBLOX Corp,19448,03-11-2024
376,RKT,Rocket Cos Inc,4282,03-11-2024
377,ROK,Rockwell Automation Inc,4770,03-11-2024
378,ROL,Rollins Inc,13018,03-11-2024
379,ROP,Roper Technologies Inc,4475,03-11-2024
380,ROST,Ross Stores Inc,13925,03-11-2024
381,RCL,Royal Caribbean Cruises Ltd,9194,03-11-2024
382,RPRX,Royalty Pharma PLC,15447,03-11-2024
383,RTX,RTX Corp,61073,03-11-2024
384,SPGI,S&P Global Inc,13396,03-11-2024
385,CRM,Salesforce Inc,39374,03-11-2024
386,SBAC,SBA Communications Corp,4500,03-11-2024
387,SLB,Schlumberger NV,59525,03-11-2024
388,STX,Seagate Technology Holdings PLC,8084,03-11-2024
389,SRE,Sempra,26298,03-11-2024
390,NOW,ServiceNow Inc,8542,03-11-2024
391,SHW,Sherwin-Williams Co,9881,03-11-2024
392,SPG,Simon Property Group Inc,13512,03-11-2024
393,SIRI,Sirius XM Holdings Inc,26668,03-11-2024
394,SWKS,Skyworks Solutions Inc,6628,03-11-2024
395,SNAP,Snap Inc,42446,03-11-2024
396,SNA,Snap-on Inc,2127,03-11-2024
397,SNOW,Snowflake Inc,11422,03-11-2024
398,SO,Southern Co,45540,03-11-2024
399,SCCO,Southern Copper Corp,3566,03-11-2024
400,LUV,Southwest Airlines Co,24657,03-11-2024
401,SPLK,Splunk Inc,6339,03-11-2024
402,SPOT,Spotify Technology SA,5630,03-11-2024
403,SSNC,SS&C Technologies Holdings Inc,9159,03-11-2024
404,SWK,Stanley Black & Decker Inc,6247,03-11-2024
405,SBUX,Starbucks Corp,47061,03-11-2024
406,STT,State Street Corp,13295,03-11-2024
407,STE,STERIS PLC,4115,03-11-2024
408,SYK,Stryker Corp,13251,03-11-2024
409,SYF,Synchrony Financial,17397,03-11-2024
410,SNPS,Synopsys Inc,6301,03-11-2024
411,SYY,Sysco Corp,21086,03-11-2024
412,TROW,T Rowe Price Group Inc,9199,03-11-2024
413,TMUS,T-Mobile US Inc,19044,03-11-2024
414,TTWO,Take-Two Interactive Software Inc,7042,03-11-2024
415,TGT,Target Corp,19314,03-11-2024
416,TEL,TE Connectivity Ltd,13191,03-11-2024
417,TER,Teradyne Inc,6500,03-11-2024
418,TSLA,Tesla Inc,114954,03-11-2024
419,TXN,Texas Instruments Inc,37837,03-11-2024
420,TXT,Textron Inc,8156,03-11-2024
421,TMO,Thermo Fisher Scientific Inc,16084,03-11-2024
422,TJX,TJX Cos Inc,47917,03-11-2024
423,TSCO,Tractor Supply Co,4590,03-11-2024
424,TTD,Trade Desk Inc,18448,03-11-2024
425,TT,Trane Technologies PLC,9558,03-11-2024
426,TDG,TransDigm Group Inc,2143,03-11-2024
427,TRU,TransUnion,8091,03-11-2024
428,TRV,Travelers Cos Inc,9646,03-11-2024
429,TRMB,Trimble Inc,10251,03-11-2024
430,TFC,Truist Financial Corp,55558,03-11-2024
431,TWLO,Twilio Inc,7234,03-11-2024
432,TSN,Tyson Foods Inc,11740,03-11-2024
433,UBER,Uber Technologies Inc,81505,03-11-2024
434,UDR,UDR Inc,12741,03-11-2024
435,ULTA,Ulta Beauty Inc,2052,03-11-2024
436,UNP,Union Pacific Corp,25469,03-11-2024
437,UAL,United Airlines Holdings Inc,13498,03-11-2024
438,UPS,United Parcel Service Inc,30318,03-11-2024
439,URI,United Rentals Inc,2901,03-11-2024
440,UNH,UnitedHealth Group Inc,38836,03-11-2024
441,U,Unity Software Inc,10318,03-11-2024
442,USB,US Bancorp,61917,03-11-2024
443,VLO,Valero Energy Corp,14191,03-11-2024
444,VEEV,Veeva Systems Inc,6063,03-11-2024
445,VTR,Ventas Inc,16549,03-11-2024
446,VRSN,VeriSign Inc,3713,03-11-2024
447,VRSK,Verisk Analytics Inc,6058,03-11-2024
448,VZ,Verizon Communications Inc,175913,03-11-2024
449,VRTX,Vertex Pharmaceuticals Inc,10767,03-11-2024
450,VTRS,Viatris Inc,49738,03-11-2024
451,VICI,VICI Properties Inc,42370,03-11-2024
452,V,Visa Inc,66169,03-11-2024
453,VMC,Vulcan Materials Co,5565,03-11-2024
454,WRB,W R Berkley Corp,8327,03-11-2024
455,WBA,Walgreens Boots Alliance Inc,29688,03-11-2024
456,WMT,Walmart Inc,178224,03-11-2024
457,DIS,Walt Disney Co,76451,03-11-2024
458,WBD,Warner Bros Discovery Inc,92763,03-11-2024
459,WMG,Warner Music Group Corp,5159,03-11-2024
460,WM,Waste Management Inc,16952,03-11-2024
461,WAT,Waters Corp,2476,03-11-2024
462,WEC,WEC Energy Group Inc,13203,03-11-2024
463,WFC,Wells Fargo & Co,152090,03-11-2024
464,WELL,Welltower Inc,23164,03-11-2024
465,WST,West Pharmaceutical Services Inc,3072,03-11-2024
466,WDC,Western Digital Corp,13301,03-11-2024
467,WAB,Westinghouse Air Brake Technologies Corp,7368,03-11-2024
468,WY,Weyerhaeuser Co,30388,03-11-2024
469,WMB,Williams Cos Inc,50697,03-11-2024
470,WTW,Willis Towers Watson PLC,4457,03-11-2024
471,WDAY,Workday Inc,8578,03-11-2024
472,WPC,WP Carey Inc,8699,03-11-2024
473,GWW,WW Grainger Inc,1669,03-11-2024
474,XEL,Xcel Energy Inc,22948,03-11-2024
475,XYL,Xylem Inc,9887,03-11-2024
476,YUMC,Yum China Holdings Inc,16879,03-11-2024
477,YUM,Yum! Brands Inc,11694,03-11-2024
478,ZBRA,Zebra Technologies Corp,2099,03-11-2024
479,ZBH,Zimmer Biomet Holdings Inc,8733,03-11-2024
480,ZTS,Zoetis Inc,19351,03-11-2024
481,ZM,Zoom Video Communications Inc,10650,03-11-2024
482,ZS,Zscaler Inc,3604,03-11-2024
483,--,USD U.S. DOLLAR,0,03-11-2024
