,Ticker,Name,Shares,Date
0,MMM,3M Co,26528,06-13-2024
1,AOS,A O Smith Corp,5789,06-13-2024
2,ABT,Abbott Laboratories,83188,06-13-2024
3,ABBV,AbbVie Inc,84828,06-13-2024
4,ACN,Accenture PLC,30217,06-13-2024
5,ADBE,Adobe Inc,21862,06-13-2024
6,AMD,Advanced Micro Devices Inc,76864,06-13-2024
7,AFL,Aflac Inc,24968,06-13-2024
8,A,Agilent Technologies Inc,14170,06-13-2024
9,APD,Air Products and Chemicals Inc,10523,06-13-2024
10,ABNB,Airbnb Inc,20685,06-13-2024
11,AKAM,Akamai Technologies Inc,7160,06-13-2024
12,ALB,Albemarle Corp,5626,06-13-2024
13,ARE,Alexandria Real Estate Equities Inc,7479,06-13-2024
14,ALGN,Align Technology Inc,3443,06-13-2024
15,LNT,Alliant Energy Corp,12075,06-13-2024
16,ALL,Allstate Corp,12568,06-13-2024
17,ALNY,Alnylam Pharmaceuticals Inc,5958,06-13-2024
18,GOOGL,Alphabet Inc,285628,06-13-2024
19,GOOG,Alphabet Inc,235831,06-13-2024
20,MO,Altria Group Inc,85766,06-13-2024
21,AMZN,Amazon.com Inc,432658,06-13-2024
22,AMCR,Amcor PLC,69400,06-13-2024
23,DOX,Amdocs Ltd,5531,06-13-2024
24,AEE,Ameren Corp,12568,06-13-2024
25,AEP,American Electric Power Co Inc,25278,06-13-2024
26,AXP,American Express Co,27623,06-13-2024
27,AIG,American International Group Inc,32686,06-13-2024
28,AMT,American Tower Corp,22379,06-13-2024
29,AWK,American Water Works Co Inc,9347,06-13-2024
30,AMP,Ameriprise Financial Inc,4810,06-13-2024
31,AMGN,Amgen Inc,25604,06-13-2024
32,APH,Amphenol Corp,56764,06-13-2024
33,ADI,Analog Devices Inc,24233,06-13-2024
34,ANSS,ANSYS Inc,4154,06-13-2024
35,AON,Aon PLC,9425,06-13-2024
36,APO,Apollo Global Management Inc,19447,06-13-2024
37,AAPL,Apple Inc,712030,06-13-2024
38,AMAT,Applied Materials Inc,40280,06-13-2024
39,APTV,Aptiv PLC,13064,06-13-2024
40,ACGL,Arch Capital Group Ltd,17150,06-13-2024
41,ADM,Archer-Daniels-Midland Co,24370,06-13-2024
42,ARES,Ares Management Corp,8363,06-13-2024
43,ANET,Arista Networks Inc,11357,06-13-2024
44,ARM,ARM Holdings PLC,4593,06-13-2024
45,AJG,Arthur J Gallagher & Co,10180,06-13-2024
46,T,AT&T Inc,343571,06-13-2024
47,TEAM,Atlassian Corp,7437,06-13-2024
48,ATO,Atmos Energy Corp,7213,06-13-2024
49,ADSK,Autodesk Inc,10272,06-13-2024
50,ADP,Automatic Data Processing Inc,19862,06-13-2024
51,AZO,AutoZone Inc,823,06-13-2024
52,AVB,AvalonBay Communities Inc,6813,06-13-2024
53,AGR,Avangrid Inc,3405,06-13-2024
54,AVTR,Avantor Inc,31316,06-13-2024
55,BKR,Baker Hughes Co,48625,06-13-2024
56,BALL,Ball Corp,14889,06-13-2024
57,BAC,Bank of America Corp,333058,06-13-2024
58,BK,Bank of New York Mellon Corp,36191,06-13-2024
59,BAX,Baxter International Inc,24242,06-13-2024
60,BDX,Becton Dickinson & Co,13940,06-13-2024
61,BRK/B,Berkshire Hathaway Inc,62097,06-13-2024
62,BBY,Best Buy Co Inc,9347,06-13-2024
63,BIIB,Biogen Inc,6917,06-13-2024
64,BMRN,BioMarin Pharmaceutical Inc,8904,06-13-2024
65,BLK,BlackRock Inc,7121,06-13-2024
66,BX,Blackstone Inc,33759,06-13-2024
67,SQ,Block Inc,26469,06-13-2024
68,BA,Boeing Co,26801,06-13-2024
69,BKNG,Booking Holdings Inc,1633,06-13-2024
70,BSX,Boston Scientific Corp,70118,06-13-2024
71,BMY,Bristol-Myers Squibb Co,97776,06-13-2024
72,AVGO,Broadcom Inc,22068,06-13-2024
73,BR,Broadridge Financial Solutions Inc,5633,06-13-2024
74,BF/A,Brown-Forman Corp,2342,06-13-2024
75,BF/B,Brown-Forman Corp,14689,06-13-2024
76,CDNS,Cadence Design Systems Inc,12977,06-13-2024
77,CPB,Campbell Soup Co,9185,06-13-2024
78,COF,Capital One Financial Corp,18128,06-13-2024
79,CAH,Cardinal Health Inc,11690,06-13-2024
80,KMX,CarMax Inc,7585,06-13-2024
81,CCL,Carnival Corp,47859,06-13-2024
82,CARR,Carrier Global Corp,38279,06-13-2024
83,CAT,Caterpillar Inc,24451,06-13-2024
84,CBOE,Cboe Global Markets Inc,5055,06-13-2024
85,CBRE,CBRE Group Inc,14871,06-13-2024
86,CDW,CDW Corp,6465,06-13-2024
87,CE,Celanese Corp,5332,06-13-2024
88,COR,Cencora Inc,8091,06-13-2024
89,CNC,Centene Corp,25621,06-13-2024
90,CNP,CenterPoint Energy Inc,30318,06-13-2024
91,SCHW,Charles Schwab Corp,66357,06-13-2024
92,CHTR,Charter Communications Inc,4619,06-13-2024
93,LNG,Cheniere Energy Inc,11154,06-13-2024
94,CVX,Chevron Corp,82632,06-13-2024
95,CMG,Chipotle Mexican Grill Inc,1314,06-13-2024
96,CB,Chubb Ltd,19435,06-13-2024
97,CHD,Church & Dwight Co Inc,11725,06-13-2024
98,CI,Cigna Group,14137,06-13-2024
99,CINF,Cincinnati Financial Corp,7433,06-13-2024
100,CTAS,Cintas Corp,4154,06-13-2024
101,CSCO,Cisco Systems Inc,195918,06-13-2024
102,C,Citigroup Inc,90899,06-13-2024
103,CFG,Citizens Financial Group Inc,22315,06-13-2024
104,CLX,Clorox Co,5938,06-13-2024
105,NET,Cloudflare Inc,13738,06-13-2024
106,CME,CME Group Inc,17234,06-13-2024
107,CMS,CMS Energy Corp,14278,06-13-2024
108,KO,Coca-Cola Co,187019,06-13-2024
109,CTSH,Cognizant Technology Solutions Corp,24375,06-13-2024
110,COIN,Coinbase Global Inc,8225,06-13-2024
111,CL,Colgate-Palmolive Co,39860,06-13-2024
112,CMCSA,Comcast Corp,191227,06-13-2024
113,CAG,Conagra Brands Inc,22827,06-13-2024
114,COP,ConocoPhillips,56516,06-13-2024
115,ED,Consolidated Edison Inc,16579,06-13-2024
116,STZ,Constellation Brands Inc,7559,06-13-2024
117,CEG,Constellation Energy Corp,15205,06-13-2024
118,COO,Cooper Cos Inc,9498,06-13-2024
119,CPRT,Copart Inc,40748,06-13-2024
120,GLW,Corning Inc,36936,06-13-2024
121,CPAY,Corpay Inc,3351,06-13-2024
122,CTVA,Corteva Inc,33723,06-13-2024
123,CSGP,CoStar Group Inc,19482,06-13-2024
124,COST,Costco Wholesale Corp,21257,06-13-2024
125,CTRA,Coterra Energy Inc,35815,06-13-2024
126,CPNG,Coupang Inc,52492,06-13-2024
127,CRH,CRH PLC,33262,06-13-2024
128,CRWD,Crowdstrike Holdings Inc,10635,06-13-2024
129,CCI,Crown Castle Inc,20749,06-13-2024
130,CSX,CSX Corp,93924,06-13-2024
131,CMI,Cummins Inc,6555,06-13-2024
132,CVS,CVS Health Corp,61557,06-13-2024
133,DHR,Danaher Corp,31679,06-13-2024
134,DRI,Darden Restaurants Inc,5794,06-13-2024
135,DDOG,Datadog Inc,12551,06-13-2024
136,DE,Deere & Co,12320,06-13-2024
137,DELL,Dell Technologies Inc,14254,06-13-2024
138,DAL,Delta Air Lines Inc,30804,06-13-2024
139,DVN,Devon Energy Corp,30612,06-13-2024
140,DXCM,Dexcom Inc,18569,06-13-2024
141,FANG,Diamondback Energy Inc,8180,06-13-2024
142,DLR,Digital Realty Trust Inc,14990,06-13-2024
143,DFS,Discover Financial Services,11966,06-13-2024
144,DG,Dollar General Corp,10484,06-13-2024
145,DLTR,Dollar Tree Inc,9981,06-13-2024
146,D,Dominion Energy Inc,40163,06-13-2024
147,DPZ,Dominos Pizza Inc,1691,06-13-2024
148,DASH,DoorDash Inc,14757,06-13-2024
149,DOV,Dover Corp,6689,06-13-2024
150,DOW,Dow Inc,33976,06-13-2024
151,DHI,DR Horton Inc,14407,06-13-2024
152,DKNG,DraftKings Inc,22276,06-13-2024
153,DTE,DTE Energy Co,9852,06-13-2024
154,DUK,Duke Energy Corp,37016,06-13-2024
155,DD,DuPont de Nemours Inc,18180,06-13-2024
156,ETN,Eaton Corp PLC,19065,06-13-2024
157,EBAY,eBay Inc,24850,06-13-2024
158,ECL,Ecolab Inc,12132,06-13-2024
159,EIX,Edison International,18397,06-13-2024
160,EW,Edwards Lifesciences Corp,28903,06-13-2024
161,EA,Electronic Arts Inc,13004,06-13-2024
162,ELV,Elevance Health Inc,11357,06-13-2024
163,LLY,Eli Lilly & Co,40637,06-13-2024
164,EMR,Emerson Electric Co,27392,06-13-2024
165,ENPH,Enphase Energy Inc,6367,06-13-2024
166,ETR,Entergy Corp,10126,06-13-2024
167,EOG,EOG Resources Inc,28050,06-13-2024
168,EPAM,EPAM Systems Inc,2702,06-13-2024
169,EFX,Equifax Inc,5845,06-13-2024
170,EQIX,Equinix Inc,4488,06-13-2024
171,EQR,Equity Residential,16422,06-13-2024
172,ESS,Essex Property Trust Inc,3060,06-13-2024
173,EL,Estee Lauder Cos Inc,10295,06-13-2024
174,EG,Everest Group Ltd,1599,06-13-2024
175,EVRG,Evergy Inc,10902,06-13-2024
176,ES,Eversource Energy,16736,06-13-2024
177,EXC,Exelon Corp,47725,06-13-2024
178,EXPE,Expedia Group Inc,6379,06-13-2024
179,EXPD,Expeditors International of Washington Inc,6875,06-13-2024
180,EXR,Extra Space Storage Inc,10041,06-13-2024
181,XOM,Exxon Mobil Corp,218447,06-13-2024
182,FICO,Fair Isaac Corp,1176,06-13-2024
183,FAST,Fastenal Co,27414,06-13-2024
184,FDX,FedEx Corp,10873,06-13-2024
185,FERG,Ferguson PLC,9302,06-13-2024
186,FNF,Fidelity National Financial Inc,12444,06-13-2024
187,FIS,Fidelity National Information Services Inc,27645,06-13-2024
188,FITB,Fifth Third Bancorp,32628,06-13-2024
189,FE,FirstEnergy Corp,26142,06-13-2024
190,FI,Fiserv Inc,28232,06-13-2024
191,F,Ford Motor Co,188625,06-13-2024
192,FTNT,Fortinet Inc,29467,06-13-2024
193,FTV,Fortive Corp,16872,06-13-2024
194,FOX,Fox Corp,6222,06-13-2024
195,FOXA,Fox Corp,11399,06-13-2024
196,BEN,Franklin Resources Inc,15167,06-13-2024
197,FCX,Freeport-McMoRan Inc,68604,06-13-2024
198,GRMN,Garmin Ltd,7327,06-13-2024
199,IT,Gartner Inc,3674,06-13-2024
200,GEHC,GE HealthCare Technologies Inc,17516,06-13-2024
201,GEN,Gen Digital Inc,29780,06-13-2024
202,GD,General Dynamics Corp,10853,06-13-2024
203,GE,General Electric Co,52385,06-13-2024
204,GIS,General Mills Inc,27273,06-13-2024
205,GM,General Motors Co,55344,06-13-2024
206,GPC,Genuine Parts Co,6610,06-13-2024
207,GILD,Gilead Sciences Inc,59884,06-13-2024
208,GPN,Global Payments Inc,12325,06-13-2024
209,GFS,GLOBALFOUNDRIES Inc,3647,06-13-2024
210,GS,Goldman Sachs Group Inc,15585,06-13-2024
211,HAL,Halliburton Co,43223,06-13-2024
212,HIG,Hartford Financial Services Group Inc,14232,06-13-2024
213,HCA,HCA Healthcare Inc,9429,06-13-2024
214,DOC,Healthpeak Properties Inc,33919,06-13-2024
215,HSY,Hershey Co,7065,06-13-2024
216,HES,Hess Corp,13316,06-13-2024
217,HPE,Hewlett Packard Enterprise Co,61870,06-13-2024
218,HLT,Hilton Worldwide Holdings Inc,12102,06-13-2024
219,HOLX,Hologic Inc,11201,06-13-2024
220,HD,Home Depot Inc,48255,06-13-2024
221,HON,Honeywell International Inc,31330,06-13-2024
222,HRL,Hormel Foods Corp,13888,06-13-2024
223,HST,Host Hotels & Resorts Inc,33799,06-13-2024
224,HPQ,HP Inc,47340,06-13-2024
225,HUBS,HubSpot Inc,2332,06-13-2024
226,HUM,Humana Inc,5795,06-13-2024
227,HBAN,Huntington Bancshares Inc,69083,06-13-2024
228,IDXX,IDEXX Laboratories Inc,3957,06-13-2024
229,ITW,Illinois Tool Works Inc,14575,06-13-2024
230,ILMN,Illumina Inc,7593,06-13-2024
231,INCY,Incyte Corp,8954,06-13-2024
232,IR,Ingersoll Rand Inc,19416,06-13-2024
233,INTC,Intel Corp,200474,06-13-2024
234,IBKR,Interactive Brokers Group Inc,4878,06-13-2024
235,ICE,Intercontinental Exchange Inc,27213,06-13-2024
236,IBM,International Business Machines Corp,43629,06-13-2024
237,IFF,International Flavors & Fragrances Inc,12249,06-13-2024
238,IP,International Paper Co,16512,06-13-2024
239,INTU,Intuit Inc,13089,06-13-2024
240,ISRG,Intuitive Surgical Inc,16748,06-13-2024
241,INVH,Invitation Homes Inc,27493,06-13-2024
242,IQV,IQVIA Holdings Inc,8563,06-13-2024
243,IRM,Iron Mountain Inc,13905,06-13-2024
244,SJM,J M Smucker Co,4950,06-13-2024
245,JBHT,JB Hunt Transport Services Inc,3950,06-13-2024
246,JNJ,Johnson & Johnson,115735,06-13-2024
247,JCI,Johnson Controls International plc,32757,06-13-2024
248,JPM,JPMorgan Chase & Co,139391,06-13-2024
249,ESM24,JUN 24 EMINI S&P 500,4,06-13-2024
250,K,Kellanova,12441,06-13-2024
251,KVUE,Kenvue Inc,83309,06-13-2024
252,KDP,Keurig Dr Pepper Inc,43480,06-13-2024
253,KEY,KeyCorp,44817,06-13-2024
254,KEYS,Keysight Technologies Inc,8365,06-13-2024
255,KMB,Kimberly-Clark Corp,16179,06-13-2024
256,KMI,Kinder Morgan Inc,94168,06-13-2024
257,KKR,KKR & Co Inc,32152,06-13-2024
258,KLAC,KLA Corp,6583,06-13-2024
259,KHC,Kraft Heinz Co,37883,06-13-2024
260,KR,Kroger Co,34082,06-13-2024
261,LHX,L3Harris Technologies Inc,9082,06-13-2024
262,LH,Labcorp Holdings Inc,4073,06-13-2024
263,LRCX,Lam Research Corp,6292,06-13-2024
264,LVS,Las Vegas Sands Corp,17582,06-13-2024
265,LDOS,Leidos Holdings Inc,6558,06-13-2024
266,LEN/B,Lennar Corp,361,06-13-2024
267,LEN,Lennar Corp,11611,06-13-2024
268,LIN,Linde PLC,23500,06-13-2024
269,LYV,Live Nation Entertainment Inc,7022,06-13-2024
270,LKQ,LKQ Corp,12186,06-13-2024
271,LMT,Lockheed Martin Corp,11561,06-13-2024
272,L,Loews Corp,8818,06-13-2024
273,LOW,Lowes Cos Inc,27497,06-13-2024
274,LULU,Lululemon Athletica Inc,5331,06-13-2024
275,LYB,LyondellBasell Industries NV,12241,06-13-2024
276,MTB,M&T Bank Corp,7945,06-13-2024
277,MPC,Marathon Petroleum Corp,17357,06-13-2024
278,MKL,Markel Group Inc,633,06-13-2024
279,MAR,Marriott International Inc,12126,06-13-2024
280,MMC,Marsh & McLennan Cos Inc,23736,06-13-2024
281,MLM,Martin Marietta Materials Inc,2965,06-13-2024
282,MRVL,Marvell Technology Inc,41174,06-13-2024
283,MAS,Masco Corp,10435,06-13-2024
284,MA,Mastercard Inc,40305,06-13-2024
285,MKC,McCormick & Co Inc,12076,06-13-2024
286,MCD,McDonalds Corp,35048,06-13-2024
287,MCK,McKesson Corp,6312,06-13-2024
288,MDT,Medtronic PLC,63949,06-13-2024
289,MELI,MercadoLibre Inc,2162,06-13-2024
290,MRK,Merck & Co Inc,121934,06-13-2024
291,META,Meta Platforms Inc,105866,06-13-2024
292,MET,MetLife Inc,29091,06-13-2024
293,MTD,Mettler-Toledo International Inc,1016,06-13-2024
294,MGM,MGM Resorts International,11829,06-13-2024
295,MCHP,Microchip Technology Inc,25701,06-13-2024
296,MU,Micron Technology Inc,52433,06-13-2024
297,MSFT,Microsoft Corp,352475,06-13-2024
298,MAA,Mid-America Apartment Communities Inc,5581,06-13-2024
299,MBLY,Mobileye Global Inc,4282,06-13-2024
300,MRNA,Moderna Inc,15926,06-13-2024
301,TAP,Molson Coors Beverage Co,8386,06-13-2024
302,MDLZ,Mondelez International Inc,65281,06-13-2024
303,MDB,MongoDB Inc,3352,06-13-2024
304,MNST,Monster Beverage Corp,24243,06-13-2024
305,MCO,Moodys Corp,7619,06-13-2024
306,MS,Morgan Stanley,60863,06-13-2024
307,MSI,Motorola Solutions Inc,8039,06-13-2024
308,MSCI,MSCI Inc,3728,06-13-2024
309,NDAQ,Nasdaq Inc,16405,06-13-2024
310,NTAP,NetApp Inc,9873,06-13-2024
311,NFLX,Netflix Inc,20306,06-13-2024
312,NEM,Newmont Corp,55348,06-13-2024
313,NEE,NextEra Energy Inc,97216,06-13-2024
314,NKE,NIKE Inc,58609,06-13-2024
315,NI,NiSource Inc,21467,06-13-2024
316,NSC,Norfolk Southern Corp,10848,06-13-2024
317,NTRS,Northern Trust Corp,9817,06-13-2024
318,NOC,Northrop Grumman Corp,7112,06-13-2024
319,NUE,Nucor Corp,11549,06-13-2024
320,NVDA,NVIDIA Corp,1140190,06-13-2024
321,NVR,NVR Inc,140,06-13-2024
322,OXY,Occidental Petroleum Corp,33544,06-13-2024
323,OKTA,Okta Inc,7659,06-13-2024
324,ODFL,Old Dominion Freight Line Inc,9174,06-13-2024
325,OMC,Omnicom Group Inc,9412,06-13-2024
326,ON,ON Semiconductor Corp,20683,06-13-2024
327,OKE,ONEOK Inc,27929,06-13-2024
328,ORCL,Oracle Corp,74711,06-13-2024
329,ORLY,OReilly Automotive Inc,2832,06-13-2024
330,OTIS,Otis Worldwide Corp,19864,06-13-2024
331,PCAR,PACCAR Inc,24789,06-13-2024
332,PKG,Packaging Corp of America,4263,06-13-2024
333,PLTR,Palantir Technologies Inc,94707,06-13-2024
334,PANW,Palo Alto Networks Inc,15372,06-13-2024
335,PH,Parker-Hannifin Corp,6129,06-13-2024
336,PAYX,Paychex Inc,15464,06-13-2024
337,PYPL,PayPal Holdings Inc,52730,06-13-2024
338,PEP,PepsiCo Inc,66179,06-13-2024
339,PFE,Pfizer Inc,271389,06-13-2024
340,PCG,PG&E Corp,97890,06-13-2024
341,PM,Philip Morris International Inc,74535,06-13-2024
342,PSX,Phillips 66,20530,06-13-2024
343,PINS,Pinterest Inc,28516,06-13-2024
344,PNC,PNC Financial Services Group Inc,19136,06-13-2024
345,PPG,PPG Industries Inc,11297,06-13-2024
346,PPL,PPL Corp,35434,06-13-2024
347,PFG,Principal Financial Group Inc,11318,06-13-2024
348,PG,Procter & Gamble Co,113204,06-13-2024
349,PGR,Progressive Corp,28063,06-13-2024
350,PLD,Prologis Inc,44305,06-13-2024
351,PRU,Prudential Financial Inc,17530,06-13-2024
352,PEG,Public Service Enterprise Group Inc,23974,06-13-2024
353,PSA,Public Storage,7597,06-13-2024
354,PHM,PulteGroup Inc,10127,06-13-2024
355,QCOM,QUALCOMM Inc,53486,06-13-2024
356,PWR,Quanta Services Inc,6903,06-13-2024
357,DGX,Quest Diagnostics Inc,5353,06-13-2024
358,RJF,Raymond James Financial Inc,9063,06-13-2024
359,O,Realty Income Corp,41339,06-13-2024
360,REGN,Regeneron Pharmaceuticals Inc,4965,06-13-2024
361,RF,Regions Financial Corp,44093,06-13-2024
362,RSG,Republic Services Inc,9918,06-13-2024
363,RMD,ResMed Inc,6973,06-13-2024
364,RBLX,ROBLOX Corp,23046,06-13-2024
365,RKT,Rocket Cos Inc,6237,06-13-2024
366,ROK,Rockwell Automation Inc,5510,06-13-2024
367,ROL,Rollins Inc,14262,06-13-2024
368,ROP,Roper Technologies Inc,5113,06-13-2024
369,ROST,Ross Stores Inc,16052,06-13-2024
370,RCL,Royal Caribbean Cruises Ltd,10600,06-13-2024
371,RPRX,Royalty Pharma PLC,18052,06-13-2024
372,RTX,RTX Corp,63777,06-13-2024
373,SPGI,S&P Global Inc,15089,06-13-2024
374,CRM,Salesforce Inc,45211,06-13-2024
375,SBAC,SBA Communications Corp,5147,06-13-2024
376,SLB,Schlumberger NV,68401,06-13-2024
377,STX,Seagate Technology Holdings PLC,9268,06-13-2024
378,SRE,Sempra,30252,06-13-2024
379,NOW,ServiceNow Inc,9778,06-13-2024
380,SHW,Sherwin-Williams Co,11378,06-13-2024
381,SPG,Simon Property Group Inc,15571,06-13-2024
382,SIRI,Sirius XM Holdings Inc,30523,06-13-2024
383,SWKS,Skyworks Solutions Inc,7632,06-13-2024
384,SNAP,Snap Inc,49733,06-13-2024
385,SNA,Snap-on Inc,2499,06-13-2024
386,SNOW,Snowflake Inc,15174,06-13-2024
387,SO,Southern Co,52296,06-13-2024
388,SCCO,Southern Copper Corp,4140,06-13-2024
389,LUV,Southwest Airlines Co,28526,06-13-2024
390,SPOT,Spotify Technology SA,6591,06-13-2024
391,SSNC,SS&C Technologies Holdings Inc,10455,06-13-2024
392,SWK,Stanley Black & Decker Inc,7279,06-13-2024
393,SBUX,Starbucks Corp,54039,06-13-2024
394,STT,State Street Corp,14467,06-13-2024
395,STE,STERIS PLC,4729,06-13-2024
396,SYK,Stryker Corp,15205,06-13-2024
397,SMCI,Super Micro Computer Inc,2400,06-13-2024
398,SYF,Synchrony Financial,19451,06-13-2024
399,SNPS,Synopsys Inc,7268,06-13-2024
400,SYY,Sysco Corp,24335,06-13-2024
401,TROW,T Rowe Price Group Inc,10602,06-13-2024
402,TMUS,T-Mobile US Inc,24817,06-13-2024
403,TTWO,Take-Two Interactive Software Inc,8063,06-13-2024
404,TGT,Target Corp,22154,06-13-2024
405,TEL,TE Connectivity Ltd,14818,06-13-2024
406,TER,Teradyne Inc,7434,06-13-2024
407,TSLA,Tesla Inc,132084,06-13-2024
408,TXN,Texas Instruments Inc,43445,06-13-2024
409,TXT,Textron Inc,9114,06-13-2024
410,TMO,Thermo Fisher Scientific Inc,18526,06-13-2024
411,TJX,TJX Cos Inc,55207,06-13-2024
412,TSCO,Tractor Supply Co,5256,06-13-2024
413,TTD,Trade Desk Inc,21254,06-13-2024
414,TT,Trane Technologies PLC,10945,06-13-2024
415,TDG,TransDigm Group Inc,2480,06-13-2024
416,TRU,TransUnion,9275,06-13-2024
417,TRV,Travelers Cos Inc,11061,06-13-2024
418,TRMB,Trimble Inc,11864,06-13-2024
419,TFC,Truist Financial Corp,63870,06-13-2024
420,TSN,Tyson Foods Inc,13510,06-13-2024
421,UBER,Uber Technologies Inc,96143,06-13-2024
422,ULTA,Ulta Beauty Inc,2335,06-13-2024
423,UNP,Union Pacific Corp,29270,06-13-2024
424,UAL,United Airlines Holdings Inc,15702,06-13-2024
425,UPS,United Parcel Service Inc,34840,06-13-2024
426,URI,United Rentals Inc,3225,06-13-2024
427,UNH,UnitedHealth Group Inc,44587,06-13-2024
428,USB,US Bancorp,71094,06-13-2024
429,VLO,Valero Energy Corp,15905,06-13-2024
430,VEEV,Veeva Systems Inc,7071,06-13-2024
431,VTR,Ventas Inc,19286,06-13-2024
432,VRSN,VeriSign Inc,4187,06-13-2024
433,VRSK,Verisk Analytics Inc,6933,06-13-2024
434,VZ,Verizon Communications Inc,202097,06-13-2024
435,VRTX,Vertex Pharmaceuticals Inc,12368,06-13-2024
436,VTRS,Viatris Inc,57501,06-13-2024
437,VICI,VICI Properties Inc,49642,06-13-2024
438,V,Visa Inc,75962,06-13-2024
439,VMC,Vulcan Materials Co,6375,06-13-2024
440,WRB,W R Berkley Corp,9731,06-13-2024
441,WBA,Walgreens Boots Alliance Inc,34237,06-13-2024
442,WMT,Walmart Inc,204704,06-13-2024
443,DIS,Walt Disney Co,87846,06-13-2024
444,WBD,Warner Bros Discovery Inc,107352,06-13-2024
445,WMG,Warner Music Group Corp,5976,06-13-2024
446,WM,Waste Management Inc,19522,06-13-2024
447,WAT,Waters Corp,2826,06-13-2024
448,WEC,WEC Energy Group Inc,15148,06-13-2024
449,WFC,Wells Fargo & Co,171884,06-13-2024
450,WELL,Welltower Inc,28403,06-13-2024
451,WST,West Pharmaceutical Services Inc,3548,06-13-2024
452,WDC,Western Digital Corp,15356,06-13-2024
453,WAB,Westinghouse Air Brake Technologies Corp,8558,06-13-2024
454,WY,Weyerhaeuser Co,35141,06-13-2024
455,WMB,Williams Cos Inc,58472,06-13-2024
456,WTW,Willis Towers Watson PLC,4961,06-13-2024
457,WDAY,Workday Inc,9966,06-13-2024
458,GWW,WW Grainger Inc,1905,06-13-2024
459,XEL,Xcel Energy Inc,26448,06-13-2024
460,XYL,Xylem Inc,11419,06-13-2024
461,YUMC,Yum China Holdings Inc,18301,06-13-2024
462,YUM,Yum! Brands Inc,13457,06-13-2024
463,ZBRA,Zebra Technologies Corp,2456,06-13-2024
464,ZBH,Zimmer Biomet Holdings Inc,10029,06-13-2024
465,ZTS,Zoetis Inc,22208,06-13-2024
466,ZM,Zoom Video Communications Inc,12204,06-13-2024
467,ZS,Zscaler Inc,4227,06-13-2024
468,--,USD U.S. DOLLAR,0,06-13-2024
