,Ticker,Name,Shares,Date
0,MMM,3M Co,23115,02-27-2024
1,AOS,A O Smith Corp,5147,02-27-2024
2,ABT,Abbott Laboratories,72671,02-27-2024
3,ABBV,AbbVie Inc,74078,02-27-2024
4,ACN,Accenture PLC,26683,02-27-2024
5,ADBE,Adobe Inc,19097,02-27-2024
6,AMD,Advanced Micro Devices Inc,67125,02-27-2024
7,AFL,Aflac Inc,22547,02-27-2024
8,A,Agilent Technologies Inc,12346,02-27-2024
9,APD,Air Products and Chemicals Inc,9195,02-27-2024
10,ABNB,Airbnb Inc,17581,02-27-2024
11,AKAM,Akamai Technologies Inc,6245,02-27-2024
12,ALB,Albemarle Corp,4952,02-27-2024
13,ARE,Alexandria Real Estate Equities Inc,6543,02-27-2024
14,ALGN,Align Technology Inc,3021,02-27-2024
15,LNT,Alliant Energy Corp,10417,02-27-2024
16,ALL,Allstate Corp,10958,02-27-2024
17,ALNY,Alnylam Pharmaceuticals Inc,5160,02-27-2024
18,GOOGL,Alphabet Inc,249516,02-27-2024
19,GOOG,Alphabet Inc,208189,02-27-2024
20,MO,Altria Group Inc,74897,02-27-2024
21,AMZN,Amazon.com Inc,378346,02-27-2024
22,AMCR,Amcor PLC,60655,02-27-2024
23,DOX,Amdocs Ltd,5013,02-27-2024
24,AEE,Ameren Corp,10866,02-27-2024
25,AEP,American Electric Power Co Inc,21551,02-27-2024
26,AXP,American Express Co,24809,02-27-2024
27,AIG,American International Group Inc,29859,02-27-2024
28,AMT,American Tower Corp,19558,02-27-2024
29,AWK,American Water Works Co Inc,8170,02-27-2024
30,AMP,Ameriprise Financial Inc,4272,02-27-2024
31,AMGN,Amgen Inc,22330,02-27-2024
32,APH,Amphenol Corp,24720,02-27-2024
33,ADI,Analog Devices Inc,21167,02-27-2024
34,ANSS,ANSYS Inc,3617,02-27-2024
35,AON,Aon PLC,8424,02-27-2024
36,APO,Apollo Global Management Inc,17004,02-27-2024
37,AAPL,Apple Inc,622647,02-27-2024
38,AMAT,Applied Materials Inc,35162,02-27-2024
39,APTV,Aptiv PLC,11818,02-27-2024
40,ACGL,Arch Capital Group Ltd,14893,02-27-2024
41,ADM,Archer-Daniels-Midland Co,22443,02-27-2024
42,ARES,Ares Management Corp,7115,02-27-2024
43,ANET,Arista Networks Inc,9903,02-27-2024
44,ARM,ARM Holdings PLC,4017,02-27-2024
45,AJG,Arthur J Gallagher & Co,8875,02-27-2024
46,T,AT&T Inc,300148,02-27-2024
47,TEAM,Atlassian Corp,6331,02-27-2024
48,ATO,Atmos Energy Corp,6202,02-27-2024
49,ADSK,Autodesk Inc,8933,02-27-2024
50,ADP,Automatic Data Processing Inc,17379,02-27-2024
51,AZO,AutoZone Inc,719,02-27-2024
52,AVB,AvalonBay Communities Inc,5988,02-27-2024
53,AGR,Avangrid Inc,3010,02-27-2024
54,AVTR,Avantor Inc,27241,02-27-2024
55,BKR,Baker Hughes Co,42235,02-27-2024
56,BALL,Ball Corp,12924,02-27-2024
57,BAC,Bank of America Corp,291005,02-27-2024
58,BK,Bank of New York Mellon Corp,31610,02-27-2024
59,BAX,Baxter International Inc,21101,02-27-2024
60,BDX,Becton Dickinson & Co,12212,02-27-2024
61,BRK/B,Berkshire Hathaway Inc,54225,02-27-2024
62,BBY,Best Buy Co Inc,8176,02-27-2024
63,BIIB,Biogen Inc,6071,02-27-2024
64,BMRN,BioMarin Pharmaceutical Inc,7707,02-27-2024
65,BLK,BlackRock Inc,6216,02-27-2024
66,BX,Blackstone Inc,29469,02-27-2024
67,SQ,Block Inc,22992,02-27-2024
68,BA,Boeing Co,23374,02-27-2024
69,BKNG,Booking Holdings Inc,1465,02-27-2024
70,BSX,Boston Scientific Corp,61264,02-27-2024
71,BMY,Bristol-Myers Squibb Co,85500,02-27-2024
72,AVGO,Broadcom Inc,19291,02-27-2024
73,BR,Broadridge Financial Solutions Inc,4914,02-27-2024
74,BF/A,Brown-Forman Corp,2054,02-27-2024
75,BF/B,Brown-Forman Corp,12809,02-27-2024
76,CDNS,Cadence Design Systems Inc,11339,02-27-2024
77,CPB,Campbell Soup Co,8106,02-27-2024
78,COF,Capital One Financial Corp,15807,02-27-2024
79,CAH,Cardinal Health Inc,10486,02-27-2024
80,KMX,CarMax Inc,6629,02-27-2024
81,CCL,Carnival Corp,41537,02-27-2024
82,CARR,Carrier Global Corp,34868,02-27-2024
83,CAT,Caterpillar Inc,21590,02-27-2024
84,CBOE,Cboe Global Markets Inc,4450,02-27-2024
85,CBRE,CBRE Group Inc,12888,02-27-2024
86,CDW,CDW Corp,5659,02-27-2024
87,CE,Celanese Corp,4568,02-27-2024
88,COR,Cencora Inc,7097,02-27-2024
89,CNC,Centene Corp,23028,02-27-2024
90,CNP,CenterPoint Energy Inc,26295,02-27-2024
91,CHRW,CH Robinson Worldwide Inc,4726,02-27-2024
92,SCHW,Charles Schwab Corp,58021,02-27-2024
93,CHTR,Charter Communications Inc,4170,02-27-2024
94,LNG,Cheniere Energy Inc,10128,02-27-2024
95,CVX,Chevron Corp,72257,02-27-2024
96,CMG,Chipotle Mexican Grill Inc,1131,02-27-2024
97,CB,Chubb Ltd,17360,02-27-2024
98,CHD,Church & Dwight Co Inc,10230,02-27-2024
99,CI,Cigna Group,12349,02-27-2024
100,CINF,Cincinnati Financial Corp,6474,02-27-2024
101,CTAS,Cintas Corp,3627,02-27-2024
102,CSCO,Cisco Systems Inc,171145,02-27-2024
103,C,Citigroup Inc,79403,02-27-2024
104,CFG,Citizens Financial Group Inc,20146,02-27-2024
105,CLX,Clorox Co,5143,02-27-2024
106,NET,Cloudflare Inc,11768,02-27-2024
107,CME,CME Group Inc,15041,02-27-2024
108,CMS,CMS Energy Corp,12208,02-27-2024
109,KO,Coca-Cola Co,163380,02-27-2024
110,CTSH,Cognizant Technology Solutions Corp,21216,02-27-2024
111,COIN,Coinbase Global Inc,6557,02-27-2024
112,CL,Colgate-Palmolive Co,34859,02-27-2024
113,CMCSA,Comcast Corp,167219,02-27-2024
114,CAG,Conagra Brands Inc,19911,02-27-2024
115,COP,ConocoPhillips,50815,02-27-2024
116,ED,Consolidated Edison Inc,14477,02-27-2024
117,STZ,Constellation Brands Inc,6619,02-27-2024
118,CEG,Constellation Energy Corp,13580,02-27-2024
119,COO,Cooper Cos Inc,8228,02-27-2024
120,CPRT,Copart Inc,35501,02-27-2024
121,GLW,Corning Inc,32104,02-27-2024
122,CTVA,Corteva Inc,29808,02-27-2024
123,CSGP,CoStar Group Inc,17020,02-27-2024
124,COST,Costco Wholesale Corp,18570,02-27-2024
125,CTRA,Coterra Energy Inc,31313,02-27-2024
126,CPNG,Coupang Inc,45452,02-27-2024
127,CRH,CRH PLC,28984,02-27-2024
128,CRWD,Crowdstrike Holdings Inc,9171,02-27-2024
129,CCI,Crown Castle Inc,18032,02-27-2024
130,CSX,CSX Corp,84027,02-27-2024
131,CMI,Cummins Inc,5987,02-27-2024
132,CVS,CVS Health Corp,53747,02-27-2024
133,DHR,Danaher Corp,27701,02-27-2024
134,DRI,Darden Restaurants Inc,5081,02-27-2024
135,DDOG,Datadog Inc,11991,02-27-2024
136,DE,Deere & Co,10774,02-27-2024
137,DELL,Dell Technologies Inc,10333,02-27-2024
138,DAL,Delta Air Lines Inc,26742,02-27-2024
139,DVN,Devon Energy Corp,26754,02-27-2024
140,DXCM,Dexcom Inc,16272,02-27-2024
141,FANG,Diamondback Energy Inc,7157,02-27-2024
142,DLR,Digital Realty Trust Inc,12734,02-27-2024
143,DFS,Discover Financial Services,10433,02-27-2024
144,DG,Dollar General Corp,9169,02-27-2024
145,DLTR,Dollar Tree Inc,8714,02-27-2024
146,D,Dominion Energy Inc,34945,02-27-2024
147,DPZ,Dominos Pizza Inc,1488,02-27-2024
148,DASH,DoorDash Inc,12906,02-27-2024
149,DOV,Dover Corp,5758,02-27-2024
150,DOW,Dow Inc,29716,02-27-2024
151,DHI,DR Horton Inc,12866,02-27-2024
152,DTE,DTE Energy Co,8628,02-27-2024
153,DUK,Duke Energy Corp,32360,02-27-2024
154,DD,DuPont de Nemours Inc,17513,02-27-2024
155,ETN,Eaton Corp PLC,16623,02-27-2024
156,EBAY,eBay Inc,22435,02-27-2024
157,ECL,Ecolab Inc,10634,02-27-2024
158,EIX,Edison International,15976,02-27-2024
159,EW,Edwards Lifesciences Corp,25232,02-27-2024
160,EA,Electronic Arts Inc,11357,02-27-2024
161,ELV,Elevance Health Inc,9903,02-27-2024
162,LLY,Eli Lilly & Co,35514,02-27-2024
163,EMR,Emerson Electric Co,23892,02-27-2024
164,ENPH,Enphase Energy Inc,5575,02-27-2024
165,ETR,Entergy Corp,8786,02-27-2024
166,EOG,EOG Resources Inc,24538,02-27-2024
167,EPAM,EPAM Systems Inc,2393,02-27-2024
168,EFX,Equifax Inc,5125,02-27-2024
169,EQIX,Equinix Inc,3951,02-27-2024
170,EQR,Equity Residential,14362,02-27-2024
171,ESS,Essex Property Trust Inc,2638,02-27-2024
172,EL,Estee Lauder Cos Inc,8958,02-27-2024
173,EG,Everest Group Ltd,1420,02-27-2024
174,EVRG,Evergy Inc,9396,02-27-2024
175,ES,Eversource Energy,14498,02-27-2024
176,EXC,Exelon Corp,41706,02-27-2024
177,EXPE,Expedia Group Inc,5578,02-27-2024
178,EXPD,Expeditors International of Washington Inc,6178,02-27-2024
179,EXR,Extra Space Storage Inc,8771,02-27-2024
180,XOM,Exxon Mobil Corp,168324,02-27-2024
181,FICO,Fair Isaac Corp,1027,02-27-2024
182,FAST,Fastenal Co,23775,02-27-2024
183,FDX,FedEx Corp,9699,02-27-2024
184,FERG,Ferguson PLC,8145,02-27-2024
185,FNF,Fidelity National Financial Inc,10820,02-27-2024
186,FIS,Fidelity National Information Services Inc,24847,02-27-2024
187,FITB,Fifth Third Bancorp,28296,02-27-2024
188,FE,FirstEnergy Corp,22807,02-27-2024
189,FI,Fiserv Inc,25438,02-27-2024
190,FLT,FleetCor Technologies Inc,3023,02-27-2024
191,F,Ford Motor Co,164801,02-27-2024
192,FTNT,Fortinet Inc,28267,02-27-2024
193,FTV,Fortive Corp,14817,02-27-2024
194,FOX,Fox Corp,5535,02-27-2024
195,FOXA,Fox Corp,10433,02-27-2024
196,BEN,Franklin Resources Inc,11859,02-27-2024
197,FCX,Freeport-McMoRan Inc,59909,02-27-2024
198,GRMN,Garmin Ltd,6306,02-27-2024
199,IT,Gartner Inc,3192,02-27-2024
200,GEHC,GE HealthCare Technologies Inc,15218,02-27-2024
201,GEN,Gen Digital Inc,25802,02-27-2024
202,GD,General Dynamics Corp,9442,02-27-2024
203,GE,General Electric Co,45407,02-27-2024
204,GIS,General Mills Inc,24548,02-27-2024
205,GM,General Motors Co,58111,02-27-2024
206,GPC,Genuine Parts Co,5725,02-27-2024
207,GILD,Gilead Sciences Inc,52342,02-27-2024
208,GPN,Global Payments Inc,10886,02-27-2024
209,GFS,GLOBALFOUNDRIES Inc,3132,02-27-2024
210,GL,Globe Life Inc,3963,02-27-2024
211,GS,Goldman Sachs Group Inc,13902,02-27-2024
212,HAL,Halliburton Co,37639,02-27-2024
213,HIG,Hartford Financial Services Group Inc,12808,02-27-2024
214,HCA,HCA Healthcare Inc,8246,02-27-2024
215,PEAK,Healthpeak Properties Inc,22751,02-27-2024
216,HSIC,Henry Schein Inc,5492,02-27-2024
217,HSY,Hershey Co,6149,02-27-2024
218,HES,Hess Corp,11668,02-27-2024
219,HPE,Hewlett Packard Enterprise Co,54007,02-27-2024
220,HLT,Hilton Worldwide Holdings Inc,10581,02-27-2024
221,HOLX,Hologic Inc,10261,02-27-2024
222,HD,Home Depot Inc,42176,02-27-2024
223,HON,Honeywell International Inc,27924,02-27-2024
224,HRL,Hormel Foods Corp,12025,02-27-2024
225,HST,Host Hotels & Resorts Inc,29435,02-27-2024
226,HPQ,HP Inc,41159,02-27-2024
227,HUBS,HubSpot Inc,1997,02-27-2024
228,HUM,Humana Inc,5222,02-27-2024
229,HBAN,Huntington Bancshares Inc,60084,02-27-2024
230,IDXX,IDEXX Laboratories Inc,3480,02-27-2024
231,ITW,Illinois Tool Works Inc,12757,02-27-2024
232,ILMN,Illumina Inc,6636,02-27-2024
233,INCY,Incyte Corp,7761,02-27-2024
234,IR,Ingersoll Rand Inc,16938,02-27-2024
235,INTC,Intel Corp,175146,02-27-2024
236,IBKR,Interactive Brokers Group Inc,4241,02-27-2024
237,ICE,Intercontinental Exchange Inc,23801,02-27-2024
238,IBM,International Business Machines Corp,38123,02-27-2024
239,IFF,International Flavors & Fragrances Inc,10713,02-27-2024
240,IP,International Paper Co,14459,02-27-2024
241,INTU,Intuit Inc,11421,02-27-2024
242,ISRG,Intuitive Surgical Inc,14593,02-27-2024
243,INVH,Invitation Homes Inc,23830,02-27-2024
244,IQV,IQVIA Holdings Inc,7632,02-27-2024
245,IRM,Iron Mountain Inc,11992,02-27-2024
246,SJM,J M Smucker Co,4136,02-27-2024
247,JBHT,JB Hunt Transport Services Inc,3474,02-27-2024
248,JNJ,Johnson & Johnson,101095,02-27-2024
249,JCI,Johnson Controls International plc,28453,02-27-2024
250,JPM,JPMorgan Chase & Co,121746,02-27-2024
251,K,Kellanova,10731,02-27-2024
252,KVUE,Kenvue Inc,72759,02-27-2024
253,KDP,Keurig Dr Pepper Inc,37914,02-27-2024
254,KEY,KeyCorp,38778,02-27-2024
255,KEYS,Keysight Technologies Inc,7497,02-27-2024
256,KMB,Kimberly-Clark Corp,14093,02-27-2024
257,KMI,Kinder Morgan Inc,82069,02-27-2024
258,KKR,KKR & Co Inc,28112,02-27-2024
259,KLAC,KLA Corp,5735,02-27-2024
260,KHC,Kraft Heinz Co,32914,02-27-2024
261,KR,Kroger Co,29660,02-27-2024
262,LHX,L3Harris Technologies Inc,7895,02-27-2024
263,LH,Laboratory Corp of America Holdings,3658,02-27-2024
264,LRCX,Lam Research Corp,5631,02-27-2024
265,LVS,Las Vegas Sands Corp,15375,02-27-2024
266,LDOS,Leidos Holdings Inc,5683,02-27-2024
267,LEN/B,Lennar Corp,455,02-27-2024
268,LEN,Lennar Corp,10343,02-27-2024
269,LBRDA,Liberty Broadband Corp,622,02-27-2024
270,LBRDK,Liberty Broadband Corp,4750,02-27-2024
271,LIN,Linde PLC,20529,02-27-2024
272,LYV,Live Nation Entertainment Inc,6158,02-27-2024
273,LKQ,LKQ Corp,10674,02-27-2024
274,LMT,Lockheed Martin Corp,10426,02-27-2024
275,L,Loews Corp,7708,02-27-2024
276,LOW,Lowes Cos Inc,24586,02-27-2024
277,LCID,Lucid Group Inc,35123,02-27-2024
278,LULU,Lululemon Athletica Inc,4638,02-27-2024
279,LYB,LyondellBasell Industries NV,10729,02-27-2024
280,MTB,M&T Bank Corp,6964,02-27-2024
281,ESH24,MAR 24 EMINI S&P 500,12,02-27-2024
282,MPC,Marathon Petroleum Corp,15947,02-27-2024
283,MKL,Markel Group Inc,547,02-27-2024
284,MAR,Marriott International Inc,10919,02-27-2024
285,MMC,Marsh & McLennan Cos Inc,20715,02-27-2024
286,MLM,Martin Marietta Materials Inc,2581,02-27-2024
287,MRVL,Marvell Technology Inc,35990,02-27-2024
288,MAS,Masco Corp,9344,02-27-2024
289,MA,Mastercard Inc,35181,02-27-2024
290,MTCH,Match Group Inc,11713,02-27-2024
291,MKC,McCormick & Co Inc,10418,02-27-2024
292,MCD,McDonalds Corp,30581,02-27-2024
293,MCK,McKesson Corp,5684,02-27-2024
294,MDT,Medtronic PLC,55834,02-27-2024
295,MELI,MercadoLibre Inc,1904,02-27-2024
296,MRK,Merck & Co Inc,106533,02-27-2024
297,META,Meta Platforms Inc,92481,02-27-2024
298,MET,MetLife Inc,26461,02-27-2024
299,MTD,Mettler-Toledo International Inc,931,02-27-2024
300,MGM,MGM Resorts International,11682,02-27-2024
301,MCHP,Microchip Technology Inc,22486,02-27-2024
302,MU,Micron Technology Inc,45820,02-27-2024
303,MSFT,Microsoft Corp,308225,02-27-2024
304,MAA,Mid-America Apartment Communities Inc,4767,02-27-2024
305,MBLY,Mobileye Global Inc,3549,02-27-2024
306,MRNA,Moderna Inc,13862,02-27-2024
307,TAP,Molson Coors Beverage Co,7254,02-27-2024
308,MDLZ,Mondelez International Inc,57062,02-27-2024
309,MDB,MongoDB Inc,2893,02-27-2024
310,MNST,Monster Beverage Corp,21156,02-27-2024
311,MCO,Moodys Corp,6646,02-27-2024
312,MS,Morgan Stanley,54140,02-27-2024
313,MOS,Mosaic Co,13896,02-27-2024
314,MSI,Motorola Solutions Inc,7047,02-27-2024
315,MSCI,MSCI Inc,3232,02-27-2024
316,NDAQ,Nasdaq Inc,14322,02-27-2024
317,NLOP,NET Lease Office Properties,577,02-27-2024
318,NTAP,NetApp Inc,8863,02-27-2024
319,NFLX,Netflix Inc,18192,02-27-2024
320,NEM,Newmont Corp,48405,02-27-2024
321,NEE,NextEra Energy Inc,84945,02-27-2024
322,NKE,NIKE Inc,51171,02-27-2024
323,NI,NiSource Inc,17135,02-27-2024
324,NSC,Norfolk Southern Corp,9587,02-27-2024
325,NTRS,Northern Trust Corp,8705,02-27-2024
326,NOC,Northrop Grumman Corp,6337,02-27-2024
327,NUE,Nucor Corp,10489,02-27-2024
328,NVDA,NVIDIA Corp,99709,02-27-2024
329,NVR,NVR Inc,124,02-27-2024
330,OXY,Occidental Petroleum Corp,29319,02-27-2024
331,OKTA,Okta Inc,6223,02-27-2024
332,ODFL,Old Dominion Freight Line Inc,4025,02-27-2024
333,OMC,Omnicom Group Inc,8227,02-27-2024
334,ON,ON Semiconductor Corp,18004,02-27-2024
335,OKE,ONEOK Inc,24366,02-27-2024
336,ORCL,Oracle Corp,65303,02-27-2024
337,ORLY,OReilly Automotive Inc,2533,02-27-2024
338,OTIS,Otis Worldwide Corp,17404,02-27-2024
339,PCAR,PACCAR Inc,21584,02-27-2024
340,PKG,Packaging Corp of America,3663,02-27-2024
341,PLTR,Palantir Technologies Inc,76565,02-27-2024
342,PANW,Palo Alto Networks Inc,13115,02-27-2024
343,PH,Parker-Hannifin Corp,5325,02-27-2024
344,PAYX,Paychex Inc,13427,02-27-2024
345,PAYC,Paycom Software Inc,2109,02-27-2024
346,PYPL,PayPal Holdings Inc,46032,02-27-2024
347,PEP,PepsiCo Inc,57798,02-27-2024
348,PFE,Pfizer Inc,237080,02-27-2024
349,PCG,PG&E Corp,102985,02-27-2024
350,PM,Philip Morris International Inc,65086,02-27-2024
351,PSX,Phillips 66,18649,02-27-2024
352,PINS,Pinterest Inc,24326,02-27-2024
353,PXD,Pioneer Natural Resources Co,9774,02-27-2024
354,PNC,PNC Financial Services Group Inc,16676,02-27-2024
355,PPG,PPG Industries Inc,9803,02-27-2024
356,PPL,PPL Corp,30841,02-27-2024
357,PFG,Principal Financial Group Inc,10206,02-27-2024
358,PG,Procter & Gamble Co,98906,02-27-2024
359,PGR,Progressive Corp,24552,02-27-2024
360,PLD,Prologis Inc,38693,02-27-2024
361,PRU,Prudential Financial Inc,15349,02-27-2024
362,PEG,Public Service Enterprise Group Inc,20775,02-27-2024
363,PSA,Public Storage,6633,02-27-2024
364,PHM,PulteGroup Inc,9169,02-27-2024
365,QCOM,QUALCOMM Inc,46757,02-27-2024
366,PWR,Quanta Services Inc,6029,02-27-2024
367,DGX,Quest Diagnostics Inc,4631,02-27-2024
368,RJF,Raymond James Financial Inc,7886,02-27-2024
369,O,Realty Income Corp,29774,02-27-2024
370,REGN,Regeneron Pharmaceuticals Inc,4306,02-27-2024
371,RF,Regions Financial Corp,39046,02-27-2024
372,RSG,Republic Services Inc,8685,02-27-2024
373,RMD,ResMed Inc,6109,02-27-2024
374,RIVN,Rivian Automotive Inc,27750,02-27-2024
375,RBLX,ROBLOX Corp,19524,02-27-2024
376,RKT,Rocket Cos Inc,4298,02-27-2024
377,ROK,Rockwell Automation Inc,4788,02-27-2024
378,ROL,Rollins Inc,13067,02-27-2024
379,ROP,Roper Technologies Inc,4493,02-27-2024
380,ROST,Ross Stores Inc,13979,02-27-2024
381,RCL,Royal Caribbean Cruises Ltd,9230,02-27-2024
382,RPRX,Royalty Pharma PLC,15507,02-27-2024
383,RTX,RTX Corp,61311,02-27-2024
384,SPGI,S&P Global Inc,13448,02-27-2024
385,CRM,Salesforce Inc,39528,02-27-2024
386,SBAC,SBA Communications Corp,4518,02-27-2024
387,SLB,Schlumberger NV,59757,02-27-2024
388,STX,Seagate Technology Holdings PLC,8116,02-27-2024
389,SRE,Sempra,26400,02-27-2024
390,NOW,ServiceNow Inc,8576,02-27-2024
391,SHW,Sherwin-Williams Co,9919,02-27-2024
392,SPG,Simon Property Group Inc,13564,02-27-2024
393,SIRI,Sirius XM Holdings Inc,26772,02-27-2024
394,SWKS,Skyworks Solutions Inc,6654,02-27-2024
395,SNAP,Snap Inc,42612,02-27-2024
396,SNA,Snap-on Inc,2135,02-27-2024
397,SNOW,Snowflake Inc,11466,02-27-2024
398,SO,Southern Co,45718,02-27-2024
399,SCCO,Southern Copper Corp,3580,02-27-2024
400,LUV,Southwest Airlines Co,24753,02-27-2024
401,SPLK,Splunk Inc,6363,02-27-2024
402,SPOT,Spotify Technology SA,5652,02-27-2024
403,SSNC,SS&C Technologies Holdings Inc,9195,02-27-2024
404,SWK,Stanley Black & Decker Inc,6271,02-27-2024
405,SBUX,Starbucks Corp,47245,02-27-2024
406,STT,State Street Corp,13347,02-27-2024
407,STE,STERIS PLC,4131,02-27-2024
408,SYK,Stryker Corp,13303,02-27-2024
409,SYF,Synchrony Financial,17465,02-27-2024
410,SNPS,Synopsys Inc,6325,02-27-2024
411,SYY,Sysco Corp,21168,02-27-2024
412,TROW,T Rowe Price Group Inc,9235,02-27-2024
413,TMUS,T-Mobile US Inc,19118,02-27-2024
414,TTWO,Take-Two Interactive Software Inc,7070,02-27-2024
415,TGT,Target Corp,19390,02-27-2024
416,TEL,TE Connectivity Ltd,13243,02-27-2024
417,TER,Teradyne Inc,6526,02-27-2024
418,TSLA,Tesla Inc,115402,02-27-2024
419,TXN,Texas Instruments Inc,37985,02-27-2024
420,TXT,Textron Inc,8188,02-27-2024
421,TMO,Thermo Fisher Scientific Inc,16146,02-27-2024
422,TJX,TJX Cos Inc,48105,02-27-2024
423,TSCO,Tractor Supply Co,4608,02-27-2024
424,TTD,Trade Desk Inc,18520,02-27-2024
425,TT,Trane Technologies PLC,9596,02-27-2024
426,TDG,TransDigm Group Inc,2151,02-27-2024
427,TRU,TransUnion,8123,02-27-2024
428,TRV,Travelers Cos Inc,9684,02-27-2024
429,TRMB,Trimble Inc,10291,02-27-2024
430,TFC,Truist Financial Corp,55774,02-27-2024
431,TWLO,Twilio Inc,7262,02-27-2024
432,TSN,Tyson Foods Inc,11786,02-27-2024
433,UBER,Uber Technologies Inc,81823,02-27-2024
434,UDR,UDR Inc,12791,02-27-2024
435,ULTA,Ulta Beauty Inc,2060,02-27-2024
436,UNP,Union Pacific Corp,25569,02-27-2024
437,UAL,United Airlines Holdings Inc,13550,02-27-2024
438,UPS,United Parcel Service Inc,30436,02-27-2024
439,URI,United Rentals Inc,2913,02-27-2024
440,UNH,UnitedHealth Group Inc,38988,02-27-2024
441,U,Unity Software Inc,10358,02-27-2024
442,USB,US Bancorp,62159,02-27-2024
443,VLO,Valero Energy Corp,14247,02-27-2024
444,VEEV,Veeva Systems Inc,6087,02-27-2024
445,VTR,Ventas Inc,16613,02-27-2024
446,VRSN,VeriSign Inc,3727,02-27-2024
447,VRSK,Verisk Analytics Inc,6082,02-27-2024
448,VZ,Verizon Communications Inc,176599,02-27-2024
449,VRTX,Vertex Pharmaceuticals Inc,10809,02-27-2024
450,VTRS,Viatris Inc,49932,02-27-2024
451,VICI,VICI Properties Inc,42536,02-27-2024
452,V,Visa Inc,66427,02-27-2024
453,VMC,Vulcan Materials Co,5587,02-27-2024
454,WRB,W R Berkley Corp,8359,02-27-2024
455,WBA,Walgreens Boots Alliance Inc,29804,02-27-2024
456,WMT,Walmart Inc,178920,02-27-2024
457,DIS,Walt Disney Co,76749,02-27-2024
458,WBD,Warner Bros Discovery Inc,93125,02-27-2024
459,WMG,Warner Music Group Corp,5179,02-27-2024
460,WM,Waste Management Inc,17018,02-27-2024
461,WAT,Waters Corp,2486,02-27-2024
462,WEC,WEC Energy Group Inc,13255,02-27-2024
463,WFC,Wells Fargo & Co,152684,02-27-2024
464,WELL,Welltower Inc,23254,02-27-2024
465,WST,West Pharmaceutical Services Inc,3084,02-27-2024
466,WDC,Western Digital Corp,13353,02-27-2024
467,WAB,Westinghouse Air Brake Technologies Corp,7396,02-27-2024
468,WY,Weyerhaeuser Co,30506,02-27-2024
469,WMB,Williams Cos Inc,50895,02-27-2024
470,WTW,Willis Towers Watson PLC,4475,02-27-2024
471,WDAY,Workday Inc,8612,02-27-2024
472,WPC,WP Carey Inc,8733,02-27-2024
473,GWW,WW Grainger Inc,1675,02-27-2024
474,XEL,Xcel Energy Inc,23038,02-27-2024
475,XYL,Xylem Inc,9925,02-27-2024
476,YUMC,Yum China Holdings Inc,16945,02-27-2024
477,YUM,Yum! Brands Inc,11740,02-27-2024
478,ZBRA,Zebra Technologies Corp,2107,02-27-2024
479,ZBH,Zimmer Biomet Holdings Inc,8767,02-27-2024
480,ZTS,Zoetis Inc,19427,02-27-2024
481,ZM,Zoom Video Communications Inc,10692,02-27-2024
482,ZS,Zscaler Inc,3618,02-27-2024
483,--,USD U.S. DOLLAR,0,02-27-2024
