,Ticker,Name,Shares,Date
0,ADI,Analog Devices Inc,12446,03-25-2024
1,APP,AppLovin Corp,56999,03-25-2024
2,ANET,Arista Networks Inc,12928,03-25-2024
3,ASM,ASM International NV,5712,03-25-2024
4,TEAM,Atlassian Corp,5473,03-25-2024
5,9888,Baidu Inc,110183,03-25-2024
6,CDNS,Cadence Design Systems Inc,14562,03-25-2024
7,CDW,CDW Corp,7612,03-25-2024
8,CLNX,Cellnex Telecom SA,68480,03-25-2024
9,2360,Chroma ATE Inc,234726,03-25-2024
10,CRWD,Crowdstrike Holdings Inc,11424,03-25-2024
11,6383,Daifuku Co Ltd,143980,03-25-2024
12,DDOG,Datadog Inc,40614,03-25-2024
13,2308,Delta Electronics Inc,294474,03-25-2024
14,DASH,DoorDash Inc,12167,03-25-2024
15,DT,Dynatrace Inc,75050,03-25-2024
16,EA,Electronic Arts Inc,20728,03-25-2024
17,ENPH,Enphase Energy Inc,11882,03-25-2024
18,ENTG,Entegris Inc,27344,03-25-2024
19,FIS,Fidelity National Information Services Inc,49685,03-25-2024
20,6965,Hamamatsu Photonics KK,30482,03-25-2024
21,6856,Horiba Ltd,22300,03-25-2024
22,7741,Hoya Corp,14113,03-25-2024
23,HUBS,HubSpot Inc,7779,03-25-2024
24,IFX,Infineon Technologies AG,63355,03-25-2024
25,JKHY,Jack Henry & Associates Inc,9511,03-25-2024
26,3653,Jentech Precision Industrial Co Ltd,130504,03-25-2024
27,KEYS,Keysight Technologies Inc,14214,03-25-2024
28,268,Kingdee International Software Group Co Ltd,1706468,03-25-2024
29,KLAC,KLA Corp,8611,03-25-2024
30,KVYO,Klaviyo Inc,71074,03-25-2024
31,MRVL,Marvell Technology Inc,93881,03-25-2024
32,MTCH,Match Group Inc,48516,03-25-2024
33,2454,MediaTek Inc,62026,03-25-2024
34,MELI,MercadoLibre Inc,2487,03-25-2024
35,MU,Micron Technology Inc,46609,03-25-2024
36,MKSI,MKS Instruments Inc,21135,03-25-2024
37,MBLY,Mobileye Global Inc,59491,03-25-2024
38,MNDY,Monday.com Ltd,10535,03-25-2024
39,MDB,MongoDB Inc,4187,03-25-2024
40,MSI,Motorola Solutions Inc,15306,03-25-2024
41,6981,Murata Manufacturing Co Ltd,117331,03-25-2024
42,9999,NetEase Inc,56807,03-25-2024
43,PSYS,Persistent Systems Ltd,14113,03-25-2024
44,PCOR,Procore Technologies Inc,24567,03-25-2024
45,IOT,Samsara Inc,57242,03-25-2024
46,300454,Sangfor Technologies Inc,104561,03-25-2024
47,SBAC,SBA Communications Corp,9816,03-25-2024
48,SHOP,Shopify Inc,26790,03-25-2024
49,6415,Silergy Corp,145402,03-25-2024
50,SNAP,Snap Inc,194910,03-25-2024
51,SNOW,Snowflake Inc,15677,03-25-2024
52,8035,Tokyo Electron Ltd,19878,03-25-2024
53,7729,Tokyo Seimitsu Co Ltd,42705,03-25-2024
54,TTD,Trade Desk Inc,39351,03-25-2024
55,9961,Trip.com Group Ltd,48820,03-25-2024
56,PATH,UiPath Inc,75497,03-25-2024
57,3037,Unimicron Technology Corp,317913,03-25-2024
58,2303,United Microelectronics Corp,2540243,03-25-2024
59,002439,Venustech Group Inc,572596,03-25-2024
60,WDAY,Workday Inc,17522,03-25-2024
61,ZOMATO,Zomato Ltd,1113955,03-25-2024
62,ZS,Zscaler Inc,21185,03-25-2024
63,CNY,CNY CHINESE RENMINBI (YUAN),0,03-25-2024
64,EUR,EUR EUROPEAN UNION EURO,0,03-25-2024
65,HKD,HKD HONG KONG DOLLAR,0,03-25-2024
66,JPY,JPY JAPANESE YEN,0,03-25-2024
67,KRW,KRW SOUTH KOREAN WON,0,03-25-2024
68,USD,USD U.S. DOLLAR,0,03-25-2024
