,Ticker,Name,Shares,Date
0,6857,Advantest Corp,50092,06-05-2024
1,ADI,Analog Devices Inc,18019,06-05-2024
2,APP,AppLovin Corp,46977,06-05-2024
3,ANET,Arista Networks Inc,9168,06-05-2024
4,ASM,ASM International NV,4980,06-05-2024
5,522,ASMPT Ltd,88400,06-05-2024
6,9888,Baidu Inc,112805,06-05-2024
7,CDNS,Cadence Design Systems Inc,15853,06-05-2024
8,9697,Capcom Co Ltd,61345,06-05-2024
9,CDW,CDW Corp,6100,06-05-2024
10,CLNX,Cellnex Telecom SA,73338,06-05-2024
11,2360,Chroma ATE Inc,239754,06-05-2024
12,COFORGE,Coforge Ltd,15368,06-05-2024
13,CRWD,Crowdstrike Holdings Inc,11331,06-05-2024
14,6383,Daifuku Co Ltd,143995,06-05-2024
15,DDOG,Datadog Inc,34348,06-05-2024
16,2308,Delta Electronics Inc,295044,06-05-2024
17,DASH,DoorDash Inc,12408,06-05-2024
18,DT,Dynatrace Inc,75074,06-05-2024
19,8069,E Ink Holdings Inc,239006,06-05-2024
20,ENPH,Enphase Energy Inc,12166,06-05-2024
21,ENTG,Entegris Inc,19835,06-05-2024
22,FIS,Fidelity National Information Services Inc,49701,06-05-2024
23,6965,Hamamatsu Photonics KK,30230,06-05-2024
24,6856,Horiba Ltd,22316,06-05-2024
25,7741,Hoya Corp,14295,06-05-2024
26,HUBS,HubSpot Inc,7355,06-05-2024
27,IFX,Infineon Technologies AG,63933,06-05-2024
28,JKHY,Jack Henry & Associates Inc,9662,06-05-2024
29,3653,Jentech Precision Industrial Co Ltd,130433,06-05-2024
30,KEYS,Keysight Technologies Inc,11115,06-05-2024
31,268,Kingdee International Software Group Co Ltd,1692412,06-05-2024
32,KLAC,KLA Corp,8614,06-05-2024
33,KVYO,Klaviyo Inc,70489,06-05-2024
34,MRVL,Marvell Technology Inc,93121,06-05-2024
35,2454,MediaTek Inc,51516,06-05-2024
36,MELI,MercadoLibre Inc,2467,06-05-2024
37,MU,Micron Technology Inc,46460,06-05-2024
38,MKSI,MKS Instruments Inc,21142,06-05-2024
39,MBLY,Mobileye Global Inc,60512,06-05-2024
40,MNDY,Monday.com Ltd,13256,06-05-2024
41,MDB,MongoDB Inc,7942,06-05-2024
42,MSI,Motorola Solutions Inc,12663,06-05-2024
43,6981,Murata Manufacturing Co Ltd,116365,06-05-2024
44,PSYS,Persistent Systems Ltd,28877,06-05-2024
45,PCOR,Procore Technologies Inc,24365,06-05-2024
46,IOT,Samsara Inc,65225,06-05-2024
47,300454,Sangfor Technologies Inc,103697,06-05-2024
48,SBAC,SBA Communications Corp,9905,06-05-2024
49,SHOP,Shopify Inc,26570,06-05-2024
50,6415,Silergy Corp,221402,06-05-2024
51,SNAP,Snap Inc,196799,06-05-2024
52,SNOW,Snowflake Inc,15681,06-05-2024
53,TME,Tencent Music Entertainment Group,131193,06-05-2024
54,8035,Tokyo Electron Ltd,17335,06-05-2024
55,7729,Tokyo Seimitsu Co Ltd,42753,06-05-2024
56,TTD,Trade Desk Inc,33488,06-05-2024
57,9961,Trip.com Group Ltd,48868,06-05-2024
58,TYL,Tyler Technologies Inc,6397,06-05-2024
59,3037,Unimicron Technology Corp,341108,06-05-2024
60,2303,United Microelectronics Corp,2541339,06-05-2024
61,002439,Venustech Group Inc,567869,06-05-2024
62,WDAY,Workday Inc,17527,06-05-2024
63,ZOMATO,Zomato Ltd,1114342,06-05-2024
64,ZS,Zscaler Inc,21013,06-05-2024
65,EUR,EUR EUROPEAN UNION EURO,0,06-05-2024
66,HKD,HKD HONG KONG DOLLAR,0,06-05-2024
67,CNY,CNY CHINESE RENMINBI (YUAN),0,06-05-2024
68,JPY,JPY JAPANESE YEN,0,06-05-2024
69,USD,USD U.S. DOLLAR,0,06-05-2024
