,Ticker,Name,Shares,Date
0,6857,Advantest Corp,50300,04-22-2024
1,ADI,Analog Devices Inc,18093,04-22-2024
2,APP,AppLovin Corp,47170,04-22-2024
3,ANET,Arista Networks Inc,9206,04-22-2024
4,ASM,ASM International NV,5001,04-22-2024
5,9888,Baidu Inc,113269,04-22-2024
6,CDNS,Cadence Design Systems Inc,14629,04-22-2024
7,9697,Capcom Co Ltd,61600,04-22-2024
8,CDW,CDW Corp,6125,04-22-2024
9,CLNX,Cellnex Telecom SA,73640,04-22-2024
10,2360,Chroma ATE Inc,240739,04-22-2024
11,CRWD,Crowdstrike Holdings Inc,11377,04-22-2024
12,6383,Daifuku Co Ltd,144587,04-22-2024
13,DDOG,Datadog Inc,40793,04-22-2024
14,2308,Delta Electronics Inc,296258,04-22-2024
15,DASH,DoorDash Inc,12459,04-22-2024
16,DT,Dynatrace Inc,75383,04-22-2024
17,8069,E Ink Holdings Inc,240000,04-22-2024
18,EA,Electronic Arts Inc,13837,04-22-2024
19,ENPH,Enphase Energy Inc,12216,04-22-2024
20,ENTG,Entegris Inc,19917,04-22-2024
21,FIS,Fidelity National Information Services Inc,49905,04-22-2024
22,6965,Hamamatsu Photonics KK,30356,04-22-2024
23,6856,Horiba Ltd,22408,04-22-2024
24,7741,Hoya Corp,14354,04-22-2024
25,HUBS,HubSpot Inc,7385,04-22-2024
26,IFX,Infineon Technologies AG,64196,04-22-2024
27,JKHY,Jack Henry & Associates Inc,9702,04-22-2024
28,3653,Jentech Precision Industrial Co Ltd,130968,04-22-2024
29,KEYS,Keysight Technologies Inc,11161,04-22-2024
30,268,Kingdee International Software Group Co Ltd,1699433,04-22-2024
31,KLAC,KLA Corp,8649,04-22-2024
32,KVYO,Klaviyo Inc,70781,04-22-2024
33,MRVL,Marvell Technology Inc,93501,04-22-2024
34,2454,MediaTek Inc,61771,04-22-2024
35,MELI,MercadoLibre Inc,2477,04-22-2024
36,MU,Micron Technology Inc,46651,04-22-2024
37,MKSI,MKS Instruments Inc,21229,04-22-2024
38,MBLY,Mobileye Global Inc,60761,04-22-2024
39,MNDY,Monday.com Ltd,10492,04-22-2024
40,MDB,MongoDB Inc,7559,04-22-2024
41,MSI,Motorola Solutions Inc,16284,04-22-2024
42,6981,Murata Manufacturing Co Ltd,116848,04-22-2024
43,9999,NetEase Inc,57870,04-22-2024
44,PSYS,Persistent Systems Ltd,28996,04-22-2024
45,PCOR,Procore Technologies Inc,24466,04-22-2024
46,IOT,Samsara Inc,57006,04-22-2024
47,300454,Sangfor Technologies Inc,104129,04-22-2024
48,SBAC,SBA Communications Corp,9946,04-22-2024
49,SHOP,Shopify Inc,26680,04-22-2024
50,6415,Silergy Corp,188402,04-22-2024
51,SNAP,Snap Inc,197608,04-22-2024
52,SNOW,Snowflake Inc,15746,04-22-2024
53,8035,Tokyo Electron Ltd,17406,04-22-2024
54,7729,Tokyo Seimitsu Co Ltd,42929,04-22-2024
55,TTD,Trade Desk Inc,33627,04-22-2024
56,9961,Trip.com Group Ltd,49069,04-22-2024
57,TYL,Tyler Technologies Inc,6423,04-22-2024
58,3037,Unimicron Technology Corp,342509,04-22-2024
59,2303,United Microelectronics Corp,2551781,04-22-2024
60,002439,Venustech Group Inc,570230,04-22-2024
61,WDAY,Workday Inc,17599,04-22-2024
62,ZOMATO,Zomato Ltd,1118921,04-22-2024
63,ZS,Zscaler Inc,21099,04-22-2024
64,CNY,CNY CHINESE RENMINBI (YUAN),0,04-22-2024
65,HKD,HKD HONG KONG DOLLAR,0,04-22-2024
66,TWD,TWD TAIWAN DOLLAR,0,04-22-2024
67,EUR,EUR EUROPEAN UNION EURO,0,04-22-2024
68,USD,USD U.S. DOLLAR,0,04-22-2024
69,JPY,JPY JAPANESE YEN,0,04-22-2024
