,Ticker,Name,Shares,Date
0,ADI,Analog Devices Inc,12130,03-11-2024
1,APP,AppLovin Corp,55637,03-11-2024
2,ANET,Arista Networks Inc,12788,03-11-2024
3,ASM,ASM International NV,5583,03-11-2024
4,TEAM,Atlassian Corp,5473,03-11-2024
5,9888,Baidu Inc,110183,03-11-2024
6,CDNS,Cadence Design Systems Inc,14385,03-11-2024
7,CDW,CDW Corp,7612,03-11-2024
8,CLNX,Cellnex Telecom SA,68480,03-11-2024
9,2360,Chroma ATE Inc,234726,03-11-2024
10,CRWD,Crowdstrike Holdings Inc,8368,03-11-2024
11,6383,Daifuku Co Ltd,140880,03-11-2024
12,DDOG,Datadog Inc,39643,03-11-2024
13,2308,Delta Electronics Inc,290474,03-11-2024
14,DASH,DoorDash Inc,12167,03-11-2024
15,DT,Dynatrace Inc,74146,03-11-2024
16,EA,Electronic Arts Inc,20355,03-11-2024
17,ENPH,Enphase Energy Inc,11882,03-11-2024
18,ENTG,Entegris Inc,27344,03-11-2024
19,FIS,Fidelity National Information Services Inc,49083,03-11-2024
20,6965,Hamamatsu Photonics KK,30482,03-11-2024
21,7741,Hoya Corp,14113,03-11-2024
22,HUBS,HubSpot Inc,7852,03-11-2024
23,IFX,Infineon Technologies AG,63355,03-11-2024
24,JKHY,Jack Henry & Associates Inc,9511,03-11-2024
25,3653,Jentech Precision Industrial Co Ltd,127504,03-11-2024
26,KEYS,Keysight Technologies Inc,13850,03-11-2024
27,268,Kingdee International Software Group Co Ltd,1672468,03-11-2024
28,KLAC,KLA Corp,8399,03-11-2024
29,KVYO,Klaviyo Inc,69587,03-11-2024
30,MRVL,Marvell Technology Inc,78198,03-11-2024
31,MTCH,Match Group Inc,48516,03-11-2024
32,2454,MediaTek Inc,61026,03-11-2024
33,MELI,MercadoLibre Inc,2431,03-11-2024
34,MU,Micron Technology Inc,51064,03-11-2024
35,MKSI,MKS Instruments Inc,20810,03-11-2024
36,MBLY,Mobileye Global Inc,59491,03-11-2024
37,MNDY,Monday.com Ltd,10305,03-11-2024
38,MDB,MongoDB Inc,4187,03-11-2024
39,MSI,Motorola Solutions Inc,15100,03-11-2024
40,6981,Murata Manufacturing Co Ltd,115131,03-11-2024
41,035420,NAVER Corp,14617,03-11-2024
42,9999,NetEase Inc,56807,03-11-2024
43,PANW,Palo Alto Networks Inc,10255,03-11-2024
44,PSYS,Persistent Systems Ltd,14113,03-11-2024
45,PCOR,Procore Technologies Inc,24567,03-11-2024
46,IOT,Samsara Inc,56115,03-11-2024
47,300454,Sangfor Technologies Inc,104561,03-11-2024
48,SBAC,SBA Communications Corp,9816,03-11-2024
49,SHOP,Shopify Inc,26195,03-11-2024
50,6415,Silergy Corp,149402,03-11-2024
51,SNAP,Snap Inc,194910,03-11-2024
52,SNOW,Snowflake Inc,15435,03-11-2024
53,8035,Tokyo Electron Ltd,19578,03-11-2024
54,7729,Tokyo Seimitsu Co Ltd,41805,03-11-2024
55,TTD,Trade Desk Inc,38411,03-11-2024
56,9961,Trip.com Group Ltd,47820,03-11-2024
57,PATH,UiPath Inc,75497,03-11-2024
58,3037,Unimicron Technology Corp,317913,03-11-2024
59,2303,United Microelectronics Corp,2507243,03-11-2024
60,002439,Venustech Group Inc,572596,03-11-2024
61,WDAY,Workday Inc,17132,03-11-2024
62,ZOMATO,Zomato Ltd,1090011,03-11-2024
63,ZS,Zscaler Inc,20954,03-11-2024
64,CNY,CNY CHINESE RENMINBI (YUAN),0,03-11-2024
65,EUR,EUR EUROPEAN UNION EURO,0,03-11-2024
66,HKD,HKD HONG KONG DOLLAR,0,03-11-2024
67,KRW,KRW SOUTH KOREAN WON,0,03-11-2024
68,USD,USD U.S. DOLLAR,0,03-11-2024
