,Ticker,Name,Shares,Date
0,ADYEN,Adyen NV,3336,04-17-2023
1,APP,AppLovin Corp,129033,04-17-2023
2,ASM,ASM International NV,7723,04-17-2023
3,AZPN,Aspen Technology Inc,22155,04-17-2023
4,TEAM,Atlassian Corp,15584,04-17-2023
5,BAH,Booz Allen Hamilton Holding Corp,26076,04-17-2023
6,CDNS,Cadence Design Systems Inc,25965,04-17-2023
7,CDW,CDW Corp,13068,04-17-2023
8,CLNX,Cellnex Telecom SA,117434,04-17-2023
9,DDOG,Datadog Inc,74986,04-17-2023
10,2308,Delta Electronics Inc,498719,04-17-2023
11,DOCU,DocuSign Inc,34621,04-17-2023
12,DT,Dynatrace Inc,122248,04-17-2023
13,EA,Electronic Arts Inc,31325,04-17-2023
14,ENPH,Enphase Energy Inc,16955,04-17-2023
15,ENTG,Entegris Inc,54993,04-17-2023
16,ETSY,Etsy Inc,23805,04-17-2023
17,FIS,Fidelity National Information Services Inc,51953,04-17-2023
18,6965,Hamamatsu Photonics KK,81674,04-17-2023
19,7741,Hoya Corp,47704,04-17-2023
20,HUBS,HubSpot Inc,15882,04-17-2023
21,IFX,Infineon Technologies AG,108612,04-17-2023
22,JKHY,Jack Henry & Associates Inc,30852,04-17-2023
23,KEYS,Keysight Technologies Inc,19837,04-17-2023
24,268,Kingdee International Software Group Co Ltd,3053748,04-17-2023
25,KLAC,KLA Corp,19999,04-17-2023
26,002475,Luxshare Precision Industry Co Ltd,440134,04-17-2023
27,MRVL,Marvell Technology Inc,153389,04-17-2023
28,MTCH,Match Group Inc,83120,04-17-2023
29,2454,MediaTek Inc,213220,04-17-2023
30,MELI,MercadoLibre Inc,4941,04-17-2023
31,MU,Micron Technology Inc,52246,04-17-2023
32,MKSI,MKS Instruments Inc,39034,04-17-2023
33,MDB,MongoDB Inc,11085,04-17-2023
34,MSI,Motorola Solutions Inc,25933,04-17-2023
35,035420,NAVER Corp,22674,04-17-2023
36,9999,NetEase Inc,302122,04-17-2023
37,6594,NIDEC CORP,70833,04-17-2023
38,PANW,Palo Alto Networks Inc,25622,04-17-2023
39,PCOR,Procore Technologies Inc,42178,04-17-2023
40,RNG,RingCentral Inc,58448,04-17-2023
41,300454,Sangfor Technologies Inc,224422,04-17-2023
42,SBAC,SBA Communications Corp,16779,04-17-2023
43,SE,Sea Ltd,40552,04-17-2023
44,NOW,ServiceNow Inc,10054,04-17-2023
45,6415,Silergy Corp,295868,04-17-2023
46,SNAP,Snap Inc,351109,04-17-2023
47,SNOW,Snowflake Inc,22793,04-17-2023
48,8035,Tokyo Electron Ltd,27105,04-17-2023
49,TTD,Trade Desk Inc,69134,04-17-2023
50,9961,Trip.com Group Ltd,47161,04-17-2023
51,PATH,UiPath Inc,198689,04-17-2023
52,3037,Unimicron Technology Corp,545700,04-17-2023
53,2303,United Microelectronics Corp,4304159,04-17-2023
54,5347,Vanguard International Semiconductor Corp,1127538,04-17-2023
55,002439,Venustech Group Inc,1208818,04-17-2023
56,VIAV,Viavi Solutions Inc,406528,04-17-2023
57,WDAY,Workday Inc,31843,04-17-2023
58,YNDX,Yandex NV,71449,04-17-2023
59,ZS,Zscaler Inc,32796,04-17-2023
60,CNY,CNY CHINESE RENMINBI (YUAN),0,04-17-2023
61,EUR,EUR EUROPEAN UNION EURO,0,04-17-2023
62,HKD,HKD HONG KONG DOLLAR,0,04-17-2023
63,JPY,JPY JAPANESE YEN,0,04-17-2023
64,TWD,TWD TAIWAN DOLLAR,0,04-17-2023
65,USD,USD U.S. DOLLAR,0,04-17-2023
