,Ticker,Name,Shares,Date
0,ADYEN,Adyen NV,3264,03-09-2023
1,APP,AppLovin Corp,149409,03-09-2023
2,ASM,ASM International NV,7521,03-09-2023
3,AZPN,Aspen Technology Inc,20264,03-09-2023
4,TEAM,Atlassian Corp,20879,03-09-2023
5,BILL,BILL Holdings Inc,26046,03-09-2023
6,CDNS,Cadence Design Systems Inc,42062,03-09-2023
7,CDW,CDW Corp,12763,03-09-2023
8,CLNX,Cellnex Telecom SA,114706,03-09-2023
9,DDOG,Datadog Inc,56292,03-09-2023
10,2308,Delta Electronics Inc,486686,03-09-2023
11,DT,Dynatrace Inc,119041,03-09-2023
12,EA,Electronic Arts Inc,30506,03-09-2023
13,ENTG,Entegris Inc,53551,03-09-2023
14,ETSY,Etsy Inc,23183,03-09-2023
15,FIS,Fidelity National Information Services Inc,50860,03-09-2023
16,6965,Hamamatsu Photonics KK,79748,03-09-2023
17,7741,Hoya Corp,46428,03-09-2023
18,HUBS,HubSpot Inc,18788,03-09-2023
19,IFX,Infineon Technologies AG,157868,03-09-2023
20,JKHY,Jack Henry & Associates Inc,30043,03-09-2023
21,KEYS,Keysight Technologies Inc,14496,03-09-2023
22,268,Kingdee International Software Group Co Ltd,2991697,03-09-2023
23,KLAC,KLA Corp,19537,03-09-2023
24,1024,Kuaishou Technology,256338,03-09-2023
25,002475,Luxshare Precision Industry Co Ltd,429734,03-09-2023
26,MRVL,Marvell Technology Inc,150150,03-09-2023
27,MTCH,Match Group Inc,40880,03-09-2023
28,2454,MediaTek Inc,209653,03-09-2023
29,MELI,MercadoLibre Inc,5535,03-09-2023
30,MU,Micron Technology Inc,50752,03-09-2023
31,MKSI,MKS Instruments Inc,38012,03-09-2023
32,MSI,Motorola Solutions Inc,25334,03-09-2023
33,035420,NAVER Corp,22042,03-09-2023
34,9999,NetEase Inc,295013,03-09-2023
35,6594,Nidec Corp,69248,03-09-2023
36,PANW,Palo Alto Networks Inc,30313,03-09-2023
37,PCOR,Procore Technologies Inc,57899,03-09-2023
38,XM,Qualtrics International Inc,162036,03-09-2023
39,RNG,RingCentral Inc,57050,03-09-2023
40,300454,Sangfor Technologies Inc,218922,03-09-2023
41,SBAC,SBA Communications Corp,16324,03-09-2023
42,SE,Sea Ltd,39608,03-09-2023
43,NOW,ServiceNow Inc,9792,03-09-2023
44,6415,Silergy Corp,284868,03-09-2023
45,SNAP,Snap Inc,342926,03-09-2023
46,SNOW,Snowflake Inc,22143,03-09-2023
47,8035,Tokyo Electron Ltd,8993,03-09-2023
48,TTD,Trade Desk Inc,50176,03-09-2023
49,PATH,UiPath Inc,194055,03-09-2023
50,3037,Unimicron Technology Corp,531610,03-09-2023
51,2303,United Microelectronics Corp,4204232,03-09-2023
52,5347,Vanguard International Semiconductor Corp,1100669,03-09-2023
53,002439,Venustech Group Inc,1252200,03-09-2023
54,VIAV,Viavi Solutions Inc,397047,03-09-2023
55,WOLF,Wolfspeed Inc,21662,03-09-2023
56,WDAY,Workday Inc,26339,03-09-2023
57,YNDX,Yandex NV,71449,03-09-2023
58,ZS,Zscaler Inc,31935,03-09-2023
59,CNY,CNY CHINESE RENMINBI (YUAN),0,03-09-2023
60,EUR,EUR EUROPEAN UNION EURO,0,03-09-2023
61,HKD,HKD HONG KONG DOLLAR,0,03-09-2023
62,USD,USD U.S. DOLLAR,0,03-09-2023
