,Ticker,Name,Shares,Date
0,ADYEN,Adyen NV,3272,01-27-2023
1,APP,AppLovin Corp,149770,01-27-2023
2,AZPN,Aspen Technology Inc,20313,01-27-2023
3,TEAM,Atlassian Corp,20929,01-27-2023
4,BILL,Bill.com Holdings Inc,36865,01-27-2023
5,CDNS,Cadence Design Systems Inc,43121,01-27-2023
6,CDW,CDW Corp,12794,01-27-2023
7,CLNX,Cellnex Telecom SA,114982,01-27-2023
8,DDOG,Datadog Inc,56427,01-27-2023
9,2308,Delta Electronics Inc,497232,01-27-2023
10,DT,Dynatrace Inc,139057,01-27-2023
11,EA,Electronic Arts Inc,36318,01-27-2023
12,ENTG,Entegris Inc,66839,01-27-2023
13,ETSY,Etsy Inc,30293,01-27-2023
14,FIS,Fidelity National Information Services Inc,50982,01-27-2023
15,6965,Hamamatsu Photonics KK,79940,01-27-2023
16,7741,Hoya Corp,46540,01-27-2023
17,HUBS,HubSpot Inc,20029,01-27-2023
18,IFX,Infineon Technologies AG,158247,01-27-2023
19,JKHY,Jack Henry & Associates Inc,25627,01-27-2023
20,KEYS,Keysight Technologies Inc,14531,01-27-2023
21,268,Kingdee International Software Group Co Ltd,2998865,01-27-2023
22,KLAC,KLA Corp,19584,01-27-2023
23,1024,Kuaishou Technology,353504,01-27-2023
24,002475,Luxshare Precision Industry Co Ltd,439047,01-27-2023
25,MRVL,Marvell Technology Inc,150510,01-27-2023
26,MTCH,Match Group Inc,40978,01-27-2023
27,2454,MediaTek Inc,214197,01-27-2023
28,MELI,MercadoLibre Inc,5548,01-27-2023
29,MKSI,MKS Instruments Inc,40999,01-27-2023
30,MSI,Motorola Solutions Inc,25395,01-27-2023
31,9999,NetEase Inc,295722,01-27-2023
32,6594,Nidec Corp,69414,01-27-2023
33,ON,ON Semiconductor Corp,45646,01-27-2023
34,PANW,Palo Alto Networks Inc,30386,01-27-2023
35,PCOR,Procore Technologies Inc,58038,01-27-2023
36,XM,Qualtrics International Inc,203141,01-27-2023
37,RNG,RingCentral Inc,69794,01-27-2023
38,300454,Sangfor Technologies Inc,223664,01-27-2023
39,SBAC,SBA Communications Corp,16363,01-27-2023
40,SE,Sea Ltd,39703,01-27-2023
41,NOW,ServiceNow Inc,9816,01-27-2023
42,6415,Silergy Corp,290868,01-27-2023
43,SNAP,Snap Inc,343750,01-27-2023
44,SNOW,Snowflake Inc,24181,01-27-2023
45,8035,Tokyo Electron Ltd,9015,01-27-2023
46,TTD,Trade Desk Inc,50297,01-27-2023
47,PATH,UiPath Inc,194521,01-27-2023
48,3037,Unimicron Technology Corp,543127,01-27-2023
49,2303,United Microelectronics Corp,4295292,01-27-2023
50,5347,Vanguard International Semiconductor Corp,1124505,01-27-2023
51,002439,Venustech Group Inc,1279321,01-27-2023
52,VIAV,Viavi Solutions Inc,398001,01-27-2023
53,WOLF,Wolfspeed Inc,21714,01-27-2023
54,WDAY,Workday Inc,26402,01-27-2023
55,YNDX,Yandex NV,71449,01-27-2023
56,ZS,Zscaler Inc,40331,01-27-2023
57,CNY,CNY CHINESE RENMINBI (YUAN),0,01-27-2023
58,EUR,EUR EUROPEAN UNION EURO,0,01-27-2023
59,HKD,HKD HONG KONG DOLLAR,0,01-27-2023
60,USD,USD U.S. DOLLAR,0,01-27-2023
